probeID,staSeq,mDateTime,temp,uom,collector,probeType,fileName,dataFlag,comment,createDate,createUser,lastUpdateDate,lastUpdateUser
280706,15533,10/19/2003 0:46,12.31,deg C,ABM,HOBO,QC_280706_15533_Water_20031019_20040228.csv,P,None,8/30/2025 13:14,Upload,8/30/2025 13:14,Upload
280706,15533,10/19/2003 1:46,12.15,deg C,ABM,HOBO,QC_280706_15533_Water_20031019_20040228.csv,P,None,8/30/2025 13:14,Upload,8/30/2025 13:14,Upload
280706,15533,10/19/2003 2:46,12.15,deg C,ABM,HOBO,QC_280706_15533_Water_20031019_20040228.csv,P,None,8/30/2025 13:14,Upload,8/30/2025 13:14,Upload
280706,15533,10/19/2003 3:46,11.99,deg C,ABM,HOBO,QC_280706_15533_Water_20031019_20040228.csv,P,None,8/30/2025 13:14,Upload,8/30/2025 13:14,Upload
280706,15533,10/19/2003 4:46,11.84,deg C,ABM,HOBO,QC_280706_15533_Water_20031019_20040228.csv,P,None,8/30/2025 13:14,Upload,8/30/2025 13:14,Upload
280706,15533,10/19/2003 5:46,11.84,deg C,ABM,HOBO,QC_280706_15533_Water_20031019_20040228.csv,P,None,8/30/2025 13:14,Upload,8/30/2025 13:14,Upload
280706,15533,10/19/2003 6:46,11.69,deg C,ABM,HOBO,QC_280706_15533_Water_20031019_20040228.csv,P,None,8/30/2025 13:14,Upload,8/30/2025 13:14,Upload
280706,15533,10/19/2003 7:46,11.69,deg C,ABM,HOBO,QC_280706_15533_Water_20031019_20040228.csv,P,None,8/30/2025 13:14,Upload,8/30/2025 13:14,Upload
280706,15533,10/19/2003 8:46,11.69,deg C,ABM,HOBO,QC_280706_15533_Water_20031019_20040228.csv,P,None,8/30/2025 13:14,Upload,8/30/2025 13:14,Upload
280706,15533,10/19/2003 9:46,11.69,deg C,ABM,HOBO,QC_280706_15533_Water_20031019_20040228.csv,P,None,8/30/2025 13:14,Upload,8/30/2025 13:14,Upload
280706,15533,10/19/2003 10:46,11.53,deg C,ABM,HOBO,QC_280706_15533_Water_20031019_20040228.csv,P,None,8/30/2025 13:14,Upload,8/30/2025 13:14,Upload
280706,15533,10/19/2003 11:46,11.53,deg C,ABM,HOBO,QC_280706_15533_Water_20031019_20040228.csv,P,None,8/30/2025 13:14,Upload,8/30/2025 13:14,Upload
280706,15533,10/19/2003 12:46,11.53,deg C,ABM,HOBO,QC_280706_15533_Water_20031019_20040228.csv,P,None,8/30/2025 13:14,Upload,8/30/2025 13:14,Upload
280706,15533,10/19/2003 13:46,11.53,deg C,ABM,HOBO,QC_280706_15533_Water_20031019_20040228.csv,P,None,8/30/2025 13:14,Upload,8/30/2025 13:14,Upload
280706,15533,10/19/2003 14:46,11.53,deg C,ABM,HOBO,QC_280706_15533_Water_20031019_20040228.csv,P,None,8/30/2025 13:14,Upload,8/30/2025 13:14,Upload
280706,15533,10/19/2003 15:46,11.53,deg C,ABM,HOBO,QC_280706_15533_Water_20031019_20040228.csv,P,None,8/30/2025 13:14,Upload,8/30/2025 13:14,Upload
280706,15533,10/19/2003 16:46,11.53,deg C,ABM,HOBO,QC_280706_15533_Water_20031019_20040228.csv,P,None,8/30/2025 13:14,Upload,8/30/2025 13:14,Upload
280706,15533,10/19/2003 17:46,11.53,deg C,ABM,HOBO,QC_280706_15533_Water_20031019_20040228.csv,P,None,8/30/2025 13:14,Upload,8/30/2025 13:14,Upload
280706,15533,10/19/2003 18:46,11.38,deg C,ABM,HOBO,QC_280706_15533_Water_20031019_20040228.csv,P,None,8/30/2025 13:14,Upload,8/30/2025 13:14,Upload
280706,15533,10/19/2003 19:46,11.38,deg C,ABM,HOBO,QC_280706_15533_Water_20031019_20040228.csv,P,None,8/30/2025 13:14,Upload,8/30/2025 13:14,Upload
280706,15533,10/19/2003 20:46,11.38,deg C,ABM,HOBO,QC_280706_15533_Water_20031019_20040228.csv,P,None,8/30/2025 13:14,Upload,8/30/2025 13:14,Upload
280706,15533,10/19/2003 21:46,11.23,deg C,ABM,HOBO,QC_280706_15533_Water_20031019_20040228.csv,P,None,8/30/2025 13:14,Upload,8/30/2025 13:14,Upload
280706,15533,10/19/2003 22:46,11.23,deg C,ABM,HOBO,QC_280706_15533_Water_20031019_20040228.csv,P,None,8/30/2025 13:14,Upload,8/30/2025 13:14,Upload
280706,15533,10/19/2003 23:46,11.07,deg C,ABM,HOBO,QC_280706_15533_Water_20031019_20040228.csv,P,None,8/30/2025 13:14,Upload,8/30/2025 13:14,Upload
280706,15533,10/20/2003 0:46,11.07,deg C,ABM,HOBO,QC_280706_15533_Water_20031019_20040228.csv,P,None,8/30/2025 13:14,Upload,8/30/2025 13:14,Upload
280706,15533,10/20/2003 1:46,10.92,deg C,ABM,HOBO,QC_280706_15533_Water_20031019_20040228.csv,P,None,8/30/2025 13:14,Upload,8/30/2025 13:14,Upload
280706,15533,10/20/2003 2:46,10.92,deg C,ABM,HOBO,QC_280706_15533_Water_20031019_20040228.csv,P,None,8/30/2025 13:14,Upload,8/30/2025 13:14,Upload
280706,15533,10/20/2003 3:46,10.92,deg C,ABM,HOBO,QC_280706_15533_Water_20031019_20040228.csv,P,None,8/30/2025 13:14,Upload,8/30/2025 13:14,Upload
280706,15533,10/20/2003 4:46,10.77,deg C,ABM,HOBO,QC_280706_15533_Water_20031019_20040228.csv,P,None,8/30/2025 13:14,Upload,8/30/2025 13:14,Upload
280706,15533,10/20/2003 5:46,10.61,deg C,ABM,HOBO,QC_280706_15533_Water_20031019_20040228.csv,P,None,8/30/2025 13:14,Upload,8/30/2025 13:14,Upload
280706,15533,10/20/2003 6:46,10.61,deg C,ABM,HOBO,QC_280706_15533_Water_20031019_20040228.csv,P,None,8/30/2025 13:14,Upload,8/30/2025 13:14,Upload
280706,15533,10/20/2003 7:46,10.46,deg C,ABM,HOBO,QC_280706_15533_Water_20031019_20040228.csv,P,None,8/30/2025 13:14,Upload,8/30/2025 13:14,Upload
280706,15533,10/20/2003 8:46,10.46,deg C,ABM,HOBO,QC_280706_15533_Water_20031019_20040228.csv,P,None,8/30/2025 13:14,Upload,8/30/2025 13:14,Upload
280706,15533,10/20/2003 9:46,10.46,deg C,ABM,HOBO,QC_280706_15533_Water_20031019_20040228.csv,P,None,8/30/2025 13:14,Upload,8/30/2025 13:14,Upload
280706,15533,10/20/2003 10:46,10.46,deg C,ABM,HOBO,QC_280706_15533_Water_20031019_20040228.csv,P,None,8/30/2025 13:14,Upload,8/30/2025 13:14,Upload
280706,15533,10/20/2003 11:46,10.46,deg C,ABM,HOBO,QC_280706_15533_Water_20031019_20040228.csv,P,None,8/30/2025 13:14,Upload,8/30/2025 13:14,Upload
280706,15533,10/20/2003 12:46,10.61,deg C,ABM,HOBO,QC_280706_15533_Water_20031019_20040228.csv,P,None,8/30/2025 13:14,Upload,8/30/2025 13:14,Upload
280706,15533,10/20/2003 13:46,10.61,deg C,ABM,HOBO,QC_280706_15533_Water_20031019_20040228.csv,P,None,8/30/2025 13:14,Upload,8/30/2025 13:14,Upload
280706,15533,10/20/2003 14:46,10.77,deg C,ABM,HOBO,QC_280706_15533_Water_20031019_20040228.csv,P,None,8/30/2025 13:14,Upload,8/30/2025 13:14,Upload
280706,15533,10/20/2003 15:46,10.92,deg C,ABM,HOBO,QC_280706_15533_Water_20031019_20040228.csv,P,None,8/30/2025 13:14,Upload,8/30/2025 13:14,Upload
280706,15533,10/20/2003 16:46,10.92,deg C,ABM,HOBO,QC_280706_15533_Water_20031019_20040228.csv,P,None,8/30/2025 13:14,Upload,8/30/2025 13:14,Upload
280706,15533,10/20/2003 17:46,10.92,deg C,ABM,HOBO,QC_280706_15533_Water_20031019_20040228.csv,P,None,8/30/2025 13:14,Upload,8/30/2025 13:14,Upload
280706,15533,10/20/2003 18:46,10.92,deg C,ABM,HOBO,QC_280706_15533_Water_20031019_20040228.csv,P,None,8/30/2025 13:14,Upload,8/30/2025 13:14,Upload
280706,15533,10/20/2003 19:46,10.92,deg C,ABM,HOBO,QC_280706_15533_Water_20031019_20040228.csv,P,None,8/30/2025 13:14,Upload,8/30/2025 13:14,Upload
280706,15533,10/20/2003 20:46,10.92,deg C,ABM,HOBO,QC_280706_15533_Water_20031019_20040228.csv,P,None,8/30/2025 13:14,Upload,8/30/2025 13:14,Upload
280706,15533,10/20/2003 21:46,11.07,deg C,ABM,HOBO,QC_280706_15533_Water_20031019_20040228.csv,P,None,8/30/2025 13:14,Upload,8/30/2025 13:14,Upload
280706,15533,10/20/2003 22:46,11.07,deg C,ABM,HOBO,QC_280706_15533_Water_20031019_20040228.csv,P,None,8/30/2025 13:14,Upload,8/30/2025 13:14,Upload
280706,15533,10/20/2003 23:46,10.92,deg C,ABM,HOBO,QC_280706_15533_Water_20031019_20040228.csv,P,None,8/30/2025 13:14,Upload,8/30/2025 13:14,Upload
280706,15533,10/21/2003 0:46,10.92,deg C,ABM,HOBO,QC_280706_15533_Water_20031019_20040228.csv,P,None,8/30/2025 13:14,Upload,8/30/2025 13:14,Upload
280706,15533,10/21/2003 1:46,10.77,deg C,ABM,HOBO,QC_280706_15533_Water_20031019_20040228.csv,P,None,8/30/2025 13:14,Upload,8/30/2025 13:14,Upload
280706,15533,10/21/2003 2:46,10.61,deg C,ABM,HOBO,QC_280706_15533_Water_20031019_20040228.csv,P,None,8/30/2025 13:14,Upload,8/30/2025 13:14,Upload
280706,15533,10/21/2003 3:46,10.46,deg C,ABM,HOBO,QC_280706_15533_Water_20031019_20040228.csv,P,None,8/30/2025 13:14,Upload,8/30/2025 13:14,Upload
280706,15533,10/21/2003 4:46,10.46,deg C,ABM,HOBO,QC_280706_15533_Water_20031019_20040228.csv,P,None,8/30/2025 13:14,Upload,8/30/2025 13:14,Upload
280706,15533,10/21/2003 5:46,10.46,deg C,ABM,HOBO,QC_280706_15533_Water_20031019_20040228.csv,P,None,8/30/2025 13:14,Upload,8/30/2025 13:14,Upload
280706,15533,10/21/2003 6:46,10.46,deg C,ABM,HOBO,QC_280706_15533_Water_20031019_20040228.csv,P,None,8/30/2025 13:14,Upload,8/30/2025 13:14,Upload
280706,15533,10/21/2003 7:46,10.61,deg C,ABM,HOBO,QC_280706_15533_Water_20031019_20040228.csv,P,None,8/30/2025 13:14,Upload,8/30/2025 13:14,Upload
280706,15533,10/21/2003 8:46,10.61,deg C,ABM,HOBO,QC_280706_15533_Water_20031019_20040228.csv,P,None,8/30/2025 13:14,Upload,8/30/2025 13:14,Upload
280706,15533,10/21/2003 9:46,10.77,deg C,ABM,HOBO,QC_280706_15533_Water_20031019_20040228.csv,P,None,8/30/2025 13:14,Upload,8/30/2025 13:14,Upload
280706,15533,10/21/2003 10:46,10.92,deg C,ABM,HOBO,QC_280706_15533_Water_20031019_20040228.csv,P,None,8/30/2025 13:14,Upload,8/30/2025 13:14,Upload
280706,15533,10/21/2003 11:46,10.92,deg C,ABM,HOBO,QC_280706_15533_Water_20031019_20040228.csv,P,None,8/30/2025 13:14,Upload,8/30/2025 13:14,Upload
280706,15533,10/21/2003 12:46,10.92,deg C,ABM,HOBO,QC_280706_15533_Water_20031019_20040228.csv,P,None,8/30/2025 13:14,Upload,8/30/2025 13:14,Upload
280706,15533,10/21/2003 13:46,11.23,deg C,ABM,HOBO,QC_280706_15533_Water_20031019_20040228.csv,P,None,8/30/2025 13:14,Upload,8/30/2025 13:14,Upload
280706,15533,10/21/2003 14:46,11.23,deg C,ABM,HOBO,QC_280706_15533_Water_20031019_20040228.csv,P,None,8/30/2025 13:14,Upload,8/30/2025 13:14,Upload
280706,15533,10/21/2003 15:46,11.38,deg C,ABM,HOBO,QC_280706_15533_Water_20031019_20040228.csv,P,None,8/30/2025 13:14,Upload,8/30/2025 13:14,Upload
280706,15533,10/21/2003 16:46,11.53,deg C,ABM,HOBO,QC_280706_15533_Water_20031019_20040228.csv,P,None,8/30/2025 13:14,Upload,8/30/2025 13:14,Upload
280706,15533,10/21/2003 17:46,11.53,deg C,ABM,HOBO,QC_280706_15533_Water_20031019_20040228.csv,P,None,8/30/2025 13:14,Upload,8/30/2025 13:14,Upload
280706,15533,10/21/2003 18:46,11.53,deg C,ABM,HOBO,QC_280706_15533_Water_20031019_20040228.csv,P,None,8/30/2025 13:14,Upload,8/30/2025 13:14,Upload
280706,15533,10/21/2003 19:46,11.53,deg C,ABM,HOBO,QC_280706_15533_Water_20031019_20040228.csv,P,None,8/30/2025 13:14,Upload,8/30/2025 13:14,Upload
280706,15533,10/21/2003 20:46,11.53,deg C,ABM,HOBO,QC_280706_15533_Water_20031019_20040228.csv,P,None,8/30/2025 13:14,Upload,8/30/2025 13:14,Upload
280706,15533,10/21/2003 21:46,11.53,deg C,ABM,HOBO,QC_280706_15533_Water_20031019_20040228.csv,P,None,8/30/2025 13:14,Upload,8/30/2025 13:14,Upload
280706,15533,10/21/2003 22:46,11.53,deg C,ABM,HOBO,QC_280706_15533_Water_20031019_20040228.csv,P,None,8/30/2025 13:14,Upload,8/30/2025 13:14,Upload
280706,15533,10/21/2003 23:46,11.53,deg C,ABM,HOBO,QC_280706_15533_Water_20031019_20040228.csv,P,None,8/30/2025 13:14,Upload,8/30/2025 13:14,Upload
280706,15533,10/22/2003 0:46,11.38,deg C,ABM,HOBO,QC_280706_15533_Water_20031019_20040228.csv,P,None,8/30/2025 13:14,Upload,8/30/2025 13:14,Upload
280706,15533,10/22/2003 1:46,11.23,deg C,ABM,HOBO,QC_280706_15533_Water_20031019_20040228.csv,P,None,8/30/2025 13:14,Upload,8/30/2025 13:14,Upload
280706,15533,10/22/2003 2:46,11.23,deg C,ABM,HOBO,QC_280706_15533_Water_20031019_20040228.csv,P,None,8/30/2025 13:14,Upload,8/30/2025 13:14,Upload
280706,15533,10/22/2003 3:46,11.07,deg C,ABM,HOBO,QC_280706_15533_Water_20031019_20040228.csv,P,None,8/30/2025 13:14,Upload,8/30/2025 13:14,Upload
280706,15533,10/22/2003 4:46,10.92,deg C,ABM,HOBO,QC_280706_15533_Water_20031019_20040228.csv,P,None,8/30/2025 13:14,Upload,8/30/2025 13:14,Upload
280706,15533,10/22/2003 5:46,10.92,deg C,ABM,HOBO,QC_280706_15533_Water_20031019_20040228.csv,P,None,8/30/2025 13:14,Upload,8/30/2025 13:14,Upload
280706,15533,10/22/2003 6:46,10.92,deg C,ABM,HOBO,QC_280706_15533_Water_20031019_20040228.csv,P,None,8/30/2025 13:14,Upload,8/30/2025 13:14,Upload
280706,15533,10/22/2003 7:46,10.92,deg C,ABM,HOBO,QC_280706_15533_Water_20031019_20040228.csv,P,None,8/30/2025 13:14,Upload,8/30/2025 13:14,Upload
280706,15533,10/22/2003 8:46,10.92,deg C,ABM,HOBO,QC_280706_15533_Water_20031019_20040228.csv,P,None,8/30/2025 13:14,Upload,8/30/2025 13:14,Upload
280706,15533,10/22/2003 9:46,10.92,deg C,ABM,HOBO,QC_280706_15533_Water_20031019_20040228.csv,P,None,8/30/2025 13:14,Upload,8/30/2025 13:14,Upload
280706,15533,10/22/2003 10:46,10.92,deg C,ABM,HOBO,QC_280706_15533_Water_20031019_20040228.csv,P,None,8/30/2025 13:14,Upload,8/30/2025 13:14,Upload
280706,15533,10/22/2003 11:46,10.92,deg C,ABM,HOBO,QC_280706_15533_Water_20031019_20040228.csv,P,None,8/30/2025 13:14,Upload,8/30/2025 13:14,Upload
280706,15533,10/22/2003 12:46,10.92,deg C,ABM,HOBO,QC_280706_15533_Water_20031019_20040228.csv,P,None,8/30/2025 13:14,Upload,8/30/2025 13:14,Upload
280706,15533,10/22/2003 13:46,10.77,deg C,ABM,HOBO,QC_280706_15533_Water_20031019_20040228.csv,P,None,8/30/2025 13:14,Upload,8/30/2025 13:14,Upload
280706,15533,10/22/2003 14:46,10.77,deg C,ABM,HOBO,QC_280706_15533_Water_20031019_20040228.csv,P,None,8/30/2025 13:14,Upload,8/30/2025 13:14,Upload
280706,15533,10/22/2003 15:46,10.77,deg C,ABM,HOBO,QC_280706_15533_Water_20031019_20040228.csv,P,None,8/30/2025 13:14,Upload,8/30/2025 13:14,Upload
280706,15533,10/22/2003 16:46,10.61,deg C,ABM,HOBO,QC_280706_15533_Water_20031019_20040228.csv,P,None,8/30/2025 13:14,Upload,8/30/2025 13:14,Upload
280706,15533,10/22/2003 17:46,10.61,deg C,ABM,HOBO,QC_280706_15533_Water_20031019_20040228.csv,P,None,8/30/2025 13:14,Upload,8/30/2025 13:14,Upload
280706,15533,10/22/2003 18:46,10.46,deg C,ABM,HOBO,QC_280706_15533_Water_20031019_20040228.csv,P,None,8/30/2025 13:14,Upload,8/30/2025 13:14,Upload
280706,15533,10/22/2003 19:46,10.3,deg C,ABM,HOBO,QC_280706_15533_Water_20031019_20040228.csv,P,None,8/30/2025 13:14,Upload,8/30/2025 13:14,Upload
280706,15533,10/22/2003 20:46,10.3,deg C,ABM,HOBO,QC_280706_15533_Water_20031019_20040228.csv,P,None,8/30/2025 13:14,Upload,8/30/2025 13:14,Upload
280706,15533,10/22/2003 21:46,10.3,deg C,ABM,HOBO,QC_280706_15533_Water_20031019_20040228.csv,P,None,8/30/2025 13:14,Upload,8/30/2025 13:14,Upload
280706,15533,10/22/2003 22:46,10.14,deg C,ABM,HOBO,QC_280706_15533_Water_20031019_20040228.csv,P,None,8/30/2025 13:14,Upload,8/30/2025 13:14,Upload
280706,15533,10/22/2003 23:46,10.14,deg C,ABM,HOBO,QC_280706_15533_Water_20031019_20040228.csv,P,None,8/30/2025 13:14,Upload,8/30/2025 13:14,Upload
280706,15533,10/23/2003 0:46,10.14,deg C,ABM,HOBO,QC_280706_15533_Water_20031019_20040228.csv,P,None,8/30/2025 13:14,Upload,8/30/2025 13:14,Upload
280706,15533,10/23/2003 1:46,9.98,deg C,ABM,HOBO,QC_280706_15533_Water_20031019_20040228.csv,P,None,8/30/2025 13:14,Upload,8/30/2025 13:14,Upload
280706,15533,10/23/2003 2:46,9.98,deg C,ABM,HOBO,QC_280706_15533_Water_20031019_20040228.csv,P,None,8/30/2025 13:14,Upload,8/30/2025 13:14,Upload
280706,15533,10/23/2003 3:46,9.98,deg C,ABM,HOBO,QC_280706_15533_Water_20031019_20040228.csv,P,None,8/30/2025 13:14,Upload,8/30/2025 13:14,Upload
280706,15533,10/23/2003 4:46,9.98,deg C,ABM,HOBO,QC_280706_15533_Water_20031019_20040228.csv,P,None,8/30/2025 13:14,Upload,8/30/2025 13:14,Upload
280706,15533,10/23/2003 5:46,9.83,deg C,ABM,HOBO,QC_280706_15533_Water_20031019_20040228.csv,P,None,8/30/2025 13:14,Upload,8/30/2025 13:14,Upload
280706,15533,10/23/2003 6:46,9.83,deg C,ABM,HOBO,QC_280706_15533_Water_20031019_20040228.csv,P,None,8/30/2025 13:14,Upload,8/30/2025 13:14,Upload
280706,15533,10/23/2003 7:46,9.83,deg C,ABM,HOBO,QC_280706_15533_Water_20031019_20040228.csv,P,None,8/30/2025 13:14,Upload,8/30/2025 13:14,Upload
280706,15533,10/23/2003 8:46,9.83,deg C,ABM,HOBO,QC_280706_15533_Water_20031019_20040228.csv,P,None,8/30/2025 13:14,Upload,8/30/2025 13:14,Upload
280706,15533,10/23/2003 9:46,9.83,deg C,ABM,HOBO,QC_280706_15533_Water_20031019_20040228.csv,P,None,8/30/2025 13:14,Upload,8/30/2025 13:14,Upload
280706,15533,10/23/2003 10:46,9.83,deg C,ABM,HOBO,QC_280706_15533_Water_20031019_20040228.csv,P,None,8/30/2025 13:14,Upload,8/30/2025 13:14,Upload
280706,15533,10/23/2003 11:46,9.83,deg C,ABM,HOBO,QC_280706_15533_Water_20031019_20040228.csv,P,None,8/30/2025 13:14,Upload,8/30/2025 13:14,Upload
280706,15533,10/23/2003 12:46,9.83,deg C,ABM,HOBO,QC_280706_15533_Water_20031019_20040228.csv,P,None,8/30/2025 13:14,Upload,8/30/2025 13:14,Upload
280706,15533,10/23/2003 13:46,9.83,deg C,ABM,HOBO,QC_280706_15533_Water_20031019_20040228.csv,P,None,8/30/2025 13:14,Upload,8/30/2025 13:14,Upload
280706,15533,10/23/2003 14:46,9.83,deg C,ABM,HOBO,QC_280706_15533_Water_20031019_20040228.csv,P,None,8/30/2025 13:14,Upload,8/30/2025 13:14,Upload
280706,15533,10/23/2003 15:46,9.83,deg C,ABM,HOBO,QC_280706_15533_Water_20031019_20040228.csv,P,None,8/30/2025 13:14,Upload,8/30/2025 13:14,Upload
280706,15533,10/23/2003 16:46,9.83,deg C,ABM,HOBO,QC_280706_15533_Water_20031019_20040228.csv,P,None,8/30/2025 13:14,Upload,8/30/2025 13:14,Upload
280706,15533,10/23/2003 17:46,9.83,deg C,ABM,HOBO,QC_280706_15533_Water_20031019_20040228.csv,P,None,8/30/2025 13:14,Upload,8/30/2025 13:14,Upload
280706,15533,10/23/2003 18:46,9.83,deg C,ABM,HOBO,QC_280706_15533_Water_20031019_20040228.csv,P,None,8/30/2025 13:14,Upload,8/30/2025 13:14,Upload
280706,15533,10/23/2003 19:46,9.83,deg C,ABM,HOBO,QC_280706_15533_Water_20031019_20040228.csv,P,None,8/30/2025 13:14,Upload,8/30/2025 13:14,Upload
280706,15533,10/23/2003 20:46,9.83,deg C,ABM,HOBO,QC_280706_15533_Water_20031019_20040228.csv,P,None,8/30/2025 13:14,Upload,8/30/2025 13:14,Upload
280706,15533,10/23/2003 21:46,9.83,deg C,ABM,HOBO,QC_280706_15533_Water_20031019_20040228.csv,P,None,8/30/2025 13:14,Upload,8/30/2025 13:14,Upload
280706,15533,10/23/2003 22:46,9.83,deg C,ABM,HOBO,QC_280706_15533_Water_20031019_20040228.csv,P,None,8/30/2025 13:14,Upload,8/30/2025 13:14,Upload
280706,15533,10/23/2003 23:46,9.83,deg C,ABM,HOBO,QC_280706_15533_Water_20031019_20040228.csv,P,None,8/30/2025 13:14,Upload,8/30/2025 13:14,Upload
280706,15533,10/24/2003 0:46,9.67,deg C,ABM,HOBO,QC_280706_15533_Water_20031019_20040228.csv,P,None,8/30/2025 13:14,Upload,8/30/2025 13:14,Upload
280706,15533,10/24/2003 1:46,9.67,deg C,ABM,HOBO,QC_280706_15533_Water_20031019_20040228.csv,P,None,8/30/2025 13:14,Upload,8/30/2025 13:14,Upload
280706,15533,10/24/2003 2:46,9.52,deg C,ABM,HOBO,QC_280706_15533_Water_20031019_20040228.csv,P,None,8/30/2025 13:14,Upload,8/30/2025 13:14,Upload
280706,15533,10/24/2003 3:46,9.52,deg C,ABM,HOBO,QC_280706_15533_Water_20031019_20040228.csv,P,None,8/30/2025 13:14,Upload,8/30/2025 13:14,Upload
280706,15533,10/24/2003 4:46,9.37,deg C,ABM,HOBO,QC_280706_15533_Water_20031019_20040228.csv,P,None,8/30/2025 13:14,Upload,8/30/2025 13:14,Upload
280706,15533,10/24/2003 5:46,9.21,deg C,ABM,HOBO,QC_280706_15533_Water_20031019_20040228.csv,P,None,8/30/2025 13:14,Upload,8/30/2025 13:14,Upload
280706,15533,10/24/2003 6:46,9.21,deg C,ABM,HOBO,QC_280706_15533_Water_20031019_20040228.csv,P,None,8/30/2025 13:14,Upload,8/30/2025 13:14,Upload
280706,15533,10/24/2003 7:46,9.21,deg C,ABM,HOBO,QC_280706_15533_Water_20031019_20040228.csv,P,None,8/30/2025 13:14,Upload,8/30/2025 13:14,Upload
280706,15533,10/24/2003 8:46,9.21,deg C,ABM,HOBO,QC_280706_15533_Water_20031019_20040228.csv,P,None,8/30/2025 13:14,Upload,8/30/2025 13:14,Upload
280706,15533,10/24/2003 9:46,9.21,deg C,ABM,HOBO,QC_280706_15533_Water_20031019_20040228.csv,P,None,8/30/2025 13:14,Upload,8/30/2025 13:14,Upload
280706,15533,10/24/2003 10:46,9.21,deg C,ABM,HOBO,QC_280706_15533_Water_20031019_20040228.csv,P,None,8/30/2025 13:14,Upload,8/30/2025 13:14,Upload
280706,15533,10/24/2003 11:46,9.37,deg C,ABM,HOBO,QC_280706_15533_Water_20031019_20040228.csv,P,None,8/30/2025 13:14,Upload,8/30/2025 13:14,Upload
280706,15533,10/24/2003 12:46,9.52,deg C,ABM,HOBO,QC_280706_15533_Water_20031019_20040228.csv,P,None,8/30/2025 13:14,Upload,8/30/2025 13:14,Upload
280706,15533,10/24/2003 13:46,9.52,deg C,ABM,HOBO,QC_280706_15533_Water_20031019_20040228.csv,P,None,8/30/2025 13:14,Upload,8/30/2025 13:14,Upload
280706,15533,10/24/2003 14:46,9.52,deg C,ABM,HOBO,QC_280706_15533_Water_20031019_20040228.csv,P,None,8/30/2025 13:14,Upload,8/30/2025 13:14,Upload
280706,15533,10/24/2003 15:46,9.67,deg C,ABM,HOBO,QC_280706_15533_Water_20031019_20040228.csv,P,None,8/30/2025 13:14,Upload,8/30/2025 13:14,Upload
280706,15533,10/24/2003 16:46,9.67,deg C,ABM,HOBO,QC_280706_15533_Water_20031019_20040228.csv,P,None,8/30/2025 13:14,Upload,8/30/2025 13:14,Upload
280706,15533,10/24/2003 17:46,9.67,deg C,ABM,HOBO,QC_280706_15533_Water_20031019_20040228.csv,P,None,8/30/2025 13:14,Upload,8/30/2025 13:14,Upload
280706,15533,10/24/2003 18:46,9.52,deg C,ABM,HOBO,QC_280706_15533_Water_20031019_20040228.csv,P,None,8/30/2025 13:14,Upload,8/30/2025 13:14,Upload
280706,15533,10/24/2003 19:46,9.52,deg C,ABM,HOBO,QC_280706_15533_Water_20031019_20040228.csv,P,None,8/30/2025 13:14,Upload,8/30/2025 13:14,Upload
280706,15533,10/24/2003 20:46,9.67,deg C,ABM,HOBO,QC_280706_15533_Water_20031019_20040228.csv,P,None,8/30/2025 13:14,Upload,8/30/2025 13:14,Upload
280706,15533,10/24/2003 21:46,9.67,deg C,ABM,HOBO,QC_280706_15533_Water_20031019_20040228.csv,P,None,8/30/2025 13:14,Upload,8/30/2025 13:14,Upload
280706,15533,10/24/2003 22:46,9.52,deg C,ABM,HOBO,QC_280706_15533_Water_20031019_20040228.csv,P,None,8/30/2025 13:14,Upload,8/30/2025 13:14,Upload
280706,15533,10/24/2003 23:46,9.52,deg C,ABM,HOBO,QC_280706_15533_Water_20031019_20040228.csv,P,None,8/30/2025 13:14,Upload,8/30/2025 13:14,Upload
280706,15533,10/25/2003 0:46,9.37,deg C,ABM,HOBO,QC_280706_15533_Water_20031019_20040228.csv,P,None,8/30/2025 13:14,Upload,8/30/2025 13:14,Upload
280706,15533,10/25/2003 1:46,9.37,deg C,ABM,HOBO,QC_280706_15533_Water_20031019_20040228.csv,P,None,8/30/2025 13:14,Upload,8/30/2025 13:14,Upload
280706,15533,10/25/2003 2:46,9.21,deg C,ABM,HOBO,QC_280706_15533_Water_20031019_20040228.csv,P,None,8/30/2025 13:14,Upload,8/30/2025 13:14,Upload
280706,15533,10/25/2003 3:46,9.06,deg C,ABM,HOBO,QC_280706_15533_Water_20031019_20040228.csv,P,None,8/30/2025 13:14,Upload,8/30/2025 13:14,Upload
280706,15533,10/25/2003 4:46,8.91,deg C,ABM,HOBO,QC_280706_15533_Water_20031019_20040228.csv,P,None,8/30/2025 13:14,Upload,8/30/2025 13:14,Upload
280706,15533,10/25/2003 5:46,8.91,deg C,ABM,HOBO,QC_280706_15533_Water_20031019_20040228.csv,P,None,8/30/2025 13:14,Upload,8/30/2025 13:14,Upload
280706,15533,10/25/2003 6:46,8.91,deg C,ABM,HOBO,QC_280706_15533_Water_20031019_20040228.csv,P,None,8/30/2025 13:14,Upload,8/30/2025 13:14,Upload
280706,15533,10/25/2003 7:46,8.91,deg C,ABM,HOBO,QC_280706_15533_Water_20031019_20040228.csv,P,None,8/30/2025 13:14,Upload,8/30/2025 13:14,Upload
280706,15533,10/25/2003 8:46,8.75,deg C,ABM,HOBO,QC_280706_15533_Water_20031019_20040228.csv,P,None,8/30/2025 13:14,Upload,8/30/2025 13:14,Upload
280706,15533,10/25/2003 9:46,8.75,deg C,ABM,HOBO,QC_280706_15533_Water_20031019_20040228.csv,P,None,8/30/2025 13:14,Upload,8/30/2025 13:14,Upload
280706,15533,10/25/2003 10:46,8.75,deg C,ABM,HOBO,QC_280706_15533_Water_20031019_20040228.csv,P,None,8/30/2025 13:14,Upload,8/30/2025 13:14,Upload
280706,15533,10/25/2003 11:46,8.91,deg C,ABM,HOBO,QC_280706_15533_Water_20031019_20040228.csv,P,None,8/30/2025 13:14,Upload,8/30/2025 13:14,Upload
280706,15533,10/25/2003 12:46,9.06,deg C,ABM,HOBO,QC_280706_15533_Water_20031019_20040228.csv,P,None,8/30/2025 13:14,Upload,8/30/2025 13:14,Upload
280706,15533,10/25/2003 13:46,9.06,deg C,ABM,HOBO,QC_280706_15533_Water_20031019_20040228.csv,P,None,8/30/2025 13:14,Upload,8/30/2025 13:14,Upload
280706,15533,10/25/2003 14:46,9.21,deg C,ABM,HOBO,QC_280706_15533_Water_20031019_20040228.csv,P,None,8/30/2025 13:14,Upload,8/30/2025 13:14,Upload
280706,15533,10/25/2003 15:46,9.21,deg C,ABM,HOBO,QC_280706_15533_Water_20031019_20040228.csv,P,None,8/30/2025 13:14,Upload,8/30/2025 13:14,Upload
280706,15533,10/25/2003 16:46,9.21,deg C,ABM,HOBO,QC_280706_15533_Water_20031019_20040228.csv,P,None,8/30/2025 13:14,Upload,8/30/2025 13:14,Upload
280706,15533,10/25/2003 17:46,9.37,deg C,ABM,HOBO,QC_280706_15533_Water_20031019_20040228.csv,P,None,8/30/2025 13:14,Upload,8/30/2025 13:14,Upload
280706,15533,10/25/2003 18:46,9.21,deg C,ABM,HOBO,QC_280706_15533_Water_20031019_20040228.csv,P,None,8/30/2025 13:14,Upload,8/30/2025 13:14,Upload
280706,15533,10/25/2003 19:46,9.21,deg C,ABM,HOBO,QC_280706_15533_Water_20031019_20040228.csv,P,None,8/30/2025 13:14,Upload,8/30/2025 13:14,Upload
280706,15533,10/25/2003 20:46,9.37,deg C,ABM,HOBO,QC_280706_15533_Water_20031019_20040228.csv,P,None,8/30/2025 13:14,Upload,8/30/2025 13:14,Upload
280706,15533,10/25/2003 21:46,9.52,deg C,ABM,HOBO,QC_280706_15533_Water_20031019_20040228.csv,P,None,8/30/2025 13:14,Upload,8/30/2025 13:14,Upload
280706,15533,10/25/2003 22:46,9.52,deg C,ABM,HOBO,QC_280706_15533_Water_20031019_20040228.csv,P,None,8/30/2025 13:14,Upload,8/30/2025 13:14,Upload
280706,15533,10/25/2003 23:46,9.52,deg C,ABM,HOBO,QC_280706_15533_Water_20031019_20040228.csv,P,None,8/30/2025 13:14,Upload,8/30/2025 13:14,Upload
280706,15533,10/26/2003 0:46,9.37,deg C,ABM,HOBO,QC_280706_15533_Water_20031019_20040228.csv,P,None,8/30/2025 13:14,Upload,8/30/2025 13:14,Upload
280706,15533,10/26/2003 1:46,9.37,deg C,ABM,HOBO,QC_280706_15533_Water_20031019_20040228.csv,P,None,8/30/2025 13:14,Upload,8/30/2025 13:14,Upload
280706,15533,10/26/2003 2:46,9.21,deg C,ABM,HOBO,QC_280706_15533_Water_20031019_20040228.csv,P,None,8/30/2025 13:14,Upload,8/30/2025 13:14,Upload
280706,15533,10/26/2003 3:46,9.21,deg C,ABM,HOBO,QC_280706_15533_Water_20031019_20040228.csv,P,None,8/30/2025 13:14,Upload,8/30/2025 13:14,Upload
280706,15533,10/26/2003 4:46,9.21,deg C,ABM,HOBO,QC_280706_15533_Water_20031019_20040228.csv,P,None,8/30/2025 13:14,Upload,8/30/2025 13:14,Upload
280706,15533,10/26/2003 5:46,9.21,deg C,ABM,HOBO,QC_280706_15533_Water_20031019_20040228.csv,P,None,8/30/2025 13:14,Upload,8/30/2025 13:14,Upload
280706,15533,10/26/2003 6:46,9.21,deg C,ABM,HOBO,QC_280706_15533_Water_20031019_20040228.csv,P,None,8/30/2025 13:14,Upload,8/30/2025 13:14,Upload
280706,15533,10/26/2003 7:46,9.37,deg C,ABM,HOBO,QC_280706_15533_Water_20031019_20040228.csv,P,None,8/30/2025 13:14,Upload,8/30/2025 13:14,Upload
280706,15533,10/26/2003 8:46,9.37,deg C,ABM,HOBO,QC_280706_15533_Water_20031019_20040228.csv,P,None,8/30/2025 13:14,Upload,8/30/2025 13:14,Upload
280706,15533,10/26/2003 9:46,9.37,deg C,ABM,HOBO,QC_280706_15533_Water_20031019_20040228.csv,P,None,8/30/2025 13:14,Upload,8/30/2025 13:14,Upload
280706,15533,10/26/2003 10:46,9.37,deg C,ABM,HOBO,QC_280706_15533_Water_20031019_20040228.csv,P,None,8/30/2025 13:14,Upload,8/30/2025 13:14,Upload
280706,15533,10/26/2003 11:46,9.52,deg C,ABM,HOBO,QC_280706_15533_Water_20031019_20040228.csv,P,None,8/30/2025 13:14,Upload,8/30/2025 13:14,Upload
280706,15533,10/26/2003 12:46,9.52,deg C,ABM,HOBO,QC_280706_15533_Water_20031019_20040228.csv,P,None,8/30/2025 13:14,Upload,8/30/2025 13:14,Upload
280706,15533,10/26/2003 13:46,9.52,deg C,ABM,HOBO,QC_280706_15533_Water_20031019_20040228.csv,P,None,8/30/2025 13:14,Upload,8/30/2025 13:14,Upload
280706,15533,10/26/2003 14:46,9.52,deg C,ABM,HOBO,QC_280706_15533_Water_20031019_20040228.csv,P,None,8/30/2025 13:14,Upload,8/30/2025 13:14,Upload
280706,15533,10/26/2003 15:46,9.67,deg C,ABM,HOBO,QC_280706_15533_Water_20031019_20040228.csv,P,None,8/30/2025 13:14,Upload,8/30/2025 13:14,Upload
280706,15533,10/26/2003 16:46,9.67,deg C,ABM,HOBO,QC_280706_15533_Water_20031019_20040228.csv,P,None,8/30/2025 13:14,Upload,8/30/2025 13:14,Upload
280706,15533,10/26/2003 17:46,9.67,deg C,ABM,HOBO,QC_280706_15533_Water_20031019_20040228.csv,P,None,8/30/2025 13:14,Upload,8/30/2025 13:14,Upload
280706,15533,10/26/2003 18:46,9.67,deg C,ABM,HOBO,QC_280706_15533_Water_20031019_20040228.csv,P,None,8/30/2025 13:14,Upload,8/30/2025 13:14,Upload
280706,15533,10/26/2003 19:46,9.67,deg C,ABM,HOBO,QC_280706_15533_Water_20031019_20040228.csv,P,None,8/30/2025 13:14,Upload,8/30/2025 13:14,Upload
280706,15533,10/26/2003 20:46,9.67,deg C,ABM,HOBO,QC_280706_15533_Water_20031019_20040228.csv,P,None,8/30/2025 13:14,Upload,8/30/2025 13:14,Upload
280706,15533,10/26/2003 21:46,9.83,deg C,ABM,HOBO,QC_280706_15533_Water_20031019_20040228.csv,P,None,8/30/2025 13:14,Upload,8/30/2025 13:14,Upload
280706,15533,10/26/2003 22:46,9.83,deg C,ABM,HOBO,QC_280706_15533_Water_20031019_20040228.csv,P,None,8/30/2025 13:14,Upload,8/30/2025 13:14,Upload
280706,15533,10/26/2003 23:46,9.83,deg C,ABM,HOBO,QC_280706_15533_Water_20031019_20040228.csv,P,None,8/30/2025 13:14,Upload,8/30/2025 13:14,Upload
280706,15533,10/27/2003 0:46,9.83,deg C,ABM,HOBO,QC_280706_15533_Water_20031019_20040228.csv,P,None,8/30/2025 13:14,Upload,8/30/2025 13:14,Upload
280706,15533,10/27/2003 1:46,9.83,deg C,ABM,HOBO,QC_280706_15533_Water_20031019_20040228.csv,P,None,8/30/2025 13:14,Upload,8/30/2025 13:14,Upload
280706,15533,10/27/2003 2:46,9.98,deg C,ABM,HOBO,QC_280706_15533_Water_20031019_20040228.csv,P,None,8/30/2025 13:14,Upload,8/30/2025 13:14,Upload
280706,15533,10/27/2003 3:46,9.98,deg C,ABM,HOBO,QC_280706_15533_Water_20031019_20040228.csv,P,None,8/30/2025 13:14,Upload,8/30/2025 13:14,Upload
280706,15533,10/27/2003 4:46,9.98,deg C,ABM,HOBO,QC_280706_15533_Water_20031019_20040228.csv,P,None,8/30/2025 13:14,Upload,8/30/2025 13:14,Upload
280706,15533,10/27/2003 5:46,9.98,deg C,ABM,HOBO,QC_280706_15533_Water_20031019_20040228.csv,P,None,8/30/2025 13:14,Upload,8/30/2025 13:14,Upload
280706,15533,10/27/2003 6:46,9.98,deg C,ABM,HOBO,QC_280706_15533_Water_20031019_20040228.csv,P,None,8/30/2025 13:14,Upload,8/30/2025 13:14,Upload
280706,15533,10/27/2003 7:46,10.14,deg C,ABM,HOBO,QC_280706_15533_Water_20031019_20040228.csv,P,None,8/30/2025 13:14,Upload,8/30/2025 13:14,Upload
280706,15533,10/27/2003 8:46,10.14,deg C,ABM,HOBO,QC_280706_15533_Water_20031019_20040228.csv,P,None,8/30/2025 13:14,Upload,8/30/2025 13:14,Upload
280706,15533,10/27/2003 9:46,10.3,deg C,ABM,HOBO,QC_280706_15533_Water_20031019_20040228.csv,P,None,8/30/2025 13:14,Upload,8/30/2025 13:14,Upload
280706,15533,10/27/2003 10:46,10.3,deg C,ABM,HOBO,QC_280706_15533_Water_20031019_20040228.csv,P,None,8/30/2025 13:14,Upload,8/30/2025 13:14,Upload
280706,15533,10/27/2003 11:46,10.46,deg C,ABM,HOBO,QC_280706_15533_Water_20031019_20040228.csv,P,None,8/30/2025 13:14,Upload,8/30/2025 13:14,Upload
280706,15533,10/27/2003 12:46,10.46,deg C,ABM,HOBO,QC_280706_15533_Water_20031019_20040228.csv,P,None,8/30/2025 13:14,Upload,8/30/2025 13:14,Upload
280706,15533,10/27/2003 13:46,10.46,deg C,ABM,HOBO,QC_280706_15533_Water_20031019_20040228.csv,P,None,8/30/2025 13:14,Upload,8/30/2025 13:14,Upload
280706,15533,10/27/2003 14:46,10.61,deg C,ABM,HOBO,QC_280706_15533_Water_20031019_20040228.csv,P,None,8/30/2025 13:14,Upload,8/30/2025 13:14,Upload
280706,15533,10/27/2003 15:46,10.61,deg C,ABM,HOBO,QC_280706_15533_Water_20031019_20040228.csv,P,None,8/30/2025 13:14,Upload,8/30/2025 13:14,Upload
280706,15533,10/27/2003 16:46,10.77,deg C,ABM,HOBO,QC_280706_15533_Water_20031019_20040228.csv,P,None,8/30/2025 13:14,Upload,8/30/2025 13:14,Upload
280706,15533,10/27/2003 17:46,10.77,deg C,ABM,HOBO,QC_280706_15533_Water_20031019_20040228.csv,P,None,8/30/2025 13:14,Upload,8/30/2025 13:14,Upload
280706,15533,10/27/2003 18:46,10.92,deg C,ABM,HOBO,QC_280706_15533_Water_20031019_20040228.csv,P,None,8/30/2025 13:14,Upload,8/30/2025 13:14,Upload
280706,15533,10/27/2003 19:46,11.07,deg C,ABM,HOBO,QC_280706_15533_Water_20031019_20040228.csv,P,None,8/30/2025 13:14,Upload,8/30/2025 13:14,Upload
280706,15533,10/27/2003 20:46,11.07,deg C,ABM,HOBO,QC_280706_15533_Water_20031019_20040228.csv,P,None,8/30/2025 13:14,Upload,8/30/2025 13:14,Upload
280706,15533,10/27/2003 21:46,11.07,deg C,ABM,HOBO,QC_280706_15533_Water_20031019_20040228.csv,P,None,8/30/2025 13:14,Upload,8/30/2025 13:14,Upload
280706,15533,10/27/2003 22:46,11.07,deg C,ABM,HOBO,QC_280706_15533_Water_20031019_20040228.csv,P,None,8/30/2025 13:14,Upload,8/30/2025 13:14,Upload
280706,15533,10/27/2003 23:46,11.07,deg C,ABM,HOBO,QC_280706_15533_Water_20031019_20040228.csv,P,None,8/30/2025 13:14,Upload,8/30/2025 13:14,Upload
280706,15533,10/28/2003 0:46,11.07,deg C,ABM,HOBO,QC_280706_15533_Water_20031019_20040228.csv,P,None,8/30/2025 13:14,Upload,8/30/2025 13:14,Upload
280706,15533,10/28/2003 1:46,11.07,deg C,ABM,HOBO,QC_280706_15533_Water_20031019_20040228.csv,P,None,8/30/2025 13:14,Upload,8/30/2025 13:14,Upload
280706,15533,10/28/2003 2:46,11.23,deg C,ABM,HOBO,QC_280706_15533_Water_20031019_20040228.csv,P,None,8/30/2025 13:14,Upload,8/30/2025 13:14,Upload
280706,15533,10/28/2003 3:46,11.07,deg C,ABM,HOBO,QC_280706_15533_Water_20031019_20040228.csv,P,None,8/30/2025 13:14,Upload,8/30/2025 13:14,Upload
280706,15533,10/28/2003 4:46,10.92,deg C,ABM,HOBO,QC_280706_15533_Water_20031019_20040228.csv,P,None,8/30/2025 13:14,Upload,8/30/2025 13:14,Upload
280706,15533,10/28/2003 5:46,10.92,deg C,ABM,HOBO,QC_280706_15533_Water_20031019_20040228.csv,P,None,8/30/2025 13:14,Upload,8/30/2025 13:14,Upload
280706,15533,10/28/2003 6:46,11.07,deg C,ABM,HOBO,QC_280706_15533_Water_20031019_20040228.csv,P,None,8/30/2025 13:14,Upload,8/30/2025 13:14,Upload
280706,15533,10/28/2003 7:46,10.92,deg C,ABM,HOBO,QC_280706_15533_Water_20031019_20040228.csv,P,None,8/30/2025 13:14,Upload,8/30/2025 13:14,Upload
280706,15533,10/28/2003 8:46,10.92,deg C,ABM,HOBO,QC_280706_15533_Water_20031019_20040228.csv,P,None,8/30/2025 13:14,Upload,8/30/2025 13:14,Upload
280706,15533,10/28/2003 9:46,10.92,deg C,ABM,HOBO,QC_280706_15533_Water_20031019_20040228.csv,P,None,8/30/2025 13:14,Upload,8/30/2025 13:14,Upload
280706,15533,10/28/2003 10:46,10.92,deg C,ABM,HOBO,QC_280706_15533_Water_20031019_20040228.csv,P,None,8/30/2025 13:14,Upload,8/30/2025 13:14,Upload
280706,15533,10/28/2003 11:46,11.07,deg C,ABM,HOBO,QC_280706_15533_Water_20031019_20040228.csv,P,None,8/30/2025 13:14,Upload,8/30/2025 13:14,Upload
280706,15533,10/28/2003 12:46,11.07,deg C,ABM,HOBO,QC_280706_15533_Water_20031019_20040228.csv,P,None,8/30/2025 13:14,Upload,8/30/2025 13:14,Upload
280706,15533,10/28/2003 13:46,11.23,deg C,ABM,HOBO,QC_280706_15533_Water_20031019_20040228.csv,P,None,8/30/2025 13:14,Upload,8/30/2025 13:14,Upload
280706,15533,10/28/2003 14:46,11.23,deg C,ABM,HOBO,QC_280706_15533_Water_20031019_20040228.csv,P,None,8/30/2025 13:14,Upload,8/30/2025 13:14,Upload
280706,15533,10/28/2003 15:46,11.38,deg C,ABM,HOBO,QC_280706_15533_Water_20031019_20040228.csv,P,None,8/30/2025 13:14,Upload,8/30/2025 13:14,Upload
280706,15533,10/28/2003 16:46,11.38,deg C,ABM,HOBO,QC_280706_15533_Water_20031019_20040228.csv,P,None,8/30/2025 13:14,Upload,8/30/2025 13:14,Upload
280706,15533,10/28/2003 17:46,11.38,deg C,ABM,HOBO,QC_280706_15533_Water_20031019_20040228.csv,P,None,8/30/2025 13:14,Upload,8/30/2025 13:14,Upload
280706,15533,10/28/2003 18:46,11.38,deg C,ABM,HOBO,QC_280706_15533_Water_20031019_20040228.csv,P,None,8/30/2025 13:14,Upload,8/30/2025 13:14,Upload
280706,15533,10/28/2003 19:46,11.38,deg C,ABM,HOBO,QC_280706_15533_Water_20031019_20040228.csv,P,None,8/30/2025 13:14,Upload,8/30/2025 13:14,Upload
280706,15533,10/28/2003 20:46,11.23,deg C,ABM,HOBO,QC_280706_15533_Water_20031019_20040228.csv,P,None,8/30/2025 13:14,Upload,8/30/2025 13:14,Upload
280706,15533,10/28/2003 21:46,11.23,deg C,ABM,HOBO,QC_280706_15533_Water_20031019_20040228.csv,P,None,8/30/2025 13:14,Upload,8/30/2025 13:14,Upload
280706,15533,10/28/2003 22:46,11.07,deg C,ABM,HOBO,QC_280706_15533_Water_20031019_20040228.csv,P,None,8/30/2025 13:14,Upload,8/30/2025 13:14,Upload
280706,15533,10/28/2003 23:46,10.92,deg C,ABM,HOBO,QC_280706_15533_Water_20031019_20040228.csv,P,None,8/30/2025 13:14,Upload,8/30/2025 13:14,Upload
280706,15533,10/29/2003 0:46,10.92,deg C,ABM,HOBO,QC_280706_15533_Water_20031019_20040228.csv,P,None,8/30/2025 13:14,Upload,8/30/2025 13:14,Upload
280706,15533,10/29/2003 1:46,10.92,deg C,ABM,HOBO,QC_280706_15533_Water_20031019_20040228.csv,P,None,8/30/2025 13:14,Upload,8/30/2025 13:14,Upload
280706,15533,10/29/2003 2:46,10.77,deg C,ABM,HOBO,QC_280706_15533_Water_20031019_20040228.csv,P,None,8/30/2025 13:14,Upload,8/30/2025 13:14,Upload
280706,15533,10/29/2003 3:46,10.77,deg C,ABM,HOBO,QC_280706_15533_Water_20031019_20040228.csv,P,None,8/30/2025 13:14,Upload,8/30/2025 13:14,Upload
280706,15533,10/29/2003 4:46,10.77,deg C,ABM,HOBO,QC_280706_15533_Water_20031019_20040228.csv,P,None,8/30/2025 13:14,Upload,8/30/2025 13:14,Upload
280706,15533,10/29/2003 5:46,10.77,deg C,ABM,HOBO,QC_280706_15533_Water_20031019_20040228.csv,P,None,8/30/2025 13:14,Upload,8/30/2025 13:14,Upload
280706,15533,10/29/2003 6:46,10.77,deg C,ABM,HOBO,QC_280706_15533_Water_20031019_20040228.csv,P,None,8/30/2025 13:14,Upload,8/30/2025 13:14,Upload
280706,15533,10/29/2003 7:46,10.77,deg C,ABM,HOBO,QC_280706_15533_Water_20031019_20040228.csv,P,None,8/30/2025 13:14,Upload,8/30/2025 13:14,Upload
280706,15533,10/29/2003 8:46,10.61,deg C,ABM,HOBO,QC_280706_15533_Water_20031019_20040228.csv,P,None,8/30/2025 13:14,Upload,8/30/2025 13:14,Upload
280706,15533,10/29/2003 9:46,10.61,deg C,ABM,HOBO,QC_280706_15533_Water_20031019_20040228.csv,P,None,8/30/2025 13:14,Upload,8/30/2025 13:14,Upload
280706,15533,10/29/2003 10:46,10.61,deg C,ABM,HOBO,QC_280706_15533_Water_20031019_20040228.csv,P,None,8/30/2025 13:14,Upload,8/30/2025 13:14,Upload
280706,15533,10/29/2003 11:46,10.61,deg C,ABM,HOBO,QC_280706_15533_Water_20031019_20040228.csv,P,None,8/30/2025 13:14,Upload,8/30/2025 13:14,Upload
280706,15533,10/29/2003 12:46,10.46,deg C,ABM,HOBO,QC_280706_15533_Water_20031019_20040228.csv,P,None,8/30/2025 13:14,Upload,8/30/2025 13:14,Upload
280706,15533,10/29/2003 13:46,10.46,deg C,ABM,HOBO,QC_280706_15533_Water_20031019_20040228.csv,P,None,8/30/2025 13:14,Upload,8/30/2025 13:14,Upload
280706,15533,10/29/2003 14:46,10.46,deg C,ABM,HOBO,QC_280706_15533_Water_20031019_20040228.csv,P,None,8/30/2025 13:14,Upload,8/30/2025 13:14,Upload
280706,15533,10/29/2003 15:46,10.61,deg C,ABM,HOBO,QC_280706_15533_Water_20031019_20040228.csv,P,None,8/30/2025 13:14,Upload,8/30/2025 13:14,Upload
280706,15533,10/29/2003 16:46,10.61,deg C,ABM,HOBO,QC_280706_15533_Water_20031019_20040228.csv,P,None,8/30/2025 13:14,Upload,8/30/2025 13:14,Upload
280706,15533,10/29/2003 17:46,10.61,deg C,ABM,HOBO,QC_280706_15533_Water_20031019_20040228.csv,P,None,8/30/2025 13:14,Upload,8/30/2025 13:14,Upload
280706,15533,10/29/2003 18:46,10.61,deg C,ABM,HOBO,QC_280706_15533_Water_20031019_20040228.csv,P,None,8/30/2025 13:14,Upload,8/30/2025 13:14,Upload
280706,15533,10/29/2003 19:46,10.77,deg C,ABM,HOBO,QC_280706_15533_Water_20031019_20040228.csv,P,None,8/30/2025 13:14,Upload,8/30/2025 13:14,Upload
280706,15533,10/29/2003 20:46,10.92,deg C,ABM,HOBO,QC_280706_15533_Water_20031019_20040228.csv,P,None,8/30/2025 13:14,Upload,8/30/2025 13:14,Upload
280706,15533,10/29/2003 21:46,10.92,deg C,ABM,HOBO,QC_280706_15533_Water_20031019_20040228.csv,P,None,8/30/2025 13:14,Upload,8/30/2025 13:14,Upload
280706,15533,10/29/2003 22:46,10.92,deg C,ABM,HOBO,QC_280706_15533_Water_20031019_20040228.csv,P,None,8/30/2025 13:14,Upload,8/30/2025 13:14,Upload
280706,15533,10/29/2003 23:46,10.92,deg C,ABM,HOBO,QC_280706_15533_Water_20031019_20040228.csv,P,None,8/30/2025 13:14,Upload,8/30/2025 13:14,Upload
280706,15533,10/30/2003 0:46,10.92,deg C,ABM,HOBO,QC_280706_15533_Water_20031019_20040228.csv,P,None,8/30/2025 13:14,Upload,8/30/2025 13:14,Upload
280706,15533,10/30/2003 1:46,10.92,deg C,ABM,HOBO,QC_280706_15533_Water_20031019_20040228.csv,P,None,8/30/2025 13:14,Upload,8/30/2025 13:14,Upload
280706,15533,10/30/2003 2:46,10.77,deg C,ABM,HOBO,QC_280706_15533_Water_20031019_20040228.csv,P,None,8/30/2025 13:14,Upload,8/30/2025 13:14,Upload
280706,15533,10/30/2003 3:46,10.61,deg C,ABM,HOBO,QC_280706_15533_Water_20031019_20040228.csv,P,None,8/30/2025 13:14,Upload,8/30/2025 13:14,Upload
280706,15533,10/30/2003 4:46,10.61,deg C,ABM,HOBO,QC_280706_15533_Water_20031019_20040228.csv,P,None,8/30/2025 13:14,Upload,8/30/2025 13:14,Upload
280706,15533,10/30/2003 5:46,10.46,deg C,ABM,HOBO,QC_280706_15533_Water_20031019_20040228.csv,P,None,8/30/2025 13:14,Upload,8/30/2025 13:14,Upload
280706,15533,10/30/2003 6:46,10.46,deg C,ABM,HOBO,QC_280706_15533_Water_20031019_20040228.csv,P,None,8/30/2025 13:14,Upload,8/30/2025 13:14,Upload
280706,15533,10/30/2003 7:46,10.46,deg C,ABM,HOBO,QC_280706_15533_Water_20031019_20040228.csv,P,None,8/30/2025 13:14,Upload,8/30/2025 13:14,Upload
280706,15533,10/30/2003 8:46,10.3,deg C,ABM,HOBO,QC_280706_15533_Water_20031019_20040228.csv,P,None,8/30/2025 13:14,Upload,8/30/2025 13:14,Upload
280706,15533,10/30/2003 9:46,10.3,deg C,ABM,HOBO,QC_280706_15533_Water_20031019_20040228.csv,P,None,8/30/2025 13:14,Upload,8/30/2025 13:14,Upload
280706,15533,10/30/2003 10:46,10.3,deg C,ABM,HOBO,QC_280706_15533_Water_20031019_20040228.csv,P,None,8/30/2025 13:14,Upload,8/30/2025 13:14,Upload
280706,15533,10/30/2003 11:46,10.3,deg C,ABM,HOBO,QC_280706_15533_Water_20031019_20040228.csv,P,None,8/30/2025 13:14,Upload,8/30/2025 13:14,Upload
280706,15533,10/30/2003 12:46,10.3,deg C,ABM,HOBO,QC_280706_15533_Water_20031019_20040228.csv,P,None,8/30/2025 13:14,Upload,8/30/2025 13:14,Upload
280706,15533,10/30/2003 13:46,10.3,deg C,ABM,HOBO,QC_280706_15533_Water_20031019_20040228.csv,P,None,8/30/2025 13:14,Upload,8/30/2025 13:14,Upload
280706,15533,10/30/2003 14:46,10.3,deg C,ABM,HOBO,QC_280706_15533_Water_20031019_20040228.csv,P,None,8/30/2025 13:14,Upload,8/30/2025 13:14,Upload
280706,15533,10/30/2003 15:46,10.3,deg C,ABM,HOBO,QC_280706_15533_Water_20031019_20040228.csv,P,None,8/30/2025 13:14,Upload,8/30/2025 13:14,Upload
280706,15533,10/30/2003 16:46,10.46,deg C,ABM,HOBO,QC_280706_15533_Water_20031019_20040228.csv,P,None,8/30/2025 13:14,Upload,8/30/2025 13:14,Upload
280706,15533,10/30/2003 17:46,10.46,deg C,ABM,HOBO,QC_280706_15533_Water_20031019_20040228.csv,P,None,8/30/2025 13:14,Upload,8/30/2025 13:14,Upload
280706,15533,10/30/2003 18:46,10.46,deg C,ABM,HOBO,QC_280706_15533_Water_20031019_20040228.csv,P,None,8/30/2025 13:14,Upload,8/30/2025 13:14,Upload
280706,15533,10/30/2003 19:46,10.46,deg C,ABM,HOBO,QC_280706_15533_Water_20031019_20040228.csv,P,None,8/30/2025 13:14,Upload,8/30/2025 13:14,Upload
280706,15533,10/30/2003 20:46,10.3,deg C,ABM,HOBO,QC_280706_15533_Water_20031019_20040228.csv,P,None,8/30/2025 13:14,Upload,8/30/2025 13:14,Upload
280706,15533,10/30/2003 21:46,10.3,deg C,ABM,HOBO,QC_280706_15533_Water_20031019_20040228.csv,P,None,8/30/2025 13:14,Upload,8/30/2025 13:14,Upload
280706,15533,10/30/2003 22:46,10.3,deg C,ABM,HOBO,QC_280706_15533_Water_20031019_20040228.csv,P,None,8/30/2025 13:14,Upload,8/30/2025 13:14,Upload
280706,15533,10/30/2003 23:46,10.3,deg C,ABM,HOBO,QC_280706_15533_Water_20031019_20040228.csv,P,None,8/30/2025 13:14,Upload,8/30/2025 13:14,Upload
280706,15533,10/31/2003 0:46,10.3,deg C,ABM,HOBO,QC_280706_15533_Water_20031019_20040228.csv,P,None,8/30/2025 13:14,Upload,8/30/2025 13:14,Upload
280706,15533,10/31/2003 1:46,10.14,deg C,ABM,HOBO,QC_280706_15533_Water_20031019_20040228.csv,P,None,8/30/2025 13:14,Upload,8/30/2025 13:14,Upload
280706,15533,10/31/2003 2:46,10.14,deg C,ABM,HOBO,QC_280706_15533_Water_20031019_20040228.csv,P,None,8/30/2025 13:14,Upload,8/30/2025 13:14,Upload
280706,15533,10/31/2003 3:46,10.14,deg C,ABM,HOBO,QC_280706_15533_Water_20031019_20040228.csv,P,None,8/30/2025 13:14,Upload,8/30/2025 13:14,Upload
280706,15533,10/31/2003 4:46,10.14,deg C,ABM,HOBO,QC_280706_15533_Water_20031019_20040228.csv,P,None,8/30/2025 13:14,Upload,8/30/2025 13:14,Upload
280706,15533,10/31/2003 5:46,10.14,deg C,ABM,HOBO,QC_280706_15533_Water_20031019_20040228.csv,P,None,8/30/2025 13:14,Upload,8/30/2025 13:14,Upload
280706,15533,10/31/2003 6:46,9.98,deg C,ABM,HOBO,QC_280706_15533_Water_20031019_20040228.csv,P,None,8/30/2025 13:14,Upload,8/30/2025 13:14,Upload
280706,15533,10/31/2003 7:46,9.98,deg C,ABM,HOBO,QC_280706_15533_Water_20031019_20040228.csv,P,None,8/30/2025 13:14,Upload,8/30/2025 13:14,Upload
280706,15533,10/31/2003 8:46,9.98,deg C,ABM,HOBO,QC_280706_15533_Water_20031019_20040228.csv,P,None,8/30/2025 13:14,Upload,8/30/2025 13:14,Upload
280706,15533,10/31/2003 9:46,9.83,deg C,ABM,HOBO,QC_280706_15533_Water_20031019_20040228.csv,P,None,8/30/2025 13:14,Upload,8/30/2025 13:14,Upload
280706,15533,10/31/2003 10:46,9.83,deg C,ABM,HOBO,QC_280706_15533_Water_20031019_20040228.csv,P,None,8/30/2025 13:14,Upload,8/30/2025 13:14,Upload
280706,15533,10/31/2003 11:46,9.98,deg C,ABM,HOBO,QC_280706_15533_Water_20031019_20040228.csv,P,None,8/30/2025 13:14,Upload,8/30/2025 13:14,Upload
280706,15533,10/31/2003 12:46,9.98,deg C,ABM,HOBO,QC_280706_15533_Water_20031019_20040228.csv,P,None,8/30/2025 13:14,Upload,8/30/2025 13:14,Upload
280706,15533,10/31/2003 13:46,9.98,deg C,ABM,HOBO,QC_280706_15533_Water_20031019_20040228.csv,P,None,8/30/2025 13:14,Upload,8/30/2025 13:14,Upload
280706,15533,10/31/2003 14:46,9.98,deg C,ABM,HOBO,QC_280706_15533_Water_20031019_20040228.csv,P,None,8/30/2025 13:14,Upload,8/30/2025 13:14,Upload
280706,15533,10/31/2003 15:46,9.98,deg C,ABM,HOBO,QC_280706_15533_Water_20031019_20040228.csv,P,None,8/30/2025 13:14,Upload,8/30/2025 13:14,Upload
280706,15533,10/31/2003 16:46,10.14,deg C,ABM,HOBO,QC_280706_15533_Water_20031019_20040228.csv,P,None,8/30/2025 13:14,Upload,8/30/2025 13:14,Upload
280706,15533,10/31/2003 17:46,10.14,deg C,ABM,HOBO,QC_280706_15533_Water_20031019_20040228.csv,P,None,8/30/2025 13:14,Upload,8/30/2025 13:14,Upload
280706,15533,10/31/2003 18:46,10.14,deg C,ABM,HOBO,QC_280706_15533_Water_20031019_20040228.csv,P,None,8/30/2025 13:14,Upload,8/30/2025 13:14,Upload
280706,15533,10/31/2003 19:46,10.14,deg C,ABM,HOBO,QC_280706_15533_Water_20031019_20040228.csv,P,None,8/30/2025 13:14,Upload,8/30/2025 13:14,Upload
280706,15533,10/31/2003 20:46,10.14,deg C,ABM,HOBO,QC_280706_15533_Water_20031019_20040228.csv,P,None,8/30/2025 13:14,Upload,8/30/2025 13:14,Upload
280706,15533,10/31/2003 21:46,10.14,deg C,ABM,HOBO,QC_280706_15533_Water_20031019_20040228.csv,P,None,8/30/2025 13:14,Upload,8/30/2025 13:14,Upload
280706,15533,10/31/2003 22:46,9.98,deg C,ABM,HOBO,QC_280706_15533_Water_20031019_20040228.csv,P,None,8/30/2025 13:14,Upload,8/30/2025 13:14,Upload
280706,15533,10/31/2003 23:46,9.98,deg C,ABM,HOBO,QC_280706_15533_Water_20031019_20040228.csv,P,None,8/30/2025 13:14,Upload,8/30/2025 13:14,Upload
280706,15533,11/1/2003 0:46,9.98,deg C,ABM,HOBO,QC_280706_15533_Water_20031019_20040228.csv,P,None,8/30/2025 13:14,Upload,8/30/2025 13:14,Upload
280706,15533,11/1/2003 1:46,9.98,deg C,ABM,HOBO,QC_280706_15533_Water_20031019_20040228.csv,P,None,8/30/2025 13:14,Upload,8/30/2025 13:14,Upload
280706,15533,11/1/2003 2:46,9.98,deg C,ABM,HOBO,QC_280706_15533_Water_20031019_20040228.csv,P,None,8/30/2025 13:14,Upload,8/30/2025 13:14,Upload
280706,15533,11/1/2003 3:46,9.98,deg C,ABM,HOBO,QC_280706_15533_Water_20031019_20040228.csv,P,None,8/30/2025 13:14,Upload,8/30/2025 13:14,Upload
280706,15533,11/1/2003 4:46,9.98,deg C,ABM,HOBO,QC_280706_15533_Water_20031019_20040228.csv,P,None,8/30/2025 13:14,Upload,8/30/2025 13:14,Upload
280706,15533,11/1/2003 5:46,9.98,deg C,ABM,HOBO,QC_280706_15533_Water_20031019_20040228.csv,P,None,8/30/2025 13:14,Upload,8/30/2025 13:14,Upload
280706,15533,11/1/2003 6:46,9.83,deg C,ABM,HOBO,QC_280706_15533_Water_20031019_20040228.csv,P,None,8/30/2025 13:14,Upload,8/30/2025 13:14,Upload
280706,15533,11/1/2003 7:46,9.83,deg C,ABM,HOBO,QC_280706_15533_Water_20031019_20040228.csv,P,None,8/30/2025 13:14,Upload,8/30/2025 13:14,Upload
280706,15533,11/1/2003 8:46,9.98,deg C,ABM,HOBO,QC_280706_15533_Water_20031019_20040228.csv,P,None,8/30/2025 13:14,Upload,8/30/2025 13:14,Upload
280706,15533,11/1/2003 9:46,9.83,deg C,ABM,HOBO,QC_280706_15533_Water_20031019_20040228.csv,P,None,8/30/2025 13:14,Upload,8/30/2025 13:14,Upload
280706,15533,11/1/2003 10:46,9.83,deg C,ABM,HOBO,QC_280706_15533_Water_20031019_20040228.csv,P,None,8/30/2025 13:14,Upload,8/30/2025 13:14,Upload
280706,15533,11/1/2003 11:46,9.83,deg C,ABM,HOBO,QC_280706_15533_Water_20031019_20040228.csv,P,None,8/30/2025 13:14,Upload,8/30/2025 13:14,Upload
280706,15533,11/1/2003 12:46,9.98,deg C,ABM,HOBO,QC_280706_15533_Water_20031019_20040228.csv,P,None,8/30/2025 13:14,Upload,8/30/2025 13:14,Upload
280706,15533,11/1/2003 13:46,9.98,deg C,ABM,HOBO,QC_280706_15533_Water_20031019_20040228.csv,P,None,8/30/2025 13:14,Upload,8/30/2025 13:14,Upload
280706,15533,11/1/2003 14:46,9.98,deg C,ABM,HOBO,QC_280706_15533_Water_20031019_20040228.csv,P,None,8/30/2025 13:14,Upload,8/30/2025 13:14,Upload
280706,15533,11/1/2003 15:46,9.98,deg C,ABM,HOBO,QC_280706_15533_Water_20031019_20040228.csv,P,None,8/30/2025 13:14,Upload,8/30/2025 13:14,Upload
280706,15533,11/1/2003 16:46,9.98,deg C,ABM,HOBO,QC_280706_15533_Water_20031019_20040228.csv,P,None,8/30/2025 13:14,Upload,8/30/2025 13:14,Upload
280706,15533,11/1/2003 17:46,10.14,deg C,ABM,HOBO,QC_280706_15533_Water_20031019_20040228.csv,P,None,8/30/2025 13:14,Upload,8/30/2025 13:14,Upload
280706,15533,11/1/2003 18:46,10.14,deg C,ABM,HOBO,QC_280706_15533_Water_20031019_20040228.csv,P,None,8/30/2025 13:14,Upload,8/30/2025 13:14,Upload
280706,15533,11/1/2003 19:46,10.14,deg C,ABM,HOBO,QC_280706_15533_Water_20031019_20040228.csv,P,None,8/30/2025 13:14,Upload,8/30/2025 13:14,Upload
280706,15533,11/1/2003 20:46,10.14,deg C,ABM,HOBO,QC_280706_15533_Water_20031019_20040228.csv,P,None,8/30/2025 13:14,Upload,8/30/2025 13:14,Upload
280706,15533,11/1/2003 21:46,10.14,deg C,ABM,HOBO,QC_280706_15533_Water_20031019_20040228.csv,P,None,8/30/2025 13:14,Upload,8/30/2025 13:14,Upload
280706,15533,11/1/2003 22:46,10.14,deg C,ABM,HOBO,QC_280706_15533_Water_20031019_20040228.csv,P,None,8/30/2025 13:14,Upload,8/30/2025 13:14,Upload
280706,15533,11/1/2003 23:46,9.98,deg C,ABM,HOBO,QC_280706_15533_Water_20031019_20040228.csv,P,None,8/30/2025 13:14,Upload,8/30/2025 13:14,Upload
280706,15533,11/2/2003 0:46,9.98,deg C,ABM,HOBO,QC_280706_15533_Water_20031019_20040228.csv,P,None,8/30/2025 13:14,Upload,8/30/2025 13:14,Upload
280706,15533,11/2/2003 1:46,9.98,deg C,ABM,HOBO,QC_280706_15533_Water_20031019_20040228.csv,P,None,8/30/2025 13:14,Upload,8/30/2025 13:14,Upload
280706,15533,11/2/2003 2:46,9.98,deg C,ABM,HOBO,QC_280706_15533_Water_20031019_20040228.csv,P,None,8/30/2025 13:14,Upload,8/30/2025 13:14,Upload
280706,15533,11/2/2003 3:46,9.98,deg C,ABM,HOBO,QC_280706_15533_Water_20031019_20040228.csv,P,None,8/30/2025 13:14,Upload,8/30/2025 13:14,Upload
280706,15533,11/2/2003 4:46,9.98,deg C,ABM,HOBO,QC_280706_15533_Water_20031019_20040228.csv,P,None,8/30/2025 13:14,Upload,8/30/2025 13:14,Upload
280706,15533,11/2/2003 5:46,9.98,deg C,ABM,HOBO,QC_280706_15533_Water_20031019_20040228.csv,P,None,8/30/2025 13:14,Upload,8/30/2025 13:14,Upload
280706,15533,11/2/2003 6:46,9.98,deg C,ABM,HOBO,QC_280706_15533_Water_20031019_20040228.csv,P,None,8/30/2025 13:14,Upload,8/30/2025 13:14,Upload
280706,15533,11/2/2003 7:46,9.98,deg C,ABM,HOBO,QC_280706_15533_Water_20031019_20040228.csv,P,None,8/30/2025 13:14,Upload,8/30/2025 13:14,Upload
280706,15533,11/2/2003 8:46,10.14,deg C,ABM,HOBO,QC_280706_15533_Water_20031019_20040228.csv,P,None,8/30/2025 13:14,Upload,8/30/2025 13:14,Upload
280706,15533,11/2/2003 9:46,10.14,deg C,ABM,HOBO,QC_280706_15533_Water_20031019_20040228.csv,P,None,8/30/2025 13:14,Upload,8/30/2025 13:14,Upload
280706,15533,11/2/2003 10:46,10.14,deg C,ABM,HOBO,QC_280706_15533_Water_20031019_20040228.csv,P,None,8/30/2025 13:14,Upload,8/30/2025 13:14,Upload
280706,15533,11/2/2003 11:46,10.3,deg C,ABM,HOBO,QC_280706_15533_Water_20031019_20040228.csv,P,None,8/30/2025 13:14,Upload,8/30/2025 13:14,Upload
280706,15533,11/2/2003 12:46,10.3,deg C,ABM,HOBO,QC_280706_15533_Water_20031019_20040228.csv,P,None,8/30/2025 13:14,Upload,8/30/2025 13:14,Upload
280706,15533,11/2/2003 13:46,10.3,deg C,ABM,HOBO,QC_280706_15533_Water_20031019_20040228.csv,P,None,8/30/2025 13:14,Upload,8/30/2025 13:14,Upload
280706,15533,11/2/2003 14:46,10.3,deg C,ABM,HOBO,QC_280706_15533_Water_20031019_20040228.csv,P,None,8/30/2025 13:14,Upload,8/30/2025 13:14,Upload
280706,15533,11/2/2003 15:46,10.46,deg C,ABM,HOBO,QC_280706_15533_Water_20031019_20040228.csv,P,None,8/30/2025 13:14,Upload,8/30/2025 13:14,Upload
280706,15533,11/2/2003 16:46,10.61,deg C,ABM,HOBO,QC_280706_15533_Water_20031019_20040228.csv,P,None,8/30/2025 13:14,Upload,8/30/2025 13:14,Upload
280706,15533,11/2/2003 17:46,10.46,deg C,ABM,HOBO,QC_280706_15533_Water_20031019_20040228.csv,P,None,8/30/2025 13:14,Upload,8/30/2025 13:14,Upload
280706,15533,11/2/2003 18:46,10.46,deg C,ABM,HOBO,QC_280706_15533_Water_20031019_20040228.csv,P,None,8/30/2025 13:14,Upload,8/30/2025 13:14,Upload
280706,15533,11/2/2003 19:46,10.46,deg C,ABM,HOBO,QC_280706_15533_Water_20031019_20040228.csv,P,None,8/30/2025 13:14,Upload,8/30/2025 13:14,Upload
280706,15533,11/2/2003 20:46,10.46,deg C,ABM,HOBO,QC_280706_15533_Water_20031019_20040228.csv,P,None,8/30/2025 13:14,Upload,8/30/2025 13:14,Upload
280706,15533,11/2/2003 21:46,10.46,deg C,ABM,HOBO,QC_280706_15533_Water_20031019_20040228.csv,P,None,8/30/2025 13:14,Upload,8/30/2025 13:14,Upload
280706,15533,11/2/2003 22:46,10.61,deg C,ABM,HOBO,QC_280706_15533_Water_20031019_20040228.csv,P,None,8/30/2025 13:14,Upload,8/30/2025 13:14,Upload
280706,15533,11/2/2003 23:46,10.46,deg C,ABM,HOBO,QC_280706_15533_Water_20031019_20040228.csv,P,None,8/30/2025 13:14,Upload,8/30/2025 13:14,Upload
280706,15533,11/3/2003 0:46,10.61,deg C,ABM,HOBO,QC_280706_15533_Water_20031019_20040228.csv,P,None,8/30/2025 13:14,Upload,8/30/2025 13:14,Upload
280706,15533,11/3/2003 1:46,10.46,deg C,ABM,HOBO,QC_280706_15533_Water_20031019_20040228.csv,P,None,8/30/2025 13:14,Upload,8/30/2025 13:14,Upload
280706,15533,11/3/2003 2:46,10.46,deg C,ABM,HOBO,QC_280706_15533_Water_20031019_20040228.csv,P,None,8/30/2025 13:14,Upload,8/30/2025 13:14,Upload
280706,15533,11/3/2003 3:46,10.61,deg C,ABM,HOBO,QC_280706_15533_Water_20031019_20040228.csv,P,None,8/30/2025 13:14,Upload,8/30/2025 13:14,Upload
280706,15533,11/3/2003 4:46,10.61,deg C,ABM,HOBO,QC_280706_15533_Water_20031019_20040228.csv,P,None,8/30/2025 13:14,Upload,8/30/2025 13:14,Upload
280706,15533,11/3/2003 5:46,10.61,deg C,ABM,HOBO,QC_280706_15533_Water_20031019_20040228.csv,P,None,8/30/2025 13:14,Upload,8/30/2025 13:14,Upload
280706,15533,11/3/2003 6:46,10.61,deg C,ABM,HOBO,QC_280706_15533_Water_20031019_20040228.csv,P,None,8/30/2025 13:14,Upload,8/30/2025 13:14,Upload
280706,15533,11/3/2003 7:46,10.61,deg C,ABM,HOBO,QC_280706_15533_Water_20031019_20040228.csv,P,None,8/30/2025 13:14,Upload,8/30/2025 13:14,Upload
280706,15533,11/3/2003 8:46,10.61,deg C,ABM,HOBO,QC_280706_15533_Water_20031019_20040228.csv,P,None,8/30/2025 13:14,Upload,8/30/2025 13:14,Upload
280706,15533,11/3/2003 9:46,10.61,deg C,ABM,HOBO,QC_280706_15533_Water_20031019_20040228.csv,P,None,8/30/2025 13:14,Upload,8/30/2025 13:14,Upload
280706,15533,11/3/2003 10:46,10.77,deg C,ABM,HOBO,QC_280706_15533_Water_20031019_20040228.csv,P,None,8/30/2025 13:14,Upload,8/30/2025 13:14,Upload
280706,15533,11/3/2003 11:46,10.92,deg C,ABM,HOBO,QC_280706_15533_Water_20031019_20040228.csv,P,None,8/30/2025 13:14,Upload,8/30/2025 13:14,Upload
280706,15533,11/3/2003 12:46,10.92,deg C,ABM,HOBO,QC_280706_15533_Water_20031019_20040228.csv,P,None,8/30/2025 13:14,Upload,8/30/2025 13:14,Upload
280706,15533,11/3/2003 13:46,10.92,deg C,ABM,HOBO,QC_280706_15533_Water_20031019_20040228.csv,P,None,8/30/2025 13:14,Upload,8/30/2025 13:14,Upload
280706,15533,11/3/2003 14:46,11.07,deg C,ABM,HOBO,QC_280706_15533_Water_20031019_20040228.csv,P,None,8/30/2025 13:14,Upload,8/30/2025 13:14,Upload
280706,15533,11/3/2003 15:46,11.07,deg C,ABM,HOBO,QC_280706_15533_Water_20031019_20040228.csv,P,None,8/30/2025 13:14,Upload,8/30/2025 13:14,Upload
280706,15533,11/3/2003 16:46,11.23,deg C,ABM,HOBO,QC_280706_15533_Water_20031019_20040228.csv,P,None,8/30/2025 13:14,Upload,8/30/2025 13:14,Upload
280706,15533,11/3/2003 17:46,11.23,deg C,ABM,HOBO,QC_280706_15533_Water_20031019_20040228.csv,P,None,8/30/2025 13:14,Upload,8/30/2025 13:14,Upload
280706,15533,11/3/2003 18:46,11.23,deg C,ABM,HOBO,QC_280706_15533_Water_20031019_20040228.csv,P,None,8/30/2025 13:14,Upload,8/30/2025 13:14,Upload
280706,15533,11/3/2003 19:46,11.23,deg C,ABM,HOBO,QC_280706_15533_Water_20031019_20040228.csv,P,None,8/30/2025 13:14,Upload,8/30/2025 13:14,Upload
280706,15533,11/3/2003 20:46,11.23,deg C,ABM,HOBO,QC_280706_15533_Water_20031019_20040228.csv,P,None,8/30/2025 13:14,Upload,8/30/2025 13:14,Upload
280706,15533,11/3/2003 21:46,11.23,deg C,ABM,HOBO,QC_280706_15533_Water_20031019_20040228.csv,P,None,8/30/2025 13:14,Upload,8/30/2025 13:14,Upload
280706,15533,11/3/2003 22:46,11.23,deg C,ABM,HOBO,QC_280706_15533_Water_20031019_20040228.csv,P,None,8/30/2025 13:14,Upload,8/30/2025 13:14,Upload
280706,15533,11/3/2003 23:46,11.23,deg C,ABM,HOBO,QC_280706_15533_Water_20031019_20040228.csv,P,None,8/30/2025 13:14,Upload,8/30/2025 13:14,Upload
280706,15533,11/4/2003 0:46,11.23,deg C,ABM,HOBO,QC_280706_15533_Water_20031019_20040228.csv,P,None,8/30/2025 13:14,Upload,8/30/2025 13:14,Upload
280706,15533,11/4/2003 1:46,11.23,deg C,ABM,HOBO,QC_280706_15533_Water_20031019_20040228.csv,P,None,8/30/2025 13:14,Upload,8/30/2025 13:14,Upload
280706,15533,11/4/2003 2:46,11.23,deg C,ABM,HOBO,QC_280706_15533_Water_20031019_20040228.csv,P,None,8/30/2025 13:14,Upload,8/30/2025 13:14,Upload
280706,15533,11/4/2003 3:46,11.23,deg C,ABM,HOBO,QC_280706_15533_Water_20031019_20040228.csv,P,None,8/30/2025 13:14,Upload,8/30/2025 13:14,Upload
280706,15533,11/4/2003 4:46,11.23,deg C,ABM,HOBO,QC_280706_15533_Water_20031019_20040228.csv,P,None,8/30/2025 13:14,Upload,8/30/2025 13:14,Upload
280706,15533,11/4/2003 5:46,11.23,deg C,ABM,HOBO,QC_280706_15533_Water_20031019_20040228.csv,P,None,8/30/2025 13:14,Upload,8/30/2025 13:14,Upload
280706,15533,11/4/2003 6:46,11.23,deg C,ABM,HOBO,QC_280706_15533_Water_20031019_20040228.csv,P,None,8/30/2025 13:14,Upload,8/30/2025 13:14,Upload
280706,15533,11/4/2003 7:46,11.23,deg C,ABM,HOBO,QC_280706_15533_Water_20031019_20040228.csv,P,None,8/30/2025 13:14,Upload,8/30/2025 13:14,Upload
280706,15533,11/4/2003 8:46,11.23,deg C,ABM,HOBO,QC_280706_15533_Water_20031019_20040228.csv,P,None,8/30/2025 13:14,Upload,8/30/2025 13:14,Upload
280706,15533,11/4/2003 9:46,11.23,deg C,ABM,HOBO,QC_280706_15533_Water_20031019_20040228.csv,P,None,8/30/2025 13:14,Upload,8/30/2025 13:14,Upload
280706,15533,11/4/2003 10:46,11.23,deg C,ABM,HOBO,QC_280706_15533_Water_20031019_20040228.csv,P,None,8/30/2025 13:14,Upload,8/30/2025 13:14,Upload
280706,15533,11/4/2003 11:46,11.38,deg C,ABM,HOBO,QC_280706_15533_Water_20031019_20040228.csv,P,None,8/30/2025 13:14,Upload,8/30/2025 13:14,Upload
280706,15533,11/4/2003 12:46,11.23,deg C,ABM,HOBO,QC_280706_15533_Water_20031019_20040228.csv,P,None,8/30/2025 13:14,Upload,8/30/2025 13:14,Upload
280706,15533,11/4/2003 13:46,11.23,deg C,ABM,HOBO,QC_280706_15533_Water_20031019_20040228.csv,P,None,8/30/2025 13:14,Upload,8/30/2025 13:14,Upload
280706,15533,11/4/2003 14:46,11.23,deg C,ABM,HOBO,QC_280706_15533_Water_20031019_20040228.csv,P,None,8/30/2025 13:14,Upload,8/30/2025 13:14,Upload
280706,15533,11/4/2003 15:46,11.23,deg C,ABM,HOBO,QC_280706_15533_Water_20031019_20040228.csv,P,None,8/30/2025 13:14,Upload,8/30/2025 13:14,Upload
280706,15533,11/4/2003 16:46,11.23,deg C,ABM,HOBO,QC_280706_15533_Water_20031019_20040228.csv,P,None,8/30/2025 13:14,Upload,8/30/2025 13:14,Upload
280706,15533,11/4/2003 17:46,11.07,deg C,ABM,HOBO,QC_280706_15533_Water_20031019_20040228.csv,S,None,8/30/2025 13:14,Upload,8/30/2025 13:14,Upload
280706,15533,11/4/2003 18:46,11.07,deg C,ABM,HOBO,QC_280706_15533_Water_20031019_20040228.csv,P,None,8/30/2025 13:14,Upload,8/30/2025 13:14,Upload
280706,15533,11/4/2003 19:46,11.07,deg C,ABM,HOBO,QC_280706_15533_Water_20031019_20040228.csv,P,None,8/30/2025 13:14,Upload,8/30/2025 13:14,Upload
280706,15533,11/4/2003 20:46,11.07,deg C,ABM,HOBO,QC_280706_15533_Water_20031019_20040228.csv,P,None,8/30/2025 13:14,Upload,8/30/2025 13:14,Upload
280706,15533,11/4/2003 21:46,11.07,deg C,ABM,HOBO,QC_280706_15533_Water_20031019_20040228.csv,P,None,8/30/2025 13:14,Upload,8/30/2025 13:14,Upload
280706,15533,11/4/2003 22:46,11.07,deg C,ABM,HOBO,QC_280706_15533_Water_20031019_20040228.csv,P,None,8/30/2025 13:14,Upload,8/30/2025 13:14,Upload
280706,15533,11/4/2003 23:46,11.07,deg C,ABM,HOBO,QC_280706_15533_Water_20031019_20040228.csv,P,None,8/30/2025 13:14,Upload,8/30/2025 13:14,Upload
280706,15533,11/5/2003 0:46,11.07,deg C,ABM,HOBO,QC_280706_15533_Water_20031019_20040228.csv,P,None,8/30/2025 13:14,Upload,8/30/2025 13:14,Upload
280706,15533,11/5/2003 1:46,10.92,deg C,ABM,HOBO,QC_280706_15533_Water_20031019_20040228.csv,P,None,8/30/2025 13:14,Upload,8/30/2025 13:14,Upload
280706,15533,11/5/2003 2:46,10.92,deg C,ABM,HOBO,QC_280706_15533_Water_20031019_20040228.csv,P,None,8/30/2025 13:14,Upload,8/30/2025 13:14,Upload
280706,15533,11/5/2003 3:46,10.92,deg C,ABM,HOBO,QC_280706_15533_Water_20031019_20040228.csv,P,None,8/30/2025 13:14,Upload,8/30/2025 13:14,Upload
280706,15533,11/5/2003 4:46,10.92,deg C,ABM,HOBO,QC_280706_15533_Water_20031019_20040228.csv,P,None,8/30/2025 13:14,Upload,8/30/2025 13:14,Upload
280706,15533,11/5/2003 5:46,10.92,deg C,ABM,HOBO,QC_280706_15533_Water_20031019_20040228.csv,P,None,8/30/2025 13:14,Upload,8/30/2025 13:14,Upload
280706,15533,11/5/2003 6:46,10.77,deg C,ABM,HOBO,QC_280706_15533_Water_20031019_20040228.csv,P,None,8/30/2025 13:14,Upload,8/30/2025 13:14,Upload
280706,15533,11/5/2003 7:46,10.77,deg C,ABM,HOBO,QC_280706_15533_Water_20031019_20040228.csv,P,None,8/30/2025 13:14,Upload,8/30/2025 13:14,Upload
280706,15533,11/5/2003 8:46,10.77,deg C,ABM,HOBO,QC_280706_15533_Water_20031019_20040228.csv,P,None,8/30/2025 13:14,Upload,8/30/2025 13:14,Upload
280706,15533,11/5/2003 9:46,10.77,deg C,ABM,HOBO,QC_280706_15533_Water_20031019_20040228.csv,P,None,8/30/2025 13:14,Upload,8/30/2025 13:14,Upload
280706,15533,11/5/2003 10:46,10.77,deg C,ABM,HOBO,QC_280706_15533_Water_20031019_20040228.csv,P,None,8/30/2025 13:14,Upload,8/30/2025 13:14,Upload
280706,15533,11/5/2003 11:46,10.61,deg C,ABM,HOBO,QC_280706_15533_Water_20031019_20040228.csv,P,None,8/30/2025 13:14,Upload,8/30/2025 13:14,Upload
280706,15533,11/5/2003 12:46,10.61,deg C,ABM,HOBO,QC_280706_15533_Water_20031019_20040228.csv,P,None,8/30/2025 13:14,Upload,8/30/2025 13:14,Upload
280706,15533,11/5/2003 13:46,10.77,deg C,ABM,HOBO,QC_280706_15533_Water_20031019_20040228.csv,P,None,8/30/2025 13:14,Upload,8/30/2025 13:14,Upload
280706,15533,11/5/2003 14:46,10.77,deg C,ABM,HOBO,QC_280706_15533_Water_20031019_20040228.csv,P,None,8/30/2025 13:14,Upload,8/30/2025 13:14,Upload
280706,15533,11/5/2003 15:46,10.77,deg C,ABM,HOBO,QC_280706_15533_Water_20031019_20040228.csv,P,None,8/30/2025 13:14,Upload,8/30/2025 13:14,Upload
280706,15533,11/5/2003 16:46,10.77,deg C,ABM,HOBO,QC_280706_15533_Water_20031019_20040228.csv,P,None,8/30/2025 13:14,Upload,8/30/2025 13:14,Upload
280706,15533,11/5/2003 17:46,10.77,deg C,ABM,HOBO,QC_280706_15533_Water_20031019_20040228.csv,P,None,8/30/2025 13:14,Upload,8/30/2025 13:14,Upload
280706,15533,11/5/2003 18:46,10.77,deg C,ABM,HOBO,QC_280706_15533_Water_20031019_20040228.csv,P,None,8/30/2025 13:14,Upload,8/30/2025 13:14,Upload
280706,15533,11/5/2003 19:46,10.77,deg C,ABM,HOBO,QC_280706_15533_Water_20031019_20040228.csv,P,None,8/30/2025 13:14,Upload,8/30/2025 13:14,Upload
280706,15533,11/5/2003 20:46,10.77,deg C,ABM,HOBO,QC_280706_15533_Water_20031019_20040228.csv,P,None,8/30/2025 13:14,Upload,8/30/2025 13:14,Upload
280706,15533,11/5/2003 21:46,10.77,deg C,ABM,HOBO,QC_280706_15533_Water_20031019_20040228.csv,P,None,8/30/2025 13:14,Upload,8/30/2025 13:14,Upload
280706,15533,11/5/2003 22:46,10.77,deg C,ABM,HOBO,QC_280706_15533_Water_20031019_20040228.csv,P,None,8/30/2025 13:14,Upload,8/30/2025 13:14,Upload
280706,15533,11/5/2003 23:46,10.77,deg C,ABM,HOBO,QC_280706_15533_Water_20031019_20040228.csv,P,None,8/30/2025 13:14,Upload,8/30/2025 13:14,Upload
280706,15533,11/6/2003 0:46,10.77,deg C,ABM,HOBO,QC_280706_15533_Water_20031019_20040228.csv,P,None,8/30/2025 13:14,Upload,8/30/2025 13:14,Upload
280706,15533,11/6/2003 1:46,10.61,deg C,ABM,HOBO,QC_280706_15533_Water_20031019_20040228.csv,P,None,8/30/2025 13:14,Upload,8/30/2025 13:14,Upload
280706,15533,11/6/2003 2:46,10.61,deg C,ABM,HOBO,QC_280706_15533_Water_20031019_20040228.csv,P,None,8/30/2025 13:14,Upload,8/30/2025 13:14,Upload
280706,15533,11/6/2003 3:46,10.61,deg C,ABM,HOBO,QC_280706_15533_Water_20031019_20040228.csv,P,None,8/30/2025 13:14,Upload,8/30/2025 13:14,Upload
280706,15533,11/6/2003 4:46,10.61,deg C,ABM,HOBO,QC_280706_15533_Water_20031019_20040228.csv,P,None,8/30/2025 13:14,Upload,8/30/2025 13:14,Upload
280706,15533,11/6/2003 5:46,10.61,deg C,ABM,HOBO,QC_280706_15533_Water_20031019_20040228.csv,P,None,8/30/2025 13:14,Upload,8/30/2025 13:14,Upload
280706,15533,11/6/2003 6:46,10.61,deg C,ABM,HOBO,QC_280706_15533_Water_20031019_20040228.csv,P,None,8/30/2025 13:14,Upload,8/30/2025 13:14,Upload
280706,15533,11/6/2003 7:46,10.61,deg C,ABM,HOBO,QC_280706_15533_Water_20031019_20040228.csv,P,None,8/30/2025 13:14,Upload,8/30/2025 13:14,Upload
280706,15533,11/6/2003 8:46,10.46,deg C,ABM,HOBO,QC_280706_15533_Water_20031019_20040228.csv,P,None,8/30/2025 13:14,Upload,8/30/2025 13:14,Upload
280706,15533,11/6/2003 9:46,10.46,deg C,ABM,HOBO,QC_280706_15533_Water_20031019_20040228.csv,P,None,8/30/2025 13:14,Upload,8/30/2025 13:14,Upload
280706,15533,11/6/2003 10:46,10.46,deg C,ABM,HOBO,QC_280706_15533_Water_20031019_20040228.csv,P,None,8/30/2025 13:14,Upload,8/30/2025 13:14,Upload
280706,15533,11/6/2003 11:46,10.46,deg C,ABM,HOBO,QC_280706_15533_Water_20031019_20040228.csv,P,None,8/30/2025 13:14,Upload,8/30/2025 13:14,Upload
280706,15533,11/6/2003 12:46,10.46,deg C,ABM,HOBO,QC_280706_15533_Water_20031019_20040228.csv,P,None,8/30/2025 13:14,Upload,8/30/2025 13:14,Upload
280706,15533,11/6/2003 13:46,10.46,deg C,ABM,HOBO,QC_280706_15533_Water_20031019_20040228.csv,P,None,8/30/2025 13:14,Upload,8/30/2025 13:14,Upload
280706,15533,11/6/2003 14:46,10.46,deg C,ABM,HOBO,QC_280706_15533_Water_20031019_20040228.csv,P,None,8/30/2025 13:14,Upload,8/30/2025 13:14,Upload
280706,15533,11/6/2003 15:46,10.46,deg C,ABM,HOBO,QC_280706_15533_Water_20031019_20040228.csv,P,None,8/30/2025 13:14,Upload,8/30/2025 13:14,Upload
280706,15533,11/6/2003 16:46,10.46,deg C,ABM,HOBO,QC_280706_15533_Water_20031019_20040228.csv,P,None,8/30/2025 13:14,Upload,8/30/2025 13:14,Upload
280706,15533,11/6/2003 17:46,10.46,deg C,ABM,HOBO,QC_280706_15533_Water_20031019_20040228.csv,P,None,8/30/2025 13:14,Upload,8/30/2025 13:14,Upload
280706,15533,11/6/2003 18:46,10.46,deg C,ABM,HOBO,QC_280706_15533_Water_20031019_20040228.csv,P,None,8/30/2025 13:14,Upload,8/30/2025 13:14,Upload
280706,15533,11/6/2003 19:46,10.3,deg C,ABM,HOBO,QC_280706_15533_Water_20031019_20040228.csv,P,None,8/30/2025 13:14,Upload,8/30/2025 13:14,Upload
280706,15533,11/6/2003 20:46,10.3,deg C,ABM,HOBO,QC_280706_15533_Water_20031019_20040228.csv,P,None,8/30/2025 13:14,Upload,8/30/2025 13:14,Upload
280706,15533,11/6/2003 21:46,10.3,deg C,ABM,HOBO,QC_280706_15533_Water_20031019_20040228.csv,P,None,8/30/2025 13:14,Upload,8/30/2025 13:14,Upload
280706,15533,11/6/2003 22:46,10.3,deg C,ABM,HOBO,QC_280706_15533_Water_20031019_20040228.csv,P,None,8/30/2025 13:14,Upload,8/30/2025 13:14,Upload
280706,15533,11/6/2003 23:46,10.3,deg C,ABM,HOBO,QC_280706_15533_Water_20031019_20040228.csv,P,None,8/30/2025 13:14,Upload,8/30/2025 13:14,Upload
280706,15533,11/7/2003 0:46,10.3,deg C,ABM,HOBO,QC_280706_15533_Water_20031019_20040228.csv,P,None,8/30/2025 13:14,Upload,8/30/2025 13:14,Upload
280706,15533,11/7/2003 1:46,10.14,deg C,ABM,HOBO,QC_280706_15533_Water_20031019_20040228.csv,P,None,8/30/2025 13:14,Upload,8/30/2025 13:14,Upload
280706,15533,11/7/2003 2:46,10.14,deg C,ABM,HOBO,QC_280706_15533_Water_20031019_20040228.csv,P,None,8/30/2025 13:14,Upload,8/30/2025 13:14,Upload
280706,15533,11/7/2003 3:46,10.14,deg C,ABM,HOBO,QC_280706_15533_Water_20031019_20040228.csv,P,None,8/30/2025 13:14,Upload,8/30/2025 13:14,Upload
280706,15533,11/7/2003 4:46,10.14,deg C,ABM,HOBO,QC_280706_15533_Water_20031019_20040228.csv,P,None,8/30/2025 13:14,Upload,8/30/2025 13:14,Upload
280706,15533,11/7/2003 5:46,9.98,deg C,ABM,HOBO,QC_280706_15533_Water_20031019_20040228.csv,P,None,8/30/2025 13:14,Upload,8/30/2025 13:14,Upload
280706,15533,11/7/2003 6:46,9.98,deg C,ABM,HOBO,QC_280706_15533_Water_20031019_20040228.csv,P,None,8/30/2025 13:14,Upload,8/30/2025 13:14,Upload
280706,15533,11/7/2003 7:46,9.98,deg C,ABM,HOBO,QC_280706_15533_Water_20031019_20040228.csv,P,None,8/30/2025 13:14,Upload,8/30/2025 13:14,Upload
280706,15533,11/7/2003 8:46,9.98,deg C,ABM,HOBO,QC_280706_15533_Water_20031019_20040228.csv,P,None,8/30/2025 13:14,Upload,8/30/2025 13:14,Upload
280706,15533,11/7/2003 9:46,9.98,deg C,ABM,HOBO,QC_280706_15533_Water_20031019_20040228.csv,P,None,8/30/2025 13:14,Upload,8/30/2025 13:14,Upload
280706,15533,11/7/2003 10:46,9.98,deg C,ABM,HOBO,QC_280706_15533_Water_20031019_20040228.csv,P,None,8/30/2025 13:14,Upload,8/30/2025 13:14,Upload
280706,15533,11/7/2003 11:46,9.98,deg C,ABM,HOBO,QC_280706_15533_Water_20031019_20040228.csv,P,None,8/30/2025 13:14,Upload,8/30/2025 13:14,Upload
280706,15533,11/7/2003 12:46,10.14,deg C,ABM,HOBO,QC_280706_15533_Water_20031019_20040228.csv,P,None,8/30/2025 13:14,Upload,8/30/2025 13:14,Upload
280706,15533,11/7/2003 13:46,10.14,deg C,ABM,HOBO,QC_280706_15533_Water_20031019_20040228.csv,P,None,8/30/2025 13:14,Upload,8/30/2025 13:14,Upload
280706,15533,11/7/2003 14:46,10.3,deg C,ABM,HOBO,QC_280706_15533_Water_20031019_20040228.csv,P,None,8/30/2025 13:14,Upload,8/30/2025 13:14,Upload
280706,15533,11/7/2003 15:46,10.3,deg C,ABM,HOBO,QC_280706_15533_Water_20031019_20040228.csv,P,None,8/30/2025 13:14,Upload,8/30/2025 13:14,Upload
280706,15533,11/7/2003 16:46,10.3,deg C,ABM,HOBO,QC_280706_15533_Water_20031019_20040228.csv,P,None,8/30/2025 13:14,Upload,8/30/2025 13:14,Upload
280706,15533,11/7/2003 17:46,10.3,deg C,ABM,HOBO,QC_280706_15533_Water_20031019_20040228.csv,P,None,8/30/2025 13:14,Upload,8/30/2025 13:14,Upload
280706,15533,11/7/2003 18:46,10.3,deg C,ABM,HOBO,QC_280706_15533_Water_20031019_20040228.csv,P,None,8/30/2025 13:14,Upload,8/30/2025 13:14,Upload
280706,15533,11/7/2003 19:46,10.3,deg C,ABM,HOBO,QC_280706_15533_Water_20031019_20040228.csv,P,None,8/30/2025 13:14,Upload,8/30/2025 13:14,Upload
280706,15533,11/7/2003 20:46,10.3,deg C,ABM,HOBO,QC_280706_15533_Water_20031019_20040228.csv,P,None,8/30/2025 13:14,Upload,8/30/2025 13:14,Upload
280706,15533,11/7/2003 21:46,10.3,deg C,ABM,HOBO,QC_280706_15533_Water_20031019_20040228.csv,P,None,8/30/2025 13:14,Upload,8/30/2025 13:14,Upload
280706,15533,11/7/2003 22:46,10.14,deg C,ABM,HOBO,QC_280706_15533_Water_20031019_20040228.csv,P,None,8/30/2025 13:14,Upload,8/30/2025 13:14,Upload
280706,15533,11/7/2003 23:46,10.14,deg C,ABM,HOBO,QC_280706_15533_Water_20031019_20040228.csv,P,None,8/30/2025 13:14,Upload,8/30/2025 13:14,Upload
280706,15533,11/8/2003 0:46,9.98,deg C,ABM,HOBO,QC_280706_15533_Water_20031019_20040228.csv,P,None,8/30/2025 13:14,Upload,8/30/2025 13:14,Upload
280706,15533,11/8/2003 1:46,9.98,deg C,ABM,HOBO,QC_280706_15533_Water_20031019_20040228.csv,P,None,8/30/2025 13:14,Upload,8/30/2025 13:14,Upload
280706,15533,11/8/2003 2:46,9.83,deg C,ABM,HOBO,QC_280706_15533_Water_20031019_20040228.csv,P,None,8/30/2025 13:14,Upload,8/30/2025 13:14,Upload
280706,15533,11/8/2003 3:46,9.83,deg C,ABM,HOBO,QC_280706_15533_Water_20031019_20040228.csv,P,None,8/30/2025 13:14,Upload,8/30/2025 13:14,Upload
280706,15533,11/8/2003 4:46,9.67,deg C,ABM,HOBO,QC_280706_15533_Water_20031019_20040228.csv,P,None,8/30/2025 13:14,Upload,8/30/2025 13:14,Upload
280706,15533,11/8/2003 5:46,9.67,deg C,ABM,HOBO,QC_280706_15533_Water_20031019_20040228.csv,P,None,8/30/2025 13:14,Upload,8/30/2025 13:14,Upload
280706,15533,11/8/2003 6:46,9.67,deg C,ABM,HOBO,QC_280706_15533_Water_20031019_20040228.csv,P,None,8/30/2025 13:14,Upload,8/30/2025 13:14,Upload
280706,15533,11/8/2003 7:46,9.52,deg C,ABM,HOBO,QC_280706_15533_Water_20031019_20040228.csv,P,None,8/30/2025 13:14,Upload,8/30/2025 13:14,Upload
280706,15533,11/8/2003 8:46,9.37,deg C,ABM,HOBO,QC_280706_15533_Water_20031019_20040228.csv,P,None,8/30/2025 13:14,Upload,8/30/2025 13:14,Upload
280706,15533,11/8/2003 9:46,9.37,deg C,ABM,HOBO,QC_280706_15533_Water_20031019_20040228.csv,P,None,8/30/2025 13:14,Upload,8/30/2025 13:14,Upload
280706,15533,11/8/2003 10:46,9.37,deg C,ABM,HOBO,QC_280706_15533_Water_20031019_20040228.csv,P,None,8/30/2025 13:14,Upload,8/30/2025 13:14,Upload
280706,15533,11/8/2003 11:46,9.52,deg C,ABM,HOBO,QC_280706_15533_Water_20031019_20040228.csv,P,None,8/30/2025 13:14,Upload,8/30/2025 13:14,Upload
280706,15533,11/8/2003 12:46,9.52,deg C,ABM,HOBO,QC_280706_15533_Water_20031019_20040228.csv,P,None,8/30/2025 13:14,Upload,8/30/2025 13:14,Upload
280706,15533,11/8/2003 13:46,9.52,deg C,ABM,HOBO,QC_280706_15533_Water_20031019_20040228.csv,P,None,8/30/2025 13:14,Upload,8/30/2025 13:14,Upload
280706,15533,11/8/2003 14:46,9.67,deg C,ABM,HOBO,QC_280706_15533_Water_20031019_20040228.csv,P,None,8/30/2025 13:14,Upload,8/30/2025 13:14,Upload
280706,15533,11/8/2003 15:46,9.67,deg C,ABM,HOBO,QC_280706_15533_Water_20031019_20040228.csv,P,None,8/30/2025 13:14,Upload,8/30/2025 13:14,Upload
280706,15533,11/8/2003 16:46,9.52,deg C,ABM,HOBO,QC_280706_15533_Water_20031019_20040228.csv,P,None,8/30/2025 13:14,Upload,8/30/2025 13:14,Upload
280706,15533,11/8/2003 17:46,9.52,deg C,ABM,HOBO,QC_280706_15533_Water_20031019_20040228.csv,P,None,8/30/2025 13:14,Upload,8/30/2025 13:14,Upload
280706,15533,11/8/2003 18:46,9.52,deg C,ABM,HOBO,QC_280706_15533_Water_20031019_20040228.csv,P,None,8/30/2025 13:14,Upload,8/30/2025 13:14,Upload
280706,15533,11/8/2003 19:46,9.37,deg C,ABM,HOBO,QC_280706_15533_Water_20031019_20040228.csv,P,None,8/30/2025 13:14,Upload,8/30/2025 13:14,Upload
280706,15533,11/8/2003 20:46,9.37,deg C,ABM,HOBO,QC_280706_15533_Water_20031019_20040228.csv,P,None,8/30/2025 13:14,Upload,8/30/2025 13:14,Upload
280706,15533,11/8/2003 21:46,9.21,deg C,ABM,HOBO,QC_280706_15533_Water_20031019_20040228.csv,P,None,8/30/2025 13:14,Upload,8/30/2025 13:14,Upload
280706,15533,11/8/2003 22:46,9.06,deg C,ABM,HOBO,QC_280706_15533_Water_20031019_20040228.csv,P,None,8/30/2025 13:14,Upload,8/30/2025 13:14,Upload
280706,15533,11/8/2003 23:46,9.06,deg C,ABM,HOBO,QC_280706_15533_Water_20031019_20040228.csv,P,None,8/30/2025 13:14,Upload,8/30/2025 13:14,Upload
280706,15533,11/9/2003 0:46,8.91,deg C,ABM,HOBO,QC_280706_15533_Water_20031019_20040228.csv,P,None,8/30/2025 13:14,Upload,8/30/2025 13:14,Upload
280706,15533,11/9/2003 1:46,8.75,deg C,ABM,HOBO,QC_280706_15533_Water_20031019_20040228.csv,P,None,8/30/2025 13:14,Upload,8/30/2025 13:14,Upload
280706,15533,11/9/2003 2:46,8.59,deg C,ABM,HOBO,QC_280706_15533_Water_20031019_20040228.csv,P,None,8/30/2025 13:14,Upload,8/30/2025 13:14,Upload
280706,15533,11/9/2003 3:46,8.44,deg C,ABM,HOBO,QC_280706_15533_Water_20031019_20040228.csv,P,None,8/30/2025 13:14,Upload,8/30/2025 13:14,Upload
280706,15533,11/9/2003 4:46,8.44,deg C,ABM,HOBO,QC_280706_15533_Water_20031019_20040228.csv,P,None,8/30/2025 13:14,Upload,8/30/2025 13:14,Upload
280706,15533,11/9/2003 5:46,8.29,deg C,ABM,HOBO,QC_280706_15533_Water_20031019_20040228.csv,P,None,8/30/2025 13:14,Upload,8/30/2025 13:14,Upload
280706,15533,11/9/2003 6:46,8.13,deg C,ABM,HOBO,QC_280706_15533_Water_20031019_20040228.csv,P,None,8/30/2025 13:14,Upload,8/30/2025 13:14,Upload
280706,15533,11/9/2003 7:46,7.98,deg C,ABM,HOBO,QC_280706_15533_Water_20031019_20040228.csv,P,None,8/30/2025 13:14,Upload,8/30/2025 13:14,Upload
280706,15533,11/9/2003 8:46,7.98,deg C,ABM,HOBO,QC_280706_15533_Water_20031019_20040228.csv,P,None,8/30/2025 13:14,Upload,8/30/2025 13:14,Upload
280706,15533,11/9/2003 9:46,7.98,deg C,ABM,HOBO,QC_280706_15533_Water_20031019_20040228.csv,P,None,8/30/2025 13:14,Upload,8/30/2025 13:14,Upload
280706,15533,11/9/2003 10:46,7.98,deg C,ABM,HOBO,QC_280706_15533_Water_20031019_20040228.csv,P,None,8/30/2025 13:14,Upload,8/30/2025 13:14,Upload
280706,15533,11/9/2003 11:46,7.98,deg C,ABM,HOBO,QC_280706_15533_Water_20031019_20040228.csv,P,None,8/30/2025 13:14,Upload,8/30/2025 13:14,Upload
280706,15533,11/9/2003 12:46,7.98,deg C,ABM,HOBO,QC_280706_15533_Water_20031019_20040228.csv,P,None,8/30/2025 13:14,Upload,8/30/2025 13:14,Upload
280706,15533,11/9/2003 13:46,8.13,deg C,ABM,HOBO,QC_280706_15533_Water_20031019_20040228.csv,P,None,8/30/2025 13:14,Upload,8/30/2025 13:14,Upload
280706,15533,11/9/2003 14:46,8.13,deg C,ABM,HOBO,QC_280706_15533_Water_20031019_20040228.csv,P,None,8/30/2025 13:14,Upload,8/30/2025 13:14,Upload
280706,15533,11/9/2003 15:46,8.13,deg C,ABM,HOBO,QC_280706_15533_Water_20031019_20040228.csv,P,None,8/30/2025 13:14,Upload,8/30/2025 13:14,Upload
280706,15533,11/9/2003 16:46,8.13,deg C,ABM,HOBO,QC_280706_15533_Water_20031019_20040228.csv,P,None,8/30/2025 13:14,Upload,8/30/2025 13:14,Upload
280706,15533,11/9/2003 17:46,8.29,deg C,ABM,HOBO,QC_280706_15533_Water_20031019_20040228.csv,P,None,8/30/2025 13:14,Upload,8/30/2025 13:14,Upload
280706,15533,11/9/2003 18:46,8.29,deg C,ABM,HOBO,QC_280706_15533_Water_20031019_20040228.csv,P,None,8/30/2025 13:14,Upload,8/30/2025 13:14,Upload
280706,15533,11/9/2003 19:46,8.13,deg C,ABM,HOBO,QC_280706_15533_Water_20031019_20040228.csv,P,None,8/30/2025 13:14,Upload,8/30/2025 13:14,Upload
280706,15533,11/9/2003 20:46,8.13,deg C,ABM,HOBO,QC_280706_15533_Water_20031019_20040228.csv,P,None,8/30/2025 13:14,Upload,8/30/2025 13:14,Upload
280706,15533,11/9/2003 21:46,8.13,deg C,ABM,HOBO,QC_280706_15533_Water_20031019_20040228.csv,P,None,8/30/2025 13:14,Upload,8/30/2025 13:14,Upload
280706,15533,11/9/2003 22:46,7.98,deg C,ABM,HOBO,QC_280706_15533_Water_20031019_20040228.csv,P,None,8/30/2025 13:14,Upload,8/30/2025 13:14,Upload
280706,15533,11/9/2003 23:46,7.83,deg C,ABM,HOBO,QC_280706_15533_Water_20031019_20040228.csv,P,None,8/30/2025 13:14,Upload,8/30/2025 13:14,Upload
280706,15533,11/10/2003 0:46,7.67,deg C,ABM,HOBO,QC_280706_15533_Water_20031019_20040228.csv,P,None,8/30/2025 13:14,Upload,8/30/2025 13:14,Upload
280706,15533,11/10/2003 1:46,7.52,deg C,ABM,HOBO,QC_280706_15533_Water_20031019_20040228.csv,P,None,8/30/2025 13:14,Upload,8/30/2025 13:14,Upload
280706,15533,11/10/2003 2:46,7.37,deg C,ABM,HOBO,QC_280706_15533_Water_20031019_20040228.csv,P,None,8/30/2025 13:14,Upload,8/30/2025 13:14,Upload
280706,15533,11/10/2003 3:46,7.21,deg C,ABM,HOBO,QC_280706_15533_Water_20031019_20040228.csv,P,None,8/30/2025 13:14,Upload,8/30/2025 13:14,Upload
280706,15533,11/10/2003 4:46,7.06,deg C,ABM,HOBO,QC_280706_15533_Water_20031019_20040228.csv,P,None,8/30/2025 13:14,Upload,8/30/2025 13:14,Upload
280706,15533,11/10/2003 5:46,6.9,deg C,ABM,HOBO,QC_280706_15533_Water_20031019_20040228.csv,P,None,8/30/2025 13:14,Upload,8/30/2025 13:14,Upload
280706,15533,11/10/2003 6:46,6.9,deg C,ABM,HOBO,QC_280706_15533_Water_20031019_20040228.csv,P,None,8/30/2025 13:14,Upload,8/30/2025 13:14,Upload
280706,15533,11/10/2003 7:46,6.74,deg C,ABM,HOBO,QC_280706_15533_Water_20031019_20040228.csv,P,None,8/30/2025 13:14,Upload,8/30/2025 13:14,Upload
280706,15533,11/10/2003 8:46,6.74,deg C,ABM,HOBO,QC_280706_15533_Water_20031019_20040228.csv,P,None,8/30/2025 13:14,Upload,8/30/2025 13:14,Upload
280706,15533,11/10/2003 9:46,6.74,deg C,ABM,HOBO,QC_280706_15533_Water_20031019_20040228.csv,P,None,8/30/2025 13:14,Upload,8/30/2025 13:14,Upload
280706,15533,11/10/2003 10:46,6.74,deg C,ABM,HOBO,QC_280706_15533_Water_20031019_20040228.csv,P,None,8/30/2025 13:14,Upload,8/30/2025 13:14,Upload
280706,15533,11/10/2003 11:46,6.9,deg C,ABM,HOBO,QC_280706_15533_Water_20031019_20040228.csv,P,None,8/30/2025 13:14,Upload,8/30/2025 13:14,Upload
280706,15533,11/10/2003 12:46,6.9,deg C,ABM,HOBO,QC_280706_15533_Water_20031019_20040228.csv,P,None,8/30/2025 13:14,Upload,8/30/2025 13:14,Upload
280706,15533,11/10/2003 13:46,7.06,deg C,ABM,HOBO,QC_280706_15533_Water_20031019_20040228.csv,P,None,8/30/2025 13:14,Upload,8/30/2025 13:14,Upload
280706,15533,11/10/2003 14:46,7.06,deg C,ABM,HOBO,QC_280706_15533_Water_20031019_20040228.csv,P,None,8/30/2025 13:14,Upload,8/30/2025 13:14,Upload
280706,15533,11/10/2003 15:46,7.06,deg C,ABM,HOBO,QC_280706_15533_Water_20031019_20040228.csv,P,None,8/30/2025 13:14,Upload,8/30/2025 13:14,Upload
280706,15533,11/10/2003 16:46,7.21,deg C,ABM,HOBO,QC_280706_15533_Water_20031019_20040228.csv,P,None,8/30/2025 13:14,Upload,8/30/2025 13:14,Upload
280706,15533,11/10/2003 17:46,7.21,deg C,ABM,HOBO,QC_280706_15533_Water_20031019_20040228.csv,P,None,8/30/2025 13:14,Upload,8/30/2025 13:14,Upload
280706,15533,11/10/2003 18:46,7.21,deg C,ABM,HOBO,QC_280706_15533_Water_20031019_20040228.csv,P,None,8/30/2025 13:14,Upload,8/30/2025 13:14,Upload
280706,15533,11/10/2003 19:46,7.21,deg C,ABM,HOBO,QC_280706_15533_Water_20031019_20040228.csv,P,None,8/30/2025 13:14,Upload,8/30/2025 13:14,Upload
280706,15533,11/10/2003 20:46,7.21,deg C,ABM,HOBO,QC_280706_15533_Water_20031019_20040228.csv,P,None,8/30/2025 13:14,Upload,8/30/2025 13:14,Upload
280706,15533,11/10/2003 21:46,7.21,deg C,ABM,HOBO,QC_280706_15533_Water_20031019_20040228.csv,P,None,8/30/2025 13:14,Upload,8/30/2025 13:14,Upload
280706,15533,11/10/2003 22:46,7.06,deg C,ABM,HOBO,QC_280706_15533_Water_20031019_20040228.csv,P,None,8/30/2025 13:14,Upload,8/30/2025 13:14,Upload
280706,15533,11/10/2003 23:46,6.9,deg C,ABM,HOBO,QC_280706_15533_Water_20031019_20040228.csv,P,None,8/30/2025 13:14,Upload,8/30/2025 13:14,Upload
280706,15533,11/11/2003 0:46,6.74,deg C,ABM,HOBO,QC_280706_15533_Water_20031019_20040228.csv,P,None,8/30/2025 13:14,Upload,8/30/2025 13:14,Upload
280706,15533,11/11/2003 1:46,6.59,deg C,ABM,HOBO,QC_280706_15533_Water_20031019_20040228.csv,P,None,8/30/2025 13:14,Upload,8/30/2025 13:14,Upload
280706,15533,11/11/2003 2:46,6.43,deg C,ABM,HOBO,QC_280706_15533_Water_20031019_20040228.csv,P,None,8/30/2025 13:14,Upload,8/30/2025 13:14,Upload
280706,15533,11/11/2003 3:46,6.28,deg C,ABM,HOBO,QC_280706_15533_Water_20031019_20040228.csv,P,None,8/30/2025 13:14,Upload,8/30/2025 13:14,Upload
280706,15533,11/11/2003 4:46,6.12,deg C,ABM,HOBO,QC_280706_15533_Water_20031019_20040228.csv,P,None,8/30/2025 13:14,Upload,8/30/2025 13:14,Upload
280706,15533,11/11/2003 5:46,6.12,deg C,ABM,HOBO,QC_280706_15533_Water_20031019_20040228.csv,P,None,8/30/2025 13:14,Upload,8/30/2025 13:14,Upload
280706,15533,11/11/2003 6:46,5.97,deg C,ABM,HOBO,QC_280706_15533_Water_20031019_20040228.csv,P,None,8/30/2025 13:14,Upload,8/30/2025 13:14,Upload
280706,15533,11/11/2003 7:46,5.97,deg C,ABM,HOBO,QC_280706_15533_Water_20031019_20040228.csv,P,None,8/30/2025 13:14,Upload,8/30/2025 13:14,Upload
280706,15533,11/11/2003 8:46,5.97,deg C,ABM,HOBO,QC_280706_15533_Water_20031019_20040228.csv,P,None,8/30/2025 13:14,Upload,8/30/2025 13:14,Upload
280706,15533,11/11/2003 9:46,5.81,deg C,ABM,HOBO,QC_280706_15533_Water_20031019_20040228.csv,P,None,8/30/2025 13:14,Upload,8/30/2025 13:14,Upload
280706,15533,11/11/2003 10:46,5.81,deg C,ABM,HOBO,QC_280706_15533_Water_20031019_20040228.csv,P,None,8/30/2025 13:14,Upload,8/30/2025 13:14,Upload
280706,15533,11/11/2003 11:46,5.81,deg C,ABM,HOBO,QC_280706_15533_Water_20031019_20040228.csv,P,None,8/30/2025 13:14,Upload,8/30/2025 13:14,Upload
280706,15533,11/11/2003 12:46,5.81,deg C,ABM,HOBO,QC_280706_15533_Water_20031019_20040228.csv,P,None,8/30/2025 13:14,Upload,8/30/2025 13:14,Upload
280706,15533,11/11/2003 13:46,5.81,deg C,ABM,HOBO,QC_280706_15533_Water_20031019_20040228.csv,P,None,8/30/2025 13:14,Upload,8/30/2025 13:14,Upload
280706,15533,11/11/2003 14:46,5.81,deg C,ABM,HOBO,QC_280706_15533_Water_20031019_20040228.csv,P,None,8/30/2025 13:14,Upload,8/30/2025 13:14,Upload
280706,15533,11/11/2003 15:46,5.81,deg C,ABM,HOBO,QC_280706_15533_Water_20031019_20040228.csv,P,None,8/30/2025 13:14,Upload,8/30/2025 13:14,Upload
280706,15533,11/11/2003 16:46,5.81,deg C,ABM,HOBO,QC_280706_15533_Water_20031019_20040228.csv,P,None,8/30/2025 13:14,Upload,8/30/2025 13:14,Upload
280706,15533,11/11/2003 17:46,5.81,deg C,ABM,HOBO,QC_280706_15533_Water_20031019_20040228.csv,P,None,8/30/2025 13:14,Upload,8/30/2025 13:14,Upload
280706,15533,11/11/2003 18:46,5.97,deg C,ABM,HOBO,QC_280706_15533_Water_20031019_20040228.csv,P,None,8/30/2025 13:14,Upload,8/30/2025 13:14,Upload
280706,15533,11/11/2003 19:46,5.97,deg C,ABM,HOBO,QC_280706_15533_Water_20031019_20040228.csv,P,None,8/30/2025 13:14,Upload,8/30/2025 13:14,Upload
280706,15533,11/11/2003 20:46,5.97,deg C,ABM,HOBO,QC_280706_15533_Water_20031019_20040228.csv,P,None,8/30/2025 13:14,Upload,8/30/2025 13:14,Upload
280706,15533,11/11/2003 21:46,5.97,deg C,ABM,HOBO,QC_280706_15533_Water_20031019_20040228.csv,P,None,8/30/2025 13:14,Upload,8/30/2025 13:14,Upload
280706,15533,11/11/2003 22:46,5.97,deg C,ABM,HOBO,QC_280706_15533_Water_20031019_20040228.csv,P,None,8/30/2025 13:14,Upload,8/30/2025 13:14,Upload
280706,15533,11/11/2003 23:46,5.97,deg C,ABM,HOBO,QC_280706_15533_Water_20031019_20040228.csv,P,None,8/30/2025 13:14,Upload,8/30/2025 13:14,Upload
280706,15533,11/12/2003 0:46,5.97,deg C,ABM,HOBO,QC_280706_15533_Water_20031019_20040228.csv,P,None,8/30/2025 13:14,Upload,8/30/2025 13:14,Upload
280706,15533,11/12/2003 1:46,5.97,deg C,ABM,HOBO,QC_280706_15533_Water_20031019_20040228.csv,P,None,8/30/2025 13:14,Upload,8/30/2025 13:14,Upload
280706,15533,11/12/2003 2:46,5.97,deg C,ABM,HOBO,QC_280706_15533_Water_20031019_20040228.csv,P,None,8/30/2025 13:14,Upload,8/30/2025 13:14,Upload
280706,15533,11/12/2003 3:46,5.97,deg C,ABM,HOBO,QC_280706_15533_Water_20031019_20040228.csv,P,None,8/30/2025 13:14,Upload,8/30/2025 13:14,Upload
280706,15533,11/12/2003 4:46,5.97,deg C,ABM,HOBO,QC_280706_15533_Water_20031019_20040228.csv,P,None,8/30/2025 13:14,Upload,8/30/2025 13:14,Upload
280706,15533,11/12/2003 5:46,5.97,deg C,ABM,HOBO,QC_280706_15533_Water_20031019_20040228.csv,P,None,8/30/2025 13:14,Upload,8/30/2025 13:14,Upload
280706,15533,11/12/2003 6:46,5.97,deg C,ABM,HOBO,QC_280706_15533_Water_20031019_20040228.csv,P,None,8/30/2025 13:14,Upload,8/30/2025 13:14,Upload
280706,15533,11/12/2003 7:46,5.97,deg C,ABM,HOBO,QC_280706_15533_Water_20031019_20040228.csv,P,None,8/30/2025 13:14,Upload,8/30/2025 13:14,Upload
280706,15533,11/12/2003 8:46,5.81,deg C,ABM,HOBO,QC_280706_15533_Water_20031019_20040228.csv,P,None,8/30/2025 13:14,Upload,8/30/2025 13:14,Upload
280706,15533,11/12/2003 9:46,5.81,deg C,ABM,HOBO,QC_280706_15533_Water_20031019_20040228.csv,P,None,8/30/2025 13:14,Upload,8/30/2025 13:14,Upload
280706,15533,11/12/2003 10:46,5.81,deg C,ABM,HOBO,QC_280706_15533_Water_20031019_20040228.csv,P,None,8/30/2025 13:14,Upload,8/30/2025 13:14,Upload
280706,15533,11/12/2003 11:46,5.97,deg C,ABM,HOBO,QC_280706_15533_Water_20031019_20040228.csv,P,None,8/30/2025 13:14,Upload,8/30/2025 13:14,Upload
280706,15533,11/12/2003 12:46,5.97,deg C,ABM,HOBO,QC_280706_15533_Water_20031019_20040228.csv,P,None,8/30/2025 13:14,Upload,8/30/2025 13:14,Upload
280706,15533,11/12/2003 13:46,5.97,deg C,ABM,HOBO,QC_280706_15533_Water_20031019_20040228.csv,P,None,8/30/2025 13:14,Upload,8/30/2025 13:14,Upload
280706,15533,11/12/2003 14:46,5.97,deg C,ABM,HOBO,QC_280706_15533_Water_20031019_20040228.csv,P,None,8/30/2025 13:14,Upload,8/30/2025 13:14,Upload
280706,15533,11/12/2003 15:46,6.12,deg C,ABM,HOBO,QC_280706_15533_Water_20031019_20040228.csv,P,None,8/30/2025 13:14,Upload,8/30/2025 13:14,Upload
280706,15533,11/12/2003 16:46,6.12,deg C,ABM,HOBO,QC_280706_15533_Water_20031019_20040228.csv,P,None,8/30/2025 13:14,Upload,8/30/2025 13:14,Upload
280706,15533,11/12/2003 17:46,6.12,deg C,ABM,HOBO,QC_280706_15533_Water_20031019_20040228.csv,P,None,8/30/2025 13:14,Upload,8/30/2025 13:14,Upload
280706,15533,11/12/2003 18:46,6.12,deg C,ABM,HOBO,QC_280706_15533_Water_20031019_20040228.csv,P,None,8/30/2025 13:14,Upload,8/30/2025 13:14,Upload
280706,15533,11/12/2003 19:46,6.12,deg C,ABM,HOBO,QC_280706_15533_Water_20031019_20040228.csv,P,None,8/30/2025 13:14,Upload,8/30/2025 13:14,Upload
280706,15533,11/12/2003 20:46,6.12,deg C,ABM,HOBO,QC_280706_15533_Water_20031019_20040228.csv,P,None,8/30/2025 13:14,Upload,8/30/2025 13:14,Upload
280706,15533,11/12/2003 21:46,6.28,deg C,ABM,HOBO,QC_280706_15533_Water_20031019_20040228.csv,P,None,8/30/2025 13:14,Upload,8/30/2025 13:14,Upload
280706,15533,11/12/2003 22:46,6.28,deg C,ABM,HOBO,QC_280706_15533_Water_20031019_20040228.csv,P,None,8/30/2025 13:14,Upload,8/30/2025 13:14,Upload
280706,15533,11/12/2003 23:46,6.28,deg C,ABM,HOBO,QC_280706_15533_Water_20031019_20040228.csv,P,None,8/30/2025 13:14,Upload,8/30/2025 13:14,Upload
280706,15533,11/13/2003 0:46,6.28,deg C,ABM,HOBO,QC_280706_15533_Water_20031019_20040228.csv,P,None,8/30/2025 13:14,Upload,8/30/2025 13:14,Upload
280706,15533,11/13/2003 1:46,6.28,deg C,ABM,HOBO,QC_280706_15533_Water_20031019_20040228.csv,P,None,8/30/2025 13:14,Upload,8/30/2025 13:14,Upload
280706,15533,11/13/2003 2:46,6.28,deg C,ABM,HOBO,QC_280706_15533_Water_20031019_20040228.csv,P,None,8/30/2025 13:14,Upload,8/30/2025 13:14,Upload
280706,15533,11/13/2003 3:46,6.28,deg C,ABM,HOBO,QC_280706_15533_Water_20031019_20040228.csv,P,None,8/30/2025 13:14,Upload,8/30/2025 13:14,Upload
280706,15533,11/13/2003 4:46,6.43,deg C,ABM,HOBO,QC_280706_15533_Water_20031019_20040228.csv,P,None,8/30/2025 13:14,Upload,8/30/2025 13:14,Upload
280706,15533,11/13/2003 5:46,6.43,deg C,ABM,HOBO,QC_280706_15533_Water_20031019_20040228.csv,P,None,8/30/2025 13:14,Upload,8/30/2025 13:14,Upload
280706,15533,11/13/2003 6:46,6.43,deg C,ABM,HOBO,QC_280706_15533_Water_20031019_20040228.csv,P,None,8/30/2025 13:14,Upload,8/30/2025 13:14,Upload
280706,15533,11/13/2003 7:46,6.43,deg C,ABM,HOBO,QC_280706_15533_Water_20031019_20040228.csv,P,None,8/30/2025 13:14,Upload,8/30/2025 13:14,Upload
280706,15533,11/13/2003 8:46,6.43,deg C,ABM,HOBO,QC_280706_15533_Water_20031019_20040228.csv,P,None,8/30/2025 13:14,Upload,8/30/2025 13:14,Upload
280706,15533,11/13/2003 9:46,6.59,deg C,ABM,HOBO,QC_280706_15533_Water_20031019_20040228.csv,P,None,8/30/2025 13:14,Upload,8/30/2025 13:14,Upload
280706,15533,11/13/2003 10:46,6.59,deg C,ABM,HOBO,QC_280706_15533_Water_20031019_20040228.csv,P,None,8/30/2025 13:14,Upload,8/30/2025 13:14,Upload
280706,15533,11/13/2003 11:46,6.74,deg C,ABM,HOBO,QC_280706_15533_Water_20031019_20040228.csv,P,None,8/30/2025 13:14,Upload,8/30/2025 13:14,Upload
280706,15533,11/13/2003 12:46,6.74,deg C,ABM,HOBO,QC_280706_15533_Water_20031019_20040228.csv,P,None,8/30/2025 13:14,Upload,8/30/2025 13:14,Upload
280706,15533,11/13/2003 13:46,6.9,deg C,ABM,HOBO,QC_280706_15533_Water_20031019_20040228.csv,P,None,8/30/2025 13:14,Upload,8/30/2025 13:14,Upload
280706,15533,11/13/2003 14:46,6.9,deg C,ABM,HOBO,QC_280706_15533_Water_20031019_20040228.csv,P,None,8/30/2025 13:14,Upload,8/30/2025 13:14,Upload
280706,15533,11/13/2003 15:46,6.9,deg C,ABM,HOBO,QC_280706_15533_Water_20031019_20040228.csv,P,None,8/30/2025 13:14,Upload,8/30/2025 13:14,Upload
280706,15533,11/13/2003 16:46,6.9,deg C,ABM,HOBO,QC_280706_15533_Water_20031019_20040228.csv,P,None,8/30/2025 13:14,Upload,8/30/2025 13:14,Upload
280706,15533,11/13/2003 17:46,6.9,deg C,ABM,HOBO,QC_280706_15533_Water_20031019_20040228.csv,P,None,8/30/2025 13:14,Upload,8/30/2025 13:14,Upload
280706,15533,11/13/2003 18:46,6.74,deg C,ABM,HOBO,QC_280706_15533_Water_20031019_20040228.csv,P,None,8/30/2025 13:14,Upload,8/30/2025 13:14,Upload
280706,15533,11/13/2003 19:46,6.74,deg C,ABM,HOBO,QC_280706_15533_Water_20031019_20040228.csv,P,None,8/30/2025 13:14,Upload,8/30/2025 13:14,Upload
280706,15533,11/13/2003 20:46,6.74,deg C,ABM,HOBO,QC_280706_15533_Water_20031019_20040228.csv,P,None,8/30/2025 13:14,Upload,8/30/2025 13:14,Upload
280706,15533,11/13/2003 21:46,6.74,deg C,ABM,HOBO,QC_280706_15533_Water_20031019_20040228.csv,P,None,8/30/2025 13:14,Upload,8/30/2025 13:14,Upload
280706,15533,11/13/2003 22:46,6.59,deg C,ABM,HOBO,QC_280706_15533_Water_20031019_20040228.csv,P,None,8/30/2025 13:14,Upload,8/30/2025 13:14,Upload
280706,15533,11/13/2003 23:46,6.59,deg C,ABM,HOBO,QC_280706_15533_Water_20031019_20040228.csv,P,None,8/30/2025 13:14,Upload,8/30/2025 13:14,Upload
280706,15533,11/14/2003 0:46,6.43,deg C,ABM,HOBO,QC_280706_15533_Water_20031019_20040228.csv,P,None,8/30/2025 13:14,Upload,8/30/2025 13:14,Upload
280706,15533,11/14/2003 1:46,6.28,deg C,ABM,HOBO,QC_280706_15533_Water_20031019_20040228.csv,P,None,8/30/2025 13:14,Upload,8/30/2025 13:14,Upload
280706,15533,11/14/2003 2:46,6.12,deg C,ABM,HOBO,QC_280706_15533_Water_20031019_20040228.csv,P,None,8/30/2025 13:14,Upload,8/30/2025 13:14,Upload
280706,15533,11/14/2003 3:46,6.12,deg C,ABM,HOBO,QC_280706_15533_Water_20031019_20040228.csv,P,None,8/30/2025 13:14,Upload,8/30/2025 13:14,Upload
280706,15533,11/14/2003 4:46,6.12,deg C,ABM,HOBO,QC_280706_15533_Water_20031019_20040228.csv,P,None,8/30/2025 13:14,Upload,8/30/2025 13:14,Upload
280706,15533,11/14/2003 5:46,5.97,deg C,ABM,HOBO,QC_280706_15533_Water_20031019_20040228.csv,P,None,8/30/2025 13:14,Upload,8/30/2025 13:14,Upload
280706,15533,11/14/2003 6:46,5.97,deg C,ABM,HOBO,QC_280706_15533_Water_20031019_20040228.csv,P,None,8/30/2025 13:14,Upload,8/30/2025 13:14,Upload
280706,15533,11/14/2003 7:46,5.81,deg C,ABM,HOBO,QC_280706_15533_Water_20031019_20040228.csv,P,None,8/30/2025 13:14,Upload,8/30/2025 13:14,Upload
280706,15533,11/14/2003 8:46,5.81,deg C,ABM,HOBO,QC_280706_15533_Water_20031019_20040228.csv,P,None,8/30/2025 13:14,Upload,8/30/2025 13:14,Upload
280706,15533,11/14/2003 9:46,5.81,deg C,ABM,HOBO,QC_280706_15533_Water_20031019_20040228.csv,P,None,8/30/2025 13:14,Upload,8/30/2025 13:14,Upload
280706,15533,11/14/2003 10:46,5.81,deg C,ABM,HOBO,QC_280706_15533_Water_20031019_20040228.csv,P,None,8/30/2025 13:14,Upload,8/30/2025 13:14,Upload
280706,15533,11/14/2003 11:46,5.81,deg C,ABM,HOBO,QC_280706_15533_Water_20031019_20040228.csv,P,None,8/30/2025 13:14,Upload,8/30/2025 13:14,Upload
280706,15533,11/14/2003 12:46,5.81,deg C,ABM,HOBO,QC_280706_15533_Water_20031019_20040228.csv,P,None,8/30/2025 13:14,Upload,8/30/2025 13:14,Upload
280706,15533,11/14/2003 13:46,5.81,deg C,ABM,HOBO,QC_280706_15533_Water_20031019_20040228.csv,P,None,8/30/2025 13:14,Upload,8/30/2025 13:14,Upload
280706,15533,11/14/2003 14:46,5.97,deg C,ABM,HOBO,QC_280706_15533_Water_20031019_20040228.csv,P,None,8/30/2025 13:14,Upload,8/30/2025 13:14,Upload
280706,15533,11/14/2003 15:46,5.97,deg C,ABM,HOBO,QC_280706_15533_Water_20031019_20040228.csv,P,None,8/30/2025 13:14,Upload,8/30/2025 13:14,Upload
280706,15533,11/14/2003 16:46,5.81,deg C,ABM,HOBO,QC_280706_15533_Water_20031019_20040228.csv,P,None,8/30/2025 13:14,Upload,8/30/2025 13:14,Upload
280706,15533,11/14/2003 17:46,5.97,deg C,ABM,HOBO,QC_280706_15533_Water_20031019_20040228.csv,P,None,8/30/2025 13:14,Upload,8/30/2025 13:14,Upload
280706,15533,11/14/2003 18:46,5.97,deg C,ABM,HOBO,QC_280706_15533_Water_20031019_20040228.csv,P,None,8/30/2025 13:14,Upload,8/30/2025 13:14,Upload
280706,15533,11/14/2003 19:46,5.97,deg C,ABM,HOBO,QC_280706_15533_Water_20031019_20040228.csv,P,None,8/30/2025 13:14,Upload,8/30/2025 13:14,Upload
280706,15533,11/14/2003 20:46,5.97,deg C,ABM,HOBO,QC_280706_15533_Water_20031019_20040228.csv,P,None,8/30/2025 13:14,Upload,8/30/2025 13:14,Upload
280706,15533,11/14/2003 21:46,5.81,deg C,ABM,HOBO,QC_280706_15533_Water_20031019_20040228.csv,P,None,8/30/2025 13:14,Upload,8/30/2025 13:14,Upload
280706,15533,11/14/2003 22:46,5.81,deg C,ABM,HOBO,QC_280706_15533_Water_20031019_20040228.csv,P,None,8/30/2025 13:14,Upload,8/30/2025 13:14,Upload
280706,15533,11/14/2003 23:46,5.66,deg C,ABM,HOBO,QC_280706_15533_Water_20031019_20040228.csv,P,None,8/30/2025 13:14,Upload,8/30/2025 13:14,Upload
280706,15533,11/15/2003 0:46,5.66,deg C,ABM,HOBO,QC_280706_15533_Water_20031019_20040228.csv,P,None,8/30/2025 13:14,Upload,8/30/2025 13:14,Upload
280706,15533,11/15/2003 1:46,5.5,deg C,ABM,HOBO,QC_280706_15533_Water_20031019_20040228.csv,P,None,8/30/2025 13:14,Upload,8/30/2025 13:14,Upload
280706,15533,11/15/2003 2:46,5.5,deg C,ABM,HOBO,QC_280706_15533_Water_20031019_20040228.csv,P,None,8/30/2025 13:14,Upload,8/30/2025 13:14,Upload
280706,15533,11/15/2003 3:46,5.34,deg C,ABM,HOBO,QC_280706_15533_Water_20031019_20040228.csv,P,None,8/30/2025 13:14,Upload,8/30/2025 13:14,Upload
280706,15533,11/15/2003 4:46,5.34,deg C,ABM,HOBO,QC_280706_15533_Water_20031019_20040228.csv,P,None,8/30/2025 13:14,Upload,8/30/2025 13:14,Upload
280706,15533,11/15/2003 5:46,5.19,deg C,ABM,HOBO,QC_280706_15533_Water_20031019_20040228.csv,P,None,8/30/2025 13:14,Upload,8/30/2025 13:14,Upload
280706,15533,11/15/2003 6:46,5.03,deg C,ABM,HOBO,QC_280706_15533_Water_20031019_20040228.csv,P,None,8/30/2025 13:14,Upload,8/30/2025 13:14,Upload
280706,15533,11/15/2003 7:46,4.88,deg C,ABM,HOBO,QC_280706_15533_Water_20031019_20040228.csv,P,None,8/30/2025 13:14,Upload,8/30/2025 13:14,Upload
280706,15533,11/15/2003 8:46,4.88,deg C,ABM,HOBO,QC_280706_15533_Water_20031019_20040228.csv,P,None,8/30/2025 13:14,Upload,8/30/2025 13:14,Upload
280706,15533,11/15/2003 9:46,4.72,deg C,ABM,HOBO,QC_280706_15533_Water_20031019_20040228.csv,P,None,8/30/2025 13:14,Upload,8/30/2025 13:14,Upload
280706,15533,11/15/2003 10:46,4.88,deg C,ABM,HOBO,QC_280706_15533_Water_20031019_20040228.csv,P,None,8/30/2025 13:14,Upload,8/30/2025 13:14,Upload
280706,15533,11/15/2003 11:46,4.88,deg C,ABM,HOBO,QC_280706_15533_Water_20031019_20040228.csv,P,None,8/30/2025 13:14,Upload,8/30/2025 13:14,Upload
280706,15533,11/15/2003 12:46,4.88,deg C,ABM,HOBO,QC_280706_15533_Water_20031019_20040228.csv,P,None,8/30/2025 13:14,Upload,8/30/2025 13:14,Upload
280706,15533,11/15/2003 13:46,5.03,deg C,ABM,HOBO,QC_280706_15533_Water_20031019_20040228.csv,P,None,8/30/2025 13:14,Upload,8/30/2025 13:14,Upload
280706,15533,11/15/2003 14:46,5.03,deg C,ABM,HOBO,QC_280706_15533_Water_20031019_20040228.csv,P,None,8/30/2025 13:14,Upload,8/30/2025 13:14,Upload
280706,15533,11/15/2003 15:46,5.03,deg C,ABM,HOBO,QC_280706_15533_Water_20031019_20040228.csv,P,None,8/30/2025 13:14,Upload,8/30/2025 13:14,Upload
280706,15533,11/15/2003 16:46,5.03,deg C,ABM,HOBO,QC_280706_15533_Water_20031019_20040228.csv,P,None,8/30/2025 13:14,Upload,8/30/2025 13:14,Upload
280706,15533,11/15/2003 17:46,5.03,deg C,ABM,HOBO,QC_280706_15533_Water_20031019_20040228.csv,P,None,8/30/2025 13:14,Upload,8/30/2025 13:14,Upload
280706,15533,11/15/2003 18:46,5.03,deg C,ABM,HOBO,QC_280706_15533_Water_20031019_20040228.csv,P,None,8/30/2025 13:14,Upload,8/30/2025 13:14,Upload
280706,15533,11/15/2003 19:46,5.03,deg C,ABM,HOBO,QC_280706_15533_Water_20031019_20040228.csv,P,None,8/30/2025 13:14,Upload,8/30/2025 13:14,Upload
280706,15533,11/15/2003 20:46,5.03,deg C,ABM,HOBO,QC_280706_15533_Water_20031019_20040228.csv,P,None,8/30/2025 13:14,Upload,8/30/2025 13:14,Upload
280706,15533,11/15/2003 21:46,5.03,deg C,ABM,HOBO,QC_280706_15533_Water_20031019_20040228.csv,P,None,8/30/2025 13:14,Upload,8/30/2025 13:14,Upload
280706,15533,11/15/2003 22:46,5.03,deg C,ABM,HOBO,QC_280706_15533_Water_20031019_20040228.csv,P,None,8/30/2025 13:14,Upload,8/30/2025 13:14,Upload
280706,15533,11/15/2003 23:46,4.88,deg C,ABM,HOBO,QC_280706_15533_Water_20031019_20040228.csv,P,None,8/30/2025 13:14,Upload,8/30/2025 13:14,Upload
280706,15533,11/16/2003 0:46,4.88,deg C,ABM,HOBO,QC_280706_15533_Water_20031019_20040228.csv,P,None,8/30/2025 13:14,Upload,8/30/2025 13:14,Upload
280706,15533,11/16/2003 1:46,4.72,deg C,ABM,HOBO,QC_280706_15533_Water_20031019_20040228.csv,P,None,8/30/2025 13:14,Upload,8/30/2025 13:14,Upload
280706,15533,11/16/2003 2:46,4.57,deg C,ABM,HOBO,QC_280706_15533_Water_20031019_20040228.csv,P,None,8/30/2025 13:14,Upload,8/30/2025 13:14,Upload
280706,15533,11/16/2003 3:46,4.57,deg C,ABM,HOBO,QC_280706_15533_Water_20031019_20040228.csv,P,None,8/30/2025 13:14,Upload,8/30/2025 13:14,Upload
280706,15533,11/16/2003 4:46,4.41,deg C,ABM,HOBO,QC_280706_15533_Water_20031019_20040228.csv,P,None,8/30/2025 13:14,Upload,8/30/2025 13:14,Upload
280706,15533,11/16/2003 5:46,4.41,deg C,ABM,HOBO,QC_280706_15533_Water_20031019_20040228.csv,P,None,8/30/2025 13:14,Upload,8/30/2025 13:14,Upload
280706,15533,11/16/2003 6:46,4.41,deg C,ABM,HOBO,QC_280706_15533_Water_20031019_20040228.csv,P,None,8/30/2025 13:14,Upload,8/30/2025 13:14,Upload
280706,15533,11/16/2003 7:46,4.26,deg C,ABM,HOBO,QC_280706_15533_Water_20031019_20040228.csv,P,None,8/30/2025 13:14,Upload,8/30/2025 13:14,Upload
280706,15533,11/16/2003 8:46,4.26,deg C,ABM,HOBO,QC_280706_15533_Water_20031019_20040228.csv,P,None,8/30/2025 13:14,Upload,8/30/2025 13:14,Upload
280706,15533,11/16/2003 9:46,4.26,deg C,ABM,HOBO,QC_280706_15533_Water_20031019_20040228.csv,P,None,8/30/2025 13:14,Upload,8/30/2025 13:14,Upload
280706,15533,11/16/2003 10:46,4.26,deg C,ABM,HOBO,QC_280706_15533_Water_20031019_20040228.csv,P,None,8/30/2025 13:14,Upload,8/30/2025 13:14,Upload
280706,15533,11/16/2003 11:46,4.26,deg C,ABM,HOBO,QC_280706_15533_Water_20031019_20040228.csv,P,None,8/30/2025 13:14,Upload,8/30/2025 13:14,Upload
280706,15533,11/16/2003 12:46,4.26,deg C,ABM,HOBO,QC_280706_15533_Water_20031019_20040228.csv,P,None,8/30/2025 13:14,Upload,8/30/2025 13:14,Upload
280706,15533,11/16/2003 13:46,4.41,deg C,ABM,HOBO,QC_280706_15533_Water_20031019_20040228.csv,P,None,8/30/2025 13:14,Upload,8/30/2025 13:14,Upload
280706,15533,11/16/2003 14:46,4.41,deg C,ABM,HOBO,QC_280706_15533_Water_20031019_20040228.csv,P,None,8/30/2025 13:14,Upload,8/30/2025 13:14,Upload
280706,15533,11/16/2003 15:46,4.41,deg C,ABM,HOBO,QC_280706_15533_Water_20031019_20040228.csv,P,None,8/30/2025 13:14,Upload,8/30/2025 13:14,Upload
280706,15533,11/16/2003 16:46,4.57,deg C,ABM,HOBO,QC_280706_15533_Water_20031019_20040228.csv,P,None,8/30/2025 13:14,Upload,8/30/2025 13:14,Upload
280706,15533,11/16/2003 17:46,4.57,deg C,ABM,HOBO,QC_280706_15533_Water_20031019_20040228.csv,P,None,8/30/2025 13:14,Upload,8/30/2025 13:14,Upload
280706,15533,11/16/2003 18:46,4.57,deg C,ABM,HOBO,QC_280706_15533_Water_20031019_20040228.csv,P,None,8/30/2025 13:14,Upload,8/30/2025 13:14,Upload
280706,15533,11/16/2003 19:46,4.57,deg C,ABM,HOBO,QC_280706_15533_Water_20031019_20040228.csv,P,None,8/30/2025 13:14,Upload,8/30/2025 13:14,Upload
280706,15533,11/16/2003 20:46,4.72,deg C,ABM,HOBO,QC_280706_15533_Water_20031019_20040228.csv,P,None,8/30/2025 13:14,Upload,8/30/2025 13:14,Upload
280706,15533,11/16/2003 21:46,4.72,deg C,ABM,HOBO,QC_280706_15533_Water_20031019_20040228.csv,P,None,8/30/2025 13:14,Upload,8/30/2025 13:14,Upload
280706,15533,11/16/2003 22:46,4.72,deg C,ABM,HOBO,QC_280706_15533_Water_20031019_20040228.csv,P,None,8/30/2025 13:14,Upload,8/30/2025 13:14,Upload
280706,15533,11/16/2003 23:46,4.72,deg C,ABM,HOBO,QC_280706_15533_Water_20031019_20040228.csv,P,None,8/30/2025 13:14,Upload,8/30/2025 13:14,Upload
280706,15533,11/17/2003 0:46,4.72,deg C,ABM,HOBO,QC_280706_15533_Water_20031019_20040228.csv,P,None,8/30/2025 13:14,Upload,8/30/2025 13:14,Upload
280706,15533,11/17/2003 1:46,4.57,deg C,ABM,HOBO,QC_280706_15533_Water_20031019_20040228.csv,P,None,8/30/2025 13:14,Upload,8/30/2025 13:14,Upload
280706,15533,11/17/2003 2:46,4.57,deg C,ABM,HOBO,QC_280706_15533_Water_20031019_20040228.csv,P,None,8/30/2025 13:14,Upload,8/30/2025 13:14,Upload
280706,15533,11/17/2003 3:46,4.57,deg C,ABM,HOBO,QC_280706_15533_Water_20031019_20040228.csv,P,None,8/30/2025 13:14,Upload,8/30/2025 13:14,Upload
280706,15533,11/17/2003 4:46,4.41,deg C,ABM,HOBO,QC_280706_15533_Water_20031019_20040228.csv,P,None,8/30/2025 13:14,Upload,8/30/2025 13:14,Upload
280706,15533,11/17/2003 5:46,4.41,deg C,ABM,HOBO,QC_280706_15533_Water_20031019_20040228.csv,P,None,8/30/2025 13:14,Upload,8/30/2025 13:14,Upload
280706,15533,11/17/2003 6:46,4.41,deg C,ABM,HOBO,QC_280706_15533_Water_20031019_20040228.csv,P,None,8/30/2025 13:14,Upload,8/30/2025 13:14,Upload
280706,15533,11/17/2003 7:46,4.41,deg C,ABM,HOBO,QC_280706_15533_Water_20031019_20040228.csv,P,None,8/30/2025 13:14,Upload,8/30/2025 13:14,Upload
280706,15533,11/17/2003 8:46,4.41,deg C,ABM,HOBO,QC_280706_15533_Water_20031019_20040228.csv,P,None,8/30/2025 13:14,Upload,8/30/2025 13:14,Upload
280706,15533,11/17/2003 9:46,4.41,deg C,ABM,HOBO,QC_280706_15533_Water_20031019_20040228.csv,P,None,8/30/2025 13:14,Upload,8/30/2025 13:14,Upload
280706,15533,11/17/2003 10:46,4.41,deg C,ABM,HOBO,QC_280706_15533_Water_20031019_20040228.csv,P,None,8/30/2025 13:14,Upload,8/30/2025 13:14,Upload
280706,15533,11/17/2003 11:46,4.41,deg C,ABM,HOBO,QC_280706_15533_Water_20031019_20040228.csv,P,None,8/30/2025 13:14,Upload,8/30/2025 13:14,Upload
280706,15533,11/17/2003 12:46,4.41,deg C,ABM,HOBO,QC_280706_15533_Water_20031019_20040228.csv,P,None,8/30/2025 13:14,Upload,8/30/2025 13:14,Upload
280706,15533,11/17/2003 13:46,4.41,deg C,ABM,HOBO,QC_280706_15533_Water_20031019_20040228.csv,P,None,8/30/2025 13:14,Upload,8/30/2025 13:14,Upload
280706,15533,11/17/2003 14:46,4.41,deg C,ABM,HOBO,QC_280706_15533_Water_20031019_20040228.csv,P,None,8/30/2025 13:14,Upload,8/30/2025 13:14,Upload
280706,15533,11/17/2003 15:46,4.41,deg C,ABM,HOBO,QC_280706_15533_Water_20031019_20040228.csv,P,None,8/30/2025 13:14,Upload,8/30/2025 13:14,Upload
280706,15533,11/17/2003 16:46,4.41,deg C,ABM,HOBO,QC_280706_15533_Water_20031019_20040228.csv,P,None,8/30/2025 13:14,Upload,8/30/2025 13:14,Upload
280706,15533,11/17/2003 17:46,4.41,deg C,ABM,HOBO,QC_280706_15533_Water_20031019_20040228.csv,P,None,8/30/2025 13:14,Upload,8/30/2025 13:14,Upload
280706,15533,11/17/2003 18:46,4.57,deg C,ABM,HOBO,QC_280706_15533_Water_20031019_20040228.csv,P,None,8/30/2025 13:14,Upload,8/30/2025 13:14,Upload
280706,15533,11/17/2003 19:46,4.57,deg C,ABM,HOBO,QC_280706_15533_Water_20031019_20040228.csv,P,None,8/30/2025 13:14,Upload,8/30/2025 13:14,Upload
280706,15533,11/17/2003 20:46,4.57,deg C,ABM,HOBO,QC_280706_15533_Water_20031019_20040228.csv,P,None,8/30/2025 13:14,Upload,8/30/2025 13:14,Upload
280706,15533,11/17/2003 21:46,4.57,deg C,ABM,HOBO,QC_280706_15533_Water_20031019_20040228.csv,P,None,8/30/2025 13:14,Upload,8/30/2025 13:14,Upload
280706,15533,11/17/2003 22:46,4.57,deg C,ABM,HOBO,QC_280706_15533_Water_20031019_20040228.csv,P,None,8/30/2025 13:14,Upload,8/30/2025 13:14,Upload
280706,15533,11/17/2003 23:46,4.57,deg C,ABM,HOBO,QC_280706_15533_Water_20031019_20040228.csv,P,None,8/30/2025 13:14,Upload,8/30/2025 13:14,Upload
280706,15533,11/18/2003 0:46,4.57,deg C,ABM,HOBO,QC_280706_15533_Water_20031019_20040228.csv,P,None,8/30/2025 13:14,Upload,8/30/2025 13:14,Upload
280706,15533,11/18/2003 1:46,4.57,deg C,ABM,HOBO,QC_280706_15533_Water_20031019_20040228.csv,P,None,8/30/2025 13:14,Upload,8/30/2025 13:14,Upload
280706,15533,11/18/2003 2:46,4.57,deg C,ABM,HOBO,QC_280706_15533_Water_20031019_20040228.csv,P,None,8/30/2025 13:14,Upload,8/30/2025 13:14,Upload
280706,15533,11/18/2003 3:46,4.57,deg C,ABM,HOBO,QC_280706_15533_Water_20031019_20040228.csv,P,None,8/30/2025 13:14,Upload,8/30/2025 13:14,Upload
280706,15533,11/18/2003 4:46,4.57,deg C,ABM,HOBO,QC_280706_15533_Water_20031019_20040228.csv,P,None,8/30/2025 13:14,Upload,8/30/2025 13:14,Upload
280706,15533,11/18/2003 5:46,4.57,deg C,ABM,HOBO,QC_280706_15533_Water_20031019_20040228.csv,P,None,8/30/2025 13:14,Upload,8/30/2025 13:14,Upload
280706,15533,11/18/2003 6:46,4.57,deg C,ABM,HOBO,QC_280706_15533_Water_20031019_20040228.csv,P,None,8/30/2025 13:14,Upload,8/30/2025 13:14,Upload
280706,15533,11/18/2003 7:46,4.57,deg C,ABM,HOBO,QC_280706_15533_Water_20031019_20040228.csv,P,None,8/30/2025 13:14,Upload,8/30/2025 13:14,Upload
280706,15533,11/18/2003 8:46,4.57,deg C,ABM,HOBO,QC_280706_15533_Water_20031019_20040228.csv,P,None,8/30/2025 13:14,Upload,8/30/2025 13:14,Upload
280706,15533,11/18/2003 9:46,4.57,deg C,ABM,HOBO,QC_280706_15533_Water_20031019_20040228.csv,P,None,8/30/2025 13:14,Upload,8/30/2025 13:14,Upload
280706,15533,11/18/2003 10:46,4.72,deg C,ABM,HOBO,QC_280706_15533_Water_20031019_20040228.csv,P,None,8/30/2025 13:14,Upload,8/30/2025 13:14,Upload
280706,15533,11/18/2003 11:46,4.72,deg C,ABM,HOBO,QC_280706_15533_Water_20031019_20040228.csv,P,None,8/30/2025 13:14,Upload,8/30/2025 13:14,Upload
280706,15533,11/18/2003 12:46,4.88,deg C,ABM,HOBO,QC_280706_15533_Water_20031019_20040228.csv,P,None,8/30/2025 13:14,Upload,8/30/2025 13:14,Upload
280706,15533,11/18/2003 13:46,4.88,deg C,ABM,HOBO,QC_280706_15533_Water_20031019_20040228.csv,P,None,8/30/2025 13:14,Upload,8/30/2025 13:14,Upload
280706,15533,11/18/2003 14:46,5.03,deg C,ABM,HOBO,QC_280706_15533_Water_20031019_20040228.csv,P,None,8/30/2025 13:14,Upload,8/30/2025 13:14,Upload
280706,15533,11/18/2003 15:46,5.03,deg C,ABM,HOBO,QC_280706_15533_Water_20031019_20040228.csv,P,None,8/30/2025 13:14,Upload,8/30/2025 13:14,Upload
280706,15533,11/18/2003 16:46,5.03,deg C,ABM,HOBO,QC_280706_15533_Water_20031019_20040228.csv,P,None,8/30/2025 13:14,Upload,8/30/2025 13:14,Upload
280706,15533,11/18/2003 17:46,5.03,deg C,ABM,HOBO,QC_280706_15533_Water_20031019_20040228.csv,P,None,8/30/2025 13:14,Upload,8/30/2025 13:14,Upload
280706,15533,11/18/2003 18:46,5.19,deg C,ABM,HOBO,QC_280706_15533_Water_20031019_20040228.csv,P,None,8/30/2025 13:14,Upload,8/30/2025 13:14,Upload
280706,15533,11/18/2003 19:46,5.19,deg C,ABM,HOBO,QC_280706_15533_Water_20031019_20040228.csv,P,None,8/30/2025 13:14,Upload,8/30/2025 13:14,Upload
280706,15533,11/18/2003 20:46,5.19,deg C,ABM,HOBO,QC_280706_15533_Water_20031019_20040228.csv,P,None,8/30/2025 13:14,Upload,8/30/2025 13:14,Upload
280706,15533,11/18/2003 21:46,5.34,deg C,ABM,HOBO,QC_280706_15533_Water_20031019_20040228.csv,P,None,8/30/2025 13:14,Upload,8/30/2025 13:14,Upload
280706,15533,11/18/2003 22:46,5.34,deg C,ABM,HOBO,QC_280706_15533_Water_20031019_20040228.csv,P,None,8/30/2025 13:14,Upload,8/30/2025 13:14,Upload
280706,15533,11/18/2003 23:46,5.34,deg C,ABM,HOBO,QC_280706_15533_Water_20031019_20040228.csv,P,None,8/30/2025 13:14,Upload,8/30/2025 13:14,Upload
280706,15533,11/19/2003 0:46,5.34,deg C,ABM,HOBO,QC_280706_15533_Water_20031019_20040228.csv,P,None,8/30/2025 13:14,Upload,8/30/2025 13:14,Upload
280706,15533,11/19/2003 1:46,5.34,deg C,ABM,HOBO,QC_280706_15533_Water_20031019_20040228.csv,P,None,8/30/2025 13:14,Upload,8/30/2025 13:14,Upload
280706,15533,11/19/2003 2:46,5.34,deg C,ABM,HOBO,QC_280706_15533_Water_20031019_20040228.csv,P,None,8/30/2025 13:14,Upload,8/30/2025 13:14,Upload
280706,15533,11/19/2003 3:46,5.34,deg C,ABM,HOBO,QC_280706_15533_Water_20031019_20040228.csv,P,None,8/30/2025 13:14,Upload,8/30/2025 13:14,Upload
280706,15533,11/19/2003 4:46,5.34,deg C,ABM,HOBO,QC_280706_15533_Water_20031019_20040228.csv,P,None,8/30/2025 13:14,Upload,8/30/2025 13:14,Upload
280706,15533,11/19/2003 5:46,5.34,deg C,ABM,HOBO,QC_280706_15533_Water_20031019_20040228.csv,P,None,8/30/2025 13:14,Upload,8/30/2025 13:14,Upload
280706,15533,11/19/2003 6:46,5.34,deg C,ABM,HOBO,QC_280706_15533_Water_20031019_20040228.csv,P,None,8/30/2025 13:14,Upload,8/30/2025 13:14,Upload
280706,15533,11/19/2003 7:46,5.5,deg C,ABM,HOBO,QC_280706_15533_Water_20031019_20040228.csv,P,None,8/30/2025 13:14,Upload,8/30/2025 13:14,Upload
280706,15533,11/19/2003 8:46,5.5,deg C,ABM,HOBO,QC_280706_15533_Water_20031019_20040228.csv,P,None,8/30/2025 13:14,Upload,8/30/2025 13:14,Upload
280706,15533,11/19/2003 9:46,5.5,deg C,ABM,HOBO,QC_280706_15533_Water_20031019_20040228.csv,P,None,8/30/2025 13:14,Upload,8/30/2025 13:14,Upload
280706,15533,11/19/2003 10:46,5.66,deg C,ABM,HOBO,QC_280706_15533_Water_20031019_20040228.csv,P,None,8/30/2025 13:14,Upload,8/30/2025 13:14,Upload
280706,15533,11/19/2003 11:46,5.66,deg C,ABM,HOBO,QC_280706_15533_Water_20031019_20040228.csv,P,None,8/30/2025 13:14,Upload,8/30/2025 13:14,Upload
280706,15533,11/19/2003 12:46,5.81,deg C,ABM,HOBO,QC_280706_15533_Water_20031019_20040228.csv,P,None,8/30/2025 13:14,Upload,8/30/2025 13:14,Upload
280706,15533,11/19/2003 13:46,5.81,deg C,ABM,HOBO,QC_280706_15533_Water_20031019_20040228.csv,P,None,8/30/2025 13:14,Upload,8/30/2025 13:14,Upload
280706,15533,11/19/2003 14:46,5.97,deg C,ABM,HOBO,QC_280706_15533_Water_20031019_20040228.csv,P,None,8/30/2025 13:14,Upload,8/30/2025 13:14,Upload
280706,15533,11/19/2003 15:46,5.97,deg C,ABM,HOBO,QC_280706_15533_Water_20031019_20040228.csv,P,None,8/30/2025 13:14,Upload,8/30/2025 13:14,Upload
280706,15533,11/19/2003 16:46,5.97,deg C,ABM,HOBO,QC_280706_15533_Water_20031019_20040228.csv,P,None,8/30/2025 13:14,Upload,8/30/2025 13:14,Upload
280706,15533,11/19/2003 17:46,6.28,deg C,ABM,HOBO,QC_280706_15533_Water_20031019_20040228.csv,P,None,8/30/2025 13:14,Upload,8/30/2025 13:14,Upload
280706,15533,11/19/2003 18:46,6.28,deg C,ABM,HOBO,QC_280706_15533_Water_20031019_20040228.csv,P,None,8/30/2025 13:14,Upload,8/30/2025 13:14,Upload
280706,15533,11/19/2003 19:46,6.43,deg C,ABM,HOBO,QC_280706_15533_Water_20031019_20040228.csv,P,None,8/30/2025 13:14,Upload,8/30/2025 13:14,Upload
280706,15533,11/19/2003 20:46,6.59,deg C,ABM,HOBO,QC_280706_15533_Water_20031019_20040228.csv,P,None,8/30/2025 13:14,Upload,8/30/2025 13:14,Upload
280706,15533,11/19/2003 21:46,6.59,deg C,ABM,HOBO,QC_280706_15533_Water_20031019_20040228.csv,P,None,8/30/2025 13:14,Upload,8/30/2025 13:14,Upload
280706,15533,11/19/2003 22:46,6.74,deg C,ABM,HOBO,QC_280706_15533_Water_20031019_20040228.csv,P,None,8/30/2025 13:14,Upload,8/30/2025 13:14,Upload
280706,15533,11/19/2003 23:46,6.9,deg C,ABM,HOBO,QC_280706_15533_Water_20031019_20040228.csv,P,None,8/30/2025 13:14,Upload,8/30/2025 13:14,Upload
280706,15533,11/20/2003 0:46,6.9,deg C,ABM,HOBO,QC_280706_15533_Water_20031019_20040228.csv,P,None,8/30/2025 13:14,Upload,8/30/2025 13:14,Upload
280706,15533,11/20/2003 1:46,7.52,deg C,ABM,HOBO,QC_280706_15533_Water_20031019_20040228.csv,P,None,8/30/2025 13:14,Upload,8/30/2025 13:14,Upload
280706,15533,11/20/2003 2:46,7.52,deg C,ABM,HOBO,QC_280706_15533_Water_20031019_20040228.csv,P,None,8/30/2025 13:14,Upload,8/30/2025 13:14,Upload
280706,15533,11/20/2003 3:46,7.37,deg C,ABM,HOBO,QC_280706_15533_Water_20031019_20040228.csv,P,None,8/30/2025 13:14,Upload,8/30/2025 13:14,Upload
280706,15533,11/20/2003 4:46,7.37,deg C,ABM,HOBO,QC_280706_15533_Water_20031019_20040228.csv,P,None,8/30/2025 13:14,Upload,8/30/2025 13:14,Upload
280706,15533,11/20/2003 5:46,7.52,deg C,ABM,HOBO,QC_280706_15533_Water_20031019_20040228.csv,P,None,8/30/2025 13:14,Upload,8/30/2025 13:14,Upload
280706,15533,11/20/2003 6:46,7.52,deg C,ABM,HOBO,QC_280706_15533_Water_20031019_20040228.csv,P,None,8/30/2025 13:14,Upload,8/30/2025 13:14,Upload
280706,15533,11/20/2003 7:46,7.52,deg C,ABM,HOBO,QC_280706_15533_Water_20031019_20040228.csv,P,None,8/30/2025 13:14,Upload,8/30/2025 13:14,Upload
280706,15533,11/20/2003 8:46,7.37,deg C,ABM,HOBO,QC_280706_15533_Water_20031019_20040228.csv,P,None,8/30/2025 13:14,Upload,8/30/2025 13:14,Upload
280706,15533,11/20/2003 9:46,7.37,deg C,ABM,HOBO,QC_280706_15533_Water_20031019_20040228.csv,P,None,8/30/2025 13:14,Upload,8/30/2025 13:14,Upload
280706,15533,11/20/2003 10:46,7.37,deg C,ABM,HOBO,QC_280706_15533_Water_20031019_20040228.csv,P,None,8/30/2025 13:14,Upload,8/30/2025 13:14,Upload
280706,15533,11/20/2003 11:46,7.37,deg C,ABM,HOBO,QC_280706_15533_Water_20031019_20040228.csv,P,None,8/30/2025 13:14,Upload,8/30/2025 13:14,Upload
280706,15533,11/20/2003 12:46,7.37,deg C,ABM,HOBO,QC_280706_15533_Water_20031019_20040228.csv,P,None,8/30/2025 13:14,Upload,8/30/2025 13:14,Upload
280706,15533,11/20/2003 13:46,7.37,deg C,ABM,HOBO,QC_280706_15533_Water_20031019_20040228.csv,P,None,8/30/2025 13:14,Upload,8/30/2025 13:14,Upload
280706,15533,11/20/2003 14:46,7.37,deg C,ABM,HOBO,QC_280706_15533_Water_20031019_20040228.csv,P,None,8/30/2025 13:14,Upload,8/30/2025 13:14,Upload
280706,15533,11/20/2003 15:46,7.52,deg C,ABM,HOBO,QC_280706_15533_Water_20031019_20040228.csv,P,None,8/30/2025 13:14,Upload,8/30/2025 13:14,Upload
280706,15533,11/20/2003 16:46,7.52,deg C,ABM,HOBO,QC_280706_15533_Water_20031019_20040228.csv,P,None,8/30/2025 13:14,Upload,8/30/2025 13:14,Upload
280706,15533,11/20/2003 17:46,7.67,deg C,ABM,HOBO,QC_280706_15533_Water_20031019_20040228.csv,P,None,8/30/2025 13:14,Upload,8/30/2025 13:14,Upload
280706,15533,11/20/2003 18:46,7.67,deg C,ABM,HOBO,QC_280706_15533_Water_20031019_20040228.csv,P,None,8/30/2025 13:14,Upload,8/30/2025 13:14,Upload
280706,15533,11/20/2003 19:46,7.67,deg C,ABM,HOBO,QC_280706_15533_Water_20031019_20040228.csv,P,None,8/30/2025 13:14,Upload,8/30/2025 13:14,Upload
280706,15533,11/20/2003 20:46,7.67,deg C,ABM,HOBO,QC_280706_15533_Water_20031019_20040228.csv,P,None,8/30/2025 13:14,Upload,8/30/2025 13:14,Upload
280706,15533,11/20/2003 21:46,7.67,deg C,ABM,HOBO,QC_280706_15533_Water_20031019_20040228.csv,P,None,8/30/2025 13:14,Upload,8/30/2025 13:14,Upload
280706,15533,11/20/2003 22:46,7.67,deg C,ABM,HOBO,QC_280706_15533_Water_20031019_20040228.csv,P,None,8/30/2025 13:14,Upload,8/30/2025 13:14,Upload
280706,15533,11/20/2003 23:46,7.67,deg C,ABM,HOBO,QC_280706_15533_Water_20031019_20040228.csv,P,None,8/30/2025 13:14,Upload,8/30/2025 13:14,Upload
280706,15533,11/21/2003 0:46,7.67,deg C,ABM,HOBO,QC_280706_15533_Water_20031019_20040228.csv,P,None,8/30/2025 13:14,Upload,8/30/2025 13:14,Upload
280706,15533,11/21/2003 1:46,7.67,deg C,ABM,HOBO,QC_280706_15533_Water_20031019_20040228.csv,P,None,8/30/2025 13:14,Upload,8/30/2025 13:14,Upload
280706,15533,11/21/2003 2:46,7.67,deg C,ABM,HOBO,QC_280706_15533_Water_20031019_20040228.csv,P,None,8/30/2025 13:14,Upload,8/30/2025 13:14,Upload
280706,15533,11/21/2003 3:46,7.67,deg C,ABM,HOBO,QC_280706_15533_Water_20031019_20040228.csv,P,None,8/30/2025 13:14,Upload,8/30/2025 13:14,Upload
280706,15533,11/21/2003 4:46,7.52,deg C,ABM,HOBO,QC_280706_15533_Water_20031019_20040228.csv,P,None,8/30/2025 13:14,Upload,8/30/2025 13:14,Upload
280706,15533,11/21/2003 5:46,7.52,deg C,ABM,HOBO,QC_280706_15533_Water_20031019_20040228.csv,P,None,8/30/2025 13:14,Upload,8/30/2025 13:14,Upload
280706,15533,11/21/2003 6:46,7.37,deg C,ABM,HOBO,QC_280706_15533_Water_20031019_20040228.csv,P,None,8/30/2025 13:14,Upload,8/30/2025 13:14,Upload
280706,15533,11/21/2003 7:46,7.21,deg C,ABM,HOBO,QC_280706_15533_Water_20031019_20040228.csv,P,None,8/30/2025 13:14,Upload,8/30/2025 13:14,Upload
280706,15533,11/21/2003 8:46,7.21,deg C,ABM,HOBO,QC_280706_15533_Water_20031019_20040228.csv,P,None,8/30/2025 13:14,Upload,8/30/2025 13:14,Upload
280706,15533,11/21/2003 9:46,7.06,deg C,ABM,HOBO,QC_280706_15533_Water_20031019_20040228.csv,P,None,8/30/2025 13:14,Upload,8/30/2025 13:14,Upload
280706,15533,11/21/2003 10:46,7.06,deg C,ABM,HOBO,QC_280706_15533_Water_20031019_20040228.csv,P,None,8/30/2025 13:14,Upload,8/30/2025 13:14,Upload
280706,15533,11/21/2003 11:46,7.06,deg C,ABM,HOBO,QC_280706_15533_Water_20031019_20040228.csv,P,None,8/30/2025 13:14,Upload,8/30/2025 13:14,Upload
280706,15533,11/21/2003 12:46,7.21,deg C,ABM,HOBO,QC_280706_15533_Water_20031019_20040228.csv,P,None,8/30/2025 13:14,Upload,8/30/2025 13:14,Upload
280706,15533,11/21/2003 13:46,7.21,deg C,ABM,HOBO,QC_280706_15533_Water_20031019_20040228.csv,P,None,8/30/2025 13:14,Upload,8/30/2025 13:14,Upload
280706,15533,11/21/2003 14:46,7.06,deg C,ABM,HOBO,QC_280706_15533_Water_20031019_20040228.csv,P,None,8/30/2025 13:14,Upload,8/30/2025 13:14,Upload
280706,15533,11/21/2003 15:46,7.06,deg C,ABM,HOBO,QC_280706_15533_Water_20031019_20040228.csv,P,None,8/30/2025 13:14,Upload,8/30/2025 13:14,Upload
280706,15533,11/21/2003 16:46,7.06,deg C,ABM,HOBO,QC_280706_15533_Water_20031019_20040228.csv,P,None,8/30/2025 13:14,Upload,8/30/2025 13:14,Upload
280706,15533,11/21/2003 17:46,7.06,deg C,ABM,HOBO,QC_280706_15533_Water_20031019_20040228.csv,P,None,8/30/2025 13:14,Upload,8/30/2025 13:14,Upload
280706,15533,11/21/2003 18:46,7.06,deg C,ABM,HOBO,QC_280706_15533_Water_20031019_20040228.csv,P,None,8/30/2025 13:14,Upload,8/30/2025 13:14,Upload
280706,15533,11/21/2003 19:46,6.9,deg C,ABM,HOBO,QC_280706_15533_Water_20031019_20040228.csv,P,None,8/30/2025 13:14,Upload,8/30/2025 13:14,Upload
280706,15533,11/21/2003 20:46,6.9,deg C,ABM,HOBO,QC_280706_15533_Water_20031019_20040228.csv,P,None,8/30/2025 13:14,Upload,8/30/2025 13:14,Upload
280706,15533,11/21/2003 21:46,6.74,deg C,ABM,HOBO,QC_280706_15533_Water_20031019_20040228.csv,P,None,8/30/2025 13:14,Upload,8/30/2025 13:14,Upload
280706,15533,11/21/2003 22:46,6.59,deg C,ABM,HOBO,QC_280706_15533_Water_20031019_20040228.csv,P,None,8/30/2025 13:14,Upload,8/30/2025 13:14,Upload
280706,15533,11/21/2003 23:46,6.43,deg C,ABM,HOBO,QC_280706_15533_Water_20031019_20040228.csv,P,None,8/30/2025 13:14,Upload,8/30/2025 13:14,Upload
280706,15533,11/22/2003 0:46,6.43,deg C,ABM,HOBO,QC_280706_15533_Water_20031019_20040228.csv,P,None,8/30/2025 13:14,Upload,8/30/2025 13:14,Upload
280706,15533,11/22/2003 1:46,6.28,deg C,ABM,HOBO,QC_280706_15533_Water_20031019_20040228.csv,P,None,8/30/2025 13:14,Upload,8/30/2025 13:14,Upload
280706,15533,11/22/2003 2:46,6.28,deg C,ABM,HOBO,QC_280706_15533_Water_20031019_20040228.csv,P,None,8/30/2025 13:14,Upload,8/30/2025 13:14,Upload
280706,15533,11/22/2003 3:46,6.12,deg C,ABM,HOBO,QC_280706_15533_Water_20031019_20040228.csv,P,None,8/30/2025 13:14,Upload,8/30/2025 13:14,Upload
280706,15533,11/22/2003 4:46,6.12,deg C,ABM,HOBO,QC_280706_15533_Water_20031019_20040228.csv,P,None,8/30/2025 13:14,Upload,8/30/2025 13:14,Upload
280706,15533,11/22/2003 5:46,6.12,deg C,ABM,HOBO,QC_280706_15533_Water_20031019_20040228.csv,P,None,8/30/2025 13:14,Upload,8/30/2025 13:14,Upload
280706,15533,11/22/2003 6:46,6.12,deg C,ABM,HOBO,QC_280706_15533_Water_20031019_20040228.csv,P,None,8/30/2025 13:14,Upload,8/30/2025 13:14,Upload
280706,15533,11/22/2003 7:46,5.97,deg C,ABM,HOBO,QC_280706_15533_Water_20031019_20040228.csv,P,None,8/30/2025 13:14,Upload,8/30/2025 13:14,Upload
280706,15533,11/22/2003 8:46,5.97,deg C,ABM,HOBO,QC_280706_15533_Water_20031019_20040228.csv,P,None,8/30/2025 13:14,Upload,8/30/2025 13:14,Upload
280706,15533,11/22/2003 9:46,5.97,deg C,ABM,HOBO,QC_280706_15533_Water_20031019_20040228.csv,P,None,8/30/2025 13:14,Upload,8/30/2025 13:14,Upload
280706,15533,11/22/2003 10:46,6.12,deg C,ABM,HOBO,QC_280706_15533_Water_20031019_20040228.csv,P,None,8/30/2025 13:14,Upload,8/30/2025 13:14,Upload
280706,15533,11/22/2003 11:46,6.12,deg C,ABM,HOBO,QC_280706_15533_Water_20031019_20040228.csv,P,None,8/30/2025 13:14,Upload,8/30/2025 13:14,Upload
280706,15533,11/22/2003 12:46,6.12,deg C,ABM,HOBO,QC_280706_15533_Water_20031019_20040228.csv,P,None,8/30/2025 13:14,Upload,8/30/2025 13:14,Upload
280706,15533,11/22/2003 13:46,6.12,deg C,ABM,HOBO,QC_280706_15533_Water_20031019_20040228.csv,P,None,8/30/2025 13:14,Upload,8/30/2025 13:14,Upload
280706,15533,11/22/2003 14:46,6.28,deg C,ABM,HOBO,QC_280706_15533_Water_20031019_20040228.csv,P,None,8/30/2025 13:14,Upload,8/30/2025 13:14,Upload
280706,15533,11/22/2003 15:46,6.28,deg C,ABM,HOBO,QC_280706_15533_Water_20031019_20040228.csv,P,None,8/30/2025 13:14,Upload,8/30/2025 13:14,Upload
280706,15533,11/22/2003 16:46,6.28,deg C,ABM,HOBO,QC_280706_15533_Water_20031019_20040228.csv,P,None,8/30/2025 13:14,Upload,8/30/2025 13:14,Upload
280706,15533,11/22/2003 17:46,6.28,deg C,ABM,HOBO,QC_280706_15533_Water_20031019_20040228.csv,P,None,8/30/2025 13:14,Upload,8/30/2025 13:14,Upload
280706,15533,11/22/2003 18:46,6.28,deg C,ABM,HOBO,QC_280706_15533_Water_20031019_20040228.csv,P,None,8/30/2025 13:14,Upload,8/30/2025 13:14,Upload
280706,15533,11/22/2003 19:46,6.28,deg C,ABM,HOBO,QC_280706_15533_Water_20031019_20040228.csv,P,None,8/30/2025 13:14,Upload,8/30/2025 13:14,Upload
280706,15533,11/22/2003 20:46,6.28,deg C,ABM,HOBO,QC_280706_15533_Water_20031019_20040228.csv,P,None,8/30/2025 13:14,Upload,8/30/2025 13:14,Upload
280706,15533,11/22/2003 21:46,6.28,deg C,ABM,HOBO,QC_280706_15533_Water_20031019_20040228.csv,P,None,8/30/2025 13:14,Upload,8/30/2025 13:14,Upload
280706,15533,11/22/2003 22:46,6.28,deg C,ABM,HOBO,QC_280706_15533_Water_20031019_20040228.csv,P,None,8/30/2025 13:14,Upload,8/30/2025 13:14,Upload
280706,15533,11/22/2003 23:46,6.28,deg C,ABM,HOBO,QC_280706_15533_Water_20031019_20040228.csv,P,None,8/30/2025 13:14,Upload,8/30/2025 13:14,Upload
280706,15533,11/23/2003 0:46,6.12,deg C,ABM,HOBO,QC_280706_15533_Water_20031019_20040228.csv,P,None,8/30/2025 13:14,Upload,8/30/2025 13:14,Upload
280706,15533,11/23/2003 1:46,6.12,deg C,ABM,HOBO,QC_280706_15533_Water_20031019_20040228.csv,P,None,8/30/2025 13:14,Upload,8/30/2025 13:14,Upload
280706,15533,11/23/2003 2:46,6.12,deg C,ABM,HOBO,QC_280706_15533_Water_20031019_20040228.csv,P,None,8/30/2025 13:14,Upload,8/30/2025 13:14,Upload
280706,15533,11/23/2003 3:46,6.12,deg C,ABM,HOBO,QC_280706_15533_Water_20031019_20040228.csv,P,None,8/30/2025 13:14,Upload,8/30/2025 13:14,Upload
280706,15533,11/23/2003 4:46,6.12,deg C,ABM,HOBO,QC_280706_15533_Water_20031019_20040228.csv,P,None,8/30/2025 13:14,Upload,8/30/2025 13:14,Upload
280706,15533,11/23/2003 5:46,5.97,deg C,ABM,HOBO,QC_280706_15533_Water_20031019_20040228.csv,P,None,8/30/2025 13:14,Upload,8/30/2025 13:14,Upload
280706,15533,11/23/2003 6:46,5.97,deg C,ABM,HOBO,QC_280706_15533_Water_20031019_20040228.csv,P,None,8/30/2025 13:14,Upload,8/30/2025 13:14,Upload
280706,15533,11/23/2003 7:46,5.97,deg C,ABM,HOBO,QC_280706_15533_Water_20031019_20040228.csv,P,None,8/30/2025 13:14,Upload,8/30/2025 13:14,Upload
280706,15533,11/23/2003 8:46,5.97,deg C,ABM,HOBO,QC_280706_15533_Water_20031019_20040228.csv,P,None,8/30/2025 13:14,Upload,8/30/2025 13:14,Upload
280706,15533,11/23/2003 9:46,5.97,deg C,ABM,HOBO,QC_280706_15533_Water_20031019_20040228.csv,P,None,8/30/2025 13:14,Upload,8/30/2025 13:14,Upload
280706,15533,11/23/2003 10:46,5.97,deg C,ABM,HOBO,QC_280706_15533_Water_20031019_20040228.csv,P,None,8/30/2025 13:14,Upload,8/30/2025 13:14,Upload
280706,15533,11/23/2003 11:46,6.12,deg C,ABM,HOBO,QC_280706_15533_Water_20031019_20040228.csv,P,None,8/30/2025 13:14,Upload,8/30/2025 13:14,Upload
280706,15533,11/23/2003 12:46,6.12,deg C,ABM,HOBO,QC_280706_15533_Water_20031019_20040228.csv,P,None,8/30/2025 13:14,Upload,8/30/2025 13:14,Upload
280706,15533,11/23/2003 13:46,6.12,deg C,ABM,HOBO,QC_280706_15533_Water_20031019_20040228.csv,P,None,8/30/2025 13:14,Upload,8/30/2025 13:14,Upload
280706,15533,11/23/2003 14:46,6.28,deg C,ABM,HOBO,QC_280706_15533_Water_20031019_20040228.csv,P,None,8/30/2025 13:14,Upload,8/30/2025 13:14,Upload
280706,15533,11/23/2003 15:46,6.28,deg C,ABM,HOBO,QC_280706_15533_Water_20031019_20040228.csv,P,None,8/30/2025 13:14,Upload,8/30/2025 13:14,Upload
280706,15533,11/23/2003 16:46,6.28,deg C,ABM,HOBO,QC_280706_15533_Water_20031019_20040228.csv,P,None,8/30/2025 13:14,Upload,8/30/2025 13:14,Upload
280706,15533,11/23/2003 17:46,6.28,deg C,ABM,HOBO,QC_280706_15533_Water_20031019_20040228.csv,P,None,8/30/2025 13:14,Upload,8/30/2025 13:14,Upload
280706,15533,11/23/2003 18:46,6.28,deg C,ABM,HOBO,QC_280706_15533_Water_20031019_20040228.csv,P,None,8/30/2025 13:14,Upload,8/30/2025 13:14,Upload
280706,15533,11/23/2003 19:46,6.28,deg C,ABM,HOBO,QC_280706_15533_Water_20031019_20040228.csv,P,None,8/30/2025 13:14,Upload,8/30/2025 13:14,Upload
280706,15533,11/23/2003 20:46,6.28,deg C,ABM,HOBO,QC_280706_15533_Water_20031019_20040228.csv,P,None,8/30/2025 13:14,Upload,8/30/2025 13:14,Upload
280706,15533,11/23/2003 21:46,6.28,deg C,ABM,HOBO,QC_280706_15533_Water_20031019_20040228.csv,P,None,8/30/2025 13:14,Upload,8/30/2025 13:14,Upload
280706,15533,11/23/2003 22:46,6.28,deg C,ABM,HOBO,QC_280706_15533_Water_20031019_20040228.csv,P,None,8/30/2025 13:14,Upload,8/30/2025 13:14,Upload
280706,15533,11/23/2003 23:46,6.28,deg C,ABM,HOBO,QC_280706_15533_Water_20031019_20040228.csv,P,None,8/30/2025 13:14,Upload,8/30/2025 13:14,Upload
280706,15533,11/24/2003 0:46,6.12,deg C,ABM,HOBO,QC_280706_15533_Water_20031019_20040228.csv,P,None,8/30/2025 13:14,Upload,8/30/2025 13:14,Upload
280706,15533,11/24/2003 1:46,6.12,deg C,ABM,HOBO,QC_280706_15533_Water_20031019_20040228.csv,P,None,8/30/2025 13:14,Upload,8/30/2025 13:14,Upload
280706,15533,11/24/2003 2:46,6.12,deg C,ABM,HOBO,QC_280706_15533_Water_20031019_20040228.csv,P,None,8/30/2025 13:14,Upload,8/30/2025 13:14,Upload
280706,15533,11/24/2003 3:46,5.97,deg C,ABM,HOBO,QC_280706_15533_Water_20031019_20040228.csv,P,None,8/30/2025 13:14,Upload,8/30/2025 13:14,Upload
280706,15533,11/24/2003 4:46,5.97,deg C,ABM,HOBO,QC_280706_15533_Water_20031019_20040228.csv,P,None,8/30/2025 13:14,Upload,8/30/2025 13:14,Upload
280706,15533,11/24/2003 5:46,5.97,deg C,ABM,HOBO,QC_280706_15533_Water_20031019_20040228.csv,P,None,8/30/2025 13:14,Upload,8/30/2025 13:14,Upload
280706,15533,11/24/2003 6:46,5.97,deg C,ABM,HOBO,QC_280706_15533_Water_20031019_20040228.csv,P,None,8/30/2025 13:14,Upload,8/30/2025 13:14,Upload
280706,15533,11/24/2003 7:46,5.97,deg C,ABM,HOBO,QC_280706_15533_Water_20031019_20040228.csv,P,None,8/30/2025 13:14,Upload,8/30/2025 13:14,Upload
280706,15533,11/24/2003 8:46,5.97,deg C,ABM,HOBO,QC_280706_15533_Water_20031019_20040228.csv,P,None,8/30/2025 13:14,Upload,8/30/2025 13:14,Upload
280706,15533,11/24/2003 9:46,5.97,deg C,ABM,HOBO,QC_280706_15533_Water_20031019_20040228.csv,P,None,8/30/2025 13:14,Upload,8/30/2025 13:14,Upload
280706,15533,11/24/2003 10:46,5.97,deg C,ABM,HOBO,QC_280706_15533_Water_20031019_20040228.csv,P,None,8/30/2025 13:14,Upload,8/30/2025 13:14,Upload
280706,15533,11/24/2003 11:46,5.97,deg C,ABM,HOBO,QC_280706_15533_Water_20031019_20040228.csv,P,None,8/30/2025 13:14,Upload,8/30/2025 13:14,Upload
280706,15533,11/24/2003 12:46,5.97,deg C,ABM,HOBO,QC_280706_15533_Water_20031019_20040228.csv,P,None,8/30/2025 13:14,Upload,8/30/2025 13:14,Upload
280706,15533,11/24/2003 13:46,6.12,deg C,ABM,HOBO,QC_280706_15533_Water_20031019_20040228.csv,P,None,8/30/2025 13:14,Upload,8/30/2025 13:14,Upload
280706,15533,11/24/2003 14:46,6.12,deg C,ABM,HOBO,QC_280706_15533_Water_20031019_20040228.csv,P,None,8/30/2025 13:14,Upload,8/30/2025 13:14,Upload
280706,15533,11/24/2003 15:46,6.12,deg C,ABM,HOBO,QC_280706_15533_Water_20031019_20040228.csv,P,None,8/30/2025 13:14,Upload,8/30/2025 13:14,Upload
280706,15533,11/24/2003 16:46,6.28,deg C,ABM,HOBO,QC_280706_15533_Water_20031019_20040228.csv,P,None,8/30/2025 13:14,Upload,8/30/2025 13:14,Upload
280706,15533,11/24/2003 17:46,6.28,deg C,ABM,HOBO,QC_280706_15533_Water_20031019_20040228.csv,P,None,8/30/2025 13:14,Upload,8/30/2025 13:14,Upload
280706,15533,11/24/2003 18:46,6.43,deg C,ABM,HOBO,QC_280706_15533_Water_20031019_20040228.csv,P,None,8/30/2025 13:14,Upload,8/30/2025 13:14,Upload
280706,15533,11/24/2003 19:46,6.43,deg C,ABM,HOBO,QC_280706_15533_Water_20031019_20040228.csv,P,None,8/30/2025 13:14,Upload,8/30/2025 13:14,Upload
280706,15533,11/24/2003 20:46,6.43,deg C,ABM,HOBO,QC_280706_15533_Water_20031019_20040228.csv,P,None,8/30/2025 13:14,Upload,8/30/2025 13:14,Upload
280706,15533,11/24/2003 21:46,6.43,deg C,ABM,HOBO,QC_280706_15533_Water_20031019_20040228.csv,P,None,8/30/2025 13:14,Upload,8/30/2025 13:14,Upload
280706,15533,11/24/2003 22:46,6.28,deg C,ABM,HOBO,QC_280706_15533_Water_20031019_20040228.csv,P,None,8/30/2025 13:14,Upload,8/30/2025 13:14,Upload
280706,15533,11/24/2003 23:46,6.28,deg C,ABM,HOBO,QC_280706_15533_Water_20031019_20040228.csv,P,None,8/30/2025 13:14,Upload,8/30/2025 13:14,Upload
280706,15533,11/25/2003 0:46,6.28,deg C,ABM,HOBO,QC_280706_15533_Water_20031019_20040228.csv,P,None,8/30/2025 13:14,Upload,8/30/2025 13:14,Upload
280706,15533,11/25/2003 1:46,6.12,deg C,ABM,HOBO,QC_280706_15533_Water_20031019_20040228.csv,P,None,8/30/2025 13:14,Upload,8/30/2025 13:14,Upload
280706,15533,11/25/2003 2:46,5.97,deg C,ABM,HOBO,QC_280706_15533_Water_20031019_20040228.csv,P,None,8/30/2025 13:14,Upload,8/30/2025 13:14,Upload
280706,15533,11/25/2003 3:46,5.97,deg C,ABM,HOBO,QC_280706_15533_Water_20031019_20040228.csv,P,None,8/30/2025 13:14,Upload,8/30/2025 13:14,Upload
280706,15533,11/25/2003 4:46,5.97,deg C,ABM,HOBO,QC_280706_15533_Water_20031019_20040228.csv,P,None,8/30/2025 13:14,Upload,8/30/2025 13:14,Upload
280706,15533,11/25/2003 5:46,5.97,deg C,ABM,HOBO,QC_280706_15533_Water_20031019_20040228.csv,P,None,8/30/2025 13:14,Upload,8/30/2025 13:14,Upload
280706,15533,11/25/2003 6:46,5.97,deg C,ABM,HOBO,QC_280706_15533_Water_20031019_20040228.csv,P,None,8/30/2025 13:14,Upload,8/30/2025 13:14,Upload
280706,15533,11/25/2003 7:46,5.97,deg C,ABM,HOBO,QC_280706_15533_Water_20031019_20040228.csv,P,None,8/30/2025 13:14,Upload,8/30/2025 13:14,Upload
280706,15533,11/25/2003 8:46,5.97,deg C,ABM,HOBO,QC_280706_15533_Water_20031019_20040228.csv,P,None,8/30/2025 13:14,Upload,8/30/2025 13:14,Upload
280706,15533,11/25/2003 9:46,5.97,deg C,ABM,HOBO,QC_280706_15533_Water_20031019_20040228.csv,P,None,8/30/2025 13:14,Upload,8/30/2025 13:14,Upload
280706,15533,11/25/2003 10:46,5.97,deg C,ABM,HOBO,QC_280706_15533_Water_20031019_20040228.csv,P,None,8/30/2025 13:14,Upload,8/30/2025 13:14,Upload
280706,15533,11/25/2003 11:46,5.97,deg C,ABM,HOBO,QC_280706_15533_Water_20031019_20040228.csv,P,None,8/30/2025 13:14,Upload,8/30/2025 13:14,Upload
280706,15533,11/25/2003 12:46,5.97,deg C,ABM,HOBO,QC_280706_15533_Water_20031019_20040228.csv,P,None,8/30/2025 13:14,Upload,8/30/2025 13:14,Upload
280706,15533,11/25/2003 13:46,6.12,deg C,ABM,HOBO,QC_280706_15533_Water_20031019_20040228.csv,P,None,8/30/2025 13:14,Upload,8/30/2025 13:14,Upload
280706,15533,11/25/2003 14:46,6.12,deg C,ABM,HOBO,QC_280706_15533_Water_20031019_20040228.csv,P,None,8/30/2025 13:14,Upload,8/30/2025 13:14,Upload
280706,15533,11/25/2003 15:46,6.12,deg C,ABM,HOBO,QC_280706_15533_Water_20031019_20040228.csv,P,None,8/30/2025 13:14,Upload,8/30/2025 13:14,Upload
280706,15533,11/25/2003 16:46,6.12,deg C,ABM,HOBO,QC_280706_15533_Water_20031019_20040228.csv,P,None,8/30/2025 13:14,Upload,8/30/2025 13:14,Upload
280706,15533,11/25/2003 17:46,6.12,deg C,ABM,HOBO,QC_280706_15533_Water_20031019_20040228.csv,P,None,8/30/2025 13:14,Upload,8/30/2025 13:14,Upload
280706,15533,11/25/2003 18:46,5.97,deg C,ABM,HOBO,QC_280706_15533_Water_20031019_20040228.csv,P,None,8/30/2025 13:14,Upload,8/30/2025 13:14,Upload
280706,15533,11/25/2003 19:46,5.97,deg C,ABM,HOBO,QC_280706_15533_Water_20031019_20040228.csv,P,None,8/30/2025 13:14,Upload,8/30/2025 13:14,Upload
280706,15533,11/25/2003 20:46,5.97,deg C,ABM,HOBO,QC_280706_15533_Water_20031019_20040228.csv,P,None,8/30/2025 13:14,Upload,8/30/2025 13:14,Upload
280706,15533,11/25/2003 21:46,5.81,deg C,ABM,HOBO,QC_280706_15533_Water_20031019_20040228.csv,P,None,8/30/2025 13:14,Upload,8/30/2025 13:14,Upload
280706,15533,11/25/2003 22:46,5.81,deg C,ABM,HOBO,QC_280706_15533_Water_20031019_20040228.csv,P,None,8/30/2025 13:14,Upload,8/30/2025 13:14,Upload
280706,15533,11/25/2003 23:46,5.66,deg C,ABM,HOBO,QC_280706_15533_Water_20031019_20040228.csv,P,None,8/30/2025 13:14,Upload,8/30/2025 13:14,Upload
280706,15533,11/26/2003 0:46,5.66,deg C,ABM,HOBO,QC_280706_15533_Water_20031019_20040228.csv,P,None,8/30/2025 13:14,Upload,8/30/2025 13:14,Upload
280706,15533,11/26/2003 1:46,5.5,deg C,ABM,HOBO,QC_280706_15533_Water_20031019_20040228.csv,P,None,8/30/2025 13:14,Upload,8/30/2025 13:14,Upload
280706,15533,11/26/2003 2:46,5.5,deg C,ABM,HOBO,QC_280706_15533_Water_20031019_20040228.csv,P,None,8/30/2025 13:14,Upload,8/30/2025 13:14,Upload
280706,15533,11/26/2003 3:46,5.5,deg C,ABM,HOBO,QC_280706_15533_Water_20031019_20040228.csv,P,None,8/30/2025 13:14,Upload,8/30/2025 13:14,Upload
280706,15533,11/26/2003 4:46,5.5,deg C,ABM,HOBO,QC_280706_15533_Water_20031019_20040228.csv,P,None,8/30/2025 13:14,Upload,8/30/2025 13:14,Upload
280706,15533,11/26/2003 5:46,5.5,deg C,ABM,HOBO,QC_280706_15533_Water_20031019_20040228.csv,P,None,8/30/2025 13:14,Upload,8/30/2025 13:14,Upload
280706,15533,11/26/2003 6:46,5.34,deg C,ABM,HOBO,QC_280706_15533_Water_20031019_20040228.csv,P,None,8/30/2025 13:14,Upload,8/30/2025 13:14,Upload
280706,15533,11/26/2003 7:46,5.34,deg C,ABM,HOBO,QC_280706_15533_Water_20031019_20040228.csv,P,None,8/30/2025 13:14,Upload,8/30/2025 13:14,Upload
280706,15533,11/26/2003 8:46,5.34,deg C,ABM,HOBO,QC_280706_15533_Water_20031019_20040228.csv,P,None,8/30/2025 13:14,Upload,8/30/2025 13:14,Upload
280706,15533,11/26/2003 9:46,5.34,deg C,ABM,HOBO,QC_280706_15533_Water_20031019_20040228.csv,P,None,8/30/2025 13:14,Upload,8/30/2025 13:14,Upload
280706,15533,11/26/2003 10:46,5.34,deg C,ABM,HOBO,QC_280706_15533_Water_20031019_20040228.csv,P,None,8/30/2025 13:14,Upload,8/30/2025 13:14,Upload
280706,15533,11/26/2003 11:46,5.34,deg C,ABM,HOBO,QC_280706_15533_Water_20031019_20040228.csv,P,None,8/30/2025 13:14,Upload,8/30/2025 13:14,Upload
280706,15533,11/26/2003 12:46,5.34,deg C,ABM,HOBO,QC_280706_15533_Water_20031019_20040228.csv,P,None,8/30/2025 13:14,Upload,8/30/2025 13:14,Upload
280706,15533,11/26/2003 13:46,5.34,deg C,ABM,HOBO,QC_280706_15533_Water_20031019_20040228.csv,P,None,8/30/2025 13:14,Upload,8/30/2025 13:14,Upload
280706,15533,11/26/2003 14:46,5.34,deg C,ABM,HOBO,QC_280706_15533_Water_20031019_20040228.csv,P,None,8/30/2025 13:14,Upload,8/30/2025 13:14,Upload
280706,15533,11/26/2003 15:46,5.34,deg C,ABM,HOBO,QC_280706_15533_Water_20031019_20040228.csv,P,None,8/30/2025 13:14,Upload,8/30/2025 13:14,Upload
280706,15533,11/26/2003 16:46,5.5,deg C,ABM,HOBO,QC_280706_15533_Water_20031019_20040228.csv,P,None,8/30/2025 13:14,Upload,8/30/2025 13:14,Upload
280706,15533,11/26/2003 17:46,5.5,deg C,ABM,HOBO,QC_280706_15533_Water_20031019_20040228.csv,P,None,8/30/2025 13:14,Upload,8/30/2025 13:14,Upload
280706,15533,11/26/2003 18:46,5.5,deg C,ABM,HOBO,QC_280706_15533_Water_20031019_20040228.csv,P,None,8/30/2025 13:14,Upload,8/30/2025 13:14,Upload
280706,15533,11/26/2003 19:46,5.5,deg C,ABM,HOBO,QC_280706_15533_Water_20031019_20040228.csv,P,None,8/30/2025 13:14,Upload,8/30/2025 13:14,Upload
280706,15533,11/26/2003 20:46,5.5,deg C,ABM,HOBO,QC_280706_15533_Water_20031019_20040228.csv,P,None,8/30/2025 13:14,Upload,8/30/2025 13:14,Upload
280706,15533,11/26/2003 21:46,5.5,deg C,ABM,HOBO,QC_280706_15533_Water_20031019_20040228.csv,P,None,8/30/2025 13:14,Upload,8/30/2025 13:14,Upload
280706,15533,11/26/2003 22:46,5.5,deg C,ABM,HOBO,QC_280706_15533_Water_20031019_20040228.csv,P,None,8/30/2025 13:14,Upload,8/30/2025 13:14,Upload
280706,15533,11/26/2003 23:46,5.34,deg C,ABM,HOBO,QC_280706_15533_Water_20031019_20040228.csv,P,None,8/30/2025 13:14,Upload,8/30/2025 13:14,Upload
280706,15533,11/27/2003 0:46,5.34,deg C,ABM,HOBO,QC_280706_15533_Water_20031019_20040228.csv,P,None,8/30/2025 13:14,Upload,8/30/2025 13:14,Upload
280706,15533,11/27/2003 1:46,5.34,deg C,ABM,HOBO,QC_280706_15533_Water_20031019_20040228.csv,P,None,8/30/2025 13:14,Upload,8/30/2025 13:14,Upload
280706,15533,11/27/2003 2:46,5.19,deg C,ABM,HOBO,QC_280706_15533_Water_20031019_20040228.csv,P,None,8/30/2025 13:14,Upload,8/30/2025 13:14,Upload
280706,15533,11/27/2003 3:46,5.19,deg C,ABM,HOBO,QC_280706_15533_Water_20031019_20040228.csv,P,None,8/30/2025 13:14,Upload,8/30/2025 13:14,Upload
280706,15533,11/27/2003 4:46,5.19,deg C,ABM,HOBO,QC_280706_15533_Water_20031019_20040228.csv,P,None,8/30/2025 13:14,Upload,8/30/2025 13:14,Upload
280706,15533,11/27/2003 5:46,5.19,deg C,ABM,HOBO,QC_280706_15533_Water_20031019_20040228.csv,P,None,8/30/2025 13:14,Upload,8/30/2025 13:14,Upload
280706,15533,11/27/2003 6:46,5.19,deg C,ABM,HOBO,QC_280706_15533_Water_20031019_20040228.csv,P,None,8/30/2025 13:14,Upload,8/30/2025 13:14,Upload
280706,15533,11/27/2003 7:46,5.19,deg C,ABM,HOBO,QC_280706_15533_Water_20031019_20040228.csv,P,None,8/30/2025 13:14,Upload,8/30/2025 13:14,Upload
280706,15533,11/27/2003 8:46,5.19,deg C,ABM,HOBO,QC_280706_15533_Water_20031019_20040228.csv,P,None,8/30/2025 13:14,Upload,8/30/2025 13:14,Upload
280706,15533,11/27/2003 9:46,5.19,deg C,ABM,HOBO,QC_280706_15533_Water_20031019_20040228.csv,P,None,8/30/2025 13:14,Upload,8/30/2025 13:14,Upload
280706,15533,11/27/2003 10:46,5.19,deg C,ABM,HOBO,QC_280706_15533_Water_20031019_20040228.csv,P,None,8/30/2025 13:14,Upload,8/30/2025 13:14,Upload
280706,15533,11/27/2003 11:46,5.19,deg C,ABM,HOBO,QC_280706_15533_Water_20031019_20040228.csv,P,None,8/30/2025 13:14,Upload,8/30/2025 13:14,Upload
280706,15533,11/27/2003 12:46,5.34,deg C,ABM,HOBO,QC_280706_15533_Water_20031019_20040228.csv,P,None,8/30/2025 13:14,Upload,8/30/2025 13:14,Upload
280706,15533,11/27/2003 13:46,5.34,deg C,ABM,HOBO,QC_280706_15533_Water_20031019_20040228.csv,P,None,8/30/2025 13:14,Upload,8/30/2025 13:14,Upload
280706,15533,11/27/2003 14:46,5.34,deg C,ABM,HOBO,QC_280706_15533_Water_20031019_20040228.csv,P,None,8/30/2025 13:14,Upload,8/30/2025 13:14,Upload
280706,15533,11/27/2003 15:46,5.5,deg C,ABM,HOBO,QC_280706_15533_Water_20031019_20040228.csv,P,None,8/30/2025 13:14,Upload,8/30/2025 13:14,Upload
280706,15533,11/27/2003 16:46,5.34,deg C,ABM,HOBO,QC_280706_15533_Water_20031019_20040228.csv,P,None,8/30/2025 13:14,Upload,8/30/2025 13:14,Upload
280706,15533,11/27/2003 17:46,5.5,deg C,ABM,HOBO,QC_280706_15533_Water_20031019_20040228.csv,P,None,8/30/2025 13:14,Upload,8/30/2025 13:14,Upload
280706,15533,11/27/2003 18:46,5.5,deg C,ABM,HOBO,QC_280706_15533_Water_20031019_20040228.csv,P,None,8/30/2025 13:14,Upload,8/30/2025 13:14,Upload
280706,15533,11/27/2003 19:46,5.5,deg C,ABM,HOBO,QC_280706_15533_Water_20031019_20040228.csv,P,None,8/30/2025 13:14,Upload,8/30/2025 13:14,Upload
280706,15533,11/27/2003 20:46,5.5,deg C,ABM,HOBO,QC_280706_15533_Water_20031019_20040228.csv,P,None,8/30/2025 13:14,Upload,8/30/2025 13:14,Upload
280706,15533,11/27/2003 21:46,5.5,deg C,ABM,HOBO,QC_280706_15533_Water_20031019_20040228.csv,P,None,8/30/2025 13:14,Upload,8/30/2025 13:14,Upload
280706,15533,11/27/2003 22:46,5.5,deg C,ABM,HOBO,QC_280706_15533_Water_20031019_20040228.csv,P,None,8/30/2025 13:14,Upload,8/30/2025 13:14,Upload
280706,15533,11/27/2003 23:46,5.5,deg C,ABM,HOBO,QC_280706_15533_Water_20031019_20040228.csv,P,None,8/30/2025 13:14,Upload,8/30/2025 13:14,Upload
280706,15533,11/28/2003 0:46,5.5,deg C,ABM,HOBO,QC_280706_15533_Water_20031019_20040228.csv,P,None,8/30/2025 13:14,Upload,8/30/2025 13:14,Upload
280706,15533,11/28/2003 1:46,5.5,deg C,ABM,HOBO,QC_280706_15533_Water_20031019_20040228.csv,P,None,8/30/2025 13:14,Upload,8/30/2025 13:14,Upload
280706,15533,11/28/2003 2:46,5.5,deg C,ABM,HOBO,QC_280706_15533_Water_20031019_20040228.csv,P,None,8/30/2025 13:14,Upload,8/30/2025 13:14,Upload
280706,15533,11/28/2003 3:46,5.34,deg C,ABM,HOBO,QC_280706_15533_Water_20031019_20040228.csv,P,None,8/30/2025 13:14,Upload,8/30/2025 13:14,Upload
280706,15533,11/28/2003 4:46,5.34,deg C,ABM,HOBO,QC_280706_15533_Water_20031019_20040228.csv,P,None,8/30/2025 13:14,Upload,8/30/2025 13:14,Upload
280706,15533,11/28/2003 5:46,5.34,deg C,ABM,HOBO,QC_280706_15533_Water_20031019_20040228.csv,P,None,8/30/2025 13:14,Upload,8/30/2025 13:14,Upload
280706,15533,11/28/2003 6:46,5.34,deg C,ABM,HOBO,QC_280706_15533_Water_20031019_20040228.csv,P,None,8/30/2025 13:14,Upload,8/30/2025 13:14,Upload
280706,15533,11/28/2003 7:46,5.34,deg C,ABM,HOBO,QC_280706_15533_Water_20031019_20040228.csv,P,None,8/30/2025 13:14,Upload,8/30/2025 13:14,Upload
280706,15533,11/28/2003 8:46,5.34,deg C,ABM,HOBO,QC_280706_15533_Water_20031019_20040228.csv,P,None,8/30/2025 13:14,Upload,8/30/2025 13:14,Upload
280706,15533,11/28/2003 9:46,5.34,deg C,ABM,HOBO,QC_280706_15533_Water_20031019_20040228.csv,P,None,8/30/2025 13:14,Upload,8/30/2025 13:14,Upload
280706,15533,11/28/2003 10:46,5.34,deg C,ABM,HOBO,QC_280706_15533_Water_20031019_20040228.csv,P,None,8/30/2025 13:14,Upload,8/30/2025 13:14,Upload
280706,15533,11/28/2003 11:46,5.5,deg C,ABM,HOBO,QC_280706_15533_Water_20031019_20040228.csv,P,None,8/30/2025 13:14,Upload,8/30/2025 13:14,Upload
280706,15533,11/28/2003 12:46,5.5,deg C,ABM,HOBO,QC_280706_15533_Water_20031019_20040228.csv,P,None,8/30/2025 13:14,Upload,8/30/2025 13:14,Upload
280706,15533,11/28/2003 13:46,5.5,deg C,ABM,HOBO,QC_280706_15533_Water_20031019_20040228.csv,P,None,8/30/2025 13:14,Upload,8/30/2025 13:14,Upload
280706,15533,11/28/2003 14:46,5.5,deg C,ABM,HOBO,QC_280706_15533_Water_20031019_20040228.csv,P,None,8/30/2025 13:14,Upload,8/30/2025 13:14,Upload
280706,15533,11/28/2003 15:46,5.5,deg C,ABM,HOBO,QC_280706_15533_Water_20031019_20040228.csv,P,None,8/30/2025 13:14,Upload,8/30/2025 13:14,Upload
280706,15533,11/28/2003 16:46,5.5,deg C,ABM,HOBO,QC_280706_15533_Water_20031019_20040228.csv,P,None,8/30/2025 13:14,Upload,8/30/2025 13:14,Upload
280706,15533,11/28/2003 17:46,5.5,deg C,ABM,HOBO,QC_280706_15533_Water_20031019_20040228.csv,P,None,8/30/2025 13:14,Upload,8/30/2025 13:14,Upload
280706,15533,11/28/2003 18:46,5.66,deg C,ABM,HOBO,QC_280706_15533_Water_20031019_20040228.csv,P,None,8/30/2025 13:14,Upload,8/30/2025 13:14,Upload
280706,15533,11/28/2003 19:46,5.66,deg C,ABM,HOBO,QC_280706_15533_Water_20031019_20040228.csv,P,None,8/30/2025 13:14,Upload,8/30/2025 13:14,Upload
280706,15533,11/28/2003 20:46,5.66,deg C,ABM,HOBO,QC_280706_15533_Water_20031019_20040228.csv,P,None,8/30/2025 13:14,Upload,8/30/2025 13:14,Upload
280706,15533,11/28/2003 21:46,5.81,deg C,ABM,HOBO,QC_280706_15533_Water_20031019_20040228.csv,P,None,8/30/2025 13:14,Upload,8/30/2025 13:14,Upload
280706,15533,11/28/2003 22:46,5.97,deg C,ABM,HOBO,QC_280706_15533_Water_20031019_20040228.csv,P,None,8/30/2025 13:14,Upload,8/30/2025 13:14,Upload
280706,15533,11/28/2003 23:46,6.28,deg C,ABM,HOBO,QC_280706_15533_Water_20031019_20040228.csv,P,None,8/30/2025 13:14,Upload,8/30/2025 13:14,Upload
280706,15533,11/29/2003 0:46,6.28,deg C,ABM,HOBO,QC_280706_15533_Water_20031019_20040228.csv,P,None,8/30/2025 13:14,Upload,8/30/2025 13:14,Upload
280706,15533,11/29/2003 1:46,6.43,deg C,ABM,HOBO,QC_280706_15533_Water_20031019_20040228.csv,P,None,8/30/2025 13:14,Upload,8/30/2025 13:14,Upload
280706,15533,11/29/2003 2:46,6.43,deg C,ABM,HOBO,QC_280706_15533_Water_20031019_20040228.csv,P,None,8/30/2025 13:14,Upload,8/30/2025 13:14,Upload
280706,15533,11/29/2003 3:46,6.43,deg C,ABM,HOBO,QC_280706_15533_Water_20031019_20040228.csv,P,None,8/30/2025 13:14,Upload,8/30/2025 13:14,Upload
280706,15533,11/29/2003 4:46,6.43,deg C,ABM,HOBO,QC_280706_15533_Water_20031019_20040228.csv,P,None,8/30/2025 13:14,Upload,8/30/2025 13:14,Upload
280706,15533,11/29/2003 5:46,6.43,deg C,ABM,HOBO,QC_280706_15533_Water_20031019_20040228.csv,P,None,8/30/2025 13:14,Upload,8/30/2025 13:14,Upload
280706,15533,11/29/2003 6:46,6.43,deg C,ABM,HOBO,QC_280706_15533_Water_20031019_20040228.csv,P,None,8/30/2025 13:14,Upload,8/30/2025 13:14,Upload
280706,15533,11/29/2003 7:46,6.43,deg C,ABM,HOBO,QC_280706_15533_Water_20031019_20040228.csv,P,None,8/30/2025 13:14,Upload,8/30/2025 13:14,Upload
280706,15533,11/29/2003 8:46,6.28,deg C,ABM,HOBO,QC_280706_15533_Water_20031019_20040228.csv,P,None,8/30/2025 13:14,Upload,8/30/2025 13:14,Upload
280706,15533,11/29/2003 9:46,6.28,deg C,ABM,HOBO,QC_280706_15533_Water_20031019_20040228.csv,P,None,8/30/2025 13:14,Upload,8/30/2025 13:14,Upload
280706,15533,11/29/2003 10:46,6.28,deg C,ABM,HOBO,QC_280706_15533_Water_20031019_20040228.csv,P,None,8/30/2025 13:14,Upload,8/30/2025 13:14,Upload
280706,15533,11/29/2003 11:46,6.28,deg C,ABM,HOBO,QC_280706_15533_Water_20031019_20040228.csv,P,None,8/30/2025 13:14,Upload,8/30/2025 13:14,Upload
280706,15533,11/29/2003 12:46,6.12,deg C,ABM,HOBO,QC_280706_15533_Water_20031019_20040228.csv,P,None,8/30/2025 13:14,Upload,8/30/2025 13:14,Upload
280706,15533,11/29/2003 13:46,6.12,deg C,ABM,HOBO,QC_280706_15533_Water_20031019_20040228.csv,P,None,8/30/2025 13:14,Upload,8/30/2025 13:14,Upload
280706,15533,11/29/2003 14:46,6.12,deg C,ABM,HOBO,QC_280706_15533_Water_20031019_20040228.csv,P,None,8/30/2025 13:14,Upload,8/30/2025 13:14,Upload
280706,15533,11/29/2003 15:46,6.12,deg C,ABM,HOBO,QC_280706_15533_Water_20031019_20040228.csv,P,None,8/30/2025 13:14,Upload,8/30/2025 13:14,Upload
280706,15533,11/29/2003 16:46,6.12,deg C,ABM,HOBO,QC_280706_15533_Water_20031019_20040228.csv,P,None,8/30/2025 13:14,Upload,8/30/2025 13:14,Upload
280706,15533,11/29/2003 17:46,6.12,deg C,ABM,HOBO,QC_280706_15533_Water_20031019_20040228.csv,P,None,8/30/2025 13:14,Upload,8/30/2025 13:14,Upload
280706,15533,11/29/2003 18:46,6.12,deg C,ABM,HOBO,QC_280706_15533_Water_20031019_20040228.csv,P,None,8/30/2025 13:14,Upload,8/30/2025 13:14,Upload
280706,15533,11/29/2003 19:46,6.12,deg C,ABM,HOBO,QC_280706_15533_Water_20031019_20040228.csv,P,None,8/30/2025 13:14,Upload,8/30/2025 13:14,Upload
280706,15533,11/29/2003 20:46,6.12,deg C,ABM,HOBO,QC_280706_15533_Water_20031019_20040228.csv,P,None,8/30/2025 13:14,Upload,8/30/2025 13:14,Upload
280706,15533,11/29/2003 21:46,6.12,deg C,ABM,HOBO,QC_280706_15533_Water_20031019_20040228.csv,P,None,8/30/2025 13:14,Upload,8/30/2025 13:14,Upload
280706,15533,11/29/2003 22:46,5.97,deg C,ABM,HOBO,QC_280706_15533_Water_20031019_20040228.csv,P,None,8/30/2025 13:14,Upload,8/30/2025 13:14,Upload
280706,15533,11/29/2003 23:46,5.97,deg C,ABM,HOBO,QC_280706_15533_Water_20031019_20040228.csv,P,None,8/30/2025 13:14,Upload,8/30/2025 13:14,Upload
280706,15533,11/30/2003 0:46,5.97,deg C,ABM,HOBO,QC_280706_15533_Water_20031019_20040228.csv,P,None,8/30/2025 13:14,Upload,8/30/2025 13:14,Upload
280706,15533,11/30/2003 1:46,5.81,deg C,ABM,HOBO,QC_280706_15533_Water_20031019_20040228.csv,P,None,8/30/2025 13:14,Upload,8/30/2025 13:14,Upload
280706,15533,11/30/2003 2:46,5.81,deg C,ABM,HOBO,QC_280706_15533_Water_20031019_20040228.csv,P,None,8/30/2025 13:14,Upload,8/30/2025 13:14,Upload
280706,15533,11/30/2003 3:46,5.81,deg C,ABM,HOBO,QC_280706_15533_Water_20031019_20040228.csv,P,None,8/30/2025 13:14,Upload,8/30/2025 13:14,Upload
280706,15533,11/30/2003 4:46,5.81,deg C,ABM,HOBO,QC_280706_15533_Water_20031019_20040228.csv,P,None,8/30/2025 13:14,Upload,8/30/2025 13:14,Upload
280706,15533,11/30/2003 5:46,5.66,deg C,ABM,HOBO,QC_280706_15533_Water_20031019_20040228.csv,P,None,8/30/2025 13:14,Upload,8/30/2025 13:14,Upload
280706,15533,11/30/2003 6:46,5.66,deg C,ABM,HOBO,QC_280706_15533_Water_20031019_20040228.csv,P,None,8/30/2025 13:14,Upload,8/30/2025 13:14,Upload
280706,15533,11/30/2003 7:46,5.66,deg C,ABM,HOBO,QC_280706_15533_Water_20031019_20040228.csv,P,None,8/30/2025 13:14,Upload,8/30/2025 13:14,Upload
280706,15533,11/30/2003 8:46,5.66,deg C,ABM,HOBO,QC_280706_15533_Water_20031019_20040228.csv,P,None,8/30/2025 13:14,Upload,8/30/2025 13:14,Upload
280706,15533,11/30/2003 9:46,5.66,deg C,ABM,HOBO,QC_280706_15533_Water_20031019_20040228.csv,P,None,8/30/2025 13:14,Upload,8/30/2025 13:14,Upload
280706,15533,11/30/2003 10:46,5.66,deg C,ABM,HOBO,QC_280706_15533_Water_20031019_20040228.csv,P,None,8/30/2025 13:14,Upload,8/30/2025 13:14,Upload
280706,15533,11/30/2003 11:46,5.66,deg C,ABM,HOBO,QC_280706_15533_Water_20031019_20040228.csv,P,None,8/30/2025 13:14,Upload,8/30/2025 13:14,Upload
280706,15533,11/30/2003 12:46,5.66,deg C,ABM,HOBO,QC_280706_15533_Water_20031019_20040228.csv,P,None,8/30/2025 13:14,Upload,8/30/2025 13:14,Upload
280706,15533,11/30/2003 13:46,5.66,deg C,ABM,HOBO,QC_280706_15533_Water_20031019_20040228.csv,P,None,8/30/2025 13:14,Upload,8/30/2025 13:14,Upload
280706,15533,11/30/2003 14:46,5.66,deg C,ABM,HOBO,QC_280706_15533_Water_20031019_20040228.csv,P,None,8/30/2025 13:14,Upload,8/30/2025 13:14,Upload
280706,15533,11/30/2003 15:46,5.81,deg C,ABM,HOBO,QC_280706_15533_Water_20031019_20040228.csv,P,None,8/30/2025 13:14,Upload,8/30/2025 13:14,Upload
280706,15533,11/30/2003 16:46,5.81,deg C,ABM,HOBO,QC_280706_15533_Water_20031019_20040228.csv,P,None,8/30/2025 13:14,Upload,8/30/2025 13:14,Upload
280706,15533,11/30/2003 17:46,5.81,deg C,ABM,HOBO,QC_280706_15533_Water_20031019_20040228.csv,P,None,8/30/2025 13:14,Upload,8/30/2025 13:14,Upload
280706,15533,11/30/2003 18:46,5.81,deg C,ABM,HOBO,QC_280706_15533_Water_20031019_20040228.csv,P,None,8/30/2025 13:14,Upload,8/30/2025 13:14,Upload
280706,15533,11/30/2003 19:46,5.81,deg C,ABM,HOBO,QC_280706_15533_Water_20031019_20040228.csv,P,None,8/30/2025 13:14,Upload,8/30/2025 13:14,Upload
280706,15533,11/30/2003 20:46,5.81,deg C,ABM,HOBO,QC_280706_15533_Water_20031019_20040228.csv,P,None,8/30/2025 13:14,Upload,8/30/2025 13:14,Upload
280706,15533,11/30/2003 21:46,5.81,deg C,ABM,HOBO,QC_280706_15533_Water_20031019_20040228.csv,P,None,8/30/2025 13:14,Upload,8/30/2025 13:14,Upload
280706,15533,11/30/2003 22:46,5.66,deg C,ABM,HOBO,QC_280706_15533_Water_20031019_20040228.csv,P,None,8/30/2025 13:14,Upload,8/30/2025 13:14,Upload
280706,15533,11/30/2003 23:46,5.66,deg C,ABM,HOBO,QC_280706_15533_Water_20031019_20040228.csv,P,None,8/30/2025 13:14,Upload,8/30/2025 13:14,Upload
280706,15533,12/1/2003 0:46,5.66,deg C,ABM,HOBO,QC_280706_15533_Water_20031019_20040228.csv,P,None,8/30/2025 13:14,Upload,8/30/2025 13:14,Upload
280706,15533,12/1/2003 1:46,5.5,deg C,ABM,HOBO,QC_280706_15533_Water_20031019_20040228.csv,P,None,8/30/2025 13:14,Upload,8/30/2025 13:14,Upload
280706,15533,12/1/2003 2:46,5.5,deg C,ABM,HOBO,QC_280706_15533_Water_20031019_20040228.csv,P,None,8/30/2025 13:14,Upload,8/30/2025 13:14,Upload
280706,15533,12/1/2003 3:46,5.5,deg C,ABM,HOBO,QC_280706_15533_Water_20031019_20040228.csv,P,None,8/30/2025 13:14,Upload,8/30/2025 13:14,Upload
280706,15533,12/1/2003 4:46,5.5,deg C,ABM,HOBO,QC_280706_15533_Water_20031019_20040228.csv,P,None,8/30/2025 13:14,Upload,8/30/2025 13:14,Upload
280706,15533,12/1/2003 5:46,5.34,deg C,ABM,HOBO,QC_280706_15533_Water_20031019_20040228.csv,P,None,8/30/2025 13:14,Upload,8/30/2025 13:14,Upload
280706,15533,12/1/2003 6:46,5.34,deg C,ABM,HOBO,QC_280706_15533_Water_20031019_20040228.csv,P,None,8/30/2025 13:14,Upload,8/30/2025 13:14,Upload
280706,15533,12/1/2003 7:46,5.34,deg C,ABM,HOBO,QC_280706_15533_Water_20031019_20040228.csv,P,None,8/30/2025 13:14,Upload,8/30/2025 13:14,Upload
280706,15533,12/1/2003 8:46,5.34,deg C,ABM,HOBO,QC_280706_15533_Water_20031019_20040228.csv,P,None,8/30/2025 13:14,Upload,8/30/2025 13:14,Upload
280706,15533,12/1/2003 9:46,5.19,deg C,ABM,HOBO,QC_280706_15533_Water_20031019_20040228.csv,P,None,8/30/2025 13:14,Upload,8/30/2025 13:14,Upload
280706,15533,12/1/2003 10:46,5.34,deg C,ABM,HOBO,QC_280706_15533_Water_20031019_20040228.csv,P,None,8/30/2025 13:14,Upload,8/30/2025 13:14,Upload
280706,15533,12/1/2003 11:46,5.34,deg C,ABM,HOBO,QC_280706_15533_Water_20031019_20040228.csv,P,None,8/30/2025 13:14,Upload,8/30/2025 13:14,Upload
280706,15533,12/1/2003 12:46,5.34,deg C,ABM,HOBO,QC_280706_15533_Water_20031019_20040228.csv,P,None,8/30/2025 13:14,Upload,8/30/2025 13:14,Upload
280706,15533,12/1/2003 13:46,5.34,deg C,ABM,HOBO,QC_280706_15533_Water_20031019_20040228.csv,P,None,8/30/2025 13:14,Upload,8/30/2025 13:14,Upload
280706,15533,12/1/2003 14:46,5.34,deg C,ABM,HOBO,QC_280706_15533_Water_20031019_20040228.csv,P,None,8/30/2025 13:14,Upload,8/30/2025 13:14,Upload
280706,15533,12/1/2003 15:46,5.34,deg C,ABM,HOBO,QC_280706_15533_Water_20031019_20040228.csv,P,None,8/30/2025 13:14,Upload,8/30/2025 13:14,Upload
280706,15533,12/1/2003 16:46,5.34,deg C,ABM,HOBO,QC_280706_15533_Water_20031019_20040228.csv,P,None,8/30/2025 13:14,Upload,8/30/2025 13:14,Upload
280706,15533,12/1/2003 17:46,5.34,deg C,ABM,HOBO,QC_280706_15533_Water_20031019_20040228.csv,P,None,8/30/2025 13:14,Upload,8/30/2025 13:14,Upload
280706,15533,12/1/2003 18:46,5.34,deg C,ABM,HOBO,QC_280706_15533_Water_20031019_20040228.csv,P,None,8/30/2025 13:14,Upload,8/30/2025 13:14,Upload
280706,15533,12/1/2003 19:46,5.34,deg C,ABM,HOBO,QC_280706_15533_Water_20031019_20040228.csv,P,None,8/30/2025 13:14,Upload,8/30/2025 13:14,Upload
280706,15533,12/1/2003 20:46,5.19,deg C,ABM,HOBO,QC_280706_15533_Water_20031019_20040228.csv,P,None,8/30/2025 13:14,Upload,8/30/2025 13:14,Upload
280706,15533,12/1/2003 21:46,5.19,deg C,ABM,HOBO,QC_280706_15533_Water_20031019_20040228.csv,P,None,8/30/2025 13:14,Upload,8/30/2025 13:14,Upload
280706,15533,12/1/2003 22:46,5.19,deg C,ABM,HOBO,QC_280706_15533_Water_20031019_20040228.csv,P,None,8/30/2025 13:14,Upload,8/30/2025 13:14,Upload
280706,15533,12/1/2003 23:46,5.03,deg C,ABM,HOBO,QC_280706_15533_Water_20031019_20040228.csv,P,None,8/30/2025 13:14,Upload,8/30/2025 13:14,Upload
280706,15533,12/2/2003 0:46,5.03,deg C,ABM,HOBO,QC_280706_15533_Water_20031019_20040228.csv,P,None,8/30/2025 13:14,Upload,8/30/2025 13:14,Upload
280706,15533,12/2/2003 1:46,4.88,deg C,ABM,HOBO,QC_280706_15533_Water_20031019_20040228.csv,P,None,8/30/2025 13:14,Upload,8/30/2025 13:14,Upload
280706,15533,12/2/2003 2:46,4.88,deg C,ABM,HOBO,QC_280706_15533_Water_20031019_20040228.csv,P,None,8/30/2025 13:14,Upload,8/30/2025 13:14,Upload
280706,15533,12/2/2003 3:46,4.72,deg C,ABM,HOBO,QC_280706_15533_Water_20031019_20040228.csv,P,None,8/30/2025 13:14,Upload,8/30/2025 13:14,Upload
280706,15533,12/2/2003 4:46,4.72,deg C,ABM,HOBO,QC_280706_15533_Water_20031019_20040228.csv,P,None,8/30/2025 13:14,Upload,8/30/2025 13:14,Upload
280706,15533,12/2/2003 5:46,4.57,deg C,ABM,HOBO,QC_280706_15533_Water_20031019_20040228.csv,P,None,8/30/2025 13:14,Upload,8/30/2025 13:14,Upload
280706,15533,12/2/2003 6:46,4.57,deg C,ABM,HOBO,QC_280706_15533_Water_20031019_20040228.csv,P,None,8/30/2025 13:14,Upload,8/30/2025 13:14,Upload
280706,15533,12/2/2003 7:46,4.57,deg C,ABM,HOBO,QC_280706_15533_Water_20031019_20040228.csv,P,None,8/30/2025 13:14,Upload,8/30/2025 13:14,Upload
280706,15533,12/2/2003 8:46,4.41,deg C,ABM,HOBO,QC_280706_15533_Water_20031019_20040228.csv,P,None,8/30/2025 13:14,Upload,8/30/2025 13:14,Upload
280706,15533,12/2/2003 9:46,4.41,deg C,ABM,HOBO,QC_280706_15533_Water_20031019_20040228.csv,P,None,8/30/2025 13:14,Upload,8/30/2025 13:14,Upload
280706,15533,12/2/2003 10:46,4.41,deg C,ABM,HOBO,QC_280706_15533_Water_20031019_20040228.csv,P,None,8/30/2025 13:14,Upload,8/30/2025 13:14,Upload
280706,15533,12/2/2003 11:46,4.41,deg C,ABM,HOBO,QC_280706_15533_Water_20031019_20040228.csv,P,None,8/30/2025 13:14,Upload,8/30/2025 13:14,Upload
280706,15533,12/2/2003 12:46,4.41,deg C,ABM,HOBO,QC_280706_15533_Water_20031019_20040228.csv,P,None,8/30/2025 13:14,Upload,8/30/2025 13:14,Upload
280706,15533,12/2/2003 13:46,4.41,deg C,ABM,HOBO,QC_280706_15533_Water_20031019_20040228.csv,P,None,8/30/2025 13:14,Upload,8/30/2025 13:14,Upload
280706,15533,12/2/2003 14:46,4.41,deg C,ABM,HOBO,QC_280706_15533_Water_20031019_20040228.csv,P,None,8/30/2025 13:14,Upload,8/30/2025 13:14,Upload
280706,15533,12/2/2003 15:46,4.41,deg C,ABM,HOBO,QC_280706_15533_Water_20031019_20040228.csv,P,None,8/30/2025 13:14,Upload,8/30/2025 13:14,Upload
280706,15533,12/2/2003 16:46,4.41,deg C,ABM,HOBO,QC_280706_15533_Water_20031019_20040228.csv,P,None,8/30/2025 13:14,Upload,8/30/2025 13:14,Upload
280706,15533,12/2/2003 17:46,4.26,deg C,ABM,HOBO,QC_280706_15533_Water_20031019_20040228.csv,P,None,8/30/2025 13:14,Upload,8/30/2025 13:14,Upload
280706,15533,12/2/2003 18:46,4.26,deg C,ABM,HOBO,QC_280706_15533_Water_20031019_20040228.csv,P,None,8/30/2025 13:14,Upload,8/30/2025 13:14,Upload
280706,15533,12/2/2003 19:46,4.26,deg C,ABM,HOBO,QC_280706_15533_Water_20031019_20040228.csv,P,None,8/30/2025 13:14,Upload,8/30/2025 13:14,Upload
280706,15533,12/2/2003 20:46,4.1,deg C,ABM,HOBO,QC_280706_15533_Water_20031019_20040228.csv,P,None,8/30/2025 13:14,Upload,8/30/2025 13:14,Upload
280706,15533,12/2/2003 21:46,4.1,deg C,ABM,HOBO,QC_280706_15533_Water_20031019_20040228.csv,P,None,8/30/2025 13:14,Upload,8/30/2025 13:14,Upload
280706,15533,12/2/2003 22:46,3.94,deg C,ABM,HOBO,QC_280706_15533_Water_20031019_20040228.csv,P,None,8/30/2025 13:14,Upload,8/30/2025 13:14,Upload
280706,15533,12/2/2003 23:46,3.94,deg C,ABM,HOBO,QC_280706_15533_Water_20031019_20040228.csv,P,None,8/30/2025 13:14,Upload,8/30/2025 13:14,Upload
280706,15533,12/3/2003 0:46,3.79,deg C,ABM,HOBO,QC_280706_15533_Water_20031019_20040228.csv,P,None,8/30/2025 13:14,Upload,8/30/2025 13:14,Upload
280706,15533,12/3/2003 1:46,3.63,deg C,ABM,HOBO,QC_280706_15533_Water_20031019_20040228.csv,P,None,8/30/2025 13:14,Upload,8/30/2025 13:14,Upload
280706,15533,12/3/2003 2:46,3.47,deg C,ABM,HOBO,QC_280706_15533_Water_20031019_20040228.csv,P,None,8/30/2025 13:14,Upload,8/30/2025 13:14,Upload
280706,15533,12/3/2003 3:46,3.47,deg C,ABM,HOBO,QC_280706_15533_Water_20031019_20040228.csv,P,None,8/30/2025 13:14,Upload,8/30/2025 13:14,Upload
280706,15533,12/3/2003 4:46,3.32,deg C,ABM,HOBO,QC_280706_15533_Water_20031019_20040228.csv,P,None,8/30/2025 13:14,Upload,8/30/2025 13:14,Upload
280706,15533,12/3/2003 5:46,3.32,deg C,ABM,HOBO,QC_280706_15533_Water_20031019_20040228.csv,P,None,8/30/2025 13:14,Upload,8/30/2025 13:14,Upload
280706,15533,12/3/2003 6:46,3.16,deg C,ABM,HOBO,QC_280706_15533_Water_20031019_20040228.csv,P,None,8/30/2025 13:14,Upload,8/30/2025 13:14,Upload
280706,15533,12/3/2003 7:46,3,deg C,ABM,HOBO,QC_280706_15533_Water_20031019_20040228.csv,P,None,8/30/2025 13:14,Upload,8/30/2025 13:14,Upload
280706,15533,12/3/2003 8:46,3,deg C,ABM,HOBO,QC_280706_15533_Water_20031019_20040228.csv,P,None,8/30/2025 13:14,Upload,8/30/2025 13:14,Upload
280706,15533,12/3/2003 9:46,3,deg C,ABM,HOBO,QC_280706_15533_Water_20031019_20040228.csv,P,None,8/30/2025 13:14,Upload,8/30/2025 13:14,Upload
280706,15533,12/3/2003 10:46,3,deg C,ABM,HOBO,QC_280706_15533_Water_20031019_20040228.csv,P,None,8/30/2025 13:14,Upload,8/30/2025 13:14,Upload
280706,15533,12/3/2003 11:46,3,deg C,ABM,HOBO,QC_280706_15533_Water_20031019_20040228.csv,P,None,8/30/2025 13:14,Upload,8/30/2025 13:14,Upload
280706,15533,12/3/2003 12:46,3.16,deg C,ABM,HOBO,QC_280706_15533_Water_20031019_20040228.csv,P,None,8/30/2025 13:14,Upload,8/30/2025 13:14,Upload
280706,15533,12/3/2003 13:46,3.16,deg C,ABM,HOBO,QC_280706_15533_Water_20031019_20040228.csv,P,None,8/30/2025 13:14,Upload,8/30/2025 13:14,Upload
280706,15533,12/3/2003 14:46,3.16,deg C,ABM,HOBO,QC_280706_15533_Water_20031019_20040228.csv,P,None,8/30/2025 13:14,Upload,8/30/2025 13:14,Upload
280706,15533,12/3/2003 15:46,3.16,deg C,ABM,HOBO,QC_280706_15533_Water_20031019_20040228.csv,P,None,8/30/2025 13:14,Upload,8/30/2025 13:14,Upload
280706,15533,12/3/2003 16:46,3.16,deg C,ABM,HOBO,QC_280706_15533_Water_20031019_20040228.csv,P,None,8/30/2025 13:14,Upload,8/30/2025 13:14,Upload
280706,15533,12/3/2003 17:46,3.32,deg C,ABM,HOBO,QC_280706_15533_Water_20031019_20040228.csv,P,None,8/30/2025 13:14,Upload,8/30/2025 13:14,Upload
280706,15533,12/3/2003 18:46,3.32,deg C,ABM,HOBO,QC_280706_15533_Water_20031019_20040228.csv,P,None,8/30/2025 13:14,Upload,8/30/2025 13:14,Upload
280706,15533,12/3/2003 19:46,3.16,deg C,ABM,HOBO,QC_280706_15533_Water_20031019_20040228.csv,P,None,8/30/2025 13:14,Upload,8/30/2025 13:14,Upload
280706,15533,12/3/2003 20:46,3.16,deg C,ABM,HOBO,QC_280706_15533_Water_20031019_20040228.csv,P,None,8/30/2025 13:14,Upload,8/30/2025 13:14,Upload
280706,15533,12/3/2003 21:46,3.16,deg C,ABM,HOBO,QC_280706_15533_Water_20031019_20040228.csv,P,None,8/30/2025 13:14,Upload,8/30/2025 13:14,Upload
280706,15533,12/3/2003 22:46,3,deg C,ABM,HOBO,QC_280706_15533_Water_20031019_20040228.csv,P,None,8/30/2025 13:14,Upload,8/30/2025 13:14,Upload
280706,15533,12/3/2003 23:46,2.84,deg C,ABM,HOBO,QC_280706_15533_Water_20031019_20040228.csv,P,None,8/30/2025 13:14,Upload,8/30/2025 13:14,Upload
280706,15533,12/4/2003 0:46,2.84,deg C,ABM,HOBO,QC_280706_15533_Water_20031019_20040228.csv,P,None,8/30/2025 13:14,Upload,8/30/2025 13:14,Upload
280706,15533,12/4/2003 1:46,2.69,deg C,ABM,HOBO,QC_280706_15533_Water_20031019_20040228.csv,P,None,8/30/2025 13:14,Upload,8/30/2025 13:14,Upload
280706,15533,12/4/2003 2:46,2.53,deg C,ABM,HOBO,QC_280706_15533_Water_20031019_20040228.csv,P,None,8/30/2025 13:14,Upload,8/30/2025 13:14,Upload
280706,15533,12/4/2003 3:46,2.53,deg C,ABM,HOBO,QC_280706_15533_Water_20031019_20040228.csv,P,None,8/30/2025 13:14,Upload,8/30/2025 13:14,Upload
280706,15533,12/4/2003 4:46,2.37,deg C,ABM,HOBO,QC_280706_15533_Water_20031019_20040228.csv,P,None,8/30/2025 13:14,Upload,8/30/2025 13:14,Upload
280706,15533,12/4/2003 5:46,2.37,deg C,ABM,HOBO,QC_280706_15533_Water_20031019_20040228.csv,P,None,8/30/2025 13:14,Upload,8/30/2025 13:14,Upload
280706,15533,12/4/2003 6:46,2.21,deg C,ABM,HOBO,QC_280706_15533_Water_20031019_20040228.csv,P,None,8/30/2025 13:14,Upload,8/30/2025 13:14,Upload
280706,15533,12/4/2003 7:46,2.21,deg C,ABM,HOBO,QC_280706_15533_Water_20031019_20040228.csv,P,None,8/30/2025 13:14,Upload,8/30/2025 13:14,Upload
280706,15533,12/4/2003 8:46,2.06,deg C,ABM,HOBO,QC_280706_15533_Water_20031019_20040228.csv,P,None,8/30/2025 13:14,Upload,8/30/2025 13:14,Upload
280706,15533,12/4/2003 9:46,2.06,deg C,ABM,HOBO,QC_280706_15533_Water_20031019_20040228.csv,P,None,8/30/2025 13:14,Upload,8/30/2025 13:14,Upload
280706,15533,12/4/2003 10:46,2.06,deg C,ABM,HOBO,QC_280706_15533_Water_20031019_20040228.csv,P,None,8/30/2025 13:14,Upload,8/30/2025 13:14,Upload
280706,15533,12/4/2003 11:46,2.21,deg C,ABM,HOBO,QC_280706_15533_Water_20031019_20040228.csv,P,None,8/30/2025 13:14,Upload,8/30/2025 13:14,Upload
280706,15533,12/4/2003 12:46,2.21,deg C,ABM,HOBO,QC_280706_15533_Water_20031019_20040228.csv,P,None,8/30/2025 13:14,Upload,8/30/2025 13:14,Upload
280706,15533,12/4/2003 13:46,2.21,deg C,ABM,HOBO,QC_280706_15533_Water_20031019_20040228.csv,P,None,8/30/2025 13:14,Upload,8/30/2025 13:14,Upload
280706,15533,12/4/2003 14:46,2.37,deg C,ABM,HOBO,QC_280706_15533_Water_20031019_20040228.csv,P,None,8/30/2025 13:14,Upload,8/30/2025 13:14,Upload
280706,15533,12/4/2003 15:46,2.37,deg C,ABM,HOBO,QC_280706_15533_Water_20031019_20040228.csv,P,None,8/30/2025 13:14,Upload,8/30/2025 13:14,Upload
280706,15533,12/4/2003 16:46,2.53,deg C,ABM,HOBO,QC_280706_15533_Water_20031019_20040228.csv,P,None,8/30/2025 13:14,Upload,8/30/2025 13:14,Upload
280706,15533,12/4/2003 17:46,2.53,deg C,ABM,HOBO,QC_280706_15533_Water_20031019_20040228.csv,P,None,8/30/2025 13:14,Upload,8/30/2025 13:14,Upload
280706,15533,12/4/2003 18:46,2.53,deg C,ABM,HOBO,QC_280706_15533_Water_20031019_20040228.csv,P,None,8/30/2025 13:14,Upload,8/30/2025 13:14,Upload
280706,15533,12/4/2003 19:46,2.53,deg C,ABM,HOBO,QC_280706_15533_Water_20031019_20040228.csv,P,None,8/30/2025 13:14,Upload,8/30/2025 13:14,Upload
280706,15533,12/4/2003 20:46,2.53,deg C,ABM,HOBO,QC_280706_15533_Water_20031019_20040228.csv,P,None,8/30/2025 13:14,Upload,8/30/2025 13:14,Upload
280706,15533,12/4/2003 21:46,2.53,deg C,ABM,HOBO,QC_280706_15533_Water_20031019_20040228.csv,P,None,8/30/2025 13:14,Upload,8/30/2025 13:14,Upload
280706,15533,12/4/2003 22:46,2.53,deg C,ABM,HOBO,QC_280706_15533_Water_20031019_20040228.csv,P,None,8/30/2025 13:14,Upload,8/30/2025 13:14,Upload
280706,15533,12/4/2003 23:46,2.53,deg C,ABM,HOBO,QC_280706_15533_Water_20031019_20040228.csv,P,None,8/30/2025 13:14,Upload,8/30/2025 13:14,Upload
280706,15533,12/5/2003 0:46,2.37,deg C,ABM,HOBO,QC_280706_15533_Water_20031019_20040228.csv,P,None,8/30/2025 13:14,Upload,8/30/2025 13:14,Upload
280706,15533,12/5/2003 1:46,2.21,deg C,ABM,HOBO,QC_280706_15533_Water_20031019_20040228.csv,P,None,8/30/2025 13:14,Upload,8/30/2025 13:14,Upload
280706,15533,12/5/2003 2:46,2.21,deg C,ABM,HOBO,QC_280706_15533_Water_20031019_20040228.csv,P,None,8/30/2025 13:14,Upload,8/30/2025 13:14,Upload
280706,15533,12/5/2003 3:46,2.21,deg C,ABM,HOBO,QC_280706_15533_Water_20031019_20040228.csv,P,None,8/30/2025 13:14,Upload,8/30/2025 13:14,Upload
280706,15533,12/5/2003 4:46,2.06,deg C,ABM,HOBO,QC_280706_15533_Water_20031019_20040228.csv,P,None,8/30/2025 13:14,Upload,8/30/2025 13:14,Upload
280706,15533,12/5/2003 5:46,2.06,deg C,ABM,HOBO,QC_280706_15533_Water_20031019_20040228.csv,P,None,8/30/2025 13:14,Upload,8/30/2025 13:14,Upload
280706,15533,12/5/2003 6:46,1.89,deg C,ABM,HOBO,QC_280706_15533_Water_20031019_20040228.csv,P,None,8/30/2025 13:14,Upload,8/30/2025 13:14,Upload
280706,15533,12/5/2003 7:46,1.89,deg C,ABM,HOBO,QC_280706_15533_Water_20031019_20040228.csv,P,None,8/30/2025 13:14,Upload,8/30/2025 13:14,Upload
280706,15533,12/5/2003 8:46,1.74,deg C,ABM,HOBO,QC_280706_15533_Water_20031019_20040228.csv,P,None,8/30/2025 13:14,Upload,8/30/2025 13:14,Upload
280706,15533,12/5/2003 9:46,1.74,deg C,ABM,HOBO,QC_280706_15533_Water_20031019_20040228.csv,P,None,8/30/2025 13:14,Upload,8/30/2025 13:14,Upload
280706,15533,12/5/2003 10:46,1.74,deg C,ABM,HOBO,QC_280706_15533_Water_20031019_20040228.csv,P,None,8/30/2025 13:14,Upload,8/30/2025 13:14,Upload
280706,15533,12/5/2003 11:46,1.74,deg C,ABM,HOBO,QC_280706_15533_Water_20031019_20040228.csv,P,None,8/30/2025 13:14,Upload,8/30/2025 13:14,Upload
280706,15533,12/5/2003 12:46,1.74,deg C,ABM,HOBO,QC_280706_15533_Water_20031019_20040228.csv,P,None,8/30/2025 13:14,Upload,8/30/2025 13:14,Upload
280706,15533,12/5/2003 13:46,1.74,deg C,ABM,HOBO,QC_280706_15533_Water_20031019_20040228.csv,P,None,8/30/2025 13:14,Upload,8/30/2025 13:14,Upload
280706,15533,12/5/2003 14:46,1.74,deg C,ABM,HOBO,QC_280706_15533_Water_20031019_20040228.csv,P,None,8/30/2025 13:14,Upload,8/30/2025 13:14,Upload
280706,15533,12/5/2003 15:46,1.74,deg C,ABM,HOBO,QC_280706_15533_Water_20031019_20040228.csv,P,None,8/30/2025 13:14,Upload,8/30/2025 13:14,Upload
280706,15533,12/5/2003 16:46,1.74,deg C,ABM,HOBO,QC_280706_15533_Water_20031019_20040228.csv,P,None,8/30/2025 13:14,Upload,8/30/2025 13:14,Upload
280706,15533,12/5/2003 17:46,1.74,deg C,ABM,HOBO,QC_280706_15533_Water_20031019_20040228.csv,P,None,8/30/2025 13:14,Upload,8/30/2025 13:14,Upload
280706,15533,12/5/2003 18:46,1.89,deg C,ABM,HOBO,QC_280706_15533_Water_20031019_20040228.csv,P,None,8/30/2025 13:14,Upload,8/30/2025 13:14,Upload
280706,15533,12/5/2003 19:46,1.89,deg C,ABM,HOBO,QC_280706_15533_Water_20031019_20040228.csv,P,None,8/30/2025 13:14,Upload,8/30/2025 13:14,Upload
280706,15533,12/5/2003 20:46,1.89,deg C,ABM,HOBO,QC_280706_15533_Water_20031019_20040228.csv,P,None,8/30/2025 13:14,Upload,8/30/2025 13:14,Upload
280706,15533,12/5/2003 21:46,1.89,deg C,ABM,HOBO,QC_280706_15533_Water_20031019_20040228.csv,P,None,8/30/2025 13:14,Upload,8/30/2025 13:14,Upload
280706,15533,12/5/2003 22:46,1.74,deg C,ABM,HOBO,QC_280706_15533_Water_20031019_20040228.csv,P,None,8/30/2025 13:14,Upload,8/30/2025 13:14,Upload
280706,15533,12/5/2003 23:46,1.74,deg C,ABM,HOBO,QC_280706_15533_Water_20031019_20040228.csv,P,None,8/30/2025 13:14,Upload,8/30/2025 13:14,Upload
280706,15533,12/6/2003 0:46,1.74,deg C,ABM,HOBO,QC_280706_15533_Water_20031019_20040228.csv,P,None,8/30/2025 13:14,Upload,8/30/2025 13:14,Upload
280706,15533,12/6/2003 1:46,1.58,deg C,ABM,HOBO,QC_280706_15533_Water_20031019_20040228.csv,P,None,8/30/2025 13:14,Upload,8/30/2025 13:14,Upload
280706,15533,12/6/2003 2:46,1.58,deg C,ABM,HOBO,QC_280706_15533_Water_20031019_20040228.csv,P,None,8/30/2025 13:14,Upload,8/30/2025 13:14,Upload
280706,15533,12/6/2003 3:46,1.58,deg C,ABM,HOBO,QC_280706_15533_Water_20031019_20040228.csv,P,None,8/30/2025 13:14,Upload,8/30/2025 13:14,Upload
280706,15533,12/6/2003 4:46,1.42,deg C,ABM,HOBO,QC_280706_15533_Water_20031019_20040228.csv,P,None,8/30/2025 13:14,Upload,8/30/2025 13:14,Upload
280706,15533,12/6/2003 5:46,1.42,deg C,ABM,HOBO,QC_280706_15533_Water_20031019_20040228.csv,P,None,8/30/2025 13:14,Upload,8/30/2025 13:14,Upload
280706,15533,12/6/2003 6:46,1.26,deg C,ABM,HOBO,QC_280706_15533_Water_20031019_20040228.csv,P,None,8/30/2025 13:14,Upload,8/30/2025 13:14,Upload
280706,15533,12/6/2003 7:46,1.26,deg C,ABM,HOBO,QC_280706_15533_Water_20031019_20040228.csv,P,None,8/30/2025 13:14,Upload,8/30/2025 13:14,Upload
280706,15533,12/6/2003 8:46,1.26,deg C,ABM,HOBO,QC_280706_15533_Water_20031019_20040228.csv,P,None,8/30/2025 13:14,Upload,8/30/2025 13:14,Upload
280706,15533,12/6/2003 9:46,1.1,deg C,ABM,HOBO,QC_280706_15533_Water_20031019_20040228.csv,P,None,8/30/2025 13:14,Upload,8/30/2025 13:14,Upload
280706,15533,12/6/2003 10:46,1.1,deg C,ABM,HOBO,QC_280706_15533_Water_20031019_20040228.csv,P,None,8/30/2025 13:14,Upload,8/30/2025 13:14,Upload
280706,15533,12/6/2003 11:46,1.1,deg C,ABM,HOBO,QC_280706_15533_Water_20031019_20040228.csv,P,None,8/30/2025 13:14,Upload,8/30/2025 13:14,Upload
280706,15533,12/6/2003 12:46,0.94,deg C,ABM,HOBO,QC_280706_15533_Water_20031019_20040228.csv,P,None,8/30/2025 13:14,Upload,8/30/2025 13:14,Upload
280706,15533,12/6/2003 13:46,0.94,deg C,ABM,HOBO,QC_280706_15533_Water_20031019_20040228.csv,P,None,8/30/2025 13:14,Upload,8/30/2025 13:14,Upload
280706,15533,12/6/2003 14:46,0.94,deg C,ABM,HOBO,QC_280706_15533_Water_20031019_20040228.csv,P,None,8/30/2025 13:14,Upload,8/30/2025 13:14,Upload
280706,15533,12/6/2003 15:46,0.94,deg C,ABM,HOBO,QC_280706_15533_Water_20031019_20040228.csv,P,None,8/30/2025 13:14,Upload,8/30/2025 13:14,Upload
280706,15533,12/6/2003 16:46,0.94,deg C,ABM,HOBO,QC_280706_15533_Water_20031019_20040228.csv,P,None,8/30/2025 13:14,Upload,8/30/2025 13:14,Upload
280706,15533,12/6/2003 17:46,0.94,deg C,ABM,HOBO,QC_280706_15533_Water_20031019_20040228.csv,P,None,8/30/2025 13:14,Upload,8/30/2025 13:14,Upload
280706,15533,12/6/2003 18:46,0.94,deg C,ABM,HOBO,QC_280706_15533_Water_20031019_20040228.csv,P,None,8/30/2025 13:14,Upload,8/30/2025 13:14,Upload
280706,15533,12/6/2003 19:46,0.94,deg C,ABM,HOBO,QC_280706_15533_Water_20031019_20040228.csv,P,None,8/30/2025 13:14,Upload,8/30/2025 13:14,Upload
280706,15533,12/6/2003 20:46,0.94,deg C,ABM,HOBO,QC_280706_15533_Water_20031019_20040228.csv,P,None,8/30/2025 13:14,Upload,8/30/2025 13:14,Upload
280706,15533,12/6/2003 21:46,0.94,deg C,ABM,HOBO,QC_280706_15533_Water_20031019_20040228.csv,P,None,8/30/2025 13:14,Upload,8/30/2025 13:14,Upload
280706,15533,12/6/2003 22:46,0.78,deg C,ABM,HOBO,QC_280706_15533_Water_20031019_20040228.csv,P,None,8/30/2025 13:14,Upload,8/30/2025 13:14,Upload
280706,15533,12/6/2003 23:46,0.62,deg C,ABM,HOBO,QC_280706_15533_Water_20031019_20040228.csv,P,None,8/30/2025 13:14,Upload,8/30/2025 13:14,Upload
280706,15533,12/7/2003 0:46,0.62,deg C,ABM,HOBO,QC_280706_15533_Water_20031019_20040228.csv,P,None,8/30/2025 13:14,Upload,8/30/2025 13:14,Upload
280706,15533,12/7/2003 1:46,0.62,deg C,ABM,HOBO,QC_280706_15533_Water_20031019_20040228.csv,P,None,8/30/2025 13:14,Upload,8/30/2025 13:14,Upload
280706,15533,12/7/2003 2:46,0.46,deg C,ABM,HOBO,QC_280706_15533_Water_20031019_20040228.csv,P,None,8/30/2025 13:14,Upload,8/30/2025 13:14,Upload
280706,15533,12/7/2003 3:46,0.46,deg C,ABM,HOBO,QC_280706_15533_Water_20031019_20040228.csv,P,None,8/30/2025 13:14,Upload,8/30/2025 13:14,Upload
280706,15533,12/7/2003 4:46,0.46,deg C,ABM,HOBO,QC_280706_15533_Water_20031019_20040228.csv,P,None,8/30/2025 13:14,Upload,8/30/2025 13:14,Upload
280706,15533,12/7/2003 5:46,0.3,deg C,ABM,HOBO,QC_280706_15533_Water_20031019_20040228.csv,P,None,8/30/2025 13:14,Upload,8/30/2025 13:14,Upload
280706,15533,12/7/2003 6:46,0.3,deg C,ABM,HOBO,QC_280706_15533_Water_20031019_20040228.csv,P,None,8/30/2025 13:14,Upload,8/30/2025 13:14,Upload
280706,15533,12/7/2003 7:46,0.3,deg C,ABM,HOBO,QC_280706_15533_Water_20031019_20040228.csv,P,None,8/30/2025 13:14,Upload,8/30/2025 13:14,Upload
280706,15533,12/7/2003 8:46,0.14,deg C,ABM,HOBO,QC_280706_15533_Water_20031019_20040228.csv,P,None,8/30/2025 13:14,Upload,8/30/2025 13:14,Upload
280706,15533,12/7/2003 9:46,0.14,deg C,ABM,HOBO,QC_280706_15533_Water_20031019_20040228.csv,P,None,8/30/2025 13:14,Upload,8/30/2025 13:14,Upload
280706,15533,12/7/2003 10:46,0.14,deg C,ABM,HOBO,QC_280706_15533_Water_20031019_20040228.csv,P,None,8/30/2025 13:14,Upload,8/30/2025 13:14,Upload
280706,15533,12/7/2003 11:46,0.3,deg C,ABM,HOBO,QC_280706_15533_Water_20031019_20040228.csv,P,None,8/30/2025 13:14,Upload,8/30/2025 13:14,Upload
280706,15533,12/7/2003 12:46,0.3,deg C,ABM,HOBO,QC_280706_15533_Water_20031019_20040228.csv,P,None,8/30/2025 13:14,Upload,8/30/2025 13:14,Upload
280706,15533,12/7/2003 13:46,0.3,deg C,ABM,HOBO,QC_280706_15533_Water_20031019_20040228.csv,P,None,8/30/2025 13:14,Upload,8/30/2025 13:14,Upload
280706,15533,12/7/2003 14:46,0.46,deg C,ABM,HOBO,QC_280706_15533_Water_20031019_20040228.csv,P,None,8/30/2025 13:14,Upload,8/30/2025 13:14,Upload
280706,15533,12/7/2003 15:46,0.46,deg C,ABM,HOBO,QC_280706_15533_Water_20031019_20040228.csv,P,None,8/30/2025 13:14,Upload,8/30/2025 13:14,Upload
280706,15533,12/7/2003 16:46,0.62,deg C,ABM,HOBO,QC_280706_15533_Water_20031019_20040228.csv,P,None,8/30/2025 13:14,Upload,8/30/2025 13:14,Upload
280706,15533,12/7/2003 17:46,0.62,deg C,ABM,HOBO,QC_280706_15533_Water_20031019_20040228.csv,P,None,8/30/2025 13:14,Upload,8/30/2025 13:14,Upload
280706,15533,12/7/2003 18:46,0.62,deg C,ABM,HOBO,QC_280706_15533_Water_20031019_20040228.csv,P,None,8/30/2025 13:14,Upload,8/30/2025 13:14,Upload
280706,15533,12/7/2003 19:46,0.62,deg C,ABM,HOBO,QC_280706_15533_Water_20031019_20040228.csv,P,None,8/30/2025 13:14,Upload,8/30/2025 13:14,Upload
280706,15533,12/7/2003 20:46,0.62,deg C,ABM,HOBO,QC_280706_15533_Water_20031019_20040228.csv,P,None,8/30/2025 13:14,Upload,8/30/2025 13:14,Upload
280706,15533,12/7/2003 21:46,0.62,deg C,ABM,HOBO,QC_280706_15533_Water_20031019_20040228.csv,P,None,8/30/2025 13:14,Upload,8/30/2025 13:14,Upload
280706,15533,12/7/2003 22:46,0.62,deg C,ABM,HOBO,QC_280706_15533_Water_20031019_20040228.csv,P,None,8/30/2025 13:14,Upload,8/30/2025 13:14,Upload
280706,15533,12/7/2003 23:46,0.62,deg C,ABM,HOBO,QC_280706_15533_Water_20031019_20040228.csv,P,None,8/30/2025 13:14,Upload,8/30/2025 13:14,Upload
280706,15533,12/8/2003 0:46,0.46,deg C,ABM,HOBO,QC_280706_15533_Water_20031019_20040228.csv,P,None,8/30/2025 13:14,Upload,8/30/2025 13:14,Upload
280706,15533,12/8/2003 1:46,0.46,deg C,ABM,HOBO,QC_280706_15533_Water_20031019_20040228.csv,P,None,8/30/2025 13:14,Upload,8/30/2025 13:14,Upload
280706,15533,12/8/2003 2:46,0.3,deg C,ABM,HOBO,QC_280706_15533_Water_20031019_20040228.csv,P,None,8/30/2025 13:14,Upload,8/30/2025 13:14,Upload
280706,15533,12/8/2003 3:46,0.3,deg C,ABM,HOBO,QC_280706_15533_Water_20031019_20040228.csv,P,None,8/30/2025 13:14,Upload,8/30/2025 13:14,Upload
280706,15533,12/8/2003 4:46,0.3,deg C,ABM,HOBO,QC_280706_15533_Water_20031019_20040228.csv,P,None,8/30/2025 13:14,Upload,8/30/2025 13:14,Upload
280706,15533,12/8/2003 5:46,0.3,deg C,ABM,HOBO,QC_280706_15533_Water_20031019_20040228.csv,P,None,8/30/2025 13:14,Upload,8/30/2025 13:14,Upload
280706,15533,12/8/2003 6:46,0.14,deg C,ABM,HOBO,QC_280706_15533_Water_20031019_20040228.csv,P,None,8/30/2025 13:14,Upload,8/30/2025 13:14,Upload
280706,15533,12/8/2003 7:46,0.14,deg C,ABM,HOBO,QC_280706_15533_Water_20031019_20040228.csv,P,None,8/30/2025 13:14,Upload,8/30/2025 13:14,Upload
280706,15533,12/8/2003 8:46,0.14,deg C,ABM,HOBO,QC_280706_15533_Water_20031019_20040228.csv,P,None,8/30/2025 13:14,Upload,8/30/2025 13:14,Upload
280706,15533,12/8/2003 9:46,0.14,deg C,ABM,HOBO,QC_280706_15533_Water_20031019_20040228.csv,P,None,8/30/2025 13:14,Upload,8/30/2025 13:14,Upload
280706,15533,12/8/2003 10:46,0.3,deg C,ABM,HOBO,QC_280706_15533_Water_20031019_20040228.csv,P,None,8/30/2025 13:14,Upload,8/30/2025 13:14,Upload
280706,15533,12/8/2003 11:46,0.3,deg C,ABM,HOBO,QC_280706_15533_Water_20031019_20040228.csv,P,None,8/30/2025 13:14,Upload,8/30/2025 13:14,Upload
280706,15533,12/8/2003 12:46,0.3,deg C,ABM,HOBO,QC_280706_15533_Water_20031019_20040228.csv,P,None,8/30/2025 13:14,Upload,8/30/2025 13:14,Upload
280706,15533,12/8/2003 13:46,0.46,deg C,ABM,HOBO,QC_280706_15533_Water_20031019_20040228.csv,P,None,8/30/2025 13:14,Upload,8/30/2025 13:14,Upload
280706,15533,12/8/2003 14:46,0.62,deg C,ABM,HOBO,QC_280706_15533_Water_20031019_20040228.csv,P,None,8/30/2025 13:14,Upload,8/30/2025 13:14,Upload
280706,15533,12/8/2003 15:46,0.62,deg C,ABM,HOBO,QC_280706_15533_Water_20031019_20040228.csv,P,None,8/30/2025 13:14,Upload,8/30/2025 13:14,Upload
280706,15533,12/8/2003 16:46,0.62,deg C,ABM,HOBO,QC_280706_15533_Water_20031019_20040228.csv,P,None,8/30/2025 13:14,Upload,8/30/2025 13:14,Upload
280706,15533,12/8/2003 17:46,0.78,deg C,ABM,HOBO,QC_280706_15533_Water_20031019_20040228.csv,P,None,8/30/2025 13:14,Upload,8/30/2025 13:14,Upload
280706,15533,12/8/2003 18:46,0.78,deg C,ABM,HOBO,QC_280706_15533_Water_20031019_20040228.csv,P,None,8/30/2025 13:14,Upload,8/30/2025 13:14,Upload
280706,15533,12/8/2003 19:46,0.94,deg C,ABM,HOBO,QC_280706_15533_Water_20031019_20040228.csv,P,None,8/30/2025 13:14,Upload,8/30/2025 13:14,Upload
280706,15533,12/8/2003 20:46,0.94,deg C,ABM,HOBO,QC_280706_15533_Water_20031019_20040228.csv,P,None,8/30/2025 13:14,Upload,8/30/2025 13:14,Upload
280706,15533,12/8/2003 21:46,0.94,deg C,ABM,HOBO,QC_280706_15533_Water_20031019_20040228.csv,P,None,8/30/2025 13:14,Upload,8/30/2025 13:14,Upload
280706,15533,12/8/2003 22:46,0.78,deg C,ABM,HOBO,QC_280706_15533_Water_20031019_20040228.csv,P,None,8/30/2025 13:14,Upload,8/30/2025 13:14,Upload
280706,15533,12/8/2003 23:46,0.62,deg C,ABM,HOBO,QC_280706_15533_Water_20031019_20040228.csv,P,None,8/30/2025 13:14,Upload,8/30/2025 13:14,Upload
280706,15533,12/9/2003 0:46,0.62,deg C,ABM,HOBO,QC_280706_15533_Water_20031019_20040228.csv,P,None,8/30/2025 13:14,Upload,8/30/2025 13:14,Upload
280706,15533,12/9/2003 1:46,0.62,deg C,ABM,HOBO,QC_280706_15533_Water_20031019_20040228.csv,P,None,8/30/2025 13:14,Upload,8/30/2025 13:14,Upload
280706,15533,12/9/2003 2:46,0.46,deg C,ABM,HOBO,QC_280706_15533_Water_20031019_20040228.csv,P,None,8/30/2025 13:14,Upload,8/30/2025 13:14,Upload
280706,15533,12/9/2003 3:46,0.46,deg C,ABM,HOBO,QC_280706_15533_Water_20031019_20040228.csv,P,None,8/30/2025 13:14,Upload,8/30/2025 13:14,Upload
280706,15533,12/9/2003 4:46,0.3,deg C,ABM,HOBO,QC_280706_15533_Water_20031019_20040228.csv,P,None,8/30/2025 13:14,Upload,8/30/2025 13:14,Upload
280706,15533,12/9/2003 5:46,0.3,deg C,ABM,HOBO,QC_280706_15533_Water_20031019_20040228.csv,P,None,8/30/2025 13:14,Upload,8/30/2025 13:14,Upload
280706,15533,12/9/2003 6:46,0.14,deg C,ABM,HOBO,QC_280706_15533_Water_20031019_20040228.csv,P,None,8/30/2025 13:14,Upload,8/30/2025 13:14,Upload
280706,15533,12/9/2003 7:46,0.14,deg C,ABM,HOBO,QC_280706_15533_Water_20031019_20040228.csv,P,None,8/30/2025 13:14,Upload,8/30/2025 13:14,Upload
280706,15533,12/9/2003 8:46,0.14,deg C,ABM,HOBO,QC_280706_15533_Water_20031019_20040228.csv,P,None,8/30/2025 13:14,Upload,8/30/2025 13:14,Upload
280706,15533,12/9/2003 9:46,0.14,deg C,ABM,HOBO,QC_280706_15533_Water_20031019_20040228.csv,P,None,8/30/2025 13:14,Upload,8/30/2025 13:14,Upload
280706,15533,12/9/2003 10:46,0.14,deg C,ABM,HOBO,QC_280706_15533_Water_20031019_20040228.csv,P,None,8/30/2025 13:14,Upload,8/30/2025 13:14,Upload
280706,15533,12/9/2003 11:46,0.14,deg C,ABM,HOBO,QC_280706_15533_Water_20031019_20040228.csv,P,None,8/30/2025 13:14,Upload,8/30/2025 13:14,Upload
280706,15533,12/9/2003 12:46,0.3,deg C,ABM,HOBO,QC_280706_15533_Water_20031019_20040228.csv,P,None,8/30/2025 13:14,Upload,8/30/2025 13:14,Upload
280706,15533,12/9/2003 13:46,0.3,deg C,ABM,HOBO,QC_280706_15533_Water_20031019_20040228.csv,P,None,8/30/2025 13:14,Upload,8/30/2025 13:14,Upload
280706,15533,12/9/2003 14:46,0.3,deg C,ABM,HOBO,QC_280706_15533_Water_20031019_20040228.csv,P,None,8/30/2025 13:14,Upload,8/30/2025 13:14,Upload
280706,15533,12/9/2003 15:46,0.46,deg C,ABM,HOBO,QC_280706_15533_Water_20031019_20040228.csv,P,None,8/30/2025 13:14,Upload,8/30/2025 13:14,Upload
280706,15533,12/9/2003 16:46,0.62,deg C,ABM,HOBO,QC_280706_15533_Water_20031019_20040228.csv,P,None,8/30/2025 13:14,Upload,8/30/2025 13:14,Upload
280706,15533,12/9/2003 17:46,0.62,deg C,ABM,HOBO,QC_280706_15533_Water_20031019_20040228.csv,P,None,8/30/2025 13:14,Upload,8/30/2025 13:14,Upload
280706,15533,12/9/2003 18:46,0.78,deg C,ABM,HOBO,QC_280706_15533_Water_20031019_20040228.csv,P,None,8/30/2025 13:14,Upload,8/30/2025 13:14,Upload
280706,15533,12/9/2003 19:46,0.78,deg C,ABM,HOBO,QC_280706_15533_Water_20031019_20040228.csv,P,None,8/30/2025 13:14,Upload,8/30/2025 13:14,Upload
280706,15533,12/9/2003 20:46,0.78,deg C,ABM,HOBO,QC_280706_15533_Water_20031019_20040228.csv,P,None,8/30/2025 13:14,Upload,8/30/2025 13:14,Upload
280706,15533,12/9/2003 21:46,0.78,deg C,ABM,HOBO,QC_280706_15533_Water_20031019_20040228.csv,P,None,8/30/2025 13:14,Upload,8/30/2025 13:14,Upload
280706,15533,12/9/2003 22:46,0.78,deg C,ABM,HOBO,QC_280706_15533_Water_20031019_20040228.csv,P,None,8/30/2025 13:14,Upload,8/30/2025 13:14,Upload
280706,15533,12/9/2003 23:46,0.78,deg C,ABM,HOBO,QC_280706_15533_Water_20031019_20040228.csv,P,None,8/30/2025 13:14,Upload,8/30/2025 13:14,Upload
280706,15533,12/10/2003 0:46,0.62,deg C,ABM,HOBO,QC_280706_15533_Water_20031019_20040228.csv,P,None,8/30/2025 13:14,Upload,8/30/2025 13:14,Upload
280706,15533,12/10/2003 1:46,0.62,deg C,ABM,HOBO,QC_280706_15533_Water_20031019_20040228.csv,P,None,8/30/2025 13:14,Upload,8/30/2025 13:14,Upload
280706,15533,12/10/2003 2:46,0.62,deg C,ABM,HOBO,QC_280706_15533_Water_20031019_20040228.csv,P,None,8/30/2025 13:14,Upload,8/30/2025 13:14,Upload
280706,15533,12/10/2003 3:46,0.62,deg C,ABM,HOBO,QC_280706_15533_Water_20031019_20040228.csv,P,None,8/30/2025 13:14,Upload,8/30/2025 13:14,Upload
280706,15533,12/10/2003 4:46,0.62,deg C,ABM,HOBO,QC_280706_15533_Water_20031019_20040228.csv,P,None,8/30/2025 13:14,Upload,8/30/2025 13:14,Upload
280706,15533,12/10/2003 5:46,0.62,deg C,ABM,HOBO,QC_280706_15533_Water_20031019_20040228.csv,P,None,8/30/2025 13:14,Upload,8/30/2025 13:14,Upload
280706,15533,12/10/2003 6:46,0.62,deg C,ABM,HOBO,QC_280706_15533_Water_20031019_20040228.csv,P,None,8/30/2025 13:14,Upload,8/30/2025 13:14,Upload
280706,15533,12/10/2003 7:46,0.62,deg C,ABM,HOBO,QC_280706_15533_Water_20031019_20040228.csv,P,None,8/30/2025 13:14,Upload,8/30/2025 13:14,Upload
280706,15533,12/10/2003 8:46,0.62,deg C,ABM,HOBO,QC_280706_15533_Water_20031019_20040228.csv,P,None,8/30/2025 13:14,Upload,8/30/2025 13:14,Upload
280706,15533,12/10/2003 9:46,0.62,deg C,ABM,HOBO,QC_280706_15533_Water_20031019_20040228.csv,P,None,8/30/2025 13:14,Upload,8/30/2025 13:14,Upload
280706,15533,12/10/2003 10:46,0.62,deg C,ABM,HOBO,QC_280706_15533_Water_20031019_20040228.csv,P,None,8/30/2025 13:14,Upload,8/30/2025 13:14,Upload
280706,15533,12/10/2003 11:46,0.78,deg C,ABM,HOBO,QC_280706_15533_Water_20031019_20040228.csv,P,None,8/30/2025 13:14,Upload,8/30/2025 13:14,Upload
280706,15533,12/10/2003 12:46,0.78,deg C,ABM,HOBO,QC_280706_15533_Water_20031019_20040228.csv,P,None,8/30/2025 13:14,Upload,8/30/2025 13:14,Upload
280706,15533,12/10/2003 13:46,0.78,deg C,ABM,HOBO,QC_280706_15533_Water_20031019_20040228.csv,P,None,8/30/2025 13:14,Upload,8/30/2025 13:14,Upload
280706,15533,12/10/2003 14:46,0.78,deg C,ABM,HOBO,QC_280706_15533_Water_20031019_20040228.csv,P,None,8/30/2025 13:14,Upload,8/30/2025 13:14,Upload
280706,15533,12/10/2003 15:46,0.94,deg C,ABM,HOBO,QC_280706_15533_Water_20031019_20040228.csv,P,None,8/30/2025 13:14,Upload,8/30/2025 13:14,Upload
280706,15533,12/10/2003 16:46,0.94,deg C,ABM,HOBO,QC_280706_15533_Water_20031019_20040228.csv,P,None,8/30/2025 13:14,Upload,8/30/2025 13:14,Upload
280706,15533,12/10/2003 17:46,1.1,deg C,ABM,HOBO,QC_280706_15533_Water_20031019_20040228.csv,P,None,8/30/2025 13:14,Upload,8/30/2025 13:14,Upload
280706,15533,12/10/2003 18:46,1.1,deg C,ABM,HOBO,QC_280706_15533_Water_20031019_20040228.csv,P,None,8/30/2025 13:14,Upload,8/30/2025 13:14,Upload
280706,15533,12/10/2003 19:46,1.1,deg C,ABM,HOBO,QC_280706_15533_Water_20031019_20040228.csv,P,None,8/30/2025 13:14,Upload,8/30/2025 13:14,Upload
280706,15533,12/10/2003 20:46,1.26,deg C,ABM,HOBO,QC_280706_15533_Water_20031019_20040228.csv,P,None,8/30/2025 13:14,Upload,8/30/2025 13:14,Upload
280706,15533,12/10/2003 21:46,1.26,deg C,ABM,HOBO,QC_280706_15533_Water_20031019_20040228.csv,P,None,8/30/2025 13:14,Upload,8/30/2025 13:14,Upload
280706,15533,12/10/2003 22:46,1.26,deg C,ABM,HOBO,QC_280706_15533_Water_20031019_20040228.csv,P,None,8/30/2025 13:14,Upload,8/30/2025 13:14,Upload
280706,15533,12/10/2003 23:46,1.26,deg C,ABM,HOBO,QC_280706_15533_Water_20031019_20040228.csv,P,None,8/30/2025 13:14,Upload,8/30/2025 13:14,Upload
280706,15533,12/11/2003 0:46,1.26,deg C,ABM,HOBO,QC_280706_15533_Water_20031019_20040228.csv,P,None,8/30/2025 13:14,Upload,8/30/2025 13:14,Upload
280706,15533,12/11/2003 1:46,1.26,deg C,ABM,HOBO,QC_280706_15533_Water_20031019_20040228.csv,P,None,8/30/2025 13:14,Upload,8/30/2025 13:14,Upload
280706,15533,12/11/2003 2:46,1.26,deg C,ABM,HOBO,QC_280706_15533_Water_20031019_20040228.csv,P,None,8/30/2025 13:14,Upload,8/30/2025 13:14,Upload
280706,15533,12/11/2003 3:46,1.26,deg C,ABM,HOBO,QC_280706_15533_Water_20031019_20040228.csv,P,None,8/30/2025 13:14,Upload,8/30/2025 13:14,Upload
280706,15533,12/11/2003 4:46,1.26,deg C,ABM,HOBO,QC_280706_15533_Water_20031019_20040228.csv,P,None,8/30/2025 13:14,Upload,8/30/2025 13:14,Upload
280706,15533,12/11/2003 5:46,1.26,deg C,ABM,HOBO,QC_280706_15533_Water_20031019_20040228.csv,P,None,8/30/2025 13:14,Upload,8/30/2025 13:14,Upload
280706,15533,12/11/2003 6:46,1.42,deg C,ABM,HOBO,QC_280706_15533_Water_20031019_20040228.csv,P,None,8/30/2025 13:14,Upload,8/30/2025 13:14,Upload
280706,15533,12/11/2003 7:46,1.42,deg C,ABM,HOBO,QC_280706_15533_Water_20031019_20040228.csv,P,None,8/30/2025 13:14,Upload,8/30/2025 13:14,Upload
280706,15533,12/11/2003 8:46,1.42,deg C,ABM,HOBO,QC_280706_15533_Water_20031019_20040228.csv,P,None,8/30/2025 13:14,Upload,8/30/2025 13:14,Upload
280706,15533,12/11/2003 9:46,1.58,deg C,ABM,HOBO,QC_280706_15533_Water_20031019_20040228.csv,P,None,8/30/2025 13:14,Upload,8/30/2025 13:14,Upload
280706,15533,12/11/2003 10:46,1.74,deg C,ABM,HOBO,QC_280706_15533_Water_20031019_20040228.csv,P,None,8/30/2025 13:14,Upload,8/30/2025 13:14,Upload
280706,15533,12/11/2003 11:46,1.89,deg C,ABM,HOBO,QC_280706_15533_Water_20031019_20040228.csv,P,None,8/30/2025 13:14,Upload,8/30/2025 13:14,Upload
280706,15533,12/11/2003 12:46,2.06,deg C,ABM,HOBO,QC_280706_15533_Water_20031019_20040228.csv,P,None,8/30/2025 13:14,Upload,8/30/2025 13:14,Upload
280706,15533,12/11/2003 13:46,2.21,deg C,ABM,HOBO,QC_280706_15533_Water_20031019_20040228.csv,P,None,8/30/2025 13:14,Upload,8/30/2025 13:14,Upload
280706,15533,12/11/2003 14:46,2.21,deg C,ABM,HOBO,QC_280706_15533_Water_20031019_20040228.csv,P,None,8/30/2025 13:14,Upload,8/30/2025 13:14,Upload
280706,15533,12/11/2003 15:46,2.21,deg C,ABM,HOBO,QC_280706_15533_Water_20031019_20040228.csv,P,None,8/30/2025 13:14,Upload,8/30/2025 13:14,Upload
280706,15533,12/11/2003 16:46,2.37,deg C,ABM,HOBO,QC_280706_15533_Water_20031019_20040228.csv,P,None,8/30/2025 13:14,Upload,8/30/2025 13:14,Upload
280706,15533,12/11/2003 17:46,2.37,deg C,ABM,HOBO,QC_280706_15533_Water_20031019_20040228.csv,P,None,8/30/2025 13:14,Upload,8/30/2025 13:14,Upload
280706,15533,12/11/2003 18:46,2.53,deg C,ABM,HOBO,QC_280706_15533_Water_20031019_20040228.csv,P,None,8/30/2025 13:14,Upload,8/30/2025 13:14,Upload
280706,15533,12/11/2003 19:46,2.53,deg C,ABM,HOBO,QC_280706_15533_Water_20031019_20040228.csv,P,None,8/30/2025 13:14,Upload,8/30/2025 13:14,Upload
280706,15533,12/11/2003 20:46,2.53,deg C,ABM,HOBO,QC_280706_15533_Water_20031019_20040228.csv,P,None,8/30/2025 13:14,Upload,8/30/2025 13:14,Upload
280706,15533,12/11/2003 21:46,2.53,deg C,ABM,HOBO,QC_280706_15533_Water_20031019_20040228.csv,P,None,8/30/2025 13:14,Upload,8/30/2025 13:14,Upload
280706,15533,12/11/2003 22:46,2.53,deg C,ABM,HOBO,QC_280706_15533_Water_20031019_20040228.csv,P,None,8/30/2025 13:14,Upload,8/30/2025 13:14,Upload
280706,15533,12/11/2003 23:46,2.37,deg C,ABM,HOBO,QC_280706_15533_Water_20031019_20040228.csv,P,None,8/30/2025 13:14,Upload,8/30/2025 13:14,Upload
280706,15533,12/12/2003 0:46,2.37,deg C,ABM,HOBO,QC_280706_15533_Water_20031019_20040228.csv,P,None,8/30/2025 13:14,Upload,8/30/2025 13:14,Upload
280706,15533,12/12/2003 1:46,2.21,deg C,ABM,HOBO,QC_280706_15533_Water_20031019_20040228.csv,P,None,8/30/2025 13:14,Upload,8/30/2025 13:14,Upload
280706,15533,12/12/2003 2:46,2.21,deg C,ABM,HOBO,QC_280706_15533_Water_20031019_20040228.csv,P,None,8/30/2025 13:14,Upload,8/30/2025 13:14,Upload
280706,15533,12/12/2003 3:46,2.21,deg C,ABM,HOBO,QC_280706_15533_Water_20031019_20040228.csv,P,None,8/30/2025 13:14,Upload,8/30/2025 13:14,Upload
280706,15533,12/12/2003 4:46,2.21,deg C,ABM,HOBO,QC_280706_15533_Water_20031019_20040228.csv,P,None,8/30/2025 13:14,Upload,8/30/2025 13:14,Upload
280706,15533,12/12/2003 5:46,2.21,deg C,ABM,HOBO,QC_280706_15533_Water_20031019_20040228.csv,P,None,8/30/2025 13:14,Upload,8/30/2025 13:14,Upload
280706,15533,12/12/2003 6:46,2.06,deg C,ABM,HOBO,QC_280706_15533_Water_20031019_20040228.csv,P,None,8/30/2025 13:14,Upload,8/30/2025 13:14,Upload
280706,15533,12/12/2003 7:46,2.06,deg C,ABM,HOBO,QC_280706_15533_Water_20031019_20040228.csv,P,None,8/30/2025 13:14,Upload,8/30/2025 13:14,Upload
280706,15533,12/12/2003 8:46,2.06,deg C,ABM,HOBO,QC_280706_15533_Water_20031019_20040228.csv,P,None,8/30/2025 13:14,Upload,8/30/2025 13:14,Upload
280706,15533,12/12/2003 9:46,2.06,deg C,ABM,HOBO,QC_280706_15533_Water_20031019_20040228.csv,P,None,8/30/2025 13:14,Upload,8/30/2025 13:14,Upload
280706,15533,12/12/2003 10:46,2.21,deg C,ABM,HOBO,QC_280706_15533_Water_20031019_20040228.csv,P,None,8/30/2025 13:14,Upload,8/30/2025 13:14,Upload
280706,15533,12/12/2003 11:46,2.21,deg C,ABM,HOBO,QC_280706_15533_Water_20031019_20040228.csv,P,None,8/30/2025 13:14,Upload,8/30/2025 13:14,Upload
280706,15533,12/12/2003 12:46,2.21,deg C,ABM,HOBO,QC_280706_15533_Water_20031019_20040228.csv,P,None,8/30/2025 13:14,Upload,8/30/2025 13:14,Upload
280706,15533,12/12/2003 13:46,2.21,deg C,ABM,HOBO,QC_280706_15533_Water_20031019_20040228.csv,P,None,8/30/2025 13:14,Upload,8/30/2025 13:14,Upload
280706,15533,12/12/2003 14:46,2.21,deg C,ABM,HOBO,QC_280706_15533_Water_20031019_20040228.csv,P,None,8/30/2025 13:14,Upload,8/30/2025 13:14,Upload
280706,15533,12/12/2003 15:46,2.21,deg C,ABM,HOBO,QC_280706_15533_Water_20031019_20040228.csv,P,None,8/30/2025 13:14,Upload,8/30/2025 13:14,Upload
280706,15533,12/12/2003 16:46,2.21,deg C,ABM,HOBO,QC_280706_15533_Water_20031019_20040228.csv,P,None,8/30/2025 13:14,Upload,8/30/2025 13:14,Upload
280706,15533,12/12/2003 17:46,2.06,deg C,ABM,HOBO,QC_280706_15533_Water_20031019_20040228.csv,P,None,8/30/2025 13:14,Upload,8/30/2025 13:14,Upload
280706,15533,12/12/2003 18:46,2.06,deg C,ABM,HOBO,QC_280706_15533_Water_20031019_20040228.csv,P,None,8/30/2025 13:14,Upload,8/30/2025 13:14,Upload
280706,15533,12/12/2003 19:46,2.06,deg C,ABM,HOBO,QC_280706_15533_Water_20031019_20040228.csv,P,None,8/30/2025 13:14,Upload,8/30/2025 13:14,Upload
280706,15533,12/12/2003 20:46,2.06,deg C,ABM,HOBO,QC_280706_15533_Water_20031019_20040228.csv,P,None,8/30/2025 13:14,Upload,8/30/2025 13:14,Upload
280706,15533,12/12/2003 21:46,2.06,deg C,ABM,HOBO,QC_280706_15533_Water_20031019_20040228.csv,P,None,8/30/2025 13:14,Upload,8/30/2025 13:14,Upload
280706,15533,12/12/2003 22:46,2.06,deg C,ABM,HOBO,QC_280706_15533_Water_20031019_20040228.csv,P,None,8/30/2025 13:14,Upload,8/30/2025 13:14,Upload
280706,15533,12/12/2003 23:46,2.06,deg C,ABM,HOBO,QC_280706_15533_Water_20031019_20040228.csv,P,None,8/30/2025 13:14,Upload,8/30/2025 13:14,Upload
280706,15533,12/13/2003 0:46,1.89,deg C,ABM,HOBO,QC_280706_15533_Water_20031019_20040228.csv,P,None,8/30/2025 13:14,Upload,8/30/2025 13:14,Upload
280706,15533,12/13/2003 1:46,1.89,deg C,ABM,HOBO,QC_280706_15533_Water_20031019_20040228.csv,P,None,8/30/2025 13:14,Upload,8/30/2025 13:14,Upload
280706,15533,12/13/2003 2:46,1.74,deg C,ABM,HOBO,QC_280706_15533_Water_20031019_20040228.csv,P,None,8/30/2025 13:14,Upload,8/30/2025 13:14,Upload
280706,15533,12/13/2003 3:46,1.89,deg C,ABM,HOBO,QC_280706_15533_Water_20031019_20040228.csv,P,None,8/30/2025 13:14,Upload,8/30/2025 13:14,Upload
280706,15533,12/13/2003 4:46,1.74,deg C,ABM,HOBO,QC_280706_15533_Water_20031019_20040228.csv,P,None,8/30/2025 13:14,Upload,8/30/2025 13:14,Upload
280706,15533,12/13/2003 5:46,1.74,deg C,ABM,HOBO,QC_280706_15533_Water_20031019_20040228.csv,P,None,8/30/2025 13:14,Upload,8/30/2025 13:14,Upload
280706,15533,12/13/2003 6:46,1.74,deg C,ABM,HOBO,QC_280706_15533_Water_20031019_20040228.csv,P,None,8/30/2025 13:14,Upload,8/30/2025 13:14,Upload
280706,15533,12/13/2003 7:46,1.74,deg C,ABM,HOBO,QC_280706_15533_Water_20031019_20040228.csv,P,None,8/30/2025 13:14,Upload,8/30/2025 13:14,Upload
280706,15533,12/13/2003 8:46,1.58,deg C,ABM,HOBO,QC_280706_15533_Water_20031019_20040228.csv,P,None,8/30/2025 13:14,Upload,8/30/2025 13:14,Upload
280706,15533,12/13/2003 9:46,1.58,deg C,ABM,HOBO,QC_280706_15533_Water_20031019_20040228.csv,P,None,8/30/2025 13:14,Upload,8/30/2025 13:14,Upload
280706,15533,12/13/2003 10:46,1.58,deg C,ABM,HOBO,QC_280706_15533_Water_20031019_20040228.csv,P,None,8/30/2025 13:14,Upload,8/30/2025 13:14,Upload
280706,15533,12/13/2003 11:46,1.58,deg C,ABM,HOBO,QC_280706_15533_Water_20031019_20040228.csv,P,None,8/30/2025 13:14,Upload,8/30/2025 13:14,Upload
280706,15533,12/13/2003 12:46,1.58,deg C,ABM,HOBO,QC_280706_15533_Water_20031019_20040228.csv,P,None,8/30/2025 13:14,Upload,8/30/2025 13:14,Upload
280706,15533,12/13/2003 13:46,1.58,deg C,ABM,HOBO,QC_280706_15533_Water_20031019_20040228.csv,P,None,8/30/2025 13:14,Upload,8/30/2025 13:14,Upload
280706,15533,12/13/2003 14:46,1.74,deg C,ABM,HOBO,QC_280706_15533_Water_20031019_20040228.csv,P,None,8/30/2025 13:14,Upload,8/30/2025 13:14,Upload
280706,15533,12/13/2003 15:46,1.58,deg C,ABM,HOBO,QC_280706_15533_Water_20031019_20040228.csv,P,None,8/30/2025 13:14,Upload,8/30/2025 13:14,Upload
280706,15533,12/13/2003 16:46,1.58,deg C,ABM,HOBO,QC_280706_15533_Water_20031019_20040228.csv,P,None,8/30/2025 13:14,Upload,8/30/2025 13:14,Upload
280706,15533,12/13/2003 17:46,1.58,deg C,ABM,HOBO,QC_280706_15533_Water_20031019_20040228.csv,P,None,8/30/2025 13:14,Upload,8/30/2025 13:14,Upload
280706,15533,12/13/2003 18:46,1.58,deg C,ABM,HOBO,QC_280706_15533_Water_20031019_20040228.csv,P,None,8/30/2025 13:14,Upload,8/30/2025 13:14,Upload
280706,15533,12/13/2003 19:46,1.42,deg C,ABM,HOBO,QC_280706_15533_Water_20031019_20040228.csv,P,None,8/30/2025 13:14,Upload,8/30/2025 13:14,Upload
280706,15533,12/13/2003 20:46,1.26,deg C,ABM,HOBO,QC_280706_15533_Water_20031019_20040228.csv,P,None,8/30/2025 13:14,Upload,8/30/2025 13:14,Upload
280706,15533,12/13/2003 21:46,1.26,deg C,ABM,HOBO,QC_280706_15533_Water_20031019_20040228.csv,P,None,8/30/2025 13:14,Upload,8/30/2025 13:14,Upload
280706,15533,12/13/2003 22:46,1.1,deg C,ABM,HOBO,QC_280706_15533_Water_20031019_20040228.csv,P,None,8/30/2025 13:14,Upload,8/30/2025 13:14,Upload
280706,15533,12/13/2003 23:46,1.1,deg C,ABM,HOBO,QC_280706_15533_Water_20031019_20040228.csv,P,None,8/30/2025 13:14,Upload,8/30/2025 13:14,Upload
280706,15533,12/14/2003 0:46,0.94,deg C,ABM,HOBO,QC_280706_15533_Water_20031019_20040228.csv,P,None,8/30/2025 13:14,Upload,8/30/2025 13:14,Upload
280706,15533,12/14/2003 1:46,0.94,deg C,ABM,HOBO,QC_280706_15533_Water_20031019_20040228.csv,P,None,8/30/2025 13:14,Upload,8/30/2025 13:14,Upload
280706,15533,12/14/2003 2:46,0.78,deg C,ABM,HOBO,QC_280706_15533_Water_20031019_20040228.csv,P,None,8/30/2025 13:14,Upload,8/30/2025 13:14,Upload
280706,15533,12/14/2003 3:46,0.62,deg C,ABM,HOBO,QC_280706_15533_Water_20031019_20040228.csv,P,None,8/30/2025 13:14,Upload,8/30/2025 13:14,Upload
280706,15533,12/14/2003 4:46,0.62,deg C,ABM,HOBO,QC_280706_15533_Water_20031019_20040228.csv,P,None,8/30/2025 13:14,Upload,8/30/2025 13:14,Upload
280706,15533,12/14/2003 5:46,0.62,deg C,ABM,HOBO,QC_280706_15533_Water_20031019_20040228.csv,P,None,8/30/2025 13:14,Upload,8/30/2025 13:14,Upload
280706,15533,12/14/2003 6:46,0.62,deg C,ABM,HOBO,QC_280706_15533_Water_20031019_20040228.csv,P,None,8/30/2025 13:14,Upload,8/30/2025 13:14,Upload
280706,15533,12/14/2003 7:46,0.62,deg C,ABM,HOBO,QC_280706_15533_Water_20031019_20040228.csv,P,None,8/30/2025 13:14,Upload,8/30/2025 13:14,Upload
280706,15533,12/14/2003 8:46,0.62,deg C,ABM,HOBO,QC_280706_15533_Water_20031019_20040228.csv,P,None,8/30/2025 13:14,Upload,8/30/2025 13:14,Upload
280706,15533,12/14/2003 9:46,0.62,deg C,ABM,HOBO,QC_280706_15533_Water_20031019_20040228.csv,P,None,8/30/2025 13:14,Upload,8/30/2025 13:14,Upload
280706,15533,12/14/2003 10:46,0.62,deg C,ABM,HOBO,QC_280706_15533_Water_20031019_20040228.csv,P,None,8/30/2025 13:14,Upload,8/30/2025 13:14,Upload
280706,15533,12/14/2003 11:46,0.46,deg C,ABM,HOBO,QC_280706_15533_Water_20031019_20040228.csv,P,None,8/30/2025 13:14,Upload,8/30/2025 13:14,Upload
280706,15533,12/14/2003 12:46,0.46,deg C,ABM,HOBO,QC_280706_15533_Water_20031019_20040228.csv,P,None,8/30/2025 13:14,Upload,8/30/2025 13:14,Upload
280706,15533,12/14/2003 13:46,0.46,deg C,ABM,HOBO,QC_280706_15533_Water_20031019_20040228.csv,P,None,8/30/2025 13:14,Upload,8/30/2025 13:14,Upload
280706,15533,12/14/2003 14:46,0.3,deg C,ABM,HOBO,QC_280706_15533_Water_20031019_20040228.csv,P,None,8/30/2025 13:14,Upload,8/30/2025 13:14,Upload
280706,15533,12/14/2003 15:46,0.3,deg C,ABM,HOBO,QC_280706_15533_Water_20031019_20040228.csv,P,None,8/30/2025 13:14,Upload,8/30/2025 13:14,Upload
280706,15533,12/14/2003 16:46,0.14,deg C,ABM,HOBO,QC_280706_15533_Water_20031019_20040228.csv,P,None,8/30/2025 13:14,Upload,8/30/2025 13:14,Upload
280706,15533,12/14/2003 17:46,0.14,deg C,ABM,HOBO,QC_280706_15533_Water_20031019_20040228.csv,P,None,8/30/2025 13:14,Upload,8/30/2025 13:14,Upload
280706,15533,12/14/2003 18:46,0.14,deg C,ABM,HOBO,QC_280706_15533_Water_20031019_20040228.csv,P,None,8/30/2025 13:14,Upload,8/30/2025 13:14,Upload
280706,15533,12/14/2003 19:46,0.14,deg C,ABM,HOBO,QC_280706_15533_Water_20031019_20040228.csv,P,None,8/30/2025 13:14,Upload,8/30/2025 13:14,Upload
280706,15533,12/14/2003 20:46,-0.02,deg C,ABM,HOBO,QC_280706_15533_Water_20031019_20040228.csv,P,None,8/30/2025 13:14,Upload,8/30/2025 13:14,Upload
280706,15533,12/14/2003 21:46,-0.02,deg C,ABM,HOBO,QC_280706_15533_Water_20031019_20040228.csv,P,None,8/30/2025 13:14,Upload,8/30/2025 13:14,Upload
280706,15533,12/14/2003 22:46,-0.02,deg C,ABM,HOBO,QC_280706_15533_Water_20031019_20040228.csv,P,None,8/30/2025 13:14,Upload,8/30/2025 13:14,Upload
280706,15533,12/14/2003 23:46,-0.02,deg C,ABM,HOBO,QC_280706_15533_Water_20031019_20040228.csv,P,None,8/30/2025 13:14,Upload,8/30/2025 13:14,Upload
280706,15533,12/15/2003 0:46,-0.02,deg C,ABM,HOBO,QC_280706_15533_Water_20031019_20040228.csv,P,None,8/30/2025 13:14,Upload,8/30/2025 13:14,Upload
280706,15533,12/15/2003 1:46,-0.02,deg C,ABM,HOBO,QC_280706_15533_Water_20031019_20040228.csv,P,None,8/30/2025 13:14,Upload,8/30/2025 13:14,Upload
280706,15533,12/15/2003 2:46,-0.02,deg C,ABM,HOBO,QC_280706_15533_Water_20031019_20040228.csv,P,None,8/30/2025 13:14,Upload,8/30/2025 13:14,Upload
280706,15533,12/15/2003 3:46,-0.02,deg C,ABM,HOBO,QC_280706_15533_Water_20031019_20040228.csv,P,None,8/30/2025 13:14,Upload,8/30/2025 13:14,Upload
280706,15533,12/15/2003 4:46,-0.02,deg C,ABM,HOBO,QC_280706_15533_Water_20031019_20040228.csv,P,None,8/30/2025 13:14,Upload,8/30/2025 13:14,Upload
280706,15533,12/15/2003 5:46,-0.02,deg C,ABM,HOBO,QC_280706_15533_Water_20031019_20040228.csv,P,None,8/30/2025 13:14,Upload,8/30/2025 13:14,Upload
280706,15533,12/15/2003 6:46,-0.02,deg C,ABM,HOBO,QC_280706_15533_Water_20031019_20040228.csv,P,None,8/30/2025 13:14,Upload,8/30/2025 13:14,Upload
280706,15533,12/15/2003 7:46,-0.02,deg C,ABM,HOBO,QC_280706_15533_Water_20031019_20040228.csv,P,None,8/30/2025 13:14,Upload,8/30/2025 13:14,Upload
280706,15533,12/15/2003 8:46,-0.02,deg C,ABM,HOBO,QC_280706_15533_Water_20031019_20040228.csv,P,None,8/30/2025 13:14,Upload,8/30/2025 13:14,Upload
280706,15533,12/15/2003 9:46,-0.02,deg C,ABM,HOBO,QC_280706_15533_Water_20031019_20040228.csv,P,None,8/30/2025 13:14,Upload,8/30/2025 13:14,Upload
280706,15533,12/15/2003 10:46,-0.02,deg C,ABM,HOBO,QC_280706_15533_Water_20031019_20040228.csv,P,None,8/30/2025 13:14,Upload,8/30/2025 13:14,Upload
280706,15533,12/15/2003 11:46,-0.02,deg C,ABM,HOBO,QC_280706_15533_Water_20031019_20040228.csv,P,None,8/30/2025 13:14,Upload,8/30/2025 13:14,Upload
280706,15533,12/15/2003 12:46,0.14,deg C,ABM,HOBO,QC_280706_15533_Water_20031019_20040228.csv,P,None,8/30/2025 13:14,Upload,8/30/2025 13:14,Upload
280706,15533,12/15/2003 13:46,0.14,deg C,ABM,HOBO,QC_280706_15533_Water_20031019_20040228.csv,P,None,8/30/2025 13:14,Upload,8/30/2025 13:14,Upload
280706,15533,12/15/2003 14:46,0.14,deg C,ABM,HOBO,QC_280706_15533_Water_20031019_20040228.csv,P,None,8/30/2025 13:14,Upload,8/30/2025 13:14,Upload
280706,15533,12/15/2003 15:46,0.3,deg C,ABM,HOBO,QC_280706_15533_Water_20031019_20040228.csv,P,None,8/30/2025 13:14,Upload,8/30/2025 13:14,Upload
280706,15533,12/15/2003 16:46,0.3,deg C,ABM,HOBO,QC_280706_15533_Water_20031019_20040228.csv,P,None,8/30/2025 13:14,Upload,8/30/2025 13:14,Upload
280706,15533,12/15/2003 17:46,0.3,deg C,ABM,HOBO,QC_280706_15533_Water_20031019_20040228.csv,P,None,8/30/2025 13:14,Upload,8/30/2025 13:14,Upload
280706,15533,12/15/2003 18:46,0.3,deg C,ABM,HOBO,QC_280706_15533_Water_20031019_20040228.csv,P,None,8/30/2025 13:14,Upload,8/30/2025 13:14,Upload
280706,15533,12/15/2003 19:46,0.3,deg C,ABM,HOBO,QC_280706_15533_Water_20031019_20040228.csv,P,None,8/30/2025 13:14,Upload,8/30/2025 13:14,Upload
280706,15533,12/15/2003 20:46,0.3,deg C,ABM,HOBO,QC_280706_15533_Water_20031019_20040228.csv,P,None,8/30/2025 13:14,Upload,8/30/2025 13:14,Upload
280706,15533,12/15/2003 21:46,0.14,deg C,ABM,HOBO,QC_280706_15533_Water_20031019_20040228.csv,P,None,8/30/2025 13:14,Upload,8/30/2025 13:14,Upload
280706,15533,12/15/2003 22:46,0.14,deg C,ABM,HOBO,QC_280706_15533_Water_20031019_20040228.csv,P,None,8/30/2025 13:14,Upload,8/30/2025 13:14,Upload
280706,15533,12/15/2003 23:46,0.14,deg C,ABM,HOBO,QC_280706_15533_Water_20031019_20040228.csv,P,None,8/30/2025 13:14,Upload,8/30/2025 13:14,Upload
280706,15533,12/16/2003 0:46,-0.02,deg C,ABM,HOBO,QC_280706_15533_Water_20031019_20040228.csv,P,None,8/30/2025 13:14,Upload,8/30/2025 13:14,Upload
280706,15533,12/16/2003 1:46,-0.02,deg C,ABM,HOBO,QC_280706_15533_Water_20031019_20040228.csv,P,None,8/30/2025 13:14,Upload,8/30/2025 13:14,Upload
280706,15533,12/16/2003 2:46,-0.02,deg C,ABM,HOBO,QC_280706_15533_Water_20031019_20040228.csv,P,None,8/30/2025 13:14,Upload,8/30/2025 13:14,Upload
280706,15533,12/16/2003 3:46,-0.02,deg C,ABM,HOBO,QC_280706_15533_Water_20031019_20040228.csv,P,None,8/30/2025 13:14,Upload,8/30/2025 13:14,Upload
280706,15533,12/16/2003 4:46,-0.02,deg C,ABM,HOBO,QC_280706_15533_Water_20031019_20040228.csv,P,None,8/30/2025 13:14,Upload,8/30/2025 13:14,Upload
280706,15533,12/16/2003 5:46,-0.18,deg C,ABM,HOBO,QC_280706_15533_Water_20031019_20040228.csv,S,None,8/30/2025 13:14,Upload,8/30/2025 13:14,Upload
280706,15533,12/16/2003 6:46,-0.18,deg C,ABM,HOBO,QC_280706_15533_Water_20031019_20040228.csv,S,None,8/30/2025 13:14,Upload,8/30/2025 13:14,Upload
280706,15533,12/16/2003 7:46,-0.18,deg C,ABM,HOBO,QC_280706_15533_Water_20031019_20040228.csv,S,None,8/30/2025 13:14,Upload,8/30/2025 13:14,Upload
280706,15533,12/16/2003 8:46,-0.18,deg C,ABM,HOBO,QC_280706_15533_Water_20031019_20040228.csv,S,None,8/30/2025 13:14,Upload,8/30/2025 13:14,Upload
280706,15533,12/16/2003 9:46,-0.18,deg C,ABM,HOBO,QC_280706_15533_Water_20031019_20040228.csv,S,None,8/30/2025 13:14,Upload,8/30/2025 13:14,Upload
280706,15533,12/16/2003 10:46,-0.18,deg C,ABM,HOBO,QC_280706_15533_Water_20031019_20040228.csv,S,None,8/30/2025 13:14,Upload,8/30/2025 13:14,Upload
280706,15533,12/16/2003 11:46,-0.18,deg C,ABM,HOBO,QC_280706_15533_Water_20031019_20040228.csv,S,None,8/30/2025 13:14,Upload,8/30/2025 13:14,Upload
280706,15533,12/16/2003 12:46,-0.02,deg C,ABM,HOBO,QC_280706_15533_Water_20031019_20040228.csv,P,None,8/30/2025 13:14,Upload,8/30/2025 13:14,Upload
280706,15533,12/16/2003 13:46,-0.02,deg C,ABM,HOBO,QC_280706_15533_Water_20031019_20040228.csv,P,None,8/30/2025 13:14,Upload,8/30/2025 13:14,Upload
280706,15533,12/16/2003 14:46,-0.02,deg C,ABM,HOBO,QC_280706_15533_Water_20031019_20040228.csv,P,None,8/30/2025 13:14,Upload,8/30/2025 13:14,Upload
280706,15533,12/16/2003 15:46,0.14,deg C,ABM,HOBO,QC_280706_15533_Water_20031019_20040228.csv,P,None,8/30/2025 13:14,Upload,8/30/2025 13:14,Upload
280706,15533,12/16/2003 16:46,0.14,deg C,ABM,HOBO,QC_280706_15533_Water_20031019_20040228.csv,P,None,8/30/2025 13:14,Upload,8/30/2025 13:14,Upload
280706,15533,12/16/2003 17:46,0.14,deg C,ABM,HOBO,QC_280706_15533_Water_20031019_20040228.csv,P,None,8/30/2025 13:14,Upload,8/30/2025 13:14,Upload
280706,15533,12/16/2003 18:46,0.14,deg C,ABM,HOBO,QC_280706_15533_Water_20031019_20040228.csv,P,None,8/30/2025 13:14,Upload,8/30/2025 13:14,Upload
280706,15533,12/16/2003 19:46,0.3,deg C,ABM,HOBO,QC_280706_15533_Water_20031019_20040228.csv,P,None,8/30/2025 13:14,Upload,8/30/2025 13:14,Upload
280706,15533,12/16/2003 20:46,0.3,deg C,ABM,HOBO,QC_280706_15533_Water_20031019_20040228.csv,P,None,8/30/2025 13:14,Upload,8/30/2025 13:14,Upload
280706,15533,12/16/2003 21:46,0.3,deg C,ABM,HOBO,QC_280706_15533_Water_20031019_20040228.csv,P,None,8/30/2025 13:14,Upload,8/30/2025 13:14,Upload
280706,15533,12/16/2003 22:46,0.3,deg C,ABM,HOBO,QC_280706_15533_Water_20031019_20040228.csv,P,None,8/30/2025 13:14,Upload,8/30/2025 13:14,Upload
280706,15533,12/16/2003 23:46,0.3,deg C,ABM,HOBO,QC_280706_15533_Water_20031019_20040228.csv,P,None,8/30/2025 13:14,Upload,8/30/2025 13:14,Upload
280706,15533,12/17/2003 0:46,0.14,deg C,ABM,HOBO,QC_280706_15533_Water_20031019_20040228.csv,P,None,8/30/2025 13:14,Upload,8/30/2025 13:14,Upload
280706,15533,12/17/2003 1:46,0.14,deg C,ABM,HOBO,QC_280706_15533_Water_20031019_20040228.csv,P,None,8/30/2025 13:14,Upload,8/30/2025 13:14,Upload
280706,15533,12/17/2003 2:46,0.14,deg C,ABM,HOBO,QC_280706_15533_Water_20031019_20040228.csv,P,None,8/30/2025 13:14,Upload,8/30/2025 13:14,Upload
280706,15533,12/17/2003 3:46,0.14,deg C,ABM,HOBO,QC_280706_15533_Water_20031019_20040228.csv,P,None,8/30/2025 13:14,Upload,8/30/2025 13:14,Upload
280706,15533,12/17/2003 4:46,0.14,deg C,ABM,HOBO,QC_280706_15533_Water_20031019_20040228.csv,P,None,8/30/2025 13:14,Upload,8/30/2025 13:14,Upload
280706,15533,12/17/2003 5:46,0.3,deg C,ABM,HOBO,QC_280706_15533_Water_20031019_20040228.csv,P,None,8/30/2025 13:14,Upload,8/30/2025 13:14,Upload
280706,15533,12/17/2003 6:46,0.14,deg C,ABM,HOBO,QC_280706_15533_Water_20031019_20040228.csv,P,None,8/30/2025 13:14,Upload,8/30/2025 13:14,Upload
280706,15533,12/17/2003 7:46,0.14,deg C,ABM,HOBO,QC_280706_15533_Water_20031019_20040228.csv,P,None,8/30/2025 13:14,Upload,8/30/2025 13:14,Upload
280706,15533,12/17/2003 8:46,0.14,deg C,ABM,HOBO,QC_280706_15533_Water_20031019_20040228.csv,P,None,8/30/2025 13:14,Upload,8/30/2025 13:14,Upload
280706,15533,12/17/2003 9:46,0.14,deg C,ABM,HOBO,QC_280706_15533_Water_20031019_20040228.csv,P,None,8/30/2025 13:14,Upload,8/30/2025 13:14,Upload
280706,15533,12/17/2003 10:46,0.3,deg C,ABM,HOBO,QC_280706_15533_Water_20031019_20040228.csv,P,None,8/30/2025 13:14,Upload,8/30/2025 13:14,Upload
280706,15533,12/17/2003 11:46,0.3,deg C,ABM,HOBO,QC_280706_15533_Water_20031019_20040228.csv,P,None,8/30/2025 13:14,Upload,8/30/2025 13:14,Upload
280706,15533,12/17/2003 12:46,0.62,deg C,ABM,HOBO,QC_280706_15533_Water_20031019_20040228.csv,P,None,8/30/2025 13:14,Upload,8/30/2025 13:14,Upload
280706,15533,12/17/2003 13:46,0.78,deg C,ABM,HOBO,QC_280706_15533_Water_20031019_20040228.csv,P,None,8/30/2025 13:14,Upload,8/30/2025 13:14,Upload
280706,15533,12/17/2003 14:46,0.78,deg C,ABM,HOBO,QC_280706_15533_Water_20031019_20040228.csv,P,None,8/30/2025 13:14,Upload,8/30/2025 13:14,Upload
280706,15533,12/17/2003 15:46,0.94,deg C,ABM,HOBO,QC_280706_15533_Water_20031019_20040228.csv,P,None,8/30/2025 13:14,Upload,8/30/2025 13:14,Upload
280706,15533,12/17/2003 16:46,0.94,deg C,ABM,HOBO,QC_280706_15533_Water_20031019_20040228.csv,P,None,8/30/2025 13:14,Upload,8/30/2025 13:14,Upload
280706,15533,12/17/2003 17:46,1.1,deg C,ABM,HOBO,QC_280706_15533_Water_20031019_20040228.csv,P,None,8/30/2025 13:14,Upload,8/30/2025 13:14,Upload
280706,15533,12/17/2003 18:46,1.26,deg C,ABM,HOBO,QC_280706_15533_Water_20031019_20040228.csv,P,None,8/30/2025 13:14,Upload,8/30/2025 13:14,Upload
280706,15533,12/17/2003 19:46,1.1,deg C,ABM,HOBO,QC_280706_15533_Water_20031019_20040228.csv,P,None,8/30/2025 13:14,Upload,8/30/2025 13:14,Upload
280706,15533,12/17/2003 20:46,1.1,deg C,ABM,HOBO,QC_280706_15533_Water_20031019_20040228.csv,P,None,8/30/2025 13:14,Upload,8/30/2025 13:14,Upload
280706,15533,12/17/2003 21:46,1.1,deg C,ABM,HOBO,QC_280706_15533_Water_20031019_20040228.csv,P,None,8/30/2025 13:14,Upload,8/30/2025 13:14,Upload
280706,15533,12/17/2003 22:46,1.1,deg C,ABM,HOBO,QC_280706_15533_Water_20031019_20040228.csv,P,None,8/30/2025 13:14,Upload,8/30/2025 13:14,Upload
280706,15533,12/17/2003 23:46,1.1,deg C,ABM,HOBO,QC_280706_15533_Water_20031019_20040228.csv,P,None,8/30/2025 13:14,Upload,8/30/2025 13:14,Upload
280706,15533,12/18/2003 0:46,1.1,deg C,ABM,HOBO,QC_280706_15533_Water_20031019_20040228.csv,P,None,8/30/2025 13:14,Upload,8/30/2025 13:14,Upload
280706,15533,12/18/2003 1:46,1.1,deg C,ABM,HOBO,QC_280706_15533_Water_20031019_20040228.csv,P,None,8/30/2025 13:14,Upload,8/30/2025 13:14,Upload
280706,15533,12/18/2003 2:46,1.1,deg C,ABM,HOBO,QC_280706_15533_Water_20031019_20040228.csv,P,None,8/30/2025 13:14,Upload,8/30/2025 13:14,Upload
280706,15533,12/18/2003 3:46,0.94,deg C,ABM,HOBO,QC_280706_15533_Water_20031019_20040228.csv,P,None,8/30/2025 13:14,Upload,8/30/2025 13:14,Upload
280706,15533,12/18/2003 4:46,0.94,deg C,ABM,HOBO,QC_280706_15533_Water_20031019_20040228.csv,P,None,8/30/2025 13:14,Upload,8/30/2025 13:14,Upload
280706,15533,12/18/2003 5:46,0.94,deg C,ABM,HOBO,QC_280706_15533_Water_20031019_20040228.csv,P,None,8/30/2025 13:14,Upload,8/30/2025 13:14,Upload
280706,15533,12/18/2003 6:46,0.78,deg C,ABM,HOBO,QC_280706_15533_Water_20031019_20040228.csv,P,None,8/30/2025 13:14,Upload,8/30/2025 13:14,Upload
280706,15533,12/18/2003 7:46,0.78,deg C,ABM,HOBO,QC_280706_15533_Water_20031019_20040228.csv,P,None,8/30/2025 13:14,Upload,8/30/2025 13:14,Upload
280706,15533,12/18/2003 8:46,0.78,deg C,ABM,HOBO,QC_280706_15533_Water_20031019_20040228.csv,P,None,8/30/2025 13:14,Upload,8/30/2025 13:14,Upload
280706,15533,12/18/2003 9:46,0.78,deg C,ABM,HOBO,QC_280706_15533_Water_20031019_20040228.csv,P,None,8/30/2025 13:14,Upload,8/30/2025 13:14,Upload
280706,15533,12/18/2003 10:46,0.94,deg C,ABM,HOBO,QC_280706_15533_Water_20031019_20040228.csv,P,None,8/30/2025 13:14,Upload,8/30/2025 13:14,Upload
280706,15533,12/18/2003 11:46,0.94,deg C,ABM,HOBO,QC_280706_15533_Water_20031019_20040228.csv,P,None,8/30/2025 13:14,Upload,8/30/2025 13:14,Upload
280706,15533,12/18/2003 12:46,1.1,deg C,ABM,HOBO,QC_280706_15533_Water_20031019_20040228.csv,P,None,8/30/2025 13:14,Upload,8/30/2025 13:14,Upload
280706,15533,12/18/2003 13:46,1.1,deg C,ABM,HOBO,QC_280706_15533_Water_20031019_20040228.csv,P,None,8/30/2025 13:14,Upload,8/30/2025 13:14,Upload
280706,15533,12/18/2003 14:46,1.1,deg C,ABM,HOBO,QC_280706_15533_Water_20031019_20040228.csv,P,None,8/30/2025 13:14,Upload,8/30/2025 13:14,Upload
280706,15533,12/18/2003 15:46,1.42,deg C,ABM,HOBO,QC_280706_15533_Water_20031019_20040228.csv,P,None,8/30/2025 13:14,Upload,8/30/2025 13:14,Upload
280706,15533,12/18/2003 16:46,0.94,deg C,ABM,HOBO,QC_280706_15533_Water_20031019_20040228.csv,S,None,8/30/2025 13:14,Upload,8/30/2025 13:14,Upload
280706,15533,12/18/2003 17:46,0.94,deg C,ABM,HOBO,QC_280706_15533_Water_20031019_20040228.csv,P,None,8/30/2025 13:14,Upload,8/30/2025 13:14,Upload
280706,15533,12/18/2003 18:46,0.94,deg C,ABM,HOBO,QC_280706_15533_Water_20031019_20040228.csv,P,None,8/30/2025 13:14,Upload,8/30/2025 13:14,Upload
280706,15533,12/18/2003 19:46,0.94,deg C,ABM,HOBO,QC_280706_15533_Water_20031019_20040228.csv,P,None,8/30/2025 13:14,Upload,8/30/2025 13:14,Upload
280706,15533,12/18/2003 20:46,0.94,deg C,ABM,HOBO,QC_280706_15533_Water_20031019_20040228.csv,P,None,8/30/2025 13:14,Upload,8/30/2025 13:14,Upload
280706,15533,12/18/2003 21:46,0.94,deg C,ABM,HOBO,QC_280706_15533_Water_20031019_20040228.csv,P,None,8/30/2025 13:14,Upload,8/30/2025 13:14,Upload
280706,15533,12/18/2003 22:46,0.94,deg C,ABM,HOBO,QC_280706_15533_Water_20031019_20040228.csv,P,None,8/30/2025 13:14,Upload,8/30/2025 13:14,Upload
280706,15533,12/18/2003 23:46,0.78,deg C,ABM,HOBO,QC_280706_15533_Water_20031019_20040228.csv,P,None,8/30/2025 13:14,Upload,8/30/2025 13:14,Upload
280706,15533,12/19/2003 0:46,0.78,deg C,ABM,HOBO,QC_280706_15533_Water_20031019_20040228.csv,P,None,8/30/2025 13:14,Upload,8/30/2025 13:14,Upload
280706,15533,12/19/2003 1:46,0.78,deg C,ABM,HOBO,QC_280706_15533_Water_20031019_20040228.csv,P,None,8/30/2025 13:14,Upload,8/30/2025 13:14,Upload
280706,15533,12/19/2003 2:46,0.78,deg C,ABM,HOBO,QC_280706_15533_Water_20031019_20040228.csv,P,None,8/30/2025 13:14,Upload,8/30/2025 13:14,Upload
280706,15533,12/19/2003 3:46,0.78,deg C,ABM,HOBO,QC_280706_15533_Water_20031019_20040228.csv,P,None,8/30/2025 13:14,Upload,8/30/2025 13:14,Upload
280706,15533,12/19/2003 4:46,0.78,deg C,ABM,HOBO,QC_280706_15533_Water_20031019_20040228.csv,P,None,8/30/2025 13:14,Upload,8/30/2025 13:14,Upload
280706,15533,12/19/2003 5:46,0.78,deg C,ABM,HOBO,QC_280706_15533_Water_20031019_20040228.csv,P,None,8/30/2025 13:14,Upload,8/30/2025 13:14,Upload
280706,15533,12/19/2003 6:46,0.78,deg C,ABM,HOBO,QC_280706_15533_Water_20031019_20040228.csv,P,None,8/30/2025 13:14,Upload,8/30/2025 13:14,Upload
280706,15533,12/19/2003 7:46,0.78,deg C,ABM,HOBO,QC_280706_15533_Water_20031019_20040228.csv,P,None,8/30/2025 13:14,Upload,8/30/2025 13:14,Upload
280706,15533,12/19/2003 8:46,0.62,deg C,ABM,HOBO,QC_280706_15533_Water_20031019_20040228.csv,P,None,8/30/2025 13:14,Upload,8/30/2025 13:14,Upload
280706,15533,12/19/2003 9:46,0.62,deg C,ABM,HOBO,QC_280706_15533_Water_20031019_20040228.csv,P,None,8/30/2025 13:14,Upload,8/30/2025 13:14,Upload
280706,15533,12/19/2003 10:46,0.78,deg C,ABM,HOBO,QC_280706_15533_Water_20031019_20040228.csv,P,None,8/30/2025 13:14,Upload,8/30/2025 13:14,Upload
280706,15533,12/19/2003 11:46,0.94,deg C,ABM,HOBO,QC_280706_15533_Water_20031019_20040228.csv,P,None,8/30/2025 13:14,Upload,8/30/2025 13:14,Upload
280706,15533,12/19/2003 12:46,0.78,deg C,ABM,HOBO,QC_280706_15533_Water_20031019_20040228.csv,P,None,8/30/2025 13:14,Upload,8/30/2025 13:14,Upload
280706,15533,12/19/2003 13:46,0.78,deg C,ABM,HOBO,QC_280706_15533_Water_20031019_20040228.csv,P,None,8/30/2025 13:14,Upload,8/30/2025 13:14,Upload
280706,15533,12/19/2003 14:46,0.78,deg C,ABM,HOBO,QC_280706_15533_Water_20031019_20040228.csv,P,None,8/30/2025 13:14,Upload,8/30/2025 13:14,Upload
280706,15533,12/19/2003 15:46,0.78,deg C,ABM,HOBO,QC_280706_15533_Water_20031019_20040228.csv,P,None,8/30/2025 13:14,Upload,8/30/2025 13:14,Upload
280706,15533,12/19/2003 16:46,0.78,deg C,ABM,HOBO,QC_280706_15533_Water_20031019_20040228.csv,P,None,8/30/2025 13:14,Upload,8/30/2025 13:14,Upload
280706,15533,12/19/2003 17:46,0.78,deg C,ABM,HOBO,QC_280706_15533_Water_20031019_20040228.csv,P,None,8/30/2025 13:14,Upload,8/30/2025 13:14,Upload
280706,15533,12/19/2003 18:46,0.78,deg C,ABM,HOBO,QC_280706_15533_Water_20031019_20040228.csv,P,None,8/30/2025 13:14,Upload,8/30/2025 13:14,Upload
280706,15533,12/19/2003 19:46,0.78,deg C,ABM,HOBO,QC_280706_15533_Water_20031019_20040228.csv,P,None,8/30/2025 13:14,Upload,8/30/2025 13:14,Upload
280706,15533,12/19/2003 20:46,0.78,deg C,ABM,HOBO,QC_280706_15533_Water_20031019_20040228.csv,P,None,8/30/2025 13:14,Upload,8/30/2025 13:14,Upload
280706,15533,12/19/2003 21:46,0.62,deg C,ABM,HOBO,QC_280706_15533_Water_20031019_20040228.csv,P,None,8/30/2025 13:14,Upload,8/30/2025 13:14,Upload
280706,15533,12/19/2003 22:46,0.62,deg C,ABM,HOBO,QC_280706_15533_Water_20031019_20040228.csv,P,None,8/30/2025 13:14,Upload,8/30/2025 13:14,Upload
280706,15533,12/19/2003 23:46,0.62,deg C,ABM,HOBO,QC_280706_15533_Water_20031019_20040228.csv,P,None,8/30/2025 13:14,Upload,8/30/2025 13:14,Upload
280706,15533,12/20/2003 0:46,0.62,deg C,ABM,HOBO,QC_280706_15533_Water_20031019_20040228.csv,P,None,8/30/2025 13:14,Upload,8/30/2025 13:14,Upload
280706,15533,12/20/2003 1:46,0.62,deg C,ABM,HOBO,QC_280706_15533_Water_20031019_20040228.csv,P,None,8/30/2025 13:14,Upload,8/30/2025 13:14,Upload
280706,15533,12/20/2003 2:46,0.62,deg C,ABM,HOBO,QC_280706_15533_Water_20031019_20040228.csv,P,None,8/30/2025 13:14,Upload,8/30/2025 13:14,Upload
280706,15533,12/20/2003 3:46,0.62,deg C,ABM,HOBO,QC_280706_15533_Water_20031019_20040228.csv,P,None,8/30/2025 13:14,Upload,8/30/2025 13:14,Upload
280706,15533,12/20/2003 4:46,0.46,deg C,ABM,HOBO,QC_280706_15533_Water_20031019_20040228.csv,P,None,8/30/2025 13:14,Upload,8/30/2025 13:14,Upload
280706,15533,12/20/2003 5:46,0.46,deg C,ABM,HOBO,QC_280706_15533_Water_20031019_20040228.csv,P,None,8/30/2025 13:14,Upload,8/30/2025 13:14,Upload
280706,15533,12/20/2003 6:46,0.46,deg C,ABM,HOBO,QC_280706_15533_Water_20031019_20040228.csv,P,None,8/30/2025 13:14,Upload,8/30/2025 13:14,Upload
280706,15533,12/20/2003 7:46,0.46,deg C,ABM,HOBO,QC_280706_15533_Water_20031019_20040228.csv,P,None,8/30/2025 13:14,Upload,8/30/2025 13:14,Upload
280706,15533,12/20/2003 8:46,0.46,deg C,ABM,HOBO,QC_280706_15533_Water_20031019_20040228.csv,P,None,8/30/2025 13:14,Upload,8/30/2025 13:14,Upload
280706,15533,12/20/2003 9:46,0.46,deg C,ABM,HOBO,QC_280706_15533_Water_20031019_20040228.csv,P,None,8/30/2025 13:14,Upload,8/30/2025 13:14,Upload
280706,15533,12/20/2003 10:46,0.46,deg C,ABM,HOBO,QC_280706_15533_Water_20031019_20040228.csv,P,None,8/30/2025 13:14,Upload,8/30/2025 13:14,Upload
280706,15533,12/20/2003 11:46,0.46,deg C,ABM,HOBO,QC_280706_15533_Water_20031019_20040228.csv,P,None,8/30/2025 13:14,Upload,8/30/2025 13:14,Upload
280706,15533,12/20/2003 12:46,0.62,deg C,ABM,HOBO,QC_280706_15533_Water_20031019_20040228.csv,P,None,8/30/2025 13:14,Upload,8/30/2025 13:14,Upload
280706,15533,12/20/2003 13:46,0.62,deg C,ABM,HOBO,QC_280706_15533_Water_20031019_20040228.csv,P,None,8/30/2025 13:14,Upload,8/30/2025 13:14,Upload
280706,15533,12/20/2003 14:46,0.62,deg C,ABM,HOBO,QC_280706_15533_Water_20031019_20040228.csv,P,None,8/30/2025 13:14,Upload,8/30/2025 13:14,Upload
280706,15533,12/20/2003 15:46,0.62,deg C,ABM,HOBO,QC_280706_15533_Water_20031019_20040228.csv,P,None,8/30/2025 13:14,Upload,8/30/2025 13:14,Upload
280706,15533,12/20/2003 16:46,0.62,deg C,ABM,HOBO,QC_280706_15533_Water_20031019_20040228.csv,P,None,8/30/2025 13:14,Upload,8/30/2025 13:14,Upload
280706,15533,12/20/2003 17:46,0.62,deg C,ABM,HOBO,QC_280706_15533_Water_20031019_20040228.csv,P,None,8/30/2025 13:14,Upload,8/30/2025 13:14,Upload
280706,15533,12/20/2003 18:46,0.62,deg C,ABM,HOBO,QC_280706_15533_Water_20031019_20040228.csv,P,None,8/30/2025 13:14,Upload,8/30/2025 13:14,Upload
280706,15533,12/20/2003 19:46,0.62,deg C,ABM,HOBO,QC_280706_15533_Water_20031019_20040228.csv,P,None,8/30/2025 13:14,Upload,8/30/2025 13:14,Upload
280706,15533,12/20/2003 20:46,0.62,deg C,ABM,HOBO,QC_280706_15533_Water_20031019_20040228.csv,P,None,8/30/2025 13:14,Upload,8/30/2025 13:14,Upload
280706,15533,12/20/2003 21:46,0.62,deg C,ABM,HOBO,QC_280706_15533_Water_20031019_20040228.csv,P,None,8/30/2025 13:14,Upload,8/30/2025 13:14,Upload
280706,15533,12/20/2003 22:46,0.46,deg C,ABM,HOBO,QC_280706_15533_Water_20031019_20040228.csv,P,None,8/30/2025 13:14,Upload,8/30/2025 13:14,Upload
280706,15533,12/20/2003 23:46,0.46,deg C,ABM,HOBO,QC_280706_15533_Water_20031019_20040228.csv,P,None,8/30/2025 13:14,Upload,8/30/2025 13:14,Upload
280706,15533,12/21/2003 0:46,0.46,deg C,ABM,HOBO,QC_280706_15533_Water_20031019_20040228.csv,P,None,8/30/2025 13:14,Upload,8/30/2025 13:14,Upload
280706,15533,12/21/2003 1:46,0.46,deg C,ABM,HOBO,QC_280706_15533_Water_20031019_20040228.csv,P,None,8/30/2025 13:14,Upload,8/30/2025 13:14,Upload
280706,15533,12/21/2003 2:46,0.46,deg C,ABM,HOBO,QC_280706_15533_Water_20031019_20040228.csv,P,None,8/30/2025 13:14,Upload,8/30/2025 13:14,Upload
280706,15533,12/21/2003 3:46,0.3,deg C,ABM,HOBO,QC_280706_15533_Water_20031019_20040228.csv,P,None,8/30/2025 13:14,Upload,8/30/2025 13:14,Upload
280706,15533,12/21/2003 4:46,0.3,deg C,ABM,HOBO,QC_280706_15533_Water_20031019_20040228.csv,P,None,8/30/2025 13:14,Upload,8/30/2025 13:14,Upload
280706,15533,12/21/2003 5:46,0.3,deg C,ABM,HOBO,QC_280706_15533_Water_20031019_20040228.csv,P,None,8/30/2025 13:14,Upload,8/30/2025 13:14,Upload
280706,15533,12/21/2003 6:46,0.3,deg C,ABM,HOBO,QC_280706_15533_Water_20031019_20040228.csv,P,None,8/30/2025 13:14,Upload,8/30/2025 13:14,Upload
280706,15533,12/21/2003 7:46,0.14,deg C,ABM,HOBO,QC_280706_15533_Water_20031019_20040228.csv,P,None,8/30/2025 13:14,Upload,8/30/2025 13:14,Upload
280706,15533,12/21/2003 8:46,0.14,deg C,ABM,HOBO,QC_280706_15533_Water_20031019_20040228.csv,P,None,8/30/2025 13:14,Upload,8/30/2025 13:14,Upload
280706,15533,12/21/2003 9:46,0.14,deg C,ABM,HOBO,QC_280706_15533_Water_20031019_20040228.csv,P,None,8/30/2025 13:14,Upload,8/30/2025 13:14,Upload
280706,15533,12/21/2003 10:46,0.14,deg C,ABM,HOBO,QC_280706_15533_Water_20031019_20040228.csv,P,None,8/30/2025 13:14,Upload,8/30/2025 13:14,Upload
280706,15533,12/21/2003 11:46,0.14,deg C,ABM,HOBO,QC_280706_15533_Water_20031019_20040228.csv,P,None,8/30/2025 13:14,Upload,8/30/2025 13:14,Upload
280706,15533,12/21/2003 12:46,0.14,deg C,ABM,HOBO,QC_280706_15533_Water_20031019_20040228.csv,P,None,8/30/2025 13:14,Upload,8/30/2025 13:14,Upload
280706,15533,12/21/2003 13:46,0.3,deg C,ABM,HOBO,QC_280706_15533_Water_20031019_20040228.csv,P,None,8/30/2025 13:14,Upload,8/30/2025 13:14,Upload
280706,15533,12/21/2003 14:46,0.3,deg C,ABM,HOBO,QC_280706_15533_Water_20031019_20040228.csv,P,None,8/30/2025 13:14,Upload,8/30/2025 13:14,Upload
280706,15533,12/21/2003 15:46,0.3,deg C,ABM,HOBO,QC_280706_15533_Water_20031019_20040228.csv,P,None,8/30/2025 13:14,Upload,8/30/2025 13:14,Upload
280706,15533,12/21/2003 16:46,0.3,deg C,ABM,HOBO,QC_280706_15533_Water_20031019_20040228.csv,P,None,8/30/2025 13:14,Upload,8/30/2025 13:14,Upload
280706,15533,12/21/2003 17:46,0.62,deg C,ABM,HOBO,QC_280706_15533_Water_20031019_20040228.csv,P,None,8/30/2025 13:14,Upload,8/30/2025 13:14,Upload
280706,15533,12/21/2003 18:46,0.3,deg C,ABM,HOBO,QC_280706_15533_Water_20031019_20040228.csv,P,None,8/30/2025 13:14,Upload,8/30/2025 13:14,Upload
280706,15533,12/21/2003 19:46,0.3,deg C,ABM,HOBO,QC_280706_15533_Water_20031019_20040228.csv,P,None,8/30/2025 13:14,Upload,8/30/2025 13:14,Upload
280706,15533,12/21/2003 20:46,0.3,deg C,ABM,HOBO,QC_280706_15533_Water_20031019_20040228.csv,P,None,8/30/2025 13:14,Upload,8/30/2025 13:14,Upload
280706,15533,12/21/2003 21:46,0.3,deg C,ABM,HOBO,QC_280706_15533_Water_20031019_20040228.csv,P,None,8/30/2025 13:14,Upload,8/30/2025 13:14,Upload
280706,15533,12/21/2003 22:46,0.3,deg C,ABM,HOBO,QC_280706_15533_Water_20031019_20040228.csv,P,None,8/30/2025 13:14,Upload,8/30/2025 13:14,Upload
280706,15533,12/21/2003 23:46,0.3,deg C,ABM,HOBO,QC_280706_15533_Water_20031019_20040228.csv,P,None,8/30/2025 13:14,Upload,8/30/2025 13:14,Upload
280706,15533,12/22/2003 0:46,0.3,deg C,ABM,HOBO,QC_280706_15533_Water_20031019_20040228.csv,P,None,8/30/2025 13:14,Upload,8/30/2025 13:14,Upload
280706,15533,12/22/2003 1:46,0.3,deg C,ABM,HOBO,QC_280706_15533_Water_20031019_20040228.csv,P,None,8/30/2025 13:14,Upload,8/30/2025 13:14,Upload
280706,15533,12/22/2003 2:46,0.3,deg C,ABM,HOBO,QC_280706_15533_Water_20031019_20040228.csv,P,None,8/30/2025 13:14,Upload,8/30/2025 13:14,Upload
280706,15533,12/22/2003 3:46,0.3,deg C,ABM,HOBO,QC_280706_15533_Water_20031019_20040228.csv,P,None,8/30/2025 13:14,Upload,8/30/2025 13:14,Upload
280706,15533,12/22/2003 4:46,0.3,deg C,ABM,HOBO,QC_280706_15533_Water_20031019_20040228.csv,P,None,8/30/2025 13:14,Upload,8/30/2025 13:14,Upload
280706,15533,12/22/2003 5:46,0.3,deg C,ABM,HOBO,QC_280706_15533_Water_20031019_20040228.csv,P,None,8/30/2025 13:14,Upload,8/30/2025 13:14,Upload
280706,15533,12/22/2003 6:46,0.14,deg C,ABM,HOBO,QC_280706_15533_Water_20031019_20040228.csv,P,None,8/30/2025 13:14,Upload,8/30/2025 13:14,Upload
280706,15533,12/22/2003 7:46,0.14,deg C,ABM,HOBO,QC_280706_15533_Water_20031019_20040228.csv,P,None,8/30/2025 13:14,Upload,8/30/2025 13:14,Upload
280706,15533,12/22/2003 8:46,0.14,deg C,ABM,HOBO,QC_280706_15533_Water_20031019_20040228.csv,P,None,8/30/2025 13:14,Upload,8/30/2025 13:14,Upload
280706,15533,12/22/2003 9:46,0.14,deg C,ABM,HOBO,QC_280706_15533_Water_20031019_20040228.csv,P,None,8/30/2025 13:14,Upload,8/30/2025 13:14,Upload
280706,15533,12/22/2003 10:46,0.3,deg C,ABM,HOBO,QC_280706_15533_Water_20031019_20040228.csv,P,None,8/30/2025 13:14,Upload,8/30/2025 13:14,Upload
280706,15533,12/22/2003 11:46,0.3,deg C,ABM,HOBO,QC_280706_15533_Water_20031019_20040228.csv,P,None,8/30/2025 13:14,Upload,8/30/2025 13:14,Upload
280706,15533,12/22/2003 12:46,0.3,deg C,ABM,HOBO,QC_280706_15533_Water_20031019_20040228.csv,P,None,8/30/2025 13:14,Upload,8/30/2025 13:14,Upload
280706,15533,12/22/2003 13:46,0.3,deg C,ABM,HOBO,QC_280706_15533_Water_20031019_20040228.csv,P,None,8/30/2025 13:14,Upload,8/30/2025 13:14,Upload
280706,15533,12/22/2003 14:46,0.3,deg C,ABM,HOBO,QC_280706_15533_Water_20031019_20040228.csv,P,None,8/30/2025 13:14,Upload,8/30/2025 13:14,Upload
280706,15533,12/22/2003 15:46,0.46,deg C,ABM,HOBO,QC_280706_15533_Water_20031019_20040228.csv,P,None,8/30/2025 13:14,Upload,8/30/2025 13:14,Upload
280706,15533,12/22/2003 16:46,0.62,deg C,ABM,HOBO,QC_280706_15533_Water_20031019_20040228.csv,P,None,8/30/2025 13:14,Upload,8/30/2025 13:14,Upload
280706,15533,12/22/2003 17:46,0.46,deg C,ABM,HOBO,QC_280706_15533_Water_20031019_20040228.csv,P,None,8/30/2025 13:14,Upload,8/30/2025 13:14,Upload
280706,15533,12/22/2003 18:46,0.46,deg C,ABM,HOBO,QC_280706_15533_Water_20031019_20040228.csv,P,None,8/30/2025 13:14,Upload,8/30/2025 13:14,Upload
280706,15533,12/22/2003 19:46,0.62,deg C,ABM,HOBO,QC_280706_15533_Water_20031019_20040228.csv,P,None,8/30/2025 13:14,Upload,8/30/2025 13:14,Upload
280706,15533,12/22/2003 20:46,0.62,deg C,ABM,HOBO,QC_280706_15533_Water_20031019_20040228.csv,P,None,8/30/2025 13:14,Upload,8/30/2025 13:14,Upload
280706,15533,12/22/2003 21:46,0.62,deg C,ABM,HOBO,QC_280706_15533_Water_20031019_20040228.csv,P,None,8/30/2025 13:14,Upload,8/30/2025 13:14,Upload
280706,15533,12/22/2003 22:46,0.62,deg C,ABM,HOBO,QC_280706_15533_Water_20031019_20040228.csv,P,None,8/30/2025 13:14,Upload,8/30/2025 13:14,Upload
280706,15533,12/22/2003 23:46,0.62,deg C,ABM,HOBO,QC_280706_15533_Water_20031019_20040228.csv,P,None,8/30/2025 13:14,Upload,8/30/2025 13:14,Upload
280706,15533,12/23/2003 0:46,0.62,deg C,ABM,HOBO,QC_280706_15533_Water_20031019_20040228.csv,P,None,8/30/2025 13:14,Upload,8/30/2025 13:14,Upload
280706,15533,12/23/2003 1:46,0.62,deg C,ABM,HOBO,QC_280706_15533_Water_20031019_20040228.csv,P,None,8/30/2025 13:14,Upload,8/30/2025 13:14,Upload
280706,15533,12/23/2003 2:46,0.62,deg C,ABM,HOBO,QC_280706_15533_Water_20031019_20040228.csv,P,None,8/30/2025 13:14,Upload,8/30/2025 13:14,Upload
280706,15533,12/23/2003 3:46,0.62,deg C,ABM,HOBO,QC_280706_15533_Water_20031019_20040228.csv,P,None,8/30/2025 13:14,Upload,8/30/2025 13:14,Upload
280706,15533,12/23/2003 4:46,0.62,deg C,ABM,HOBO,QC_280706_15533_Water_20031019_20040228.csv,P,None,8/30/2025 13:14,Upload,8/30/2025 13:14,Upload
280706,15533,12/23/2003 5:46,0.62,deg C,ABM,HOBO,QC_280706_15533_Water_20031019_20040228.csv,P,None,8/30/2025 13:14,Upload,8/30/2025 13:14,Upload
280706,15533,12/23/2003 6:46,0.62,deg C,ABM,HOBO,QC_280706_15533_Water_20031019_20040228.csv,P,None,8/30/2025 13:14,Upload,8/30/2025 13:14,Upload
280706,15533,12/23/2003 7:46,0.62,deg C,ABM,HOBO,QC_280706_15533_Water_20031019_20040228.csv,P,None,8/30/2025 13:14,Upload,8/30/2025 13:14,Upload
280706,15533,12/23/2003 8:46,0.62,deg C,ABM,HOBO,QC_280706_15533_Water_20031019_20040228.csv,P,None,8/30/2025 13:14,Upload,8/30/2025 13:14,Upload
280706,15533,12/23/2003 9:46,0.78,deg C,ABM,HOBO,QC_280706_15533_Water_20031019_20040228.csv,P,None,8/30/2025 13:14,Upload,8/30/2025 13:14,Upload
280706,15533,12/23/2003 10:46,0.78,deg C,ABM,HOBO,QC_280706_15533_Water_20031019_20040228.csv,P,None,8/30/2025 13:14,Upload,8/30/2025 13:14,Upload
280706,15533,12/23/2003 11:46,0.78,deg C,ABM,HOBO,QC_280706_15533_Water_20031019_20040228.csv,P,None,8/30/2025 13:14,Upload,8/30/2025 13:14,Upload
280706,15533,12/23/2003 12:46,0.94,deg C,ABM,HOBO,QC_280706_15533_Water_20031019_20040228.csv,P,None,8/30/2025 13:14,Upload,8/30/2025 13:14,Upload
280706,15533,12/23/2003 13:46,0.94,deg C,ABM,HOBO,QC_280706_15533_Water_20031019_20040228.csv,P,None,8/30/2025 13:14,Upload,8/30/2025 13:14,Upload
280706,15533,12/23/2003 14:46,1.1,deg C,ABM,HOBO,QC_280706_15533_Water_20031019_20040228.csv,P,None,8/30/2025 13:14,Upload,8/30/2025 13:14,Upload
280706,15533,12/23/2003 15:46,1.1,deg C,ABM,HOBO,QC_280706_15533_Water_20031019_20040228.csv,P,None,8/30/2025 13:14,Upload,8/30/2025 13:14,Upload
280706,15533,12/23/2003 16:46,1.1,deg C,ABM,HOBO,QC_280706_15533_Water_20031019_20040228.csv,P,None,8/30/2025 13:14,Upload,8/30/2025 13:14,Upload
280706,15533,12/23/2003 17:46,1.1,deg C,ABM,HOBO,QC_280706_15533_Water_20031019_20040228.csv,P,None,8/30/2025 13:14,Upload,8/30/2025 13:14,Upload
280706,15533,12/23/2003 18:46,1.1,deg C,ABM,HOBO,QC_280706_15533_Water_20031019_20040228.csv,P,None,8/30/2025 13:14,Upload,8/30/2025 13:14,Upload
280706,15533,12/23/2003 19:46,1.1,deg C,ABM,HOBO,QC_280706_15533_Water_20031019_20040228.csv,P,None,8/30/2025 13:14,Upload,8/30/2025 13:14,Upload
280706,15533,12/23/2003 20:46,1.26,deg C,ABM,HOBO,QC_280706_15533_Water_20031019_20040228.csv,P,None,8/30/2025 13:14,Upload,8/30/2025 13:14,Upload
280706,15533,12/23/2003 21:46,1.26,deg C,ABM,HOBO,QC_280706_15533_Water_20031019_20040228.csv,P,None,8/30/2025 13:14,Upload,8/30/2025 13:14,Upload
280706,15533,12/23/2003 22:46,1.26,deg C,ABM,HOBO,QC_280706_15533_Water_20031019_20040228.csv,P,None,8/30/2025 13:14,Upload,8/30/2025 13:14,Upload
280706,15533,12/23/2003 23:46,1.26,deg C,ABM,HOBO,QC_280706_15533_Water_20031019_20040228.csv,P,None,8/30/2025 13:14,Upload,8/30/2025 13:14,Upload
280706,15533,12/24/2003 0:46,1.1,deg C,ABM,HOBO,QC_280706_15533_Water_20031019_20040228.csv,P,None,8/30/2025 13:14,Upload,8/30/2025 13:14,Upload
280706,15533,12/24/2003 1:46,1.26,deg C,ABM,HOBO,QC_280706_15533_Water_20031019_20040228.csv,P,None,8/30/2025 13:14,Upload,8/30/2025 13:14,Upload
280706,15533,12/24/2003 2:46,1.1,deg C,ABM,HOBO,QC_280706_15533_Water_20031019_20040228.csv,P,None,8/30/2025 13:14,Upload,8/30/2025 13:14,Upload
280706,15533,12/24/2003 3:46,1.1,deg C,ABM,HOBO,QC_280706_15533_Water_20031019_20040228.csv,P,None,8/30/2025 13:14,Upload,8/30/2025 13:14,Upload
280706,15533,12/24/2003 4:46,1.1,deg C,ABM,HOBO,QC_280706_15533_Water_20031019_20040228.csv,P,None,8/30/2025 13:14,Upload,8/30/2025 13:14,Upload
280706,15533,12/24/2003 5:46,1.1,deg C,ABM,HOBO,QC_280706_15533_Water_20031019_20040228.csv,P,None,8/30/2025 13:14,Upload,8/30/2025 13:14,Upload
280706,15533,12/24/2003 6:46,1.26,deg C,ABM,HOBO,QC_280706_15533_Water_20031019_20040228.csv,P,None,8/30/2025 13:14,Upload,8/30/2025 13:14,Upload
280706,15533,12/24/2003 7:46,1.26,deg C,ABM,HOBO,QC_280706_15533_Water_20031019_20040228.csv,P,None,8/30/2025 13:14,Upload,8/30/2025 13:14,Upload
280706,15533,12/24/2003 8:46,1.26,deg C,ABM,HOBO,QC_280706_15533_Water_20031019_20040228.csv,P,None,8/30/2025 13:14,Upload,8/30/2025 13:14,Upload
280706,15533,12/24/2003 9:46,1.26,deg C,ABM,HOBO,QC_280706_15533_Water_20031019_20040228.csv,P,None,8/30/2025 13:14,Upload,8/30/2025 13:14,Upload
280706,15533,12/24/2003 10:46,1.26,deg C,ABM,HOBO,QC_280706_15533_Water_20031019_20040228.csv,P,None,8/30/2025 13:14,Upload,8/30/2025 13:14,Upload
280706,15533,12/24/2003 11:46,1.42,deg C,ABM,HOBO,QC_280706_15533_Water_20031019_20040228.csv,P,None,8/30/2025 13:14,Upload,8/30/2025 13:14,Upload
280706,15533,12/24/2003 12:46,1.58,deg C,ABM,HOBO,QC_280706_15533_Water_20031019_20040228.csv,P,None,8/30/2025 13:14,Upload,8/30/2025 13:14,Upload
280706,15533,12/24/2003 13:46,1.58,deg C,ABM,HOBO,QC_280706_15533_Water_20031019_20040228.csv,P,None,8/30/2025 13:14,Upload,8/30/2025 13:14,Upload
280706,15533,12/24/2003 14:46,1.89,deg C,ABM,HOBO,QC_280706_15533_Water_20031019_20040228.csv,P,None,8/30/2025 13:14,Upload,8/30/2025 13:14,Upload
280706,15533,12/24/2003 15:46,1.89,deg C,ABM,HOBO,QC_280706_15533_Water_20031019_20040228.csv,P,None,8/30/2025 13:14,Upload,8/30/2025 13:14,Upload
280706,15533,12/24/2003 16:46,1.89,deg C,ABM,HOBO,QC_280706_15533_Water_20031019_20040228.csv,P,None,8/30/2025 13:14,Upload,8/30/2025 13:14,Upload
280706,15533,12/24/2003 17:46,1.89,deg C,ABM,HOBO,QC_280706_15533_Water_20031019_20040228.csv,P,None,8/30/2025 13:14,Upload,8/30/2025 13:14,Upload
280706,15533,12/24/2003 18:46,1.89,deg C,ABM,HOBO,QC_280706_15533_Water_20031019_20040228.csv,P,None,8/30/2025 13:14,Upload,8/30/2025 13:14,Upload
280706,15533,12/24/2003 19:46,2.06,deg C,ABM,HOBO,QC_280706_15533_Water_20031019_20040228.csv,P,None,8/30/2025 13:14,Upload,8/30/2025 13:14,Upload
280706,15533,12/24/2003 20:46,2.06,deg C,ABM,HOBO,QC_280706_15533_Water_20031019_20040228.csv,P,None,8/30/2025 13:14,Upload,8/30/2025 13:14,Upload
280706,15533,12/24/2003 21:46,2.21,deg C,ABM,HOBO,QC_280706_15533_Water_20031019_20040228.csv,P,None,8/30/2025 13:14,Upload,8/30/2025 13:14,Upload
280706,15533,12/24/2003 22:46,2.06,deg C,ABM,HOBO,QC_280706_15533_Water_20031019_20040228.csv,P,None,8/30/2025 13:14,Upload,8/30/2025 13:14,Upload
280706,15533,12/24/2003 23:46,2.06,deg C,ABM,HOBO,QC_280706_15533_Water_20031019_20040228.csv,P,None,8/30/2025 13:14,Upload,8/30/2025 13:14,Upload
280706,15533,12/25/2003 0:46,2.06,deg C,ABM,HOBO,QC_280706_15533_Water_20031019_20040228.csv,P,None,8/30/2025 13:14,Upload,8/30/2025 13:14,Upload
280706,15533,12/25/2003 1:46,2.21,deg C,ABM,HOBO,QC_280706_15533_Water_20031019_20040228.csv,P,None,8/30/2025 13:14,Upload,8/30/2025 13:14,Upload
280706,15533,12/25/2003 2:46,2.21,deg C,ABM,HOBO,QC_280706_15533_Water_20031019_20040228.csv,P,None,8/30/2025 13:14,Upload,8/30/2025 13:14,Upload
280706,15533,12/25/2003 3:46,2.21,deg C,ABM,HOBO,QC_280706_15533_Water_20031019_20040228.csv,P,None,8/30/2025 13:14,Upload,8/30/2025 13:14,Upload
280706,15533,12/25/2003 4:46,2.53,deg C,ABM,HOBO,QC_280706_15533_Water_20031019_20040228.csv,P,None,8/30/2025 13:14,Upload,8/30/2025 13:14,Upload
280706,15533,12/25/2003 5:46,2.06,deg C,ABM,HOBO,QC_280706_15533_Water_20031019_20040228.csv,P,None,8/30/2025 13:14,Upload,8/30/2025 13:14,Upload
280706,15533,12/25/2003 6:46,2.06,deg C,ABM,HOBO,QC_280706_15533_Water_20031019_20040228.csv,P,None,8/30/2025 13:14,Upload,8/30/2025 13:14,Upload
280706,15533,12/25/2003 7:46,2.06,deg C,ABM,HOBO,QC_280706_15533_Water_20031019_20040228.csv,P,None,8/30/2025 13:14,Upload,8/30/2025 13:14,Upload
280706,15533,12/25/2003 8:46,2.06,deg C,ABM,HOBO,QC_280706_15533_Water_20031019_20040228.csv,P,None,8/30/2025 13:14,Upload,8/30/2025 13:14,Upload
280706,15533,12/25/2003 9:46,2.06,deg C,ABM,HOBO,QC_280706_15533_Water_20031019_20040228.csv,P,None,8/30/2025 13:14,Upload,8/30/2025 13:14,Upload
280706,15533,12/25/2003 10:46,2.21,deg C,ABM,HOBO,QC_280706_15533_Water_20031019_20040228.csv,P,None,8/30/2025 13:14,Upload,8/30/2025 13:14,Upload
280706,15533,12/25/2003 11:46,2.21,deg C,ABM,HOBO,QC_280706_15533_Water_20031019_20040228.csv,P,None,8/30/2025 13:14,Upload,8/30/2025 13:14,Upload
280706,15533,12/25/2003 12:46,2.37,deg C,ABM,HOBO,QC_280706_15533_Water_20031019_20040228.csv,P,None,8/30/2025 13:14,Upload,8/30/2025 13:14,Upload
280706,15533,12/25/2003 13:46,2.37,deg C,ABM,HOBO,QC_280706_15533_Water_20031019_20040228.csv,P,None,8/30/2025 13:14,Upload,8/30/2025 13:14,Upload
280706,15533,12/25/2003 14:46,2.53,deg C,ABM,HOBO,QC_280706_15533_Water_20031019_20040228.csv,P,None,8/30/2025 13:14,Upload,8/30/2025 13:14,Upload
280706,15533,12/25/2003 15:46,2.37,deg C,ABM,HOBO,QC_280706_15533_Water_20031019_20040228.csv,P,None,8/30/2025 13:14,Upload,8/30/2025 13:14,Upload
280706,15533,12/25/2003 16:46,2.37,deg C,ABM,HOBO,QC_280706_15533_Water_20031019_20040228.csv,P,None,8/30/2025 13:14,Upload,8/30/2025 13:14,Upload
280706,15533,12/25/2003 17:46,2.37,deg C,ABM,HOBO,QC_280706_15533_Water_20031019_20040228.csv,P,None,8/30/2025 13:14,Upload,8/30/2025 13:14,Upload
280706,15533,12/25/2003 18:46,2.69,deg C,ABM,HOBO,QC_280706_15533_Water_20031019_20040228.csv,P,None,8/30/2025 13:14,Upload,8/30/2025 13:14,Upload
280706,15533,12/25/2003 19:46,2.21,deg C,ABM,HOBO,QC_280706_15533_Water_20031019_20040228.csv,P,None,8/30/2025 13:14,Upload,8/30/2025 13:14,Upload
280706,15533,12/25/2003 20:46,2.21,deg C,ABM,HOBO,QC_280706_15533_Water_20031019_20040228.csv,P,None,8/30/2025 13:14,Upload,8/30/2025 13:14,Upload
280706,15533,12/25/2003 21:46,2.21,deg C,ABM,HOBO,QC_280706_15533_Water_20031019_20040228.csv,P,None,8/30/2025 13:14,Upload,8/30/2025 13:14,Upload
280706,15533,12/25/2003 22:46,2.06,deg C,ABM,HOBO,QC_280706_15533_Water_20031019_20040228.csv,P,None,8/30/2025 13:14,Upload,8/30/2025 13:14,Upload
280706,15533,12/25/2003 23:46,2.06,deg C,ABM,HOBO,QC_280706_15533_Water_20031019_20040228.csv,P,None,8/30/2025 13:14,Upload,8/30/2025 13:14,Upload
280706,15533,12/26/2003 0:46,1.89,deg C,ABM,HOBO,QC_280706_15533_Water_20031019_20040228.csv,P,None,8/30/2025 13:14,Upload,8/30/2025 13:14,Upload
280706,15533,12/26/2003 1:46,1.89,deg C,ABM,HOBO,QC_280706_15533_Water_20031019_20040228.csv,P,None,8/30/2025 13:14,Upload,8/30/2025 13:14,Upload
280706,15533,12/26/2003 2:46,1.89,deg C,ABM,HOBO,QC_280706_15533_Water_20031019_20040228.csv,P,None,8/30/2025 13:14,Upload,8/30/2025 13:14,Upload
280706,15533,12/26/2003 3:46,1.89,deg C,ABM,HOBO,QC_280706_15533_Water_20031019_20040228.csv,P,None,8/30/2025 13:14,Upload,8/30/2025 13:14,Upload
280706,15533,12/26/2003 4:46,1.89,deg C,ABM,HOBO,QC_280706_15533_Water_20031019_20040228.csv,P,None,8/30/2025 13:14,Upload,8/30/2025 13:14,Upload
280706,15533,12/26/2003 5:46,1.89,deg C,ABM,HOBO,QC_280706_15533_Water_20031019_20040228.csv,P,None,8/30/2025 13:14,Upload,8/30/2025 13:14,Upload
280706,15533,12/26/2003 6:46,1.89,deg C,ABM,HOBO,QC_280706_15533_Water_20031019_20040228.csv,P,None,8/30/2025 13:14,Upload,8/30/2025 13:14,Upload
280706,15533,12/26/2003 7:46,1.89,deg C,ABM,HOBO,QC_280706_15533_Water_20031019_20040228.csv,P,None,8/30/2025 13:14,Upload,8/30/2025 13:14,Upload
280706,15533,12/26/2003 8:46,1.74,deg C,ABM,HOBO,QC_280706_15533_Water_20031019_20040228.csv,P,None,8/30/2025 13:14,Upload,8/30/2025 13:14,Upload
280706,15533,12/26/2003 9:46,1.74,deg C,ABM,HOBO,QC_280706_15533_Water_20031019_20040228.csv,P,None,8/30/2025 13:14,Upload,8/30/2025 13:14,Upload
280706,15533,12/26/2003 10:46,1.74,deg C,ABM,HOBO,QC_280706_15533_Water_20031019_20040228.csv,P,None,8/30/2025 13:14,Upload,8/30/2025 13:14,Upload
280706,15533,12/26/2003 11:46,1.58,deg C,ABM,HOBO,QC_280706_15533_Water_20031019_20040228.csv,P,None,8/30/2025 13:14,Upload,8/30/2025 13:14,Upload
280706,15533,12/26/2003 12:46,1.58,deg C,ABM,HOBO,QC_280706_15533_Water_20031019_20040228.csv,P,None,8/30/2025 13:14,Upload,8/30/2025 13:14,Upload
280706,15533,12/26/2003 13:46,1.58,deg C,ABM,HOBO,QC_280706_15533_Water_20031019_20040228.csv,P,None,8/30/2025 13:14,Upload,8/30/2025 13:14,Upload
280706,15533,12/26/2003 14:46,1.58,deg C,ABM,HOBO,QC_280706_15533_Water_20031019_20040228.csv,P,None,8/30/2025 13:14,Upload,8/30/2025 13:14,Upload
280706,15533,12/26/2003 15:46,1.58,deg C,ABM,HOBO,QC_280706_15533_Water_20031019_20040228.csv,P,None,8/30/2025 13:14,Upload,8/30/2025 13:14,Upload
280706,15533,12/26/2003 16:46,1.58,deg C,ABM,HOBO,QC_280706_15533_Water_20031019_20040228.csv,P,None,8/30/2025 13:14,Upload,8/30/2025 13:14,Upload
280706,15533,12/26/2003 17:46,1.42,deg C,ABM,HOBO,QC_280706_15533_Water_20031019_20040228.csv,P,None,8/30/2025 13:14,Upload,8/30/2025 13:14,Upload
280706,15533,12/26/2003 18:46,1.42,deg C,ABM,HOBO,QC_280706_15533_Water_20031019_20040228.csv,P,None,8/30/2025 13:14,Upload,8/30/2025 13:14,Upload
280706,15533,12/26/2003 19:46,1.42,deg C,ABM,HOBO,QC_280706_15533_Water_20031019_20040228.csv,P,None,8/30/2025 13:14,Upload,8/30/2025 13:14,Upload
280706,15533,12/26/2003 20:46,1.42,deg C,ABM,HOBO,QC_280706_15533_Water_20031019_20040228.csv,P,None,8/30/2025 13:14,Upload,8/30/2025 13:14,Upload
280706,15533,12/26/2003 21:46,1.26,deg C,ABM,HOBO,QC_280706_15533_Water_20031019_20040228.csv,P,None,8/30/2025 13:14,Upload,8/30/2025 13:14,Upload
280706,15533,12/26/2003 22:46,1.26,deg C,ABM,HOBO,QC_280706_15533_Water_20031019_20040228.csv,P,None,8/30/2025 13:14,Upload,8/30/2025 13:14,Upload
280706,15533,12/26/2003 23:46,1.42,deg C,ABM,HOBO,QC_280706_15533_Water_20031019_20040228.csv,P,None,8/30/2025 13:14,Upload,8/30/2025 13:14,Upload
280706,15533,12/27/2003 0:46,1.26,deg C,ABM,HOBO,QC_280706_15533_Water_20031019_20040228.csv,P,None,8/30/2025 13:14,Upload,8/30/2025 13:14,Upload
280706,15533,12/27/2003 1:46,1.1,deg C,ABM,HOBO,QC_280706_15533_Water_20031019_20040228.csv,P,None,8/30/2025 13:14,Upload,8/30/2025 13:14,Upload
280706,15533,12/27/2003 2:46,1.1,deg C,ABM,HOBO,QC_280706_15533_Water_20031019_20040228.csv,P,None,8/30/2025 13:14,Upload,8/30/2025 13:14,Upload
280706,15533,12/27/2003 3:46,1.1,deg C,ABM,HOBO,QC_280706_15533_Water_20031019_20040228.csv,P,None,8/30/2025 13:14,Upload,8/30/2025 13:14,Upload
280706,15533,12/27/2003 4:46,1.1,deg C,ABM,HOBO,QC_280706_15533_Water_20031019_20040228.csv,P,None,8/30/2025 13:14,Upload,8/30/2025 13:14,Upload
280706,15533,12/27/2003 5:46,1.1,deg C,ABM,HOBO,QC_280706_15533_Water_20031019_20040228.csv,P,None,8/30/2025 13:14,Upload,8/30/2025 13:14,Upload
280706,15533,12/27/2003 6:46,1.1,deg C,ABM,HOBO,QC_280706_15533_Water_20031019_20040228.csv,P,None,8/30/2025 13:14,Upload,8/30/2025 13:14,Upload
280706,15533,12/27/2003 7:46,1.1,deg C,ABM,HOBO,QC_280706_15533_Water_20031019_20040228.csv,P,None,8/30/2025 13:14,Upload,8/30/2025 13:14,Upload
280706,15533,12/27/2003 8:46,1.1,deg C,ABM,HOBO,QC_280706_15533_Water_20031019_20040228.csv,P,None,8/30/2025 13:14,Upload,8/30/2025 13:14,Upload
280706,15533,12/27/2003 9:46,1.26,deg C,ABM,HOBO,QC_280706_15533_Water_20031019_20040228.csv,P,None,8/30/2025 13:14,Upload,8/30/2025 13:14,Upload
280706,15533,12/27/2003 10:46,1.1,deg C,ABM,HOBO,QC_280706_15533_Water_20031019_20040228.csv,P,None,8/30/2025 13:14,Upload,8/30/2025 13:14,Upload
280706,15533,12/27/2003 11:46,1.1,deg C,ABM,HOBO,QC_280706_15533_Water_20031019_20040228.csv,P,None,8/30/2025 13:14,Upload,8/30/2025 13:14,Upload
280706,15533,12/27/2003 12:46,1.1,deg C,ABM,HOBO,QC_280706_15533_Water_20031019_20040228.csv,P,None,8/30/2025 13:14,Upload,8/30/2025 13:14,Upload
280706,15533,12/27/2003 13:46,1.26,deg C,ABM,HOBO,QC_280706_15533_Water_20031019_20040228.csv,P,None,8/30/2025 13:14,Upload,8/30/2025 13:14,Upload
280706,15533,12/27/2003 14:46,1.26,deg C,ABM,HOBO,QC_280706_15533_Water_20031019_20040228.csv,P,None,8/30/2025 13:14,Upload,8/30/2025 13:14,Upload
280706,15533,12/27/2003 15:46,1.26,deg C,ABM,HOBO,QC_280706_15533_Water_20031019_20040228.csv,P,None,8/30/2025 13:14,Upload,8/30/2025 13:14,Upload
280706,15533,12/27/2003 16:46,1.26,deg C,ABM,HOBO,QC_280706_15533_Water_20031019_20040228.csv,P,None,8/30/2025 13:14,Upload,8/30/2025 13:14,Upload
280706,15533,12/27/2003 17:46,1.26,deg C,ABM,HOBO,QC_280706_15533_Water_20031019_20040228.csv,P,None,8/30/2025 13:14,Upload,8/30/2025 13:14,Upload
280706,15533,12/27/2003 18:46,1.26,deg C,ABM,HOBO,QC_280706_15533_Water_20031019_20040228.csv,P,None,8/30/2025 13:14,Upload,8/30/2025 13:14,Upload
280706,15533,12/27/2003 19:46,1.26,deg C,ABM,HOBO,QC_280706_15533_Water_20031019_20040228.csv,P,None,8/30/2025 13:14,Upload,8/30/2025 13:14,Upload
280706,15533,12/27/2003 20:46,1.26,deg C,ABM,HOBO,QC_280706_15533_Water_20031019_20040228.csv,P,None,8/30/2025 13:14,Upload,8/30/2025 13:14,Upload
280706,15533,12/27/2003 21:46,1.26,deg C,ABM,HOBO,QC_280706_15533_Water_20031019_20040228.csv,P,None,8/30/2025 13:14,Upload,8/30/2025 13:14,Upload
280706,15533,12/27/2003 22:46,1.26,deg C,ABM,HOBO,QC_280706_15533_Water_20031019_20040228.csv,P,None,8/30/2025 13:14,Upload,8/30/2025 13:14,Upload
280706,15533,12/27/2003 23:46,1.26,deg C,ABM,HOBO,QC_280706_15533_Water_20031019_20040228.csv,P,None,8/30/2025 13:14,Upload,8/30/2025 13:14,Upload
280706,15533,12/28/2003 0:46,1.1,deg C,ABM,HOBO,QC_280706_15533_Water_20031019_20040228.csv,P,None,8/30/2025 13:14,Upload,8/30/2025 13:14,Upload
280706,15533,12/28/2003 1:46,1.1,deg C,ABM,HOBO,QC_280706_15533_Water_20031019_20040228.csv,P,None,8/30/2025 13:14,Upload,8/30/2025 13:14,Upload
280706,15533,12/28/2003 2:46,1.1,deg C,ABM,HOBO,QC_280706_15533_Water_20031019_20040228.csv,P,None,8/30/2025 13:14,Upload,8/30/2025 13:14,Upload
280706,15533,12/28/2003 3:46,1.1,deg C,ABM,HOBO,QC_280706_15533_Water_20031019_20040228.csv,P,None,8/30/2025 13:14,Upload,8/30/2025 13:14,Upload
280706,15533,12/28/2003 4:46,1.1,deg C,ABM,HOBO,QC_280706_15533_Water_20031019_20040228.csv,P,None,8/30/2025 13:14,Upload,8/30/2025 13:14,Upload
280706,15533,12/28/2003 5:46,1.1,deg C,ABM,HOBO,QC_280706_15533_Water_20031019_20040228.csv,P,None,8/30/2025 13:14,Upload,8/30/2025 13:14,Upload
280706,15533,12/28/2003 6:46,1.1,deg C,ABM,HOBO,QC_280706_15533_Water_20031019_20040228.csv,P,None,8/30/2025 13:14,Upload,8/30/2025 13:14,Upload
280706,15533,12/28/2003 7:46,1.1,deg C,ABM,HOBO,QC_280706_15533_Water_20031019_20040228.csv,P,None,8/30/2025 13:14,Upload,8/30/2025 13:14,Upload
280706,15533,12/28/2003 8:46,0.94,deg C,ABM,HOBO,QC_280706_15533_Water_20031019_20040228.csv,P,None,8/30/2025 13:14,Upload,8/30/2025 13:14,Upload
280706,15533,12/28/2003 9:46,0.94,deg C,ABM,HOBO,QC_280706_15533_Water_20031019_20040228.csv,P,None,8/30/2025 13:14,Upload,8/30/2025 13:14,Upload
280706,15533,12/28/2003 10:46,1.1,deg C,ABM,HOBO,QC_280706_15533_Water_20031019_20040228.csv,P,None,8/30/2025 13:14,Upload,8/30/2025 13:14,Upload
280706,15533,12/28/2003 11:46,1.1,deg C,ABM,HOBO,QC_280706_15533_Water_20031019_20040228.csv,P,None,8/30/2025 13:14,Upload,8/30/2025 13:14,Upload
280706,15533,12/28/2003 12:46,1.1,deg C,ABM,HOBO,QC_280706_15533_Water_20031019_20040228.csv,P,None,8/30/2025 13:14,Upload,8/30/2025 13:14,Upload
280706,15533,12/28/2003 13:46,1.26,deg C,ABM,HOBO,QC_280706_15533_Water_20031019_20040228.csv,P,None,8/30/2025 13:14,Upload,8/30/2025 13:14,Upload
280706,15533,12/28/2003 14:46,1.26,deg C,ABM,HOBO,QC_280706_15533_Water_20031019_20040228.csv,P,None,8/30/2025 13:14,Upload,8/30/2025 13:14,Upload
280706,15533,12/28/2003 15:46,1.26,deg C,ABM,HOBO,QC_280706_15533_Water_20031019_20040228.csv,P,None,8/30/2025 13:14,Upload,8/30/2025 13:14,Upload
280706,15533,12/28/2003 16:46,1.26,deg C,ABM,HOBO,QC_280706_15533_Water_20031019_20040228.csv,P,None,8/30/2025 13:14,Upload,8/30/2025 13:14,Upload
280706,15533,12/28/2003 17:46,1.42,deg C,ABM,HOBO,QC_280706_15533_Water_20031019_20040228.csv,P,None,8/30/2025 13:14,Upload,8/30/2025 13:14,Upload
280706,15533,12/28/2003 18:46,1.26,deg C,ABM,HOBO,QC_280706_15533_Water_20031019_20040228.csv,P,None,8/30/2025 13:14,Upload,8/30/2025 13:14,Upload
280706,15533,12/28/2003 19:46,1.26,deg C,ABM,HOBO,QC_280706_15533_Water_20031019_20040228.csv,P,None,8/30/2025 13:14,Upload,8/30/2025 13:14,Upload
280706,15533,12/28/2003 20:46,1.26,deg C,ABM,HOBO,QC_280706_15533_Water_20031019_20040228.csv,P,None,8/30/2025 13:14,Upload,8/30/2025 13:14,Upload
280706,15533,12/28/2003 21:46,1.26,deg C,ABM,HOBO,QC_280706_15533_Water_20031019_20040228.csv,P,None,8/30/2025 13:14,Upload,8/30/2025 13:14,Upload
280706,15533,12/28/2003 22:46,1.26,deg C,ABM,HOBO,QC_280706_15533_Water_20031019_20040228.csv,P,None,8/30/2025 13:14,Upload,8/30/2025 13:14,Upload
280706,15533,12/28/2003 23:46,1.1,deg C,ABM,HOBO,QC_280706_15533_Water_20031019_20040228.csv,P,None,8/30/2025 13:14,Upload,8/30/2025 13:14,Upload
280706,15533,12/29/2003 0:46,1.1,deg C,ABM,HOBO,QC_280706_15533_Water_20031019_20040228.csv,P,None,8/30/2025 13:14,Upload,8/30/2025 13:14,Upload
280706,15533,12/29/2003 1:46,1.1,deg C,ABM,HOBO,QC_280706_15533_Water_20031019_20040228.csv,P,None,8/30/2025 13:14,Upload,8/30/2025 13:14,Upload
280706,15533,12/29/2003 2:46,1.1,deg C,ABM,HOBO,QC_280706_15533_Water_20031019_20040228.csv,P,None,8/30/2025 13:14,Upload,8/30/2025 13:14,Upload
280706,15533,12/29/2003 3:46,1.1,deg C,ABM,HOBO,QC_280706_15533_Water_20031019_20040228.csv,P,None,8/30/2025 13:14,Upload,8/30/2025 13:14,Upload
280706,15533,12/29/2003 4:46,1.1,deg C,ABM,HOBO,QC_280706_15533_Water_20031019_20040228.csv,P,None,8/30/2025 13:14,Upload,8/30/2025 13:14,Upload
280706,15533,12/29/2003 5:46,1.1,deg C,ABM,HOBO,QC_280706_15533_Water_20031019_20040228.csv,P,None,8/30/2025 13:14,Upload,8/30/2025 13:14,Upload
280706,15533,12/29/2003 6:46,1.1,deg C,ABM,HOBO,QC_280706_15533_Water_20031019_20040228.csv,P,None,8/30/2025 13:14,Upload,8/30/2025 13:14,Upload
280706,15533,12/29/2003 7:46,1.26,deg C,ABM,HOBO,QC_280706_15533_Water_20031019_20040228.csv,P,None,8/30/2025 13:14,Upload,8/30/2025 13:14,Upload
280706,15533,12/29/2003 8:46,1.26,deg C,ABM,HOBO,QC_280706_15533_Water_20031019_20040228.csv,P,None,8/30/2025 13:14,Upload,8/30/2025 13:14,Upload
280706,15533,12/29/2003 9:46,1.26,deg C,ABM,HOBO,QC_280706_15533_Water_20031019_20040228.csv,P,None,8/30/2025 13:14,Upload,8/30/2025 13:14,Upload
280706,15533,12/29/2003 10:46,1.26,deg C,ABM,HOBO,QC_280706_15533_Water_20031019_20040228.csv,P,None,8/30/2025 13:14,Upload,8/30/2025 13:14,Upload
280706,15533,12/29/2003 11:46,1.26,deg C,ABM,HOBO,QC_280706_15533_Water_20031019_20040228.csv,P,None,8/30/2025 13:14,Upload,8/30/2025 13:14,Upload
280706,15533,12/29/2003 12:46,1.42,deg C,ABM,HOBO,QC_280706_15533_Water_20031019_20040228.csv,P,None,8/30/2025 13:14,Upload,8/30/2025 13:14,Upload
280706,15533,12/29/2003 13:46,1.42,deg C,ABM,HOBO,QC_280706_15533_Water_20031019_20040228.csv,P,None,8/30/2025 13:14,Upload,8/30/2025 13:14,Upload
280706,15533,12/29/2003 14:46,1.42,deg C,ABM,HOBO,QC_280706_15533_Water_20031019_20040228.csv,P,None,8/30/2025 13:14,Upload,8/30/2025 13:14,Upload
280706,15533,12/29/2003 15:46,1.58,deg C,ABM,HOBO,QC_280706_15533_Water_20031019_20040228.csv,P,None,8/30/2025 13:14,Upload,8/30/2025 13:14,Upload
280706,15533,12/29/2003 16:46,1.58,deg C,ABM,HOBO,QC_280706_15533_Water_20031019_20040228.csv,P,None,8/30/2025 13:14,Upload,8/30/2025 13:14,Upload
280706,15533,12/29/2003 17:46,1.58,deg C,ABM,HOBO,QC_280706_15533_Water_20031019_20040228.csv,P,None,8/30/2025 13:14,Upload,8/30/2025 13:14,Upload
280706,15533,12/29/2003 18:46,1.58,deg C,ABM,HOBO,QC_280706_15533_Water_20031019_20040228.csv,P,None,8/30/2025 13:14,Upload,8/30/2025 13:14,Upload
280706,15533,12/29/2003 19:46,1.58,deg C,ABM,HOBO,QC_280706_15533_Water_20031019_20040228.csv,P,None,8/30/2025 13:14,Upload,8/30/2025 13:14,Upload
280706,15533,12/29/2003 20:46,1.58,deg C,ABM,HOBO,QC_280706_15533_Water_20031019_20040228.csv,P,None,8/30/2025 13:14,Upload,8/30/2025 13:14,Upload
280706,15533,12/29/2003 21:46,1.58,deg C,ABM,HOBO,QC_280706_15533_Water_20031019_20040228.csv,P,None,8/30/2025 13:14,Upload,8/30/2025 13:14,Upload
280706,15533,12/29/2003 22:46,1.74,deg C,ABM,HOBO,QC_280706_15533_Water_20031019_20040228.csv,P,None,8/30/2025 13:14,Upload,8/30/2025 13:14,Upload
280706,15533,12/29/2003 23:46,1.74,deg C,ABM,HOBO,QC_280706_15533_Water_20031019_20040228.csv,P,None,8/30/2025 13:14,Upload,8/30/2025 13:14,Upload
280706,15533,12/30/2003 0:46,1.58,deg C,ABM,HOBO,QC_280706_15533_Water_20031019_20040228.csv,P,None,8/30/2025 13:14,Upload,8/30/2025 13:14,Upload
280706,15533,12/30/2003 1:46,1.58,deg C,ABM,HOBO,QC_280706_15533_Water_20031019_20040228.csv,P,None,8/30/2025 13:14,Upload,8/30/2025 13:14,Upload
280706,15533,12/30/2003 2:46,1.42,deg C,ABM,HOBO,QC_280706_15533_Water_20031019_20040228.csv,P,None,8/30/2025 13:14,Upload,8/30/2025 13:14,Upload
280706,15533,12/30/2003 3:46,1.42,deg C,ABM,HOBO,QC_280706_15533_Water_20031019_20040228.csv,P,None,8/30/2025 13:14,Upload,8/30/2025 13:14,Upload
280706,15533,12/30/2003 4:46,1.42,deg C,ABM,HOBO,QC_280706_15533_Water_20031019_20040228.csv,P,None,8/30/2025 13:14,Upload,8/30/2025 13:14,Upload
280706,15533,12/30/2003 5:46,1.74,deg C,ABM,HOBO,QC_280706_15533_Water_20031019_20040228.csv,P,None,8/30/2025 13:14,Upload,8/30/2025 13:14,Upload
280706,15533,12/30/2003 6:46,1.42,deg C,ABM,HOBO,QC_280706_15533_Water_20031019_20040228.csv,P,None,8/30/2025 13:14,Upload,8/30/2025 13:14,Upload
280706,15533,12/30/2003 7:46,1.42,deg C,ABM,HOBO,QC_280706_15533_Water_20031019_20040228.csv,P,None,8/30/2025 13:14,Upload,8/30/2025 13:14,Upload
280706,15533,12/30/2003 8:46,1.42,deg C,ABM,HOBO,QC_280706_15533_Water_20031019_20040228.csv,P,None,8/30/2025 13:14,Upload,8/30/2025 13:14,Upload
280706,15533,12/30/2003 9:46,1.42,deg C,ABM,HOBO,QC_280706_15533_Water_20031019_20040228.csv,P,None,8/30/2025 13:14,Upload,8/30/2025 13:14,Upload
280706,15533,12/30/2003 10:46,1.42,deg C,ABM,HOBO,QC_280706_15533_Water_20031019_20040228.csv,P,None,8/30/2025 13:14,Upload,8/30/2025 13:14,Upload
280706,15533,12/30/2003 11:46,1.42,deg C,ABM,HOBO,QC_280706_15533_Water_20031019_20040228.csv,P,None,8/30/2025 13:14,Upload,8/30/2025 13:14,Upload
280706,15533,12/30/2003 12:46,1.58,deg C,ABM,HOBO,QC_280706_15533_Water_20031019_20040228.csv,P,None,8/30/2025 13:14,Upload,8/30/2025 13:14,Upload
280706,15533,12/30/2003 13:46,1.58,deg C,ABM,HOBO,QC_280706_15533_Water_20031019_20040228.csv,P,None,8/30/2025 13:14,Upload,8/30/2025 13:14,Upload
280706,15533,12/30/2003 14:46,1.58,deg C,ABM,HOBO,QC_280706_15533_Water_20031019_20040228.csv,P,None,8/30/2025 13:14,Upload,8/30/2025 13:14,Upload
280706,15533,12/30/2003 15:46,1.74,deg C,ABM,HOBO,QC_280706_15533_Water_20031019_20040228.csv,P,None,8/30/2025 13:14,Upload,8/30/2025 13:14,Upload
280706,15533,12/30/2003 16:46,1.74,deg C,ABM,HOBO,QC_280706_15533_Water_20031019_20040228.csv,P,None,8/30/2025 13:14,Upload,8/30/2025 13:14,Upload
280706,15533,12/30/2003 17:46,1.74,deg C,ABM,HOBO,QC_280706_15533_Water_20031019_20040228.csv,P,None,8/30/2025 13:14,Upload,8/30/2025 13:14,Upload
280706,15533,12/30/2003 18:46,1.74,deg C,ABM,HOBO,QC_280706_15533_Water_20031019_20040228.csv,P,None,8/30/2025 13:14,Upload,8/30/2025 13:14,Upload
280706,15533,12/30/2003 19:46,1.74,deg C,ABM,HOBO,QC_280706_15533_Water_20031019_20040228.csv,P,None,8/30/2025 13:14,Upload,8/30/2025 13:14,Upload
280706,15533,12/30/2003 20:46,1.74,deg C,ABM,HOBO,QC_280706_15533_Water_20031019_20040228.csv,P,None,8/30/2025 13:14,Upload,8/30/2025 13:14,Upload
280706,15533,12/30/2003 21:46,1.74,deg C,ABM,HOBO,QC_280706_15533_Water_20031019_20040228.csv,P,None,8/30/2025 13:14,Upload,8/30/2025 13:14,Upload
280706,15533,12/30/2003 22:46,1.74,deg C,ABM,HOBO,QC_280706_15533_Water_20031019_20040228.csv,P,None,8/30/2025 13:14,Upload,8/30/2025 13:14,Upload
280706,15533,12/30/2003 23:46,1.74,deg C,ABM,HOBO,QC_280706_15533_Water_20031019_20040228.csv,P,None,8/30/2025 13:14,Upload,8/30/2025 13:14,Upload
280706,15533,12/31/2003 0:46,1.74,deg C,ABM,HOBO,QC_280706_15533_Water_20031019_20040228.csv,P,None,8/30/2025 13:14,Upload,8/30/2025 13:14,Upload
280706,15533,12/31/2003 1:46,1.58,deg C,ABM,HOBO,QC_280706_15533_Water_20031019_20040228.csv,P,None,8/30/2025 13:14,Upload,8/30/2025 13:14,Upload
280706,15533,12/31/2003 2:46,1.58,deg C,ABM,HOBO,QC_280706_15533_Water_20031019_20040228.csv,P,None,8/30/2025 13:14,Upload,8/30/2025 13:14,Upload
280706,15533,12/31/2003 3:46,1.58,deg C,ABM,HOBO,QC_280706_15533_Water_20031019_20040228.csv,P,None,8/30/2025 13:14,Upload,8/30/2025 13:14,Upload
280706,15533,12/31/2003 4:46,1.58,deg C,ABM,HOBO,QC_280706_15533_Water_20031019_20040228.csv,P,None,8/30/2025 13:14,Upload,8/30/2025 13:14,Upload
280706,15533,12/31/2003 5:46,1.58,deg C,ABM,HOBO,QC_280706_15533_Water_20031019_20040228.csv,P,None,8/30/2025 13:14,Upload,8/30/2025 13:14,Upload
280706,15533,12/31/2003 6:46,1.58,deg C,ABM,HOBO,QC_280706_15533_Water_20031019_20040228.csv,P,None,8/30/2025 13:14,Upload,8/30/2025 13:14,Upload
280706,15533,12/31/2003 7:46,1.58,deg C,ABM,HOBO,QC_280706_15533_Water_20031019_20040228.csv,P,None,8/30/2025 13:14,Upload,8/30/2025 13:14,Upload
280706,15533,12/31/2003 8:46,1.58,deg C,ABM,HOBO,QC_280706_15533_Water_20031019_20040228.csv,P,None,8/30/2025 13:14,Upload,8/30/2025 13:14,Upload
280706,15533,12/31/2003 9:46,1.58,deg C,ABM,HOBO,QC_280706_15533_Water_20031019_20040228.csv,P,None,8/30/2025 13:14,Upload,8/30/2025 13:14,Upload
280706,15533,12/31/2003 10:46,1.58,deg C,ABM,HOBO,QC_280706_15533_Water_20031019_20040228.csv,P,None,8/30/2025 13:14,Upload,8/30/2025 13:14,Upload
280706,15533,12/31/2003 11:46,1.74,deg C,ABM,HOBO,QC_280706_15533_Water_20031019_20040228.csv,P,None,8/30/2025 13:14,Upload,8/30/2025 13:14,Upload
280706,15533,12/31/2003 12:46,1.89,deg C,ABM,HOBO,QC_280706_15533_Water_20031019_20040228.csv,P,None,8/30/2025 13:14,Upload,8/30/2025 13:14,Upload
280706,15533,12/31/2003 13:46,1.89,deg C,ABM,HOBO,QC_280706_15533_Water_20031019_20040228.csv,P,None,8/30/2025 13:14,Upload,8/30/2025 13:14,Upload
280706,15533,12/31/2003 14:46,1.89,deg C,ABM,HOBO,QC_280706_15533_Water_20031019_20040228.csv,P,None,8/30/2025 13:14,Upload,8/30/2025 13:14,Upload
280706,15533,12/31/2003 15:46,1.89,deg C,ABM,HOBO,QC_280706_15533_Water_20031019_20040228.csv,P,None,8/30/2025 13:14,Upload,8/30/2025 13:14,Upload
280706,15533,12/31/2003 16:46,1.89,deg C,ABM,HOBO,QC_280706_15533_Water_20031019_20040228.csv,P,None,8/30/2025 13:14,Upload,8/30/2025 13:14,Upload
280706,15533,12/31/2003 17:46,1.89,deg C,ABM,HOBO,QC_280706_15533_Water_20031019_20040228.csv,P,None,8/30/2025 13:14,Upload,8/30/2025 13:14,Upload
280706,15533,12/31/2003 18:46,2.06,deg C,ABM,HOBO,QC_280706_15533_Water_20031019_20040228.csv,P,None,8/30/2025 13:14,Upload,8/30/2025 13:14,Upload
280706,15533,12/31/2003 19:46,2.06,deg C,ABM,HOBO,QC_280706_15533_Water_20031019_20040228.csv,P,None,8/30/2025 13:14,Upload,8/30/2025 13:14,Upload
280706,15533,12/31/2003 20:46,2.06,deg C,ABM,HOBO,QC_280706_15533_Water_20031019_20040228.csv,P,None,8/30/2025 13:14,Upload,8/30/2025 13:14,Upload
280706,15533,12/31/2003 21:46,2.06,deg C,ABM,HOBO,QC_280706_15533_Water_20031019_20040228.csv,P,None,8/30/2025 13:14,Upload,8/30/2025 13:14,Upload
280706,15533,12/31/2003 22:46,1.89,deg C,ABM,HOBO,QC_280706_15533_Water_20031019_20040228.csv,P,None,8/30/2025 13:14,Upload,8/30/2025 13:14,Upload
280706,15533,12/31/2003 23:46,1.89,deg C,ABM,HOBO,QC_280706_15533_Water_20031019_20040228.csv,P,None,8/30/2025 13:14,Upload,8/30/2025 13:14,Upload
280706,15533,1/1/2004 0:46,1.89,deg C,ABM,HOBO,QC_280706_15533_Water_20031019_20040228.csv,P,None,8/30/2025 13:14,Upload,8/30/2025 13:14,Upload
280706,15533,1/1/2004 1:46,1.89,deg C,ABM,HOBO,QC_280706_15533_Water_20031019_20040228.csv,P,None,8/30/2025 13:14,Upload,8/30/2025 13:14,Upload
280706,15533,1/1/2004 2:46,1.74,deg C,ABM,HOBO,QC_280706_15533_Water_20031019_20040228.csv,P,None,8/30/2025 13:14,Upload,8/30/2025 13:14,Upload
280706,15533,1/1/2004 3:46,1.74,deg C,ABM,HOBO,QC_280706_15533_Water_20031019_20040228.csv,P,None,8/30/2025 13:14,Upload,8/30/2025 13:14,Upload
280706,15533,1/1/2004 4:46,1.74,deg C,ABM,HOBO,QC_280706_15533_Water_20031019_20040228.csv,P,None,8/30/2025 13:14,Upload,8/30/2025 13:14,Upload
280706,15533,1/1/2004 5:46,1.74,deg C,ABM,HOBO,QC_280706_15533_Water_20031019_20040228.csv,P,None,8/30/2025 13:14,Upload,8/30/2025 13:14,Upload
280706,15533,1/1/2004 6:46,1.74,deg C,ABM,HOBO,QC_280706_15533_Water_20031019_20040228.csv,P,None,8/30/2025 13:14,Upload,8/30/2025 13:14,Upload
280706,15533,1/1/2004 7:46,1.74,deg C,ABM,HOBO,QC_280706_15533_Water_20031019_20040228.csv,P,None,8/30/2025 13:14,Upload,8/30/2025 13:14,Upload
280706,15533,1/1/2004 8:46,1.74,deg C,ABM,HOBO,QC_280706_15533_Water_20031019_20040228.csv,P,None,8/30/2025 13:14,Upload,8/30/2025 13:14,Upload
280706,15533,1/1/2004 9:46,1.74,deg C,ABM,HOBO,QC_280706_15533_Water_20031019_20040228.csv,P,None,8/30/2025 13:14,Upload,8/30/2025 13:14,Upload
280706,15533,1/1/2004 10:46,1.74,deg C,ABM,HOBO,QC_280706_15533_Water_20031019_20040228.csv,P,None,8/30/2025 13:14,Upload,8/30/2025 13:14,Upload
280706,15533,1/1/2004 11:46,1.89,deg C,ABM,HOBO,QC_280706_15533_Water_20031019_20040228.csv,P,None,8/30/2025 13:14,Upload,8/30/2025 13:14,Upload
280706,15533,1/1/2004 12:46,1.89,deg C,ABM,HOBO,QC_280706_15533_Water_20031019_20040228.csv,P,None,8/30/2025 13:14,Upload,8/30/2025 13:14,Upload
280706,15533,1/1/2004 13:46,1.89,deg C,ABM,HOBO,QC_280706_15533_Water_20031019_20040228.csv,P,None,8/30/2025 13:14,Upload,8/30/2025 13:14,Upload
280706,15533,1/1/2004 14:46,2.06,deg C,ABM,HOBO,QC_280706_15533_Water_20031019_20040228.csv,P,None,8/30/2025 13:14,Upload,8/30/2025 13:14,Upload
280706,15533,1/1/2004 15:46,2.06,deg C,ABM,HOBO,QC_280706_15533_Water_20031019_20040228.csv,P,None,8/30/2025 13:14,Upload,8/30/2025 13:14,Upload
280706,15533,1/1/2004 16:46,2.06,deg C,ABM,HOBO,QC_280706_15533_Water_20031019_20040228.csv,P,None,8/30/2025 13:14,Upload,8/30/2025 13:14,Upload
280706,15533,1/1/2004 17:46,2.06,deg C,ABM,HOBO,QC_280706_15533_Water_20031019_20040228.csv,P,None,8/30/2025 13:14,Upload,8/30/2025 13:14,Upload
280706,15533,1/1/2004 18:46,2.06,deg C,ABM,HOBO,QC_280706_15533_Water_20031019_20040228.csv,P,None,8/30/2025 13:14,Upload,8/30/2025 13:14,Upload
280706,15533,1/1/2004 19:46,2.06,deg C,ABM,HOBO,QC_280706_15533_Water_20031019_20040228.csv,P,None,8/30/2025 13:14,Upload,8/30/2025 13:14,Upload
280706,15533,1/1/2004 20:46,2.06,deg C,ABM,HOBO,QC_280706_15533_Water_20031019_20040228.csv,P,None,8/30/2025 13:14,Upload,8/30/2025 13:14,Upload
280706,15533,1/1/2004 21:46,2.06,deg C,ABM,HOBO,QC_280706_15533_Water_20031019_20040228.csv,P,None,8/30/2025 13:14,Upload,8/30/2025 13:14,Upload
280706,15533,1/1/2004 22:46,1.89,deg C,ABM,HOBO,QC_280706_15533_Water_20031019_20040228.csv,P,None,8/30/2025 13:14,Upload,8/30/2025 13:14,Upload
280706,15533,1/1/2004 23:46,1.89,deg C,ABM,HOBO,QC_280706_15533_Water_20031019_20040228.csv,P,None,8/30/2025 13:14,Upload,8/30/2025 13:14,Upload
280706,15533,1/2/2004 0:46,1.89,deg C,ABM,HOBO,QC_280706_15533_Water_20031019_20040228.csv,P,None,8/30/2025 13:14,Upload,8/30/2025 13:14,Upload
280706,15533,1/2/2004 1:46,1.89,deg C,ABM,HOBO,QC_280706_15533_Water_20031019_20040228.csv,P,None,8/30/2025 13:14,Upload,8/30/2025 13:14,Upload
280706,15533,1/2/2004 2:46,1.74,deg C,ABM,HOBO,QC_280706_15533_Water_20031019_20040228.csv,P,None,8/30/2025 13:14,Upload,8/30/2025 13:14,Upload
280706,15533,1/2/2004 3:46,1.74,deg C,ABM,HOBO,QC_280706_15533_Water_20031019_20040228.csv,P,None,8/30/2025 13:14,Upload,8/30/2025 13:14,Upload
280706,15533,1/2/2004 4:46,1.74,deg C,ABM,HOBO,QC_280706_15533_Water_20031019_20040228.csv,P,None,8/30/2025 13:14,Upload,8/30/2025 13:14,Upload
280706,15533,1/2/2004 5:46,1.58,deg C,ABM,HOBO,QC_280706_15533_Water_20031019_20040228.csv,P,None,8/30/2025 13:14,Upload,8/30/2025 13:14,Upload
280706,15533,1/2/2004 6:46,1.58,deg C,ABM,HOBO,QC_280706_15533_Water_20031019_20040228.csv,P,None,8/30/2025 13:14,Upload,8/30/2025 13:14,Upload
280706,15533,1/2/2004 7:46,1.42,deg C,ABM,HOBO,QC_280706_15533_Water_20031019_20040228.csv,P,None,8/30/2025 13:14,Upload,8/30/2025 13:14,Upload
280706,15533,1/2/2004 8:46,1.42,deg C,ABM,HOBO,QC_280706_15533_Water_20031019_20040228.csv,P,None,8/30/2025 13:14,Upload,8/30/2025 13:14,Upload
280706,15533,1/2/2004 9:46,1.42,deg C,ABM,HOBO,QC_280706_15533_Water_20031019_20040228.csv,P,None,8/30/2025 13:14,Upload,8/30/2025 13:14,Upload
280706,15533,1/2/2004 10:46,1.42,deg C,ABM,HOBO,QC_280706_15533_Water_20031019_20040228.csv,P,None,8/30/2025 13:14,Upload,8/30/2025 13:14,Upload
280706,15533,1/2/2004 11:46,1.42,deg C,ABM,HOBO,QC_280706_15533_Water_20031019_20040228.csv,P,None,8/30/2025 13:14,Upload,8/30/2025 13:14,Upload
280706,15533,1/2/2004 12:46,1.58,deg C,ABM,HOBO,QC_280706_15533_Water_20031019_20040228.csv,P,None,8/30/2025 13:14,Upload,8/30/2025 13:14,Upload
280706,15533,1/2/2004 13:46,1.58,deg C,ABM,HOBO,QC_280706_15533_Water_20031019_20040228.csv,P,None,8/30/2025 13:14,Upload,8/30/2025 13:14,Upload
280706,15533,1/2/2004 14:46,1.58,deg C,ABM,HOBO,QC_280706_15533_Water_20031019_20040228.csv,P,None,8/30/2025 13:14,Upload,8/30/2025 13:14,Upload
280706,15533,1/2/2004 15:46,1.74,deg C,ABM,HOBO,QC_280706_15533_Water_20031019_20040228.csv,P,None,8/30/2025 13:14,Upload,8/30/2025 13:14,Upload
280706,15533,1/2/2004 16:46,1.74,deg C,ABM,HOBO,QC_280706_15533_Water_20031019_20040228.csv,P,None,8/30/2025 13:14,Upload,8/30/2025 13:14,Upload
280706,15533,1/2/2004 17:46,1.74,deg C,ABM,HOBO,QC_280706_15533_Water_20031019_20040228.csv,P,None,8/30/2025 13:14,Upload,8/30/2025 13:14,Upload
280706,15533,1/2/2004 18:46,1.74,deg C,ABM,HOBO,QC_280706_15533_Water_20031019_20040228.csv,P,None,8/30/2025 13:14,Upload,8/30/2025 13:14,Upload
280706,15533,1/2/2004 19:46,1.89,deg C,ABM,HOBO,QC_280706_15533_Water_20031019_20040228.csv,P,None,8/30/2025 13:14,Upload,8/30/2025 13:14,Upload
280706,15533,1/2/2004 20:46,1.89,deg C,ABM,HOBO,QC_280706_15533_Water_20031019_20040228.csv,P,None,8/30/2025 13:14,Upload,8/30/2025 13:14,Upload
280706,15533,1/2/2004 21:46,1.89,deg C,ABM,HOBO,QC_280706_15533_Water_20031019_20040228.csv,P,None,8/30/2025 13:14,Upload,8/30/2025 13:14,Upload
280706,15533,1/2/2004 22:46,1.89,deg C,ABM,HOBO,QC_280706_15533_Water_20031019_20040228.csv,P,None,8/30/2025 13:14,Upload,8/30/2025 13:14,Upload
280706,15533,1/2/2004 23:46,1.74,deg C,ABM,HOBO,QC_280706_15533_Water_20031019_20040228.csv,P,None,8/30/2025 13:14,Upload,8/30/2025 13:14,Upload
280706,15533,1/3/2004 0:46,1.89,deg C,ABM,HOBO,QC_280706_15533_Water_20031019_20040228.csv,P,None,8/30/2025 13:14,Upload,8/30/2025 13:14,Upload
280706,15533,1/3/2004 1:46,1.74,deg C,ABM,HOBO,QC_280706_15533_Water_20031019_20040228.csv,P,None,8/30/2025 13:14,Upload,8/30/2025 13:14,Upload
280706,15533,1/3/2004 2:46,1.74,deg C,ABM,HOBO,QC_280706_15533_Water_20031019_20040228.csv,P,None,8/30/2025 13:14,Upload,8/30/2025 13:14,Upload
280706,15533,1/3/2004 3:46,1.74,deg C,ABM,HOBO,QC_280706_15533_Water_20031019_20040228.csv,P,None,8/30/2025 13:14,Upload,8/30/2025 13:14,Upload
280706,15533,1/3/2004 4:46,1.74,deg C,ABM,HOBO,QC_280706_15533_Water_20031019_20040228.csv,P,None,8/30/2025 13:14,Upload,8/30/2025 13:14,Upload
280706,15533,1/3/2004 5:46,1.74,deg C,ABM,HOBO,QC_280706_15533_Water_20031019_20040228.csv,P,None,8/30/2025 13:14,Upload,8/30/2025 13:14,Upload
280706,15533,1/3/2004 6:46,1.58,deg C,ABM,HOBO,QC_280706_15533_Water_20031019_20040228.csv,P,None,8/30/2025 13:14,Upload,8/30/2025 13:14,Upload
280706,15533,1/3/2004 7:46,1.58,deg C,ABM,HOBO,QC_280706_15533_Water_20031019_20040228.csv,P,None,8/30/2025 13:14,Upload,8/30/2025 13:14,Upload
280706,15533,1/3/2004 8:46,1.58,deg C,ABM,HOBO,QC_280706_15533_Water_20031019_20040228.csv,P,None,8/30/2025 13:14,Upload,8/30/2025 13:14,Upload
280706,15533,1/3/2004 9:46,1.58,deg C,ABM,HOBO,QC_280706_15533_Water_20031019_20040228.csv,P,None,8/30/2025 13:14,Upload,8/30/2025 13:14,Upload
280706,15533,1/3/2004 10:46,1.58,deg C,ABM,HOBO,QC_280706_15533_Water_20031019_20040228.csv,P,None,8/30/2025 13:14,Upload,8/30/2025 13:14,Upload
280706,15533,1/3/2004 11:46,1.58,deg C,ABM,HOBO,QC_280706_15533_Water_20031019_20040228.csv,P,None,8/30/2025 13:14,Upload,8/30/2025 13:14,Upload
280706,15533,1/3/2004 12:46,1.58,deg C,ABM,HOBO,QC_280706_15533_Water_20031019_20040228.csv,P,None,8/30/2025 13:14,Upload,8/30/2025 13:14,Upload
280706,15533,1/3/2004 13:46,1.74,deg C,ABM,HOBO,QC_280706_15533_Water_20031019_20040228.csv,P,None,8/30/2025 13:14,Upload,8/30/2025 13:14,Upload
280706,15533,1/3/2004 14:46,1.74,deg C,ABM,HOBO,QC_280706_15533_Water_20031019_20040228.csv,P,None,8/30/2025 13:14,Upload,8/30/2025 13:14,Upload
280706,15533,1/3/2004 15:46,1.89,deg C,ABM,HOBO,QC_280706_15533_Water_20031019_20040228.csv,P,None,8/30/2025 13:14,Upload,8/30/2025 13:14,Upload
280706,15533,1/3/2004 16:46,1.89,deg C,ABM,HOBO,QC_280706_15533_Water_20031019_20040228.csv,P,None,8/30/2025 13:14,Upload,8/30/2025 13:14,Upload
280706,15533,1/3/2004 17:46,1.89,deg C,ABM,HOBO,QC_280706_15533_Water_20031019_20040228.csv,P,None,8/30/2025 13:14,Upload,8/30/2025 13:14,Upload
280706,15533,1/3/2004 18:46,1.89,deg C,ABM,HOBO,QC_280706_15533_Water_20031019_20040228.csv,P,None,8/30/2025 13:14,Upload,8/30/2025 13:14,Upload
280706,15533,1/3/2004 19:46,1.89,deg C,ABM,HOBO,QC_280706_15533_Water_20031019_20040228.csv,P,None,8/30/2025 13:14,Upload,8/30/2025 13:14,Upload
280706,15533,1/3/2004 20:46,2.06,deg C,ABM,HOBO,QC_280706_15533_Water_20031019_20040228.csv,P,None,8/30/2025 13:14,Upload,8/30/2025 13:14,Upload
280706,15533,1/3/2004 21:46,2.06,deg C,ABM,HOBO,QC_280706_15533_Water_20031019_20040228.csv,P,None,8/30/2025 13:14,Upload,8/30/2025 13:14,Upload
280706,15533,1/3/2004 22:46,2.06,deg C,ABM,HOBO,QC_280706_15533_Water_20031019_20040228.csv,P,None,8/30/2025 13:14,Upload,8/30/2025 13:14,Upload
280706,15533,1/3/2004 23:46,2.06,deg C,ABM,HOBO,QC_280706_15533_Water_20031019_20040228.csv,P,None,8/30/2025 13:14,Upload,8/30/2025 13:14,Upload
280706,15533,1/4/2004 0:46,2.06,deg C,ABM,HOBO,QC_280706_15533_Water_20031019_20040228.csv,P,None,8/30/2025 13:14,Upload,8/30/2025 13:14,Upload
280706,15533,1/4/2004 1:46,2.06,deg C,ABM,HOBO,QC_280706_15533_Water_20031019_20040228.csv,P,None,8/30/2025 13:14,Upload,8/30/2025 13:14,Upload
280706,15533,1/4/2004 2:46,2.06,deg C,ABM,HOBO,QC_280706_15533_Water_20031019_20040228.csv,P,None,8/30/2025 13:14,Upload,8/30/2025 13:14,Upload
280706,15533,1/4/2004 3:46,2.06,deg C,ABM,HOBO,QC_280706_15533_Water_20031019_20040228.csv,P,None,8/30/2025 13:14,Upload,8/30/2025 13:14,Upload
280706,15533,1/4/2004 4:46,2.06,deg C,ABM,HOBO,QC_280706_15533_Water_20031019_20040228.csv,P,None,8/30/2025 13:14,Upload,8/30/2025 13:14,Upload
280706,15533,1/4/2004 5:46,2.06,deg C,ABM,HOBO,QC_280706_15533_Water_20031019_20040228.csv,P,None,8/30/2025 13:14,Upload,8/30/2025 13:14,Upload
280706,15533,1/4/2004 6:46,2.06,deg C,ABM,HOBO,QC_280706_15533_Water_20031019_20040228.csv,P,None,8/30/2025 13:14,Upload,8/30/2025 13:14,Upload
280706,15533,1/4/2004 7:46,2.06,deg C,ABM,HOBO,QC_280706_15533_Water_20031019_20040228.csv,P,None,8/30/2025 13:14,Upload,8/30/2025 13:14,Upload
280706,15533,1/4/2004 8:46,2.06,deg C,ABM,HOBO,QC_280706_15533_Water_20031019_20040228.csv,P,None,8/30/2025 13:14,Upload,8/30/2025 13:14,Upload
280706,15533,1/4/2004 9:46,2.06,deg C,ABM,HOBO,QC_280706_15533_Water_20031019_20040228.csv,P,None,8/30/2025 13:14,Upload,8/30/2025 13:14,Upload
280706,15533,1/4/2004 10:46,2.06,deg C,ABM,HOBO,QC_280706_15533_Water_20031019_20040228.csv,P,None,8/30/2025 13:14,Upload,8/30/2025 13:14,Upload
280706,15533,1/4/2004 11:46,2.06,deg C,ABM,HOBO,QC_280706_15533_Water_20031019_20040228.csv,P,None,8/30/2025 13:14,Upload,8/30/2025 13:14,Upload
280706,15533,1/4/2004 12:46,2.06,deg C,ABM,HOBO,QC_280706_15533_Water_20031019_20040228.csv,P,None,8/30/2025 13:14,Upload,8/30/2025 13:14,Upload
280706,15533,1/4/2004 13:46,2.21,deg C,ABM,HOBO,QC_280706_15533_Water_20031019_20040228.csv,P,None,8/30/2025 13:14,Upload,8/30/2025 13:14,Upload
280706,15533,1/4/2004 14:46,2.21,deg C,ABM,HOBO,QC_280706_15533_Water_20031019_20040228.csv,P,None,8/30/2025 13:14,Upload,8/30/2025 13:14,Upload
280706,15533,1/4/2004 15:46,2.21,deg C,ABM,HOBO,QC_280706_15533_Water_20031019_20040228.csv,P,None,8/30/2025 13:14,Upload,8/30/2025 13:14,Upload
280706,15533,1/4/2004 16:46,2.21,deg C,ABM,HOBO,QC_280706_15533_Water_20031019_20040228.csv,P,None,8/30/2025 13:14,Upload,8/30/2025 13:14,Upload
280706,15533,1/4/2004 17:46,2.37,deg C,ABM,HOBO,QC_280706_15533_Water_20031019_20040228.csv,P,None,8/30/2025 13:14,Upload,8/30/2025 13:14,Upload
280706,15533,1/4/2004 18:46,2.37,deg C,ABM,HOBO,QC_280706_15533_Water_20031019_20040228.csv,P,None,8/30/2025 13:14,Upload,8/30/2025 13:14,Upload
280706,15533,1/4/2004 19:46,2.37,deg C,ABM,HOBO,QC_280706_15533_Water_20031019_20040228.csv,P,None,8/30/2025 13:14,Upload,8/30/2025 13:14,Upload
280706,15533,1/4/2004 20:46,2.37,deg C,ABM,HOBO,QC_280706_15533_Water_20031019_20040228.csv,P,None,8/30/2025 13:14,Upload,8/30/2025 13:14,Upload
280706,15533,1/4/2004 21:46,2.37,deg C,ABM,HOBO,QC_280706_15533_Water_20031019_20040228.csv,P,None,8/30/2025 13:14,Upload,8/30/2025 13:14,Upload
280706,15533,1/4/2004 22:46,2.37,deg C,ABM,HOBO,QC_280706_15533_Water_20031019_20040228.csv,P,None,8/30/2025 13:14,Upload,8/30/2025 13:14,Upload
280706,15533,1/4/2004 23:46,2.53,deg C,ABM,HOBO,QC_280706_15533_Water_20031019_20040228.csv,P,None,8/30/2025 13:14,Upload,8/30/2025 13:14,Upload
280706,15533,1/5/2004 0:46,2.53,deg C,ABM,HOBO,QC_280706_15533_Water_20031019_20040228.csv,P,None,8/30/2025 13:14,Upload,8/30/2025 13:14,Upload
280706,15533,1/5/2004 1:46,2.53,deg C,ABM,HOBO,QC_280706_15533_Water_20031019_20040228.csv,P,None,8/30/2025 13:14,Upload,8/30/2025 13:14,Upload
280706,15533,1/5/2004 2:46,2.53,deg C,ABM,HOBO,QC_280706_15533_Water_20031019_20040228.csv,P,None,8/30/2025 13:14,Upload,8/30/2025 13:14,Upload
280706,15533,1/5/2004 3:46,2.53,deg C,ABM,HOBO,QC_280706_15533_Water_20031019_20040228.csv,P,None,8/30/2025 13:14,Upload,8/30/2025 13:14,Upload
280706,15533,1/5/2004 4:46,2.53,deg C,ABM,HOBO,QC_280706_15533_Water_20031019_20040228.csv,P,None,8/30/2025 13:14,Upload,8/30/2025 13:14,Upload
280706,15533,1/5/2004 5:46,2.53,deg C,ABM,HOBO,QC_280706_15533_Water_20031019_20040228.csv,P,None,8/30/2025 13:14,Upload,8/30/2025 13:14,Upload
280706,15533,1/5/2004 6:46,2.53,deg C,ABM,HOBO,QC_280706_15533_Water_20031019_20040228.csv,P,None,8/30/2025 13:14,Upload,8/30/2025 13:14,Upload
280706,15533,1/5/2004 7:46,2.53,deg C,ABM,HOBO,QC_280706_15533_Water_20031019_20040228.csv,P,None,8/30/2025 13:14,Upload,8/30/2025 13:14,Upload
280706,15533,1/5/2004 8:46,2.53,deg C,ABM,HOBO,QC_280706_15533_Water_20031019_20040228.csv,P,None,8/30/2025 13:14,Upload,8/30/2025 13:14,Upload
280706,15533,1/5/2004 9:46,2.53,deg C,ABM,HOBO,QC_280706_15533_Water_20031019_20040228.csv,P,None,8/30/2025 13:14,Upload,8/30/2025 13:14,Upload
280706,15533,1/5/2004 10:46,2.53,deg C,ABM,HOBO,QC_280706_15533_Water_20031019_20040228.csv,P,None,8/30/2025 13:14,Upload,8/30/2025 13:14,Upload
280706,15533,1/5/2004 11:46,2.53,deg C,ABM,HOBO,QC_280706_15533_Water_20031019_20040228.csv,P,None,8/30/2025 13:14,Upload,8/30/2025 13:14,Upload
280706,15533,1/5/2004 12:46,2.53,deg C,ABM,HOBO,QC_280706_15533_Water_20031019_20040228.csv,P,None,8/30/2025 13:14,Upload,8/30/2025 13:14,Upload
280706,15533,1/5/2004 13:46,2.53,deg C,ABM,HOBO,QC_280706_15533_Water_20031019_20040228.csv,P,None,8/30/2025 13:14,Upload,8/30/2025 13:14,Upload
280706,15533,1/5/2004 14:46,2.53,deg C,ABM,HOBO,QC_280706_15533_Water_20031019_20040228.csv,P,None,8/30/2025 13:14,Upload,8/30/2025 13:14,Upload
280706,15533,1/5/2004 15:46,2.53,deg C,ABM,HOBO,QC_280706_15533_Water_20031019_20040228.csv,P,None,8/30/2025 13:14,Upload,8/30/2025 13:14,Upload
280706,15533,1/5/2004 16:46,2.53,deg C,ABM,HOBO,QC_280706_15533_Water_20031019_20040228.csv,P,None,8/30/2025 13:14,Upload,8/30/2025 13:14,Upload
280706,15533,1/5/2004 17:46,2.53,deg C,ABM,HOBO,QC_280706_15533_Water_20031019_20040228.csv,P,None,8/30/2025 13:14,Upload,8/30/2025 13:14,Upload
280706,15533,1/5/2004 18:46,2.53,deg C,ABM,HOBO,QC_280706_15533_Water_20031019_20040228.csv,P,None,8/30/2025 13:14,Upload,8/30/2025 13:14,Upload
280706,15533,1/5/2004 19:46,2.53,deg C,ABM,HOBO,QC_280706_15533_Water_20031019_20040228.csv,S,None,8/30/2025 13:14,Upload,8/30/2025 13:14,Upload
280706,15533,1/5/2004 20:46,2.69,deg C,ABM,HOBO,QC_280706_15533_Water_20031019_20040228.csv,P,None,8/30/2025 13:14,Upload,8/30/2025 13:14,Upload
280706,15533,1/5/2004 21:46,2.53,deg C,ABM,HOBO,QC_280706_15533_Water_20031019_20040228.csv,P,None,8/30/2025 13:14,Upload,8/30/2025 13:14,Upload
280706,15533,1/5/2004 22:46,2.53,deg C,ABM,HOBO,QC_280706_15533_Water_20031019_20040228.csv,P,None,8/30/2025 13:14,Upload,8/30/2025 13:14,Upload
280706,15533,1/5/2004 23:46,2.53,deg C,ABM,HOBO,QC_280706_15533_Water_20031019_20040228.csv,P,None,8/30/2025 13:14,Upload,8/30/2025 13:14,Upload
280706,15533,1/6/2004 0:46,2.53,deg C,ABM,HOBO,QC_280706_15533_Water_20031019_20040228.csv,P,None,8/30/2025 13:14,Upload,8/30/2025 13:14,Upload
280706,15533,1/6/2004 1:46,2.53,deg C,ABM,HOBO,QC_280706_15533_Water_20031019_20040228.csv,P,None,8/30/2025 13:14,Upload,8/30/2025 13:14,Upload
280706,15533,1/6/2004 2:46,2.53,deg C,ABM,HOBO,QC_280706_15533_Water_20031019_20040228.csv,P,None,8/30/2025 13:14,Upload,8/30/2025 13:14,Upload
280706,15533,1/6/2004 3:46,2.53,deg C,ABM,HOBO,QC_280706_15533_Water_20031019_20040228.csv,P,None,8/30/2025 13:14,Upload,8/30/2025 13:14,Upload
280706,15533,1/6/2004 4:46,2.53,deg C,ABM,HOBO,QC_280706_15533_Water_20031019_20040228.csv,P,None,8/30/2025 13:14,Upload,8/30/2025 13:14,Upload
280706,15533,1/6/2004 5:46,2.53,deg C,ABM,HOBO,QC_280706_15533_Water_20031019_20040228.csv,P,None,8/30/2025 13:14,Upload,8/30/2025 13:14,Upload
280706,15533,1/6/2004 6:46,2.37,deg C,ABM,HOBO,QC_280706_15533_Water_20031019_20040228.csv,S,None,8/30/2025 13:14,Upload,8/30/2025 13:14,Upload
280706,15533,1/6/2004 7:46,2.37,deg C,ABM,HOBO,QC_280706_15533_Water_20031019_20040228.csv,P,None,8/30/2025 13:14,Upload,8/30/2025 13:14,Upload
280706,15533,1/6/2004 8:46,2.37,deg C,ABM,HOBO,QC_280706_15533_Water_20031019_20040228.csv,P,None,8/30/2025 13:14,Upload,8/30/2025 13:14,Upload
280706,15533,1/6/2004 9:46,2.37,deg C,ABM,HOBO,QC_280706_15533_Water_20031019_20040228.csv,P,None,8/30/2025 13:14,Upload,8/30/2025 13:14,Upload
280706,15533,1/6/2004 10:46,2.37,deg C,ABM,HOBO,QC_280706_15533_Water_20031019_20040228.csv,P,None,8/30/2025 13:14,Upload,8/30/2025 13:14,Upload
280706,15533,1/6/2004 11:46,2.37,deg C,ABM,HOBO,QC_280706_15533_Water_20031019_20040228.csv,P,None,8/30/2025 13:14,Upload,8/30/2025 13:14,Upload
280706,15533,1/6/2004 12:46,2.53,deg C,ABM,HOBO,QC_280706_15533_Water_20031019_20040228.csv,P,None,8/30/2025 13:14,Upload,8/30/2025 13:14,Upload
280706,15533,1/6/2004 13:46,2.53,deg C,ABM,HOBO,QC_280706_15533_Water_20031019_20040228.csv,P,None,8/30/2025 13:14,Upload,8/30/2025 13:14,Upload
280706,15533,1/6/2004 14:46,2.53,deg C,ABM,HOBO,QC_280706_15533_Water_20031019_20040228.csv,P,None,8/30/2025 13:14,Upload,8/30/2025 13:14,Upload
280706,15533,1/6/2004 15:46,2.53,deg C,ABM,HOBO,QC_280706_15533_Water_20031019_20040228.csv,P,None,8/30/2025 13:14,Upload,8/30/2025 13:14,Upload
280706,15533,1/6/2004 16:46,2.53,deg C,ABM,HOBO,QC_280706_15533_Water_20031019_20040228.csv,P,None,8/30/2025 13:14,Upload,8/30/2025 13:14,Upload
280706,15533,1/6/2004 17:46,2.53,deg C,ABM,HOBO,QC_280706_15533_Water_20031019_20040228.csv,P,None,8/30/2025 13:14,Upload,8/30/2025 13:14,Upload
280706,15533,1/6/2004 18:46,2.53,deg C,ABM,HOBO,QC_280706_15533_Water_20031019_20040228.csv,P,None,8/30/2025 13:14,Upload,8/30/2025 13:14,Upload
280706,15533,1/6/2004 19:46,2.37,deg C,ABM,HOBO,QC_280706_15533_Water_20031019_20040228.csv,P,None,8/30/2025 13:14,Upload,8/30/2025 13:14,Upload
280706,15533,1/6/2004 20:46,2.37,deg C,ABM,HOBO,QC_280706_15533_Water_20031019_20040228.csv,P,None,8/30/2025 13:14,Upload,8/30/2025 13:14,Upload
280706,15533,1/6/2004 21:46,2.37,deg C,ABM,HOBO,QC_280706_15533_Water_20031019_20040228.csv,P,None,8/30/2025 13:14,Upload,8/30/2025 13:14,Upload
280706,15533,1/6/2004 22:46,2.21,deg C,ABM,HOBO,QC_280706_15533_Water_20031019_20040228.csv,P,None,8/30/2025 13:14,Upload,8/30/2025 13:14,Upload
280706,15533,1/6/2004 23:46,2.21,deg C,ABM,HOBO,QC_280706_15533_Water_20031019_20040228.csv,P,None,8/30/2025 13:14,Upload,8/30/2025 13:14,Upload
280706,15533,1/7/2004 0:46,2.06,deg C,ABM,HOBO,QC_280706_15533_Water_20031019_20040228.csv,P,None,8/30/2025 13:14,Upload,8/30/2025 13:14,Upload
280706,15533,1/7/2004 1:46,1.89,deg C,ABM,HOBO,QC_280706_15533_Water_20031019_20040228.csv,P,None,8/30/2025 13:14,Upload,8/30/2025 13:14,Upload
280706,15533,1/7/2004 2:46,1.89,deg C,ABM,HOBO,QC_280706_15533_Water_20031019_20040228.csv,P,None,8/30/2025 13:14,Upload,8/30/2025 13:14,Upload
280706,15533,1/7/2004 3:46,1.74,deg C,ABM,HOBO,QC_280706_15533_Water_20031019_20040228.csv,P,None,8/30/2025 13:14,Upload,8/30/2025 13:14,Upload
280706,15533,1/7/2004 4:46,1.74,deg C,ABM,HOBO,QC_280706_15533_Water_20031019_20040228.csv,P,None,8/30/2025 13:14,Upload,8/30/2025 13:14,Upload
280706,15533,1/7/2004 5:46,1.58,deg C,ABM,HOBO,QC_280706_15533_Water_20031019_20040228.csv,P,None,8/30/2025 13:14,Upload,8/30/2025 13:14,Upload
280706,15533,1/7/2004 6:46,1.58,deg C,ABM,HOBO,QC_280706_15533_Water_20031019_20040228.csv,P,None,8/30/2025 13:14,Upload,8/30/2025 13:14,Upload
280706,15533,1/7/2004 7:46,1.42,deg C,ABM,HOBO,QC_280706_15533_Water_20031019_20040228.csv,P,None,8/30/2025 13:14,Upload,8/30/2025 13:14,Upload
280706,15533,1/7/2004 8:46,1.42,deg C,ABM,HOBO,QC_280706_15533_Water_20031019_20040228.csv,P,None,8/30/2025 13:14,Upload,8/30/2025 13:14,Upload
280706,15533,1/7/2004 9:46,1.42,deg C,ABM,HOBO,QC_280706_15533_Water_20031019_20040228.csv,P,None,8/30/2025 13:14,Upload,8/30/2025 13:14,Upload
280706,15533,1/7/2004 10:46,1.26,deg C,ABM,HOBO,QC_280706_15533_Water_20031019_20040228.csv,P,None,8/30/2025 13:14,Upload,8/30/2025 13:14,Upload
280706,15533,1/7/2004 11:46,1.26,deg C,ABM,HOBO,QC_280706_15533_Water_20031019_20040228.csv,P,None,8/30/2025 13:14,Upload,8/30/2025 13:14,Upload
280706,15533,1/7/2004 12:46,1.42,deg C,ABM,HOBO,QC_280706_15533_Water_20031019_20040228.csv,P,None,8/30/2025 13:14,Upload,8/30/2025 13:14,Upload
280706,15533,1/7/2004 13:46,1.26,deg C,ABM,HOBO,QC_280706_15533_Water_20031019_20040228.csv,P,None,8/30/2025 13:14,Upload,8/30/2025 13:14,Upload
280706,15533,1/7/2004 14:46,1.26,deg C,ABM,HOBO,QC_280706_15533_Water_20031019_20040228.csv,P,None,8/30/2025 13:14,Upload,8/30/2025 13:14,Upload
280706,15533,1/7/2004 15:46,1.26,deg C,ABM,HOBO,QC_280706_15533_Water_20031019_20040228.csv,P,None,8/30/2025 13:14,Upload,8/30/2025 13:14,Upload
280706,15533,1/7/2004 16:46,1.26,deg C,ABM,HOBO,QC_280706_15533_Water_20031019_20040228.csv,P,None,8/30/2025 13:14,Upload,8/30/2025 13:14,Upload
280706,15533,1/7/2004 17:46,1.26,deg C,ABM,HOBO,QC_280706_15533_Water_20031019_20040228.csv,P,None,8/30/2025 13:14,Upload,8/30/2025 13:14,Upload
280706,15533,1/7/2004 18:46,1.26,deg C,ABM,HOBO,QC_280706_15533_Water_20031019_20040228.csv,P,None,8/30/2025 13:14,Upload,8/30/2025 13:14,Upload
280706,15533,1/7/2004 19:46,1.1,deg C,ABM,HOBO,QC_280706_15533_Water_20031019_20040228.csv,P,None,8/30/2025 13:14,Upload,8/30/2025 13:14,Upload
280706,15533,1/7/2004 20:46,1.1,deg C,ABM,HOBO,QC_280706_15533_Water_20031019_20040228.csv,P,None,8/30/2025 13:14,Upload,8/30/2025 13:14,Upload
280706,15533,1/7/2004 21:46,1.1,deg C,ABM,HOBO,QC_280706_15533_Water_20031019_20040228.csv,P,None,8/30/2025 13:14,Upload,8/30/2025 13:14,Upload
280706,15533,1/7/2004 22:46,0.94,deg C,ABM,HOBO,QC_280706_15533_Water_20031019_20040228.csv,P,None,8/30/2025 13:14,Upload,8/30/2025 13:14,Upload
280706,15533,1/7/2004 23:46,0.94,deg C,ABM,HOBO,QC_280706_15533_Water_20031019_20040228.csv,P,None,8/30/2025 13:14,Upload,8/30/2025 13:14,Upload
280706,15533,1/8/2004 0:46,0.78,deg C,ABM,HOBO,QC_280706_15533_Water_20031019_20040228.csv,P,None,8/30/2025 13:14,Upload,8/30/2025 13:14,Upload
280706,15533,1/8/2004 1:46,0.62,deg C,ABM,HOBO,QC_280706_15533_Water_20031019_20040228.csv,P,None,8/30/2025 13:14,Upload,8/30/2025 13:14,Upload
280706,15533,1/8/2004 2:46,0.62,deg C,ABM,HOBO,QC_280706_15533_Water_20031019_20040228.csv,P,None,8/30/2025 13:14,Upload,8/30/2025 13:14,Upload
280706,15533,1/8/2004 3:46,0.62,deg C,ABM,HOBO,QC_280706_15533_Water_20031019_20040228.csv,P,None,8/30/2025 13:14,Upload,8/30/2025 13:14,Upload
280706,15533,1/8/2004 4:46,0.46,deg C,ABM,HOBO,QC_280706_15533_Water_20031019_20040228.csv,P,None,8/30/2025 13:14,Upload,8/30/2025 13:14,Upload
280706,15533,1/8/2004 5:46,0.3,deg C,ABM,HOBO,QC_280706_15533_Water_20031019_20040228.csv,P,None,8/30/2025 13:14,Upload,8/30/2025 13:14,Upload
280706,15533,1/8/2004 6:46,0.3,deg C,ABM,HOBO,QC_280706_15533_Water_20031019_20040228.csv,P,None,8/30/2025 13:14,Upload,8/30/2025 13:14,Upload
280706,15533,1/8/2004 7:46,0.3,deg C,ABM,HOBO,QC_280706_15533_Water_20031019_20040228.csv,P,None,8/30/2025 13:14,Upload,8/30/2025 13:14,Upload
280706,15533,1/8/2004 8:46,0.14,deg C,ABM,HOBO,QC_280706_15533_Water_20031019_20040228.csv,P,None,8/30/2025 13:14,Upload,8/30/2025 13:14,Upload
280706,15533,1/8/2004 9:46,0.14,deg C,ABM,HOBO,QC_280706_15533_Water_20031019_20040228.csv,P,None,8/30/2025 13:14,Upload,8/30/2025 13:14,Upload
280706,15533,1/8/2004 10:46,0.14,deg C,ABM,HOBO,QC_280706_15533_Water_20031019_20040228.csv,P,None,8/30/2025 13:14,Upload,8/30/2025 13:14,Upload
280706,15533,1/8/2004 11:46,0.3,deg C,ABM,HOBO,QC_280706_15533_Water_20031019_20040228.csv,P,None,8/30/2025 13:14,Upload,8/30/2025 13:14,Upload
280706,15533,1/8/2004 12:46,0.3,deg C,ABM,HOBO,QC_280706_15533_Water_20031019_20040228.csv,P,None,8/30/2025 13:14,Upload,8/30/2025 13:14,Upload
280706,15533,1/8/2004 13:46,0.3,deg C,ABM,HOBO,QC_280706_15533_Water_20031019_20040228.csv,P,None,8/30/2025 13:14,Upload,8/30/2025 13:14,Upload
280706,15533,1/8/2004 14:46,0.3,deg C,ABM,HOBO,QC_280706_15533_Water_20031019_20040228.csv,P,None,8/30/2025 13:14,Upload,8/30/2025 13:14,Upload
280706,15533,1/8/2004 15:46,0.3,deg C,ABM,HOBO,QC_280706_15533_Water_20031019_20040228.csv,P,None,8/30/2025 13:14,Upload,8/30/2025 13:14,Upload
280706,15533,1/8/2004 16:46,0.3,deg C,ABM,HOBO,QC_280706_15533_Water_20031019_20040228.csv,P,None,8/30/2025 13:14,Upload,8/30/2025 13:14,Upload
280706,15533,1/8/2004 17:46,0.3,deg C,ABM,HOBO,QC_280706_15533_Water_20031019_20040228.csv,P,None,8/30/2025 13:14,Upload,8/30/2025 13:14,Upload
280706,15533,1/8/2004 18:46,0.3,deg C,ABM,HOBO,QC_280706_15533_Water_20031019_20040228.csv,P,None,8/30/2025 13:14,Upload,8/30/2025 13:14,Upload
280706,15533,1/8/2004 19:46,0.3,deg C,ABM,HOBO,QC_280706_15533_Water_20031019_20040228.csv,P,None,8/30/2025 13:14,Upload,8/30/2025 13:14,Upload
280706,15533,1/8/2004 20:46,0.3,deg C,ABM,HOBO,QC_280706_15533_Water_20031019_20040228.csv,P,None,8/30/2025 13:14,Upload,8/30/2025 13:14,Upload
280706,15533,1/8/2004 21:46,0.3,deg C,ABM,HOBO,QC_280706_15533_Water_20031019_20040228.csv,P,None,8/30/2025 13:14,Upload,8/30/2025 13:14,Upload
280706,15533,1/8/2004 22:46,0.14,deg C,ABM,HOBO,QC_280706_15533_Water_20031019_20040228.csv,P,None,8/30/2025 13:14,Upload,8/30/2025 13:14,Upload
280706,15533,1/8/2004 23:46,0.14,deg C,ABM,HOBO,QC_280706_15533_Water_20031019_20040228.csv,P,None,8/30/2025 13:14,Upload,8/30/2025 13:14,Upload
280706,15533,1/9/2004 0:46,-0.02,deg C,ABM,HOBO,QC_280706_15533_Water_20031019_20040228.csv,P,None,8/30/2025 13:14,Upload,8/30/2025 13:14,Upload
280706,15533,1/9/2004 1:46,-0.02,deg C,ABM,HOBO,QC_280706_15533_Water_20031019_20040228.csv,P,None,8/30/2025 13:14,Upload,8/30/2025 13:14,Upload
280706,15533,1/9/2004 2:46,-0.18,deg C,ABM,HOBO,QC_280706_15533_Water_20031019_20040228.csv,S,None,8/30/2025 13:14,Upload,8/30/2025 13:14,Upload
280706,15533,1/9/2004 3:46,-0.18,deg C,ABM,HOBO,QC_280706_15533_Water_20031019_20040228.csv,S,None,8/30/2025 13:14,Upload,8/30/2025 13:14,Upload
280706,15533,1/9/2004 4:46,-0.18,deg C,ABM,HOBO,QC_280706_15533_Water_20031019_20040228.csv,S,None,8/30/2025 13:14,Upload,8/30/2025 13:14,Upload
280706,15533,1/9/2004 5:46,-0.18,deg C,ABM,HOBO,QC_280706_15533_Water_20031019_20040228.csv,S,None,8/30/2025 13:14,Upload,8/30/2025 13:14,Upload
280706,15533,1/9/2004 6:46,-0.18,deg C,ABM,HOBO,QC_280706_15533_Water_20031019_20040228.csv,S,None,8/30/2025 13:14,Upload,8/30/2025 13:14,Upload
280706,15533,1/9/2004 7:46,-0.18,deg C,ABM,HOBO,QC_280706_15533_Water_20031019_20040228.csv,S,None,8/30/2025 13:14,Upload,8/30/2025 13:14,Upload
280706,15533,1/9/2004 8:46,-0.18,deg C,ABM,HOBO,QC_280706_15533_Water_20031019_20040228.csv,S,None,8/30/2025 13:14,Upload,8/30/2025 13:14,Upload
280706,15533,1/9/2004 9:46,-0.18,deg C,ABM,HOBO,QC_280706_15533_Water_20031019_20040228.csv,S,None,8/30/2025 13:14,Upload,8/30/2025 13:14,Upload
280706,15533,1/9/2004 10:46,-0.18,deg C,ABM,HOBO,QC_280706_15533_Water_20031019_20040228.csv,S,None,8/30/2025 13:14,Upload,8/30/2025 13:14,Upload
280706,15533,1/9/2004 11:46,-0.18,deg C,ABM,HOBO,QC_280706_15533_Water_20031019_20040228.csv,S,None,8/30/2025 13:14,Upload,8/30/2025 13:14,Upload
280706,15533,1/9/2004 12:46,-0.18,deg C,ABM,HOBO,QC_280706_15533_Water_20031019_20040228.csv,S,None,8/30/2025 13:14,Upload,8/30/2025 13:14,Upload
280706,15533,1/9/2004 13:46,-0.18,deg C,ABM,HOBO,QC_280706_15533_Water_20031019_20040228.csv,S,None,8/30/2025 13:14,Upload,8/30/2025 13:14,Upload
280706,15533,1/9/2004 14:46,-0.18,deg C,ABM,HOBO,QC_280706_15533_Water_20031019_20040228.csv,S,None,8/30/2025 13:14,Upload,8/30/2025 13:14,Upload
280706,15533,1/9/2004 15:46,-0.18,deg C,ABM,HOBO,QC_280706_15533_Water_20031019_20040228.csv,S,None,8/30/2025 13:14,Upload,8/30/2025 13:14,Upload
280706,15533,1/9/2004 16:46,-0.18,deg C,ABM,HOBO,QC_280706_15533_Water_20031019_20040228.csv,S,None,8/30/2025 13:14,Upload,8/30/2025 13:14,Upload
280706,15533,1/9/2004 17:46,-0.18,deg C,ABM,HOBO,QC_280706_15533_Water_20031019_20040228.csv,S,None,8/30/2025 13:14,Upload,8/30/2025 13:14,Upload
280706,15533,1/9/2004 18:46,-0.18,deg C,ABM,HOBO,QC_280706_15533_Water_20031019_20040228.csv,S,None,8/30/2025 13:14,Upload,8/30/2025 13:14,Upload
280706,15533,1/9/2004 19:46,-0.18,deg C,ABM,HOBO,QC_280706_15533_Water_20031019_20040228.csv,S,None,8/30/2025 13:14,Upload,8/30/2025 13:14,Upload
280706,15533,1/9/2004 20:46,-0.18,deg C,ABM,HOBO,QC_280706_15533_Water_20031019_20040228.csv,S,None,8/30/2025 13:14,Upload,8/30/2025 13:14,Upload
280706,15533,1/9/2004 21:46,-0.18,deg C,ABM,HOBO,QC_280706_15533_Water_20031019_20040228.csv,S,None,8/30/2025 13:14,Upload,8/30/2025 13:14,Upload
280706,15533,1/9/2004 22:46,-0.18,deg C,ABM,HOBO,QC_280706_15533_Water_20031019_20040228.csv,S,None,8/30/2025 13:14,Upload,8/30/2025 13:14,Upload
280706,15533,1/9/2004 23:46,-0.18,deg C,ABM,HOBO,QC_280706_15533_Water_20031019_20040228.csv,S,None,8/30/2025 13:14,Upload,8/30/2025 13:14,Upload
280706,15533,1/10/2004 0:46,-0.18,deg C,ABM,HOBO,QC_280706_15533_Water_20031019_20040228.csv,S,None,8/30/2025 13:14,Upload,8/30/2025 13:14,Upload
280706,15533,1/10/2004 1:46,-0.18,deg C,ABM,HOBO,QC_280706_15533_Water_20031019_20040228.csv,S,None,8/30/2025 13:14,Upload,8/30/2025 13:14,Upload
280706,15533,1/10/2004 2:46,-0.18,deg C,ABM,HOBO,QC_280706_15533_Water_20031019_20040228.csv,S,None,8/30/2025 13:14,Upload,8/30/2025 13:14,Upload
280706,15533,1/10/2004 3:46,-0.18,deg C,ABM,HOBO,QC_280706_15533_Water_20031019_20040228.csv,S,None,8/30/2025 13:14,Upload,8/30/2025 13:14,Upload
280706,15533,1/10/2004 4:46,-0.18,deg C,ABM,HOBO,QC_280706_15533_Water_20031019_20040228.csv,S,None,8/30/2025 13:14,Upload,8/30/2025 13:14,Upload
280706,15533,1/10/2004 5:46,-0.18,deg C,ABM,HOBO,QC_280706_15533_Water_20031019_20040228.csv,S,None,8/30/2025 13:14,Upload,8/30/2025 13:14,Upload
280706,15533,1/10/2004 6:46,-0.18,deg C,ABM,HOBO,QC_280706_15533_Water_20031019_20040228.csv,S,None,8/30/2025 13:14,Upload,8/30/2025 13:14,Upload
280706,15533,1/10/2004 7:46,-0.18,deg C,ABM,HOBO,QC_280706_15533_Water_20031019_20040228.csv,S,None,8/30/2025 13:14,Upload,8/30/2025 13:14,Upload
280706,15533,1/10/2004 8:46,-0.18,deg C,ABM,HOBO,QC_280706_15533_Water_20031019_20040228.csv,F,None,8/30/2025 13:14,Upload,8/30/2025 13:14,Upload
280706,15533,1/10/2004 9:46,-0.18,deg C,ABM,HOBO,QC_280706_15533_Water_20031019_20040228.csv,F,None,8/30/2025 13:14,Upload,8/30/2025 13:14,Upload
280706,15533,1/10/2004 10:46,-0.18,deg C,ABM,HOBO,QC_280706_15533_Water_20031019_20040228.csv,F,None,8/30/2025 13:14,Upload,8/30/2025 13:14,Upload
280706,15533,1/10/2004 11:46,-0.18,deg C,ABM,HOBO,QC_280706_15533_Water_20031019_20040228.csv,F,None,8/30/2025 13:14,Upload,8/30/2025 13:14,Upload
280706,15533,1/10/2004 12:46,-0.18,deg C,ABM,HOBO,QC_280706_15533_Water_20031019_20040228.csv,F,None,8/30/2025 13:14,Upload,8/30/2025 13:14,Upload
280706,15533,1/10/2004 13:46,-0.18,deg C,ABM,HOBO,QC_280706_15533_Water_20031019_20040228.csv,F,None,8/30/2025 13:14,Upload,8/30/2025 13:14,Upload
280706,15533,1/10/2004 14:46,-0.18,deg C,ABM,HOBO,QC_280706_15533_Water_20031019_20040228.csv,F,None,8/30/2025 13:14,Upload,8/30/2025 13:14,Upload
280706,15533,1/10/2004 15:46,-0.18,deg C,ABM,HOBO,QC_280706_15533_Water_20031019_20040228.csv,F,None,8/30/2025 13:14,Upload,8/30/2025 13:14,Upload
280706,15533,1/10/2004 16:46,-0.18,deg C,ABM,HOBO,QC_280706_15533_Water_20031019_20040228.csv,F,None,8/30/2025 13:14,Upload,8/30/2025 13:14,Upload
280706,15533,1/10/2004 17:46,-0.18,deg C,ABM,HOBO,QC_280706_15533_Water_20031019_20040228.csv,F,None,8/30/2025 13:14,Upload,8/30/2025 13:14,Upload
280706,15533,1/10/2004 18:46,-0.18,deg C,ABM,HOBO,QC_280706_15533_Water_20031019_20040228.csv,F,None,8/30/2025 13:14,Upload,8/30/2025 13:14,Upload
280706,15533,1/10/2004 19:46,-0.18,deg C,ABM,HOBO,QC_280706_15533_Water_20031019_20040228.csv,F,None,8/30/2025 13:14,Upload,8/30/2025 13:14,Upload
280706,15533,1/10/2004 20:46,-0.18,deg C,ABM,HOBO,QC_280706_15533_Water_20031019_20040228.csv,F,None,8/30/2025 13:14,Upload,8/30/2025 13:14,Upload
280706,15533,1/10/2004 21:46,-0.18,deg C,ABM,HOBO,QC_280706_15533_Water_20031019_20040228.csv,F,None,8/30/2025 13:14,Upload,8/30/2025 13:14,Upload
280706,15533,1/10/2004 22:46,-0.18,deg C,ABM,HOBO,QC_280706_15533_Water_20031019_20040228.csv,F,None,8/30/2025 13:14,Upload,8/30/2025 13:14,Upload
280706,15533,1/10/2004 23:46,-0.18,deg C,ABM,HOBO,QC_280706_15533_Water_20031019_20040228.csv,F,None,8/30/2025 13:14,Upload,8/30/2025 13:14,Upload
280706,15533,1/11/2004 0:46,-0.18,deg C,ABM,HOBO,QC_280706_15533_Water_20031019_20040228.csv,F,None,8/30/2025 13:14,Upload,8/30/2025 13:14,Upload
280706,15533,1/11/2004 1:46,-0.18,deg C,ABM,HOBO,QC_280706_15533_Water_20031019_20040228.csv,F,None,8/30/2025 13:14,Upload,8/30/2025 13:14,Upload
280706,15533,1/11/2004 2:46,-0.18,deg C,ABM,HOBO,QC_280706_15533_Water_20031019_20040228.csv,F,None,8/30/2025 13:14,Upload,8/30/2025 13:14,Upload
280706,15533,1/11/2004 3:46,-0.18,deg C,ABM,HOBO,QC_280706_15533_Water_20031019_20040228.csv,F,None,8/30/2025 13:14,Upload,8/30/2025 13:14,Upload
280706,15533,1/11/2004 4:46,-0.18,deg C,ABM,HOBO,QC_280706_15533_Water_20031019_20040228.csv,F,None,8/30/2025 13:14,Upload,8/30/2025 13:14,Upload
280706,15533,1/11/2004 5:46,-0.18,deg C,ABM,HOBO,QC_280706_15533_Water_20031019_20040228.csv,F,None,8/30/2025 13:14,Upload,8/30/2025 13:14,Upload
280706,15533,1/11/2004 6:46,-0.18,deg C,ABM,HOBO,QC_280706_15533_Water_20031019_20040228.csv,F,None,8/30/2025 13:14,Upload,8/30/2025 13:14,Upload
280706,15533,1/11/2004 7:46,-0.18,deg C,ABM,HOBO,QC_280706_15533_Water_20031019_20040228.csv,F,None,8/30/2025 13:14,Upload,8/30/2025 13:14,Upload
280706,15533,1/11/2004 8:46,-0.18,deg C,ABM,HOBO,QC_280706_15533_Water_20031019_20040228.csv,F,None,8/30/2025 13:14,Upload,8/30/2025 13:14,Upload
280706,15533,1/11/2004 9:46,-0.18,deg C,ABM,HOBO,QC_280706_15533_Water_20031019_20040228.csv,F,None,8/30/2025 13:14,Upload,8/30/2025 13:14,Upload
280706,15533,1/11/2004 10:46,-0.18,deg C,ABM,HOBO,QC_280706_15533_Water_20031019_20040228.csv,F,None,8/30/2025 13:14,Upload,8/30/2025 13:14,Upload
280706,15533,1/11/2004 11:46,-0.18,deg C,ABM,HOBO,QC_280706_15533_Water_20031019_20040228.csv,F,None,8/30/2025 13:14,Upload,8/30/2025 13:14,Upload
280706,15533,1/11/2004 12:46,-0.18,deg C,ABM,HOBO,QC_280706_15533_Water_20031019_20040228.csv,F,None,8/30/2025 13:14,Upload,8/30/2025 13:14,Upload
280706,15533,1/11/2004 13:46,-0.18,deg C,ABM,HOBO,QC_280706_15533_Water_20031019_20040228.csv,F,None,8/30/2025 13:14,Upload,8/30/2025 13:14,Upload
280706,15533,1/11/2004 14:46,-0.18,deg C,ABM,HOBO,QC_280706_15533_Water_20031019_20040228.csv,F,None,8/30/2025 13:14,Upload,8/30/2025 13:14,Upload
280706,15533,1/11/2004 15:46,-0.18,deg C,ABM,HOBO,QC_280706_15533_Water_20031019_20040228.csv,F,None,8/30/2025 13:14,Upload,8/30/2025 13:14,Upload
280706,15533,1/11/2004 16:46,-0.18,deg C,ABM,HOBO,QC_280706_15533_Water_20031019_20040228.csv,F,None,8/30/2025 13:14,Upload,8/30/2025 13:14,Upload
280706,15533,1/11/2004 17:46,-0.18,deg C,ABM,HOBO,QC_280706_15533_Water_20031019_20040228.csv,F,None,8/30/2025 13:14,Upload,8/30/2025 13:14,Upload
280706,15533,1/11/2004 18:46,-0.18,deg C,ABM,HOBO,QC_280706_15533_Water_20031019_20040228.csv,F,None,8/30/2025 13:14,Upload,8/30/2025 13:14,Upload
280706,15533,1/11/2004 19:46,-0.18,deg C,ABM,HOBO,QC_280706_15533_Water_20031019_20040228.csv,F,None,8/30/2025 13:14,Upload,8/30/2025 13:14,Upload
280706,15533,1/11/2004 20:46,-0.18,deg C,ABM,HOBO,QC_280706_15533_Water_20031019_20040228.csv,F,None,8/30/2025 13:14,Upload,8/30/2025 13:14,Upload
280706,15533,1/11/2004 21:46,-0.18,deg C,ABM,HOBO,QC_280706_15533_Water_20031019_20040228.csv,F,None,8/30/2025 13:14,Upload,8/30/2025 13:14,Upload
280706,15533,1/11/2004 22:46,-0.18,deg C,ABM,HOBO,QC_280706_15533_Water_20031019_20040228.csv,F,None,8/30/2025 13:14,Upload,8/30/2025 13:14,Upload
280706,15533,1/11/2004 23:46,-0.18,deg C,ABM,HOBO,QC_280706_15533_Water_20031019_20040228.csv,F,None,8/30/2025 13:14,Upload,8/30/2025 13:14,Upload
280706,15533,1/12/2004 0:46,-0.18,deg C,ABM,HOBO,QC_280706_15533_Water_20031019_20040228.csv,F,None,8/30/2025 13:14,Upload,8/30/2025 13:14,Upload
280706,15533,1/12/2004 1:46,-0.18,deg C,ABM,HOBO,QC_280706_15533_Water_20031019_20040228.csv,F,None,8/30/2025 13:14,Upload,8/30/2025 13:14,Upload
280706,15533,1/12/2004 2:46,-0.18,deg C,ABM,HOBO,QC_280706_15533_Water_20031019_20040228.csv,F,None,8/30/2025 13:14,Upload,8/30/2025 13:14,Upload
280706,15533,1/12/2004 3:46,-0.18,deg C,ABM,HOBO,QC_280706_15533_Water_20031019_20040228.csv,F,None,8/30/2025 13:14,Upload,8/30/2025 13:14,Upload
280706,15533,1/12/2004 4:46,-0.18,deg C,ABM,HOBO,QC_280706_15533_Water_20031019_20040228.csv,F,None,8/30/2025 13:14,Upload,8/30/2025 13:14,Upload
280706,15533,1/12/2004 5:46,-0.18,deg C,ABM,HOBO,QC_280706_15533_Water_20031019_20040228.csv,F,None,8/30/2025 13:14,Upload,8/30/2025 13:14,Upload
280706,15533,1/12/2004 6:46,-0.18,deg C,ABM,HOBO,QC_280706_15533_Water_20031019_20040228.csv,F,None,8/30/2025 13:14,Upload,8/30/2025 13:14,Upload
280706,15533,1/12/2004 7:46,-0.18,deg C,ABM,HOBO,QC_280706_15533_Water_20031019_20040228.csv,F,None,8/30/2025 13:14,Upload,8/30/2025 13:14,Upload
280706,15533,1/12/2004 8:46,-0.18,deg C,ABM,HOBO,QC_280706_15533_Water_20031019_20040228.csv,F,None,8/30/2025 13:14,Upload,8/30/2025 13:14,Upload
280706,15533,1/12/2004 9:46,-0.18,deg C,ABM,HOBO,QC_280706_15533_Water_20031019_20040228.csv,F,None,8/30/2025 13:14,Upload,8/30/2025 13:14,Upload
280706,15533,1/12/2004 10:46,-0.18,deg C,ABM,HOBO,QC_280706_15533_Water_20031019_20040228.csv,F,None,8/30/2025 13:14,Upload,8/30/2025 13:14,Upload
280706,15533,1/12/2004 11:46,-0.18,deg C,ABM,HOBO,QC_280706_15533_Water_20031019_20040228.csv,F,None,8/30/2025 13:14,Upload,8/30/2025 13:14,Upload
280706,15533,1/12/2004 12:46,-0.18,deg C,ABM,HOBO,QC_280706_15533_Water_20031019_20040228.csv,F,None,8/30/2025 13:14,Upload,8/30/2025 13:14,Upload
280706,15533,1/12/2004 13:46,-0.18,deg C,ABM,HOBO,QC_280706_15533_Water_20031019_20040228.csv,F,None,8/30/2025 13:14,Upload,8/30/2025 13:14,Upload
280706,15533,1/12/2004 14:46,-0.18,deg C,ABM,HOBO,QC_280706_15533_Water_20031019_20040228.csv,F,None,8/30/2025 13:14,Upload,8/30/2025 13:14,Upload
280706,15533,1/12/2004 15:46,-0.18,deg C,ABM,HOBO,QC_280706_15533_Water_20031019_20040228.csv,F,None,8/30/2025 13:14,Upload,8/30/2025 13:14,Upload
280706,15533,1/12/2004 16:46,-0.18,deg C,ABM,HOBO,QC_280706_15533_Water_20031019_20040228.csv,F,None,8/30/2025 13:14,Upload,8/30/2025 13:14,Upload
280706,15533,1/12/2004 17:46,-0.18,deg C,ABM,HOBO,QC_280706_15533_Water_20031019_20040228.csv,F,None,8/30/2025 13:14,Upload,8/30/2025 13:14,Upload
280706,15533,1/12/2004 18:46,-0.18,deg C,ABM,HOBO,QC_280706_15533_Water_20031019_20040228.csv,F,None,8/30/2025 13:14,Upload,8/30/2025 13:14,Upload
280706,15533,1/12/2004 19:46,-0.18,deg C,ABM,HOBO,QC_280706_15533_Water_20031019_20040228.csv,F,None,8/30/2025 13:14,Upload,8/30/2025 13:14,Upload
280706,15533,1/12/2004 20:46,-0.18,deg C,ABM,HOBO,QC_280706_15533_Water_20031019_20040228.csv,F,None,8/30/2025 13:14,Upload,8/30/2025 13:14,Upload
280706,15533,1/12/2004 21:46,-0.18,deg C,ABM,HOBO,QC_280706_15533_Water_20031019_20040228.csv,F,None,8/30/2025 13:14,Upload,8/30/2025 13:14,Upload
280706,15533,1/12/2004 22:46,-0.18,deg C,ABM,HOBO,QC_280706_15533_Water_20031019_20040228.csv,F,None,8/30/2025 13:14,Upload,8/30/2025 13:14,Upload
280706,15533,1/12/2004 23:46,-0.18,deg C,ABM,HOBO,QC_280706_15533_Water_20031019_20040228.csv,F,None,8/30/2025 13:14,Upload,8/30/2025 13:14,Upload
280706,15533,1/13/2004 0:46,-0.18,deg C,ABM,HOBO,QC_280706_15533_Water_20031019_20040228.csv,F,None,8/30/2025 13:14,Upload,8/30/2025 13:14,Upload
280706,15533,1/13/2004 1:46,-0.18,deg C,ABM,HOBO,QC_280706_15533_Water_20031019_20040228.csv,F,None,8/30/2025 13:14,Upload,8/30/2025 13:14,Upload
280706,15533,1/13/2004 2:46,-0.18,deg C,ABM,HOBO,QC_280706_15533_Water_20031019_20040228.csv,F,None,8/30/2025 13:14,Upload,8/30/2025 13:14,Upload
280706,15533,1/13/2004 3:46,-0.18,deg C,ABM,HOBO,QC_280706_15533_Water_20031019_20040228.csv,F,None,8/30/2025 13:14,Upload,8/30/2025 13:14,Upload
280706,15533,1/13/2004 4:46,-0.18,deg C,ABM,HOBO,QC_280706_15533_Water_20031019_20040228.csv,F,None,8/30/2025 13:14,Upload,8/30/2025 13:14,Upload
280706,15533,1/13/2004 5:46,-0.18,deg C,ABM,HOBO,QC_280706_15533_Water_20031019_20040228.csv,F,None,8/30/2025 13:14,Upload,8/30/2025 13:14,Upload
280706,15533,1/13/2004 6:46,-0.18,deg C,ABM,HOBO,QC_280706_15533_Water_20031019_20040228.csv,F,None,8/30/2025 13:14,Upload,8/30/2025 13:14,Upload
280706,15533,1/13/2004 7:46,-0.18,deg C,ABM,HOBO,QC_280706_15533_Water_20031019_20040228.csv,F,None,8/30/2025 13:14,Upload,8/30/2025 13:14,Upload
280706,15533,1/13/2004 8:46,-0.18,deg C,ABM,HOBO,QC_280706_15533_Water_20031019_20040228.csv,F,None,8/30/2025 13:14,Upload,8/30/2025 13:14,Upload
280706,15533,1/13/2004 9:46,-0.18,deg C,ABM,HOBO,QC_280706_15533_Water_20031019_20040228.csv,F,None,8/30/2025 13:14,Upload,8/30/2025 13:14,Upload
280706,15533,1/13/2004 10:46,-0.18,deg C,ABM,HOBO,QC_280706_15533_Water_20031019_20040228.csv,F,None,8/30/2025 13:14,Upload,8/30/2025 13:14,Upload
280706,15533,1/13/2004 11:46,-0.18,deg C,ABM,HOBO,QC_280706_15533_Water_20031019_20040228.csv,F,None,8/30/2025 13:14,Upload,8/30/2025 13:14,Upload
280706,15533,1/13/2004 12:46,-0.18,deg C,ABM,HOBO,QC_280706_15533_Water_20031019_20040228.csv,F,None,8/30/2025 13:14,Upload,8/30/2025 13:14,Upload
280706,15533,1/13/2004 13:46,-0.18,deg C,ABM,HOBO,QC_280706_15533_Water_20031019_20040228.csv,F,None,8/30/2025 13:14,Upload,8/30/2025 13:14,Upload
280706,15533,1/13/2004 14:46,-0.18,deg C,ABM,HOBO,QC_280706_15533_Water_20031019_20040228.csv,F,None,8/30/2025 13:14,Upload,8/30/2025 13:14,Upload
280706,15533,1/13/2004 15:46,-0.18,deg C,ABM,HOBO,QC_280706_15533_Water_20031019_20040228.csv,F,None,8/30/2025 13:14,Upload,8/30/2025 13:14,Upload
280706,15533,1/13/2004 16:46,-0.18,deg C,ABM,HOBO,QC_280706_15533_Water_20031019_20040228.csv,F,None,8/30/2025 13:14,Upload,8/30/2025 13:14,Upload
280706,15533,1/13/2004 17:46,-0.18,deg C,ABM,HOBO,QC_280706_15533_Water_20031019_20040228.csv,F,None,8/30/2025 13:14,Upload,8/30/2025 13:14,Upload
280706,15533,1/13/2004 18:46,-0.18,deg C,ABM,HOBO,QC_280706_15533_Water_20031019_20040228.csv,F,None,8/30/2025 13:14,Upload,8/30/2025 13:14,Upload
280706,15533,1/13/2004 19:46,-0.18,deg C,ABM,HOBO,QC_280706_15533_Water_20031019_20040228.csv,F,None,8/30/2025 13:14,Upload,8/30/2025 13:14,Upload
280706,15533,1/13/2004 20:46,-0.18,deg C,ABM,HOBO,QC_280706_15533_Water_20031019_20040228.csv,F,None,8/30/2025 13:14,Upload,8/30/2025 13:14,Upload
280706,15533,1/13/2004 21:46,-0.18,deg C,ABM,HOBO,QC_280706_15533_Water_20031019_20040228.csv,F,None,8/30/2025 13:14,Upload,8/30/2025 13:14,Upload
280706,15533,1/13/2004 22:46,-0.18,deg C,ABM,HOBO,QC_280706_15533_Water_20031019_20040228.csv,F,None,8/30/2025 13:14,Upload,8/30/2025 13:14,Upload
280706,15533,1/13/2004 23:46,-0.18,deg C,ABM,HOBO,QC_280706_15533_Water_20031019_20040228.csv,F,None,8/30/2025 13:14,Upload,8/30/2025 13:14,Upload
280706,15533,1/14/2004 0:46,-0.18,deg C,ABM,HOBO,QC_280706_15533_Water_20031019_20040228.csv,F,None,8/30/2025 13:14,Upload,8/30/2025 13:14,Upload
280706,15533,1/14/2004 1:46,-0.18,deg C,ABM,HOBO,QC_280706_15533_Water_20031019_20040228.csv,F,None,8/30/2025 13:14,Upload,8/30/2025 13:14,Upload
280706,15533,1/14/2004 2:46,-0.18,deg C,ABM,HOBO,QC_280706_15533_Water_20031019_20040228.csv,F,None,8/30/2025 13:14,Upload,8/30/2025 13:14,Upload
280706,15533,1/14/2004 3:46,-0.18,deg C,ABM,HOBO,QC_280706_15533_Water_20031019_20040228.csv,F,None,8/30/2025 13:14,Upload,8/30/2025 13:14,Upload
280706,15533,1/14/2004 4:46,-0.18,deg C,ABM,HOBO,QC_280706_15533_Water_20031019_20040228.csv,F,None,8/30/2025 13:14,Upload,8/30/2025 13:14,Upload
280706,15533,1/14/2004 5:46,-0.18,deg C,ABM,HOBO,QC_280706_15533_Water_20031019_20040228.csv,F,None,8/30/2025 13:14,Upload,8/30/2025 13:14,Upload
280706,15533,1/14/2004 6:46,-0.18,deg C,ABM,HOBO,QC_280706_15533_Water_20031019_20040228.csv,F,None,8/30/2025 13:14,Upload,8/30/2025 13:14,Upload
280706,15533,1/14/2004 7:46,-0.18,deg C,ABM,HOBO,QC_280706_15533_Water_20031019_20040228.csv,F,None,8/30/2025 13:14,Upload,8/30/2025 13:14,Upload
280706,15533,1/14/2004 8:46,-0.18,deg C,ABM,HOBO,QC_280706_15533_Water_20031019_20040228.csv,F,None,8/30/2025 13:14,Upload,8/30/2025 13:14,Upload
280706,15533,1/14/2004 9:46,-0.18,deg C,ABM,HOBO,QC_280706_15533_Water_20031019_20040228.csv,F,None,8/30/2025 13:14,Upload,8/30/2025 13:14,Upload
280706,15533,1/14/2004 10:46,-0.18,deg C,ABM,HOBO,QC_280706_15533_Water_20031019_20040228.csv,F,None,8/30/2025 13:14,Upload,8/30/2025 13:14,Upload
280706,15533,1/14/2004 11:46,-0.18,deg C,ABM,HOBO,QC_280706_15533_Water_20031019_20040228.csv,F,None,8/30/2025 13:14,Upload,8/30/2025 13:14,Upload
280706,15533,1/14/2004 12:46,-0.18,deg C,ABM,HOBO,QC_280706_15533_Water_20031019_20040228.csv,F,None,8/30/2025 13:14,Upload,8/30/2025 13:14,Upload
280706,15533,1/14/2004 13:46,-0.18,deg C,ABM,HOBO,QC_280706_15533_Water_20031019_20040228.csv,F,None,8/30/2025 13:14,Upload,8/30/2025 13:14,Upload
280706,15533,1/14/2004 14:46,-0.18,deg C,ABM,HOBO,QC_280706_15533_Water_20031019_20040228.csv,F,None,8/30/2025 13:14,Upload,8/30/2025 13:14,Upload
280706,15533,1/14/2004 15:46,-0.18,deg C,ABM,HOBO,QC_280706_15533_Water_20031019_20040228.csv,F,None,8/30/2025 13:14,Upload,8/30/2025 13:14,Upload
280706,15533,1/14/2004 16:46,-0.18,deg C,ABM,HOBO,QC_280706_15533_Water_20031019_20040228.csv,F,None,8/30/2025 13:14,Upload,8/30/2025 13:14,Upload
280706,15533,1/14/2004 17:46,-0.18,deg C,ABM,HOBO,QC_280706_15533_Water_20031019_20040228.csv,F,None,8/30/2025 13:14,Upload,8/30/2025 13:14,Upload
280706,15533,1/14/2004 18:46,-0.18,deg C,ABM,HOBO,QC_280706_15533_Water_20031019_20040228.csv,F,None,8/30/2025 13:14,Upload,8/30/2025 13:14,Upload
280706,15533,1/14/2004 19:46,-0.18,deg C,ABM,HOBO,QC_280706_15533_Water_20031019_20040228.csv,F,None,8/30/2025 13:14,Upload,8/30/2025 13:14,Upload
280706,15533,1/14/2004 20:46,-0.18,deg C,ABM,HOBO,QC_280706_15533_Water_20031019_20040228.csv,F,None,8/30/2025 13:14,Upload,8/30/2025 13:14,Upload
280706,15533,1/14/2004 21:46,-0.18,deg C,ABM,HOBO,QC_280706_15533_Water_20031019_20040228.csv,F,None,8/30/2025 13:14,Upload,8/30/2025 13:14,Upload
280706,15533,1/14/2004 22:46,-0.18,deg C,ABM,HOBO,QC_280706_15533_Water_20031019_20040228.csv,F,None,8/30/2025 13:14,Upload,8/30/2025 13:14,Upload
280706,15533,1/14/2004 23:46,-0.18,deg C,ABM,HOBO,QC_280706_15533_Water_20031019_20040228.csv,F,None,8/30/2025 13:14,Upload,8/30/2025 13:14,Upload
280706,15533,1/15/2004 0:46,-0.18,deg C,ABM,HOBO,QC_280706_15533_Water_20031019_20040228.csv,F,None,8/30/2025 13:14,Upload,8/30/2025 13:14,Upload
280706,15533,1/15/2004 1:46,-0.18,deg C,ABM,HOBO,QC_280706_15533_Water_20031019_20040228.csv,F,None,8/30/2025 13:14,Upload,8/30/2025 13:14,Upload
280706,15533,1/15/2004 2:46,-0.18,deg C,ABM,HOBO,QC_280706_15533_Water_20031019_20040228.csv,F,None,8/30/2025 13:14,Upload,8/30/2025 13:14,Upload
280706,15533,1/15/2004 3:46,-0.18,deg C,ABM,HOBO,QC_280706_15533_Water_20031019_20040228.csv,F,None,8/30/2025 13:14,Upload,8/30/2025 13:14,Upload
280706,15533,1/15/2004 4:46,-0.18,deg C,ABM,HOBO,QC_280706_15533_Water_20031019_20040228.csv,F,None,8/30/2025 13:14,Upload,8/30/2025 13:14,Upload
280706,15533,1/15/2004 5:46,-0.18,deg C,ABM,HOBO,QC_280706_15533_Water_20031019_20040228.csv,F,None,8/30/2025 13:14,Upload,8/30/2025 13:14,Upload
280706,15533,1/15/2004 6:46,-0.18,deg C,ABM,HOBO,QC_280706_15533_Water_20031019_20040228.csv,F,None,8/30/2025 13:14,Upload,8/30/2025 13:14,Upload
280706,15533,1/15/2004 7:46,-0.18,deg C,ABM,HOBO,QC_280706_15533_Water_20031019_20040228.csv,F,None,8/30/2025 13:14,Upload,8/30/2025 13:14,Upload
280706,15533,1/15/2004 8:46,-0.18,deg C,ABM,HOBO,QC_280706_15533_Water_20031019_20040228.csv,F,None,8/30/2025 13:14,Upload,8/30/2025 13:14,Upload
280706,15533,1/15/2004 9:46,-0.18,deg C,ABM,HOBO,QC_280706_15533_Water_20031019_20040228.csv,F,None,8/30/2025 13:14,Upload,8/30/2025 13:14,Upload
280706,15533,1/15/2004 10:46,-0.18,deg C,ABM,HOBO,QC_280706_15533_Water_20031019_20040228.csv,F,None,8/30/2025 13:14,Upload,8/30/2025 13:14,Upload
280706,15533,1/15/2004 11:46,-0.18,deg C,ABM,HOBO,QC_280706_15533_Water_20031019_20040228.csv,F,None,8/30/2025 13:14,Upload,8/30/2025 13:14,Upload
280706,15533,1/15/2004 12:46,-0.18,deg C,ABM,HOBO,QC_280706_15533_Water_20031019_20040228.csv,F,None,8/30/2025 13:14,Upload,8/30/2025 13:14,Upload
280706,15533,1/15/2004 13:46,-0.18,deg C,ABM,HOBO,QC_280706_15533_Water_20031019_20040228.csv,F,None,8/30/2025 13:14,Upload,8/30/2025 13:14,Upload
280706,15533,1/15/2004 14:46,-0.18,deg C,ABM,HOBO,QC_280706_15533_Water_20031019_20040228.csv,F,None,8/30/2025 13:14,Upload,8/30/2025 13:14,Upload
280706,15533,1/15/2004 15:46,-0.18,deg C,ABM,HOBO,QC_280706_15533_Water_20031019_20040228.csv,F,None,8/30/2025 13:14,Upload,8/30/2025 13:14,Upload
280706,15533,1/15/2004 16:46,-0.18,deg C,ABM,HOBO,QC_280706_15533_Water_20031019_20040228.csv,F,None,8/30/2025 13:14,Upload,8/30/2025 13:14,Upload
280706,15533,1/15/2004 17:46,-0.18,deg C,ABM,HOBO,QC_280706_15533_Water_20031019_20040228.csv,F,None,8/30/2025 13:14,Upload,8/30/2025 13:14,Upload
280706,15533,1/15/2004 18:46,-0.18,deg C,ABM,HOBO,QC_280706_15533_Water_20031019_20040228.csv,F,None,8/30/2025 13:14,Upload,8/30/2025 13:14,Upload
280706,15533,1/15/2004 19:46,-0.18,deg C,ABM,HOBO,QC_280706_15533_Water_20031019_20040228.csv,F,None,8/30/2025 13:14,Upload,8/30/2025 13:14,Upload
280706,15533,1/15/2004 20:46,-0.18,deg C,ABM,HOBO,QC_280706_15533_Water_20031019_20040228.csv,F,None,8/30/2025 13:14,Upload,8/30/2025 13:14,Upload
280706,15533,1/15/2004 21:46,-0.18,deg C,ABM,HOBO,QC_280706_15533_Water_20031019_20040228.csv,F,None,8/30/2025 13:14,Upload,8/30/2025 13:14,Upload
280706,15533,1/15/2004 22:46,-0.18,deg C,ABM,HOBO,QC_280706_15533_Water_20031019_20040228.csv,F,None,8/30/2025 13:14,Upload,8/30/2025 13:14,Upload
280706,15533,1/15/2004 23:46,-0.18,deg C,ABM,HOBO,QC_280706_15533_Water_20031019_20040228.csv,F,None,8/30/2025 13:14,Upload,8/30/2025 13:14,Upload
280706,15533,1/16/2004 0:46,-0.18,deg C,ABM,HOBO,QC_280706_15533_Water_20031019_20040228.csv,F,None,8/30/2025 13:14,Upload,8/30/2025 13:14,Upload
280706,15533,1/16/2004 1:46,-0.18,deg C,ABM,HOBO,QC_280706_15533_Water_20031019_20040228.csv,F,None,8/30/2025 13:14,Upload,8/30/2025 13:14,Upload
280706,15533,1/16/2004 2:46,-0.18,deg C,ABM,HOBO,QC_280706_15533_Water_20031019_20040228.csv,F,None,8/30/2025 13:14,Upload,8/30/2025 13:14,Upload
280706,15533,1/16/2004 3:46,-0.18,deg C,ABM,HOBO,QC_280706_15533_Water_20031019_20040228.csv,F,None,8/30/2025 13:14,Upload,8/30/2025 13:14,Upload
280706,15533,1/16/2004 4:46,-0.18,deg C,ABM,HOBO,QC_280706_15533_Water_20031019_20040228.csv,F,None,8/30/2025 13:14,Upload,8/30/2025 13:14,Upload
280706,15533,1/16/2004 5:46,-0.18,deg C,ABM,HOBO,QC_280706_15533_Water_20031019_20040228.csv,F,None,8/30/2025 13:14,Upload,8/30/2025 13:14,Upload
280706,15533,1/16/2004 6:46,-0.18,deg C,ABM,HOBO,QC_280706_15533_Water_20031019_20040228.csv,F,None,8/30/2025 13:14,Upload,8/30/2025 13:14,Upload
280706,15533,1/16/2004 7:46,-0.18,deg C,ABM,HOBO,QC_280706_15533_Water_20031019_20040228.csv,F,None,8/30/2025 13:14,Upload,8/30/2025 13:14,Upload
280706,15533,1/16/2004 8:46,-0.18,deg C,ABM,HOBO,QC_280706_15533_Water_20031019_20040228.csv,F,None,8/30/2025 13:14,Upload,8/30/2025 13:14,Upload
280706,15533,1/16/2004 9:46,-0.18,deg C,ABM,HOBO,QC_280706_15533_Water_20031019_20040228.csv,F,None,8/30/2025 13:14,Upload,8/30/2025 13:14,Upload
280706,15533,1/16/2004 10:46,-0.18,deg C,ABM,HOBO,QC_280706_15533_Water_20031019_20040228.csv,F,None,8/30/2025 13:14,Upload,8/30/2025 13:14,Upload
280706,15533,1/16/2004 11:46,-0.18,deg C,ABM,HOBO,QC_280706_15533_Water_20031019_20040228.csv,F,None,8/30/2025 13:14,Upload,8/30/2025 13:14,Upload
280706,15533,1/16/2004 12:46,-0.18,deg C,ABM,HOBO,QC_280706_15533_Water_20031019_20040228.csv,F,None,8/30/2025 13:14,Upload,8/30/2025 13:14,Upload
280706,15533,1/16/2004 13:46,-0.18,deg C,ABM,HOBO,QC_280706_15533_Water_20031019_20040228.csv,F,None,8/30/2025 13:14,Upload,8/30/2025 13:14,Upload
280706,15533,1/16/2004 14:46,-0.18,deg C,ABM,HOBO,QC_280706_15533_Water_20031019_20040228.csv,F,None,8/30/2025 13:14,Upload,8/30/2025 13:14,Upload
280706,15533,1/16/2004 15:46,-0.18,deg C,ABM,HOBO,QC_280706_15533_Water_20031019_20040228.csv,F,None,8/30/2025 13:14,Upload,8/30/2025 13:14,Upload
280706,15533,1/16/2004 16:46,-0.18,deg C,ABM,HOBO,QC_280706_15533_Water_20031019_20040228.csv,F,None,8/30/2025 13:14,Upload,8/30/2025 13:14,Upload
280706,15533,1/16/2004 17:46,-0.18,deg C,ABM,HOBO,QC_280706_15533_Water_20031019_20040228.csv,F,None,8/30/2025 13:14,Upload,8/30/2025 13:14,Upload
280706,15533,1/16/2004 18:46,-0.18,deg C,ABM,HOBO,QC_280706_15533_Water_20031019_20040228.csv,F,None,8/30/2025 13:14,Upload,8/30/2025 13:14,Upload
280706,15533,1/16/2004 19:46,-0.18,deg C,ABM,HOBO,QC_280706_15533_Water_20031019_20040228.csv,F,None,8/30/2025 13:14,Upload,8/30/2025 13:14,Upload
280706,15533,1/16/2004 20:46,-0.18,deg C,ABM,HOBO,QC_280706_15533_Water_20031019_20040228.csv,F,None,8/30/2025 13:14,Upload,8/30/2025 13:14,Upload
280706,15533,1/16/2004 21:46,-0.18,deg C,ABM,HOBO,QC_280706_15533_Water_20031019_20040228.csv,F,None,8/30/2025 13:14,Upload,8/30/2025 13:14,Upload
280706,15533,1/16/2004 22:46,-0.18,deg C,ABM,HOBO,QC_280706_15533_Water_20031019_20040228.csv,F,None,8/30/2025 13:14,Upload,8/30/2025 13:14,Upload
280706,15533,1/16/2004 23:46,-0.18,deg C,ABM,HOBO,QC_280706_15533_Water_20031019_20040228.csv,F,None,8/30/2025 13:14,Upload,8/30/2025 13:14,Upload
280706,15533,1/17/2004 0:46,-0.18,deg C,ABM,HOBO,QC_280706_15533_Water_20031019_20040228.csv,F,None,8/30/2025 13:14,Upload,8/30/2025 13:14,Upload
280706,15533,1/17/2004 1:46,-0.18,deg C,ABM,HOBO,QC_280706_15533_Water_20031019_20040228.csv,F,None,8/30/2025 13:14,Upload,8/30/2025 13:14,Upload
280706,15533,1/17/2004 2:46,-0.18,deg C,ABM,HOBO,QC_280706_15533_Water_20031019_20040228.csv,F,None,8/30/2025 13:14,Upload,8/30/2025 13:14,Upload
280706,15533,1/17/2004 3:46,-0.18,deg C,ABM,HOBO,QC_280706_15533_Water_20031019_20040228.csv,F,None,8/30/2025 13:14,Upload,8/30/2025 13:14,Upload
280706,15533,1/17/2004 4:46,-0.18,deg C,ABM,HOBO,QC_280706_15533_Water_20031019_20040228.csv,F,None,8/30/2025 13:14,Upload,8/30/2025 13:14,Upload
280706,15533,1/17/2004 5:46,-0.18,deg C,ABM,HOBO,QC_280706_15533_Water_20031019_20040228.csv,F,None,8/30/2025 13:14,Upload,8/30/2025 13:14,Upload
280706,15533,1/17/2004 6:46,-0.18,deg C,ABM,HOBO,QC_280706_15533_Water_20031019_20040228.csv,F,None,8/30/2025 13:14,Upload,8/30/2025 13:14,Upload
280706,15533,1/17/2004 7:46,-0.18,deg C,ABM,HOBO,QC_280706_15533_Water_20031019_20040228.csv,F,None,8/30/2025 13:14,Upload,8/30/2025 13:14,Upload
280706,15533,1/17/2004 8:46,-0.18,deg C,ABM,HOBO,QC_280706_15533_Water_20031019_20040228.csv,F,None,8/30/2025 13:14,Upload,8/30/2025 13:14,Upload
280706,15533,1/17/2004 9:46,-0.18,deg C,ABM,HOBO,QC_280706_15533_Water_20031019_20040228.csv,F,None,8/30/2025 13:14,Upload,8/30/2025 13:14,Upload
280706,15533,1/17/2004 10:46,-0.18,deg C,ABM,HOBO,QC_280706_15533_Water_20031019_20040228.csv,F,None,8/30/2025 13:14,Upload,8/30/2025 13:14,Upload
280706,15533,1/17/2004 11:46,-0.18,deg C,ABM,HOBO,QC_280706_15533_Water_20031019_20040228.csv,F,None,8/30/2025 13:14,Upload,8/30/2025 13:14,Upload
280706,15533,1/17/2004 12:46,-0.18,deg C,ABM,HOBO,QC_280706_15533_Water_20031019_20040228.csv,F,None,8/30/2025 13:14,Upload,8/30/2025 13:14,Upload
280706,15533,1/17/2004 13:46,-0.18,deg C,ABM,HOBO,QC_280706_15533_Water_20031019_20040228.csv,F,None,8/30/2025 13:14,Upload,8/30/2025 13:14,Upload
280706,15533,1/17/2004 14:46,-0.18,deg C,ABM,HOBO,QC_280706_15533_Water_20031019_20040228.csv,F,None,8/30/2025 13:14,Upload,8/30/2025 13:14,Upload
280706,15533,1/17/2004 15:46,-0.18,deg C,ABM,HOBO,QC_280706_15533_Water_20031019_20040228.csv,F,None,8/30/2025 13:14,Upload,8/30/2025 13:14,Upload
280706,15533,1/17/2004 16:46,-0.18,deg C,ABM,HOBO,QC_280706_15533_Water_20031019_20040228.csv,F,None,8/30/2025 13:14,Upload,8/30/2025 13:14,Upload
280706,15533,1/17/2004 17:46,-0.18,deg C,ABM,HOBO,QC_280706_15533_Water_20031019_20040228.csv,F,None,8/30/2025 13:14,Upload,8/30/2025 13:14,Upload
280706,15533,1/17/2004 18:46,-0.18,deg C,ABM,HOBO,QC_280706_15533_Water_20031019_20040228.csv,F,None,8/30/2025 13:14,Upload,8/30/2025 13:14,Upload
280706,15533,1/17/2004 19:46,-0.18,deg C,ABM,HOBO,QC_280706_15533_Water_20031019_20040228.csv,F,None,8/30/2025 13:14,Upload,8/30/2025 13:14,Upload
280706,15533,1/17/2004 20:46,-0.18,deg C,ABM,HOBO,QC_280706_15533_Water_20031019_20040228.csv,F,None,8/30/2025 13:14,Upload,8/30/2025 13:14,Upload
280706,15533,1/17/2004 21:46,-0.18,deg C,ABM,HOBO,QC_280706_15533_Water_20031019_20040228.csv,F,None,8/30/2025 13:14,Upload,8/30/2025 13:14,Upload
280706,15533,1/17/2004 22:46,-0.18,deg C,ABM,HOBO,QC_280706_15533_Water_20031019_20040228.csv,F,None,8/30/2025 13:14,Upload,8/30/2025 13:14,Upload
280706,15533,1/17/2004 23:46,-0.18,deg C,ABM,HOBO,QC_280706_15533_Water_20031019_20040228.csv,F,None,8/30/2025 13:14,Upload,8/30/2025 13:14,Upload
280706,15533,1/18/2004 0:46,-0.18,deg C,ABM,HOBO,QC_280706_15533_Water_20031019_20040228.csv,F,None,8/30/2025 13:14,Upload,8/30/2025 13:14,Upload
280706,15533,1/18/2004 1:46,-0.18,deg C,ABM,HOBO,QC_280706_15533_Water_20031019_20040228.csv,F,None,8/30/2025 13:14,Upload,8/30/2025 13:14,Upload
280706,15533,1/18/2004 2:46,-0.18,deg C,ABM,HOBO,QC_280706_15533_Water_20031019_20040228.csv,F,None,8/30/2025 13:14,Upload,8/30/2025 13:14,Upload
280706,15533,1/18/2004 3:46,-0.18,deg C,ABM,HOBO,QC_280706_15533_Water_20031019_20040228.csv,F,None,8/30/2025 13:14,Upload,8/30/2025 13:14,Upload
280706,15533,1/18/2004 4:46,-0.18,deg C,ABM,HOBO,QC_280706_15533_Water_20031019_20040228.csv,F,None,8/30/2025 13:14,Upload,8/30/2025 13:14,Upload
280706,15533,1/18/2004 5:46,-0.18,deg C,ABM,HOBO,QC_280706_15533_Water_20031019_20040228.csv,F,None,8/30/2025 13:14,Upload,8/30/2025 13:14,Upload
280706,15533,1/18/2004 6:46,-0.18,deg C,ABM,HOBO,QC_280706_15533_Water_20031019_20040228.csv,F,None,8/30/2025 13:14,Upload,8/30/2025 13:14,Upload
280706,15533,1/18/2004 7:46,-0.18,deg C,ABM,HOBO,QC_280706_15533_Water_20031019_20040228.csv,F,None,8/30/2025 13:14,Upload,8/30/2025 13:14,Upload
280706,15533,1/18/2004 8:46,-0.18,deg C,ABM,HOBO,QC_280706_15533_Water_20031019_20040228.csv,F,None,8/30/2025 13:14,Upload,8/30/2025 13:14,Upload
280706,15533,1/18/2004 9:46,-0.18,deg C,ABM,HOBO,QC_280706_15533_Water_20031019_20040228.csv,F,None,8/30/2025 13:14,Upload,8/30/2025 13:14,Upload
280706,15533,1/18/2004 10:46,-0.18,deg C,ABM,HOBO,QC_280706_15533_Water_20031019_20040228.csv,F,None,8/30/2025 13:14,Upload,8/30/2025 13:14,Upload
280706,15533,1/18/2004 11:46,-0.18,deg C,ABM,HOBO,QC_280706_15533_Water_20031019_20040228.csv,F,None,8/30/2025 13:14,Upload,8/30/2025 13:14,Upload
280706,15533,1/18/2004 12:46,-0.18,deg C,ABM,HOBO,QC_280706_15533_Water_20031019_20040228.csv,F,None,8/30/2025 13:14,Upload,8/30/2025 13:14,Upload
280706,15533,1/18/2004 13:46,-0.18,deg C,ABM,HOBO,QC_280706_15533_Water_20031019_20040228.csv,F,None,8/30/2025 13:14,Upload,8/30/2025 13:14,Upload
280706,15533,1/18/2004 14:46,-0.18,deg C,ABM,HOBO,QC_280706_15533_Water_20031019_20040228.csv,F,None,8/30/2025 13:14,Upload,8/30/2025 13:14,Upload
280706,15533,1/18/2004 15:46,-0.18,deg C,ABM,HOBO,QC_280706_15533_Water_20031019_20040228.csv,F,None,8/30/2025 13:14,Upload,8/30/2025 13:14,Upload
280706,15533,1/18/2004 16:46,-0.18,deg C,ABM,HOBO,QC_280706_15533_Water_20031019_20040228.csv,F,None,8/30/2025 13:14,Upload,8/30/2025 13:14,Upload
280706,15533,1/18/2004 17:46,-0.18,deg C,ABM,HOBO,QC_280706_15533_Water_20031019_20040228.csv,F,None,8/30/2025 13:14,Upload,8/30/2025 13:14,Upload
280706,15533,1/18/2004 18:46,-0.18,deg C,ABM,HOBO,QC_280706_15533_Water_20031019_20040228.csv,F,None,8/30/2025 13:14,Upload,8/30/2025 13:14,Upload
280706,15533,1/18/2004 19:46,-0.18,deg C,ABM,HOBO,QC_280706_15533_Water_20031019_20040228.csv,F,None,8/30/2025 13:14,Upload,8/30/2025 13:14,Upload
280706,15533,1/18/2004 20:46,-0.18,deg C,ABM,HOBO,QC_280706_15533_Water_20031019_20040228.csv,F,None,8/30/2025 13:14,Upload,8/30/2025 13:14,Upload
280706,15533,1/18/2004 21:46,-0.18,deg C,ABM,HOBO,QC_280706_15533_Water_20031019_20040228.csv,F,None,8/30/2025 13:14,Upload,8/30/2025 13:14,Upload
280706,15533,1/18/2004 22:46,-0.18,deg C,ABM,HOBO,QC_280706_15533_Water_20031019_20040228.csv,F,None,8/30/2025 13:14,Upload,8/30/2025 13:14,Upload
280706,15533,1/18/2004 23:46,-0.18,deg C,ABM,HOBO,QC_280706_15533_Water_20031019_20040228.csv,F,None,8/30/2025 13:14,Upload,8/30/2025 13:14,Upload
280706,15533,1/19/2004 0:46,-0.18,deg C,ABM,HOBO,QC_280706_15533_Water_20031019_20040228.csv,F,None,8/30/2025 13:14,Upload,8/30/2025 13:14,Upload
280706,15533,1/19/2004 1:46,-0.18,deg C,ABM,HOBO,QC_280706_15533_Water_20031019_20040228.csv,F,None,8/30/2025 13:14,Upload,8/30/2025 13:14,Upload
280706,15533,1/19/2004 2:46,-0.18,deg C,ABM,HOBO,QC_280706_15533_Water_20031019_20040228.csv,F,None,8/30/2025 13:14,Upload,8/30/2025 13:14,Upload
280706,15533,1/19/2004 3:46,-0.18,deg C,ABM,HOBO,QC_280706_15533_Water_20031019_20040228.csv,F,None,8/30/2025 13:14,Upload,8/30/2025 13:14,Upload
280706,15533,1/19/2004 4:46,-0.18,deg C,ABM,HOBO,QC_280706_15533_Water_20031019_20040228.csv,F,None,8/30/2025 13:14,Upload,8/30/2025 13:14,Upload
280706,15533,1/19/2004 5:46,-0.18,deg C,ABM,HOBO,QC_280706_15533_Water_20031019_20040228.csv,F,None,8/30/2025 13:14,Upload,8/30/2025 13:14,Upload
280706,15533,1/19/2004 6:46,-0.18,deg C,ABM,HOBO,QC_280706_15533_Water_20031019_20040228.csv,F,None,8/30/2025 13:14,Upload,8/30/2025 13:14,Upload
280706,15533,1/19/2004 7:46,-0.18,deg C,ABM,HOBO,QC_280706_15533_Water_20031019_20040228.csv,F,None,8/30/2025 13:14,Upload,8/30/2025 13:14,Upload
280706,15533,1/19/2004 8:46,-0.18,deg C,ABM,HOBO,QC_280706_15533_Water_20031019_20040228.csv,F,None,8/30/2025 13:14,Upload,8/30/2025 13:14,Upload
280706,15533,1/19/2004 9:46,-0.18,deg C,ABM,HOBO,QC_280706_15533_Water_20031019_20040228.csv,F,None,8/30/2025 13:14,Upload,8/30/2025 13:14,Upload
280706,15533,1/19/2004 10:46,-0.18,deg C,ABM,HOBO,QC_280706_15533_Water_20031019_20040228.csv,F,None,8/30/2025 13:14,Upload,8/30/2025 13:14,Upload
280706,15533,1/19/2004 11:46,-0.18,deg C,ABM,HOBO,QC_280706_15533_Water_20031019_20040228.csv,F,None,8/30/2025 13:14,Upload,8/30/2025 13:14,Upload
280706,15533,1/19/2004 12:46,-0.18,deg C,ABM,HOBO,QC_280706_15533_Water_20031019_20040228.csv,F,None,8/30/2025 13:14,Upload,8/30/2025 13:14,Upload
280706,15533,1/19/2004 13:46,-0.18,deg C,ABM,HOBO,QC_280706_15533_Water_20031019_20040228.csv,F,None,8/30/2025 13:14,Upload,8/30/2025 13:14,Upload
280706,15533,1/19/2004 14:46,-0.18,deg C,ABM,HOBO,QC_280706_15533_Water_20031019_20040228.csv,F,None,8/30/2025 13:14,Upload,8/30/2025 13:14,Upload
280706,15533,1/19/2004 15:46,-0.18,deg C,ABM,HOBO,QC_280706_15533_Water_20031019_20040228.csv,F,None,8/30/2025 13:14,Upload,8/30/2025 13:14,Upload
280706,15533,1/19/2004 16:46,-0.18,deg C,ABM,HOBO,QC_280706_15533_Water_20031019_20040228.csv,F,None,8/30/2025 13:14,Upload,8/30/2025 13:14,Upload
280706,15533,1/19/2004 17:46,-0.18,deg C,ABM,HOBO,QC_280706_15533_Water_20031019_20040228.csv,F,None,8/30/2025 13:14,Upload,8/30/2025 13:14,Upload
280706,15533,1/19/2004 18:46,-0.18,deg C,ABM,HOBO,QC_280706_15533_Water_20031019_20040228.csv,F,None,8/30/2025 13:14,Upload,8/30/2025 13:14,Upload
280706,15533,1/19/2004 19:46,-0.18,deg C,ABM,HOBO,QC_280706_15533_Water_20031019_20040228.csv,F,None,8/30/2025 13:14,Upload,8/30/2025 13:14,Upload
280706,15533,1/19/2004 20:46,-0.18,deg C,ABM,HOBO,QC_280706_15533_Water_20031019_20040228.csv,F,None,8/30/2025 13:14,Upload,8/30/2025 13:14,Upload
280706,15533,1/19/2004 21:46,-0.18,deg C,ABM,HOBO,QC_280706_15533_Water_20031019_20040228.csv,F,None,8/30/2025 13:14,Upload,8/30/2025 13:14,Upload
280706,15533,1/19/2004 22:46,-0.18,deg C,ABM,HOBO,QC_280706_15533_Water_20031019_20040228.csv,F,None,8/30/2025 13:14,Upload,8/30/2025 13:14,Upload
280706,15533,1/19/2004 23:46,-0.18,deg C,ABM,HOBO,QC_280706_15533_Water_20031019_20040228.csv,F,None,8/30/2025 13:14,Upload,8/30/2025 13:14,Upload
280706,15533,1/20/2004 0:46,-0.18,deg C,ABM,HOBO,QC_280706_15533_Water_20031019_20040228.csv,F,None,8/30/2025 13:14,Upload,8/30/2025 13:14,Upload
280706,15533,1/20/2004 1:46,-0.18,deg C,ABM,HOBO,QC_280706_15533_Water_20031019_20040228.csv,F,None,8/30/2025 13:14,Upload,8/30/2025 13:14,Upload
280706,15533,1/20/2004 2:46,-0.18,deg C,ABM,HOBO,QC_280706_15533_Water_20031019_20040228.csv,F,None,8/30/2025 13:14,Upload,8/30/2025 13:14,Upload
280706,15533,1/20/2004 3:46,-0.18,deg C,ABM,HOBO,QC_280706_15533_Water_20031019_20040228.csv,F,None,8/30/2025 13:14,Upload,8/30/2025 13:14,Upload
280706,15533,1/20/2004 4:46,-0.18,deg C,ABM,HOBO,QC_280706_15533_Water_20031019_20040228.csv,F,None,8/30/2025 13:14,Upload,8/30/2025 13:14,Upload
280706,15533,1/20/2004 5:46,-0.18,deg C,ABM,HOBO,QC_280706_15533_Water_20031019_20040228.csv,F,None,8/30/2025 13:14,Upload,8/30/2025 13:14,Upload
280706,15533,1/20/2004 6:46,-0.18,deg C,ABM,HOBO,QC_280706_15533_Water_20031019_20040228.csv,F,None,8/30/2025 13:14,Upload,8/30/2025 13:14,Upload
280706,15533,1/20/2004 7:46,-0.18,deg C,ABM,HOBO,QC_280706_15533_Water_20031019_20040228.csv,F,None,8/30/2025 13:14,Upload,8/30/2025 13:14,Upload
280706,15533,1/20/2004 8:46,-0.18,deg C,ABM,HOBO,QC_280706_15533_Water_20031019_20040228.csv,F,None,8/30/2025 13:14,Upload,8/30/2025 13:14,Upload
280706,15533,1/20/2004 9:46,-0.18,deg C,ABM,HOBO,QC_280706_15533_Water_20031019_20040228.csv,F,None,8/30/2025 13:14,Upload,8/30/2025 13:14,Upload
280706,15533,1/20/2004 10:46,-0.18,deg C,ABM,HOBO,QC_280706_15533_Water_20031019_20040228.csv,F,None,8/30/2025 13:14,Upload,8/30/2025 13:14,Upload
280706,15533,1/20/2004 11:46,-0.18,deg C,ABM,HOBO,QC_280706_15533_Water_20031019_20040228.csv,F,None,8/30/2025 13:14,Upload,8/30/2025 13:14,Upload
280706,15533,1/20/2004 12:46,-0.18,deg C,ABM,HOBO,QC_280706_15533_Water_20031019_20040228.csv,F,None,8/30/2025 13:14,Upload,8/30/2025 13:14,Upload
280706,15533,1/20/2004 13:46,-0.18,deg C,ABM,HOBO,QC_280706_15533_Water_20031019_20040228.csv,F,None,8/30/2025 13:14,Upload,8/30/2025 13:14,Upload
280706,15533,1/20/2004 14:46,-0.18,deg C,ABM,HOBO,QC_280706_15533_Water_20031019_20040228.csv,F,None,8/30/2025 13:14,Upload,8/30/2025 13:14,Upload
280706,15533,1/20/2004 15:46,-0.18,deg C,ABM,HOBO,QC_280706_15533_Water_20031019_20040228.csv,F,None,8/30/2025 13:14,Upload,8/30/2025 13:14,Upload
280706,15533,1/20/2004 16:46,-0.18,deg C,ABM,HOBO,QC_280706_15533_Water_20031019_20040228.csv,F,None,8/30/2025 13:14,Upload,8/30/2025 13:14,Upload
280706,15533,1/20/2004 17:46,-0.18,deg C,ABM,HOBO,QC_280706_15533_Water_20031019_20040228.csv,F,None,8/30/2025 13:14,Upload,8/30/2025 13:14,Upload
280706,15533,1/20/2004 18:46,-0.18,deg C,ABM,HOBO,QC_280706_15533_Water_20031019_20040228.csv,F,None,8/30/2025 13:14,Upload,8/30/2025 13:14,Upload
280706,15533,1/20/2004 19:46,-0.18,deg C,ABM,HOBO,QC_280706_15533_Water_20031019_20040228.csv,F,None,8/30/2025 13:14,Upload,8/30/2025 13:14,Upload
280706,15533,1/20/2004 20:46,-0.18,deg C,ABM,HOBO,QC_280706_15533_Water_20031019_20040228.csv,F,None,8/30/2025 13:14,Upload,8/30/2025 13:14,Upload
280706,15533,1/20/2004 21:46,-0.18,deg C,ABM,HOBO,QC_280706_15533_Water_20031019_20040228.csv,F,None,8/30/2025 13:14,Upload,8/30/2025 13:14,Upload
280706,15533,1/20/2004 22:46,-0.18,deg C,ABM,HOBO,QC_280706_15533_Water_20031019_20040228.csv,F,None,8/30/2025 13:14,Upload,8/30/2025 13:14,Upload
280706,15533,1/20/2004 23:46,-0.18,deg C,ABM,HOBO,QC_280706_15533_Water_20031019_20040228.csv,F,None,8/30/2025 13:14,Upload,8/30/2025 13:14,Upload
280706,15533,1/21/2004 0:46,-0.18,deg C,ABM,HOBO,QC_280706_15533_Water_20031019_20040228.csv,F,None,8/30/2025 13:14,Upload,8/30/2025 13:14,Upload
280706,15533,1/21/2004 1:46,-0.18,deg C,ABM,HOBO,QC_280706_15533_Water_20031019_20040228.csv,F,None,8/30/2025 13:14,Upload,8/30/2025 13:14,Upload
280706,15533,1/21/2004 2:46,-0.18,deg C,ABM,HOBO,QC_280706_15533_Water_20031019_20040228.csv,F,None,8/30/2025 13:14,Upload,8/30/2025 13:14,Upload
280706,15533,1/21/2004 3:46,-0.18,deg C,ABM,HOBO,QC_280706_15533_Water_20031019_20040228.csv,F,None,8/30/2025 13:14,Upload,8/30/2025 13:14,Upload
280706,15533,1/21/2004 4:46,-0.18,deg C,ABM,HOBO,QC_280706_15533_Water_20031019_20040228.csv,F,None,8/30/2025 13:14,Upload,8/30/2025 13:14,Upload
280706,15533,1/21/2004 5:46,-0.18,deg C,ABM,HOBO,QC_280706_15533_Water_20031019_20040228.csv,F,None,8/30/2025 13:14,Upload,8/30/2025 13:14,Upload
280706,15533,1/21/2004 6:46,-0.18,deg C,ABM,HOBO,QC_280706_15533_Water_20031019_20040228.csv,F,None,8/30/2025 13:14,Upload,8/30/2025 13:14,Upload
280706,15533,1/21/2004 7:46,-0.18,deg C,ABM,HOBO,QC_280706_15533_Water_20031019_20040228.csv,F,None,8/30/2025 13:14,Upload,8/30/2025 13:14,Upload
280706,15533,1/21/2004 8:46,-0.18,deg C,ABM,HOBO,QC_280706_15533_Water_20031019_20040228.csv,F,None,8/30/2025 13:14,Upload,8/30/2025 13:14,Upload
280706,15533,1/21/2004 9:46,-0.18,deg C,ABM,HOBO,QC_280706_15533_Water_20031019_20040228.csv,F,None,8/30/2025 13:14,Upload,8/30/2025 13:14,Upload
280706,15533,1/21/2004 10:46,-0.18,deg C,ABM,HOBO,QC_280706_15533_Water_20031019_20040228.csv,F,None,8/30/2025 13:14,Upload,8/30/2025 13:14,Upload
280706,15533,1/21/2004 11:46,-0.18,deg C,ABM,HOBO,QC_280706_15533_Water_20031019_20040228.csv,F,None,8/30/2025 13:14,Upload,8/30/2025 13:14,Upload
280706,15533,1/21/2004 12:46,-0.18,deg C,ABM,HOBO,QC_280706_15533_Water_20031019_20040228.csv,F,None,8/30/2025 13:14,Upload,8/30/2025 13:14,Upload
280706,15533,1/21/2004 13:46,-0.18,deg C,ABM,HOBO,QC_280706_15533_Water_20031019_20040228.csv,F,None,8/30/2025 13:14,Upload,8/30/2025 13:14,Upload
280706,15533,1/21/2004 14:46,-0.18,deg C,ABM,HOBO,QC_280706_15533_Water_20031019_20040228.csv,F,None,8/30/2025 13:14,Upload,8/30/2025 13:14,Upload
280706,15533,1/21/2004 15:46,-0.18,deg C,ABM,HOBO,QC_280706_15533_Water_20031019_20040228.csv,F,None,8/30/2025 13:14,Upload,8/30/2025 13:14,Upload
280706,15533,1/21/2004 16:46,-0.18,deg C,ABM,HOBO,QC_280706_15533_Water_20031019_20040228.csv,F,None,8/30/2025 13:14,Upload,8/30/2025 13:14,Upload
280706,15533,1/21/2004 17:46,-0.18,deg C,ABM,HOBO,QC_280706_15533_Water_20031019_20040228.csv,F,None,8/30/2025 13:14,Upload,8/30/2025 13:14,Upload
280706,15533,1/21/2004 18:46,-0.18,deg C,ABM,HOBO,QC_280706_15533_Water_20031019_20040228.csv,F,None,8/30/2025 13:14,Upload,8/30/2025 13:14,Upload
280706,15533,1/21/2004 19:46,-0.18,deg C,ABM,HOBO,QC_280706_15533_Water_20031019_20040228.csv,F,None,8/30/2025 13:14,Upload,8/30/2025 13:14,Upload
280706,15533,1/21/2004 20:46,-0.18,deg C,ABM,HOBO,QC_280706_15533_Water_20031019_20040228.csv,F,None,8/30/2025 13:14,Upload,8/30/2025 13:14,Upload
280706,15533,1/21/2004 21:46,-0.18,deg C,ABM,HOBO,QC_280706_15533_Water_20031019_20040228.csv,F,None,8/30/2025 13:14,Upload,8/30/2025 13:14,Upload
280706,15533,1/21/2004 22:46,-0.18,deg C,ABM,HOBO,QC_280706_15533_Water_20031019_20040228.csv,F,None,8/30/2025 13:14,Upload,8/30/2025 13:14,Upload
280706,15533,1/21/2004 23:46,-0.18,deg C,ABM,HOBO,QC_280706_15533_Water_20031019_20040228.csv,F,None,8/30/2025 13:14,Upload,8/30/2025 13:14,Upload
280706,15533,1/22/2004 0:46,-0.18,deg C,ABM,HOBO,QC_280706_15533_Water_20031019_20040228.csv,F,None,8/30/2025 13:14,Upload,8/30/2025 13:14,Upload
280706,15533,1/22/2004 1:46,-0.18,deg C,ABM,HOBO,QC_280706_15533_Water_20031019_20040228.csv,F,None,8/30/2025 13:14,Upload,8/30/2025 13:14,Upload
280706,15533,1/22/2004 2:46,-0.18,deg C,ABM,HOBO,QC_280706_15533_Water_20031019_20040228.csv,F,None,8/30/2025 13:14,Upload,8/30/2025 13:14,Upload
280706,15533,1/22/2004 3:46,-0.18,deg C,ABM,HOBO,QC_280706_15533_Water_20031019_20040228.csv,F,None,8/30/2025 13:14,Upload,8/30/2025 13:14,Upload
280706,15533,1/22/2004 4:46,-0.18,deg C,ABM,HOBO,QC_280706_15533_Water_20031019_20040228.csv,F,None,8/30/2025 13:14,Upload,8/30/2025 13:14,Upload
280706,15533,1/22/2004 5:46,-0.18,deg C,ABM,HOBO,QC_280706_15533_Water_20031019_20040228.csv,F,None,8/30/2025 13:14,Upload,8/30/2025 13:14,Upload
280706,15533,1/22/2004 6:46,-0.18,deg C,ABM,HOBO,QC_280706_15533_Water_20031019_20040228.csv,F,None,8/30/2025 13:14,Upload,8/30/2025 13:14,Upload
280706,15533,1/22/2004 7:46,-0.18,deg C,ABM,HOBO,QC_280706_15533_Water_20031019_20040228.csv,F,None,8/30/2025 13:14,Upload,8/30/2025 13:14,Upload
280706,15533,1/22/2004 8:46,-0.18,deg C,ABM,HOBO,QC_280706_15533_Water_20031019_20040228.csv,F,None,8/30/2025 13:14,Upload,8/30/2025 13:14,Upload
280706,15533,1/22/2004 9:46,-0.18,deg C,ABM,HOBO,QC_280706_15533_Water_20031019_20040228.csv,F,None,8/30/2025 13:14,Upload,8/30/2025 13:14,Upload
280706,15533,1/22/2004 10:46,-0.18,deg C,ABM,HOBO,QC_280706_15533_Water_20031019_20040228.csv,F,None,8/30/2025 13:14,Upload,8/30/2025 13:14,Upload
280706,15533,1/22/2004 11:46,-0.18,deg C,ABM,HOBO,QC_280706_15533_Water_20031019_20040228.csv,F,None,8/30/2025 13:14,Upload,8/30/2025 13:14,Upload
280706,15533,1/22/2004 12:46,-0.18,deg C,ABM,HOBO,QC_280706_15533_Water_20031019_20040228.csv,F,None,8/30/2025 13:14,Upload,8/30/2025 13:14,Upload
280706,15533,1/22/2004 13:46,-0.18,deg C,ABM,HOBO,QC_280706_15533_Water_20031019_20040228.csv,F,None,8/30/2025 13:14,Upload,8/30/2025 13:14,Upload
280706,15533,1/22/2004 14:46,-0.18,deg C,ABM,HOBO,QC_280706_15533_Water_20031019_20040228.csv,F,None,8/30/2025 13:14,Upload,8/30/2025 13:14,Upload
280706,15533,1/22/2004 15:46,-0.18,deg C,ABM,HOBO,QC_280706_15533_Water_20031019_20040228.csv,F,None,8/30/2025 13:14,Upload,8/30/2025 13:14,Upload
280706,15533,1/22/2004 16:46,-0.18,deg C,ABM,HOBO,QC_280706_15533_Water_20031019_20040228.csv,F,None,8/30/2025 13:14,Upload,8/30/2025 13:14,Upload
280706,15533,1/22/2004 17:46,-0.18,deg C,ABM,HOBO,QC_280706_15533_Water_20031019_20040228.csv,F,None,8/30/2025 13:14,Upload,8/30/2025 13:14,Upload
280706,15533,1/22/2004 18:46,-0.18,deg C,ABM,HOBO,QC_280706_15533_Water_20031019_20040228.csv,F,None,8/30/2025 13:14,Upload,8/30/2025 13:14,Upload
280706,15533,1/22/2004 19:46,-0.18,deg C,ABM,HOBO,QC_280706_15533_Water_20031019_20040228.csv,F,None,8/30/2025 13:14,Upload,8/30/2025 13:14,Upload
280706,15533,1/22/2004 20:46,-0.18,deg C,ABM,HOBO,QC_280706_15533_Water_20031019_20040228.csv,F,None,8/30/2025 13:14,Upload,8/30/2025 13:14,Upload
280706,15533,1/22/2004 21:46,-0.18,deg C,ABM,HOBO,QC_280706_15533_Water_20031019_20040228.csv,F,None,8/30/2025 13:14,Upload,8/30/2025 13:14,Upload
280706,15533,1/22/2004 22:46,-0.18,deg C,ABM,HOBO,QC_280706_15533_Water_20031019_20040228.csv,F,None,8/30/2025 13:14,Upload,8/30/2025 13:14,Upload
280706,15533,1/22/2004 23:46,-0.18,deg C,ABM,HOBO,QC_280706_15533_Water_20031019_20040228.csv,F,None,8/30/2025 13:14,Upload,8/30/2025 13:14,Upload
280706,15533,1/23/2004 0:46,-0.18,deg C,ABM,HOBO,QC_280706_15533_Water_20031019_20040228.csv,F,None,8/30/2025 13:14,Upload,8/30/2025 13:14,Upload
280706,15533,1/23/2004 1:46,-0.18,deg C,ABM,HOBO,QC_280706_15533_Water_20031019_20040228.csv,F,None,8/30/2025 13:14,Upload,8/30/2025 13:14,Upload
280706,15533,1/23/2004 2:46,-0.18,deg C,ABM,HOBO,QC_280706_15533_Water_20031019_20040228.csv,F,None,8/30/2025 13:14,Upload,8/30/2025 13:14,Upload
280706,15533,1/23/2004 3:46,-0.18,deg C,ABM,HOBO,QC_280706_15533_Water_20031019_20040228.csv,F,None,8/30/2025 13:14,Upload,8/30/2025 13:14,Upload
280706,15533,1/23/2004 4:46,-0.18,deg C,ABM,HOBO,QC_280706_15533_Water_20031019_20040228.csv,F,None,8/30/2025 13:14,Upload,8/30/2025 13:14,Upload
280706,15533,1/23/2004 5:46,-0.18,deg C,ABM,HOBO,QC_280706_15533_Water_20031019_20040228.csv,F,None,8/30/2025 13:14,Upload,8/30/2025 13:14,Upload
280706,15533,1/23/2004 6:46,-0.18,deg C,ABM,HOBO,QC_280706_15533_Water_20031019_20040228.csv,F,None,8/30/2025 13:14,Upload,8/30/2025 13:14,Upload
280706,15533,1/23/2004 7:46,-0.18,deg C,ABM,HOBO,QC_280706_15533_Water_20031019_20040228.csv,F,None,8/30/2025 13:14,Upload,8/30/2025 13:14,Upload
280706,15533,1/23/2004 8:46,-0.18,deg C,ABM,HOBO,QC_280706_15533_Water_20031019_20040228.csv,F,None,8/30/2025 13:14,Upload,8/30/2025 13:14,Upload
280706,15533,1/23/2004 9:46,-0.18,deg C,ABM,HOBO,QC_280706_15533_Water_20031019_20040228.csv,F,None,8/30/2025 13:14,Upload,8/30/2025 13:14,Upload
280706,15533,1/23/2004 10:46,-0.18,deg C,ABM,HOBO,QC_280706_15533_Water_20031019_20040228.csv,F,None,8/30/2025 13:14,Upload,8/30/2025 13:14,Upload
280706,15533,1/23/2004 11:46,-0.18,deg C,ABM,HOBO,QC_280706_15533_Water_20031019_20040228.csv,F,None,8/30/2025 13:14,Upload,8/30/2025 13:14,Upload
280706,15533,1/23/2004 12:46,-0.18,deg C,ABM,HOBO,QC_280706_15533_Water_20031019_20040228.csv,F,None,8/30/2025 13:14,Upload,8/30/2025 13:14,Upload
280706,15533,1/23/2004 13:46,-0.18,deg C,ABM,HOBO,QC_280706_15533_Water_20031019_20040228.csv,F,None,8/30/2025 13:14,Upload,8/30/2025 13:14,Upload
280706,15533,1/23/2004 14:46,-0.18,deg C,ABM,HOBO,QC_280706_15533_Water_20031019_20040228.csv,F,None,8/30/2025 13:14,Upload,8/30/2025 13:14,Upload
280706,15533,1/23/2004 15:46,-0.18,deg C,ABM,HOBO,QC_280706_15533_Water_20031019_20040228.csv,F,None,8/30/2025 13:14,Upload,8/30/2025 13:14,Upload
280706,15533,1/23/2004 16:46,-0.18,deg C,ABM,HOBO,QC_280706_15533_Water_20031019_20040228.csv,F,None,8/30/2025 13:14,Upload,8/30/2025 13:14,Upload
280706,15533,1/23/2004 17:46,-0.18,deg C,ABM,HOBO,QC_280706_15533_Water_20031019_20040228.csv,F,None,8/30/2025 13:14,Upload,8/30/2025 13:14,Upload
280706,15533,1/23/2004 18:46,-0.18,deg C,ABM,HOBO,QC_280706_15533_Water_20031019_20040228.csv,F,None,8/30/2025 13:14,Upload,8/30/2025 13:14,Upload
280706,15533,1/23/2004 19:46,-0.18,deg C,ABM,HOBO,QC_280706_15533_Water_20031019_20040228.csv,F,None,8/30/2025 13:14,Upload,8/30/2025 13:14,Upload
280706,15533,1/23/2004 20:46,-0.18,deg C,ABM,HOBO,QC_280706_15533_Water_20031019_20040228.csv,F,None,8/30/2025 13:14,Upload,8/30/2025 13:14,Upload
280706,15533,1/23/2004 21:46,-0.18,deg C,ABM,HOBO,QC_280706_15533_Water_20031019_20040228.csv,F,None,8/30/2025 13:14,Upload,8/30/2025 13:14,Upload
280706,15533,1/23/2004 22:46,-0.18,deg C,ABM,HOBO,QC_280706_15533_Water_20031019_20040228.csv,F,None,8/30/2025 13:14,Upload,8/30/2025 13:14,Upload
280706,15533,1/23/2004 23:46,-0.18,deg C,ABM,HOBO,QC_280706_15533_Water_20031019_20040228.csv,F,None,8/30/2025 13:14,Upload,8/30/2025 13:14,Upload
280706,15533,1/24/2004 0:46,-0.18,deg C,ABM,HOBO,QC_280706_15533_Water_20031019_20040228.csv,F,None,8/30/2025 13:14,Upload,8/30/2025 13:14,Upload
280706,15533,1/24/2004 1:46,-0.18,deg C,ABM,HOBO,QC_280706_15533_Water_20031019_20040228.csv,F,None,8/30/2025 13:14,Upload,8/30/2025 13:14,Upload
280706,15533,1/24/2004 2:46,-0.18,deg C,ABM,HOBO,QC_280706_15533_Water_20031019_20040228.csv,F,None,8/30/2025 13:14,Upload,8/30/2025 13:14,Upload
280706,15533,1/24/2004 3:46,-0.18,deg C,ABM,HOBO,QC_280706_15533_Water_20031019_20040228.csv,F,None,8/30/2025 13:14,Upload,8/30/2025 13:14,Upload
280706,15533,1/24/2004 4:46,-0.18,deg C,ABM,HOBO,QC_280706_15533_Water_20031019_20040228.csv,F,None,8/30/2025 13:14,Upload,8/30/2025 13:14,Upload
280706,15533,1/24/2004 5:46,-0.18,deg C,ABM,HOBO,QC_280706_15533_Water_20031019_20040228.csv,F,None,8/30/2025 13:14,Upload,8/30/2025 13:14,Upload
280706,15533,1/24/2004 6:46,-0.18,deg C,ABM,HOBO,QC_280706_15533_Water_20031019_20040228.csv,F,None,8/30/2025 13:14,Upload,8/30/2025 13:14,Upload
280706,15533,1/24/2004 7:46,-0.18,deg C,ABM,HOBO,QC_280706_15533_Water_20031019_20040228.csv,F,None,8/30/2025 13:14,Upload,8/30/2025 13:14,Upload
280706,15533,1/24/2004 8:46,-0.18,deg C,ABM,HOBO,QC_280706_15533_Water_20031019_20040228.csv,F,None,8/30/2025 13:14,Upload,8/30/2025 13:14,Upload
280706,15533,1/24/2004 9:46,-0.18,deg C,ABM,HOBO,QC_280706_15533_Water_20031019_20040228.csv,F,None,8/30/2025 13:14,Upload,8/30/2025 13:14,Upload
280706,15533,1/24/2004 10:46,-0.18,deg C,ABM,HOBO,QC_280706_15533_Water_20031019_20040228.csv,F,None,8/30/2025 13:14,Upload,8/30/2025 13:14,Upload
280706,15533,1/24/2004 11:46,-0.18,deg C,ABM,HOBO,QC_280706_15533_Water_20031019_20040228.csv,F,None,8/30/2025 13:14,Upload,8/30/2025 13:14,Upload
280706,15533,1/24/2004 12:46,-0.18,deg C,ABM,HOBO,QC_280706_15533_Water_20031019_20040228.csv,F,None,8/30/2025 13:14,Upload,8/30/2025 13:14,Upload
280706,15533,1/24/2004 13:46,-0.18,deg C,ABM,HOBO,QC_280706_15533_Water_20031019_20040228.csv,F,None,8/30/2025 13:14,Upload,8/30/2025 13:14,Upload
280706,15533,1/24/2004 14:46,-0.18,deg C,ABM,HOBO,QC_280706_15533_Water_20031019_20040228.csv,F,None,8/30/2025 13:14,Upload,8/30/2025 13:14,Upload
280706,15533,1/24/2004 15:46,-0.18,deg C,ABM,HOBO,QC_280706_15533_Water_20031019_20040228.csv,F,None,8/30/2025 13:14,Upload,8/30/2025 13:14,Upload
280706,15533,1/24/2004 16:46,-0.18,deg C,ABM,HOBO,QC_280706_15533_Water_20031019_20040228.csv,F,None,8/30/2025 13:14,Upload,8/30/2025 13:14,Upload
280706,15533,1/24/2004 17:46,-0.18,deg C,ABM,HOBO,QC_280706_15533_Water_20031019_20040228.csv,F,None,8/30/2025 13:14,Upload,8/30/2025 13:14,Upload
280706,15533,1/24/2004 18:46,-0.18,deg C,ABM,HOBO,QC_280706_15533_Water_20031019_20040228.csv,F,None,8/30/2025 13:14,Upload,8/30/2025 13:14,Upload
280706,15533,1/24/2004 19:46,-0.18,deg C,ABM,HOBO,QC_280706_15533_Water_20031019_20040228.csv,F,None,8/30/2025 13:14,Upload,8/30/2025 13:14,Upload
280706,15533,1/24/2004 20:46,-0.18,deg C,ABM,HOBO,QC_280706_15533_Water_20031019_20040228.csv,F,None,8/30/2025 13:14,Upload,8/30/2025 13:14,Upload
280706,15533,1/24/2004 21:46,-0.18,deg C,ABM,HOBO,QC_280706_15533_Water_20031019_20040228.csv,F,None,8/30/2025 13:14,Upload,8/30/2025 13:14,Upload
280706,15533,1/24/2004 22:46,-0.18,deg C,ABM,HOBO,QC_280706_15533_Water_20031019_20040228.csv,F,None,8/30/2025 13:14,Upload,8/30/2025 13:14,Upload
280706,15533,1/24/2004 23:46,-0.18,deg C,ABM,HOBO,QC_280706_15533_Water_20031019_20040228.csv,F,None,8/30/2025 13:14,Upload,8/30/2025 13:14,Upload
280706,15533,1/25/2004 0:46,-0.18,deg C,ABM,HOBO,QC_280706_15533_Water_20031019_20040228.csv,F,None,8/30/2025 13:14,Upload,8/30/2025 13:14,Upload
280706,15533,1/25/2004 1:46,-0.18,deg C,ABM,HOBO,QC_280706_15533_Water_20031019_20040228.csv,F,None,8/30/2025 13:14,Upload,8/30/2025 13:14,Upload
280706,15533,1/25/2004 2:46,-0.18,deg C,ABM,HOBO,QC_280706_15533_Water_20031019_20040228.csv,F,None,8/30/2025 13:14,Upload,8/30/2025 13:14,Upload
280706,15533,1/25/2004 3:46,-0.18,deg C,ABM,HOBO,QC_280706_15533_Water_20031019_20040228.csv,F,None,8/30/2025 13:14,Upload,8/30/2025 13:14,Upload
280706,15533,1/25/2004 4:46,-0.18,deg C,ABM,HOBO,QC_280706_15533_Water_20031019_20040228.csv,F,None,8/30/2025 13:14,Upload,8/30/2025 13:14,Upload
280706,15533,1/25/2004 5:46,-0.18,deg C,ABM,HOBO,QC_280706_15533_Water_20031019_20040228.csv,F,None,8/30/2025 13:14,Upload,8/30/2025 13:14,Upload
280706,15533,1/25/2004 6:46,-0.18,deg C,ABM,HOBO,QC_280706_15533_Water_20031019_20040228.csv,F,None,8/30/2025 13:14,Upload,8/30/2025 13:14,Upload
280706,15533,1/25/2004 7:46,-0.18,deg C,ABM,HOBO,QC_280706_15533_Water_20031019_20040228.csv,F,None,8/30/2025 13:14,Upload,8/30/2025 13:14,Upload
280706,15533,1/25/2004 8:46,-0.18,deg C,ABM,HOBO,QC_280706_15533_Water_20031019_20040228.csv,F,None,8/30/2025 13:14,Upload,8/30/2025 13:14,Upload
280706,15533,1/25/2004 9:46,-0.18,deg C,ABM,HOBO,QC_280706_15533_Water_20031019_20040228.csv,F,None,8/30/2025 13:14,Upload,8/30/2025 13:14,Upload
280706,15533,1/25/2004 10:46,-0.18,deg C,ABM,HOBO,QC_280706_15533_Water_20031019_20040228.csv,F,None,8/30/2025 13:14,Upload,8/30/2025 13:14,Upload
280706,15533,1/25/2004 11:46,-0.18,deg C,ABM,HOBO,QC_280706_15533_Water_20031019_20040228.csv,F,None,8/30/2025 13:14,Upload,8/30/2025 13:14,Upload
280706,15533,1/25/2004 12:46,-0.18,deg C,ABM,HOBO,QC_280706_15533_Water_20031019_20040228.csv,F,None,8/30/2025 13:14,Upload,8/30/2025 13:14,Upload
280706,15533,1/25/2004 13:46,-0.18,deg C,ABM,HOBO,QC_280706_15533_Water_20031019_20040228.csv,F,None,8/30/2025 13:14,Upload,8/30/2025 13:14,Upload
280706,15533,1/25/2004 14:46,-0.18,deg C,ABM,HOBO,QC_280706_15533_Water_20031019_20040228.csv,F,None,8/30/2025 13:14,Upload,8/30/2025 13:14,Upload
280706,15533,1/25/2004 15:46,-0.18,deg C,ABM,HOBO,QC_280706_15533_Water_20031019_20040228.csv,F,None,8/30/2025 13:14,Upload,8/30/2025 13:14,Upload
280706,15533,1/25/2004 16:46,-0.18,deg C,ABM,HOBO,QC_280706_15533_Water_20031019_20040228.csv,F,None,8/30/2025 13:14,Upload,8/30/2025 13:14,Upload
280706,15533,1/25/2004 17:46,-0.18,deg C,ABM,HOBO,QC_280706_15533_Water_20031019_20040228.csv,F,None,8/30/2025 13:14,Upload,8/30/2025 13:14,Upload
280706,15533,1/25/2004 18:46,-0.18,deg C,ABM,HOBO,QC_280706_15533_Water_20031019_20040228.csv,F,None,8/30/2025 13:14,Upload,8/30/2025 13:14,Upload
280706,15533,1/25/2004 19:46,-0.18,deg C,ABM,HOBO,QC_280706_15533_Water_20031019_20040228.csv,F,None,8/30/2025 13:14,Upload,8/30/2025 13:14,Upload
280706,15533,1/25/2004 20:46,-0.18,deg C,ABM,HOBO,QC_280706_15533_Water_20031019_20040228.csv,F,None,8/30/2025 13:14,Upload,8/30/2025 13:14,Upload
280706,15533,1/25/2004 21:46,-0.18,deg C,ABM,HOBO,QC_280706_15533_Water_20031019_20040228.csv,F,None,8/30/2025 13:14,Upload,8/30/2025 13:14,Upload
280706,15533,1/25/2004 22:46,-0.18,deg C,ABM,HOBO,QC_280706_15533_Water_20031019_20040228.csv,F,None,8/30/2025 13:14,Upload,8/30/2025 13:14,Upload
280706,15533,1/25/2004 23:46,-0.18,deg C,ABM,HOBO,QC_280706_15533_Water_20031019_20040228.csv,F,None,8/30/2025 13:14,Upload,8/30/2025 13:14,Upload
280706,15533,1/26/2004 0:46,-0.18,deg C,ABM,HOBO,QC_280706_15533_Water_20031019_20040228.csv,F,None,8/30/2025 13:14,Upload,8/30/2025 13:14,Upload
280706,15533,1/26/2004 1:46,-0.18,deg C,ABM,HOBO,QC_280706_15533_Water_20031019_20040228.csv,F,None,8/30/2025 13:14,Upload,8/30/2025 13:14,Upload
280706,15533,1/26/2004 2:46,-0.18,deg C,ABM,HOBO,QC_280706_15533_Water_20031019_20040228.csv,F,None,8/30/2025 13:14,Upload,8/30/2025 13:14,Upload
280706,15533,1/26/2004 3:46,-0.18,deg C,ABM,HOBO,QC_280706_15533_Water_20031019_20040228.csv,F,None,8/30/2025 13:14,Upload,8/30/2025 13:14,Upload
280706,15533,1/26/2004 4:46,-0.18,deg C,ABM,HOBO,QC_280706_15533_Water_20031019_20040228.csv,F,None,8/30/2025 13:14,Upload,8/30/2025 13:14,Upload
280706,15533,1/26/2004 5:46,-0.18,deg C,ABM,HOBO,QC_280706_15533_Water_20031019_20040228.csv,F,None,8/30/2025 13:14,Upload,8/30/2025 13:14,Upload
280706,15533,1/26/2004 6:46,-0.18,deg C,ABM,HOBO,QC_280706_15533_Water_20031019_20040228.csv,F,None,8/30/2025 13:14,Upload,8/30/2025 13:14,Upload
280706,15533,1/26/2004 7:46,-0.18,deg C,ABM,HOBO,QC_280706_15533_Water_20031019_20040228.csv,F,None,8/30/2025 13:14,Upload,8/30/2025 13:14,Upload
280706,15533,1/26/2004 8:46,-0.18,deg C,ABM,HOBO,QC_280706_15533_Water_20031019_20040228.csv,F,None,8/30/2025 13:14,Upload,8/30/2025 13:14,Upload
280706,15533,1/26/2004 9:46,-0.18,deg C,ABM,HOBO,QC_280706_15533_Water_20031019_20040228.csv,F,None,8/30/2025 13:14,Upload,8/30/2025 13:14,Upload
280706,15533,1/26/2004 10:46,-0.18,deg C,ABM,HOBO,QC_280706_15533_Water_20031019_20040228.csv,F,None,8/30/2025 13:14,Upload,8/30/2025 13:14,Upload
280706,15533,1/26/2004 11:46,-0.18,deg C,ABM,HOBO,QC_280706_15533_Water_20031019_20040228.csv,F,None,8/30/2025 13:14,Upload,8/30/2025 13:14,Upload
280706,15533,1/26/2004 12:46,-0.18,deg C,ABM,HOBO,QC_280706_15533_Water_20031019_20040228.csv,F,None,8/30/2025 13:14,Upload,8/30/2025 13:14,Upload
280706,15533,1/26/2004 13:46,-0.18,deg C,ABM,HOBO,QC_280706_15533_Water_20031019_20040228.csv,F,None,8/30/2025 13:14,Upload,8/30/2025 13:14,Upload
280706,15533,1/26/2004 14:46,-0.18,deg C,ABM,HOBO,QC_280706_15533_Water_20031019_20040228.csv,F,None,8/30/2025 13:14,Upload,8/30/2025 13:14,Upload
280706,15533,1/26/2004 15:46,-0.18,deg C,ABM,HOBO,QC_280706_15533_Water_20031019_20040228.csv,F,None,8/30/2025 13:14,Upload,8/30/2025 13:14,Upload
280706,15533,1/26/2004 16:46,-0.18,deg C,ABM,HOBO,QC_280706_15533_Water_20031019_20040228.csv,F,None,8/30/2025 13:14,Upload,8/30/2025 13:14,Upload
280706,15533,1/26/2004 17:46,-0.18,deg C,ABM,HOBO,QC_280706_15533_Water_20031019_20040228.csv,F,None,8/30/2025 13:14,Upload,8/30/2025 13:14,Upload
280706,15533,1/26/2004 18:46,-0.18,deg C,ABM,HOBO,QC_280706_15533_Water_20031019_20040228.csv,F,None,8/30/2025 13:14,Upload,8/30/2025 13:14,Upload
280706,15533,1/26/2004 19:46,-0.18,deg C,ABM,HOBO,QC_280706_15533_Water_20031019_20040228.csv,F,None,8/30/2025 13:14,Upload,8/30/2025 13:14,Upload
280706,15533,1/26/2004 20:46,-0.18,deg C,ABM,HOBO,QC_280706_15533_Water_20031019_20040228.csv,F,None,8/30/2025 13:14,Upload,8/30/2025 13:14,Upload
280706,15533,1/26/2004 21:46,-0.18,deg C,ABM,HOBO,QC_280706_15533_Water_20031019_20040228.csv,F,None,8/30/2025 13:14,Upload,8/30/2025 13:14,Upload
280706,15533,1/26/2004 22:46,-0.18,deg C,ABM,HOBO,QC_280706_15533_Water_20031019_20040228.csv,F,None,8/30/2025 13:14,Upload,8/30/2025 13:14,Upload
280706,15533,1/26/2004 23:46,-0.18,deg C,ABM,HOBO,QC_280706_15533_Water_20031019_20040228.csv,F,None,8/30/2025 13:14,Upload,8/30/2025 13:14,Upload
280706,15533,1/27/2004 0:46,-0.18,deg C,ABM,HOBO,QC_280706_15533_Water_20031019_20040228.csv,F,None,8/30/2025 13:14,Upload,8/30/2025 13:14,Upload
280706,15533,1/27/2004 1:46,-0.18,deg C,ABM,HOBO,QC_280706_15533_Water_20031019_20040228.csv,F,None,8/30/2025 13:14,Upload,8/30/2025 13:14,Upload
280706,15533,1/27/2004 2:46,-0.18,deg C,ABM,HOBO,QC_280706_15533_Water_20031019_20040228.csv,F,None,8/30/2025 13:14,Upload,8/30/2025 13:14,Upload
280706,15533,1/27/2004 3:46,-0.18,deg C,ABM,HOBO,QC_280706_15533_Water_20031019_20040228.csv,F,None,8/30/2025 13:14,Upload,8/30/2025 13:14,Upload
280706,15533,1/27/2004 4:46,-0.18,deg C,ABM,HOBO,QC_280706_15533_Water_20031019_20040228.csv,F,None,8/30/2025 13:14,Upload,8/30/2025 13:14,Upload
280706,15533,1/27/2004 5:46,-0.18,deg C,ABM,HOBO,QC_280706_15533_Water_20031019_20040228.csv,F,None,8/30/2025 13:14,Upload,8/30/2025 13:14,Upload
280706,15533,1/27/2004 6:46,-0.18,deg C,ABM,HOBO,QC_280706_15533_Water_20031019_20040228.csv,F,None,8/30/2025 13:14,Upload,8/30/2025 13:14,Upload
280706,15533,1/27/2004 7:46,-0.18,deg C,ABM,HOBO,QC_280706_15533_Water_20031019_20040228.csv,F,None,8/30/2025 13:14,Upload,8/30/2025 13:14,Upload
280706,15533,1/27/2004 8:46,-0.18,deg C,ABM,HOBO,QC_280706_15533_Water_20031019_20040228.csv,F,None,8/30/2025 13:14,Upload,8/30/2025 13:14,Upload
280706,15533,1/27/2004 9:46,-0.18,deg C,ABM,HOBO,QC_280706_15533_Water_20031019_20040228.csv,F,None,8/30/2025 13:14,Upload,8/30/2025 13:14,Upload
280706,15533,1/27/2004 10:46,-0.18,deg C,ABM,HOBO,QC_280706_15533_Water_20031019_20040228.csv,F,None,8/30/2025 13:14,Upload,8/30/2025 13:14,Upload
280706,15533,1/27/2004 11:46,-0.18,deg C,ABM,HOBO,QC_280706_15533_Water_20031019_20040228.csv,F,None,8/30/2025 13:14,Upload,8/30/2025 13:14,Upload
280706,15533,1/27/2004 12:46,-0.18,deg C,ABM,HOBO,QC_280706_15533_Water_20031019_20040228.csv,F,None,8/30/2025 13:14,Upload,8/30/2025 13:14,Upload
280706,15533,1/27/2004 13:46,-0.18,deg C,ABM,HOBO,QC_280706_15533_Water_20031019_20040228.csv,F,None,8/30/2025 13:14,Upload,8/30/2025 13:14,Upload
280706,15533,1/27/2004 14:46,-0.18,deg C,ABM,HOBO,QC_280706_15533_Water_20031019_20040228.csv,F,None,8/30/2025 13:14,Upload,8/30/2025 13:14,Upload
280706,15533,1/27/2004 15:46,-0.18,deg C,ABM,HOBO,QC_280706_15533_Water_20031019_20040228.csv,F,None,8/30/2025 13:14,Upload,8/30/2025 13:14,Upload
280706,15533,1/27/2004 16:46,-0.18,deg C,ABM,HOBO,QC_280706_15533_Water_20031019_20040228.csv,F,None,8/30/2025 13:14,Upload,8/30/2025 13:14,Upload
280706,15533,1/27/2004 17:46,-0.18,deg C,ABM,HOBO,QC_280706_15533_Water_20031019_20040228.csv,F,None,8/30/2025 13:14,Upload,8/30/2025 13:14,Upload
280706,15533,1/27/2004 18:46,-0.18,deg C,ABM,HOBO,QC_280706_15533_Water_20031019_20040228.csv,F,None,8/30/2025 13:14,Upload,8/30/2025 13:14,Upload
280706,15533,1/27/2004 19:46,-0.18,deg C,ABM,HOBO,QC_280706_15533_Water_20031019_20040228.csv,F,None,8/30/2025 13:14,Upload,8/30/2025 13:14,Upload
280706,15533,1/27/2004 20:46,-0.18,deg C,ABM,HOBO,QC_280706_15533_Water_20031019_20040228.csv,F,None,8/30/2025 13:14,Upload,8/30/2025 13:14,Upload
280706,15533,1/27/2004 21:46,-0.18,deg C,ABM,HOBO,QC_280706_15533_Water_20031019_20040228.csv,F,None,8/30/2025 13:14,Upload,8/30/2025 13:14,Upload
280706,15533,1/27/2004 22:46,-0.18,deg C,ABM,HOBO,QC_280706_15533_Water_20031019_20040228.csv,F,None,8/30/2025 13:14,Upload,8/30/2025 13:14,Upload
280706,15533,1/27/2004 23:46,-0.18,deg C,ABM,HOBO,QC_280706_15533_Water_20031019_20040228.csv,F,None,8/30/2025 13:14,Upload,8/30/2025 13:14,Upload
280706,15533,1/28/2004 0:46,-0.18,deg C,ABM,HOBO,QC_280706_15533_Water_20031019_20040228.csv,F,None,8/30/2025 13:14,Upload,8/30/2025 13:14,Upload
280706,15533,1/28/2004 1:46,-0.18,deg C,ABM,HOBO,QC_280706_15533_Water_20031019_20040228.csv,F,None,8/30/2025 13:14,Upload,8/30/2025 13:14,Upload
280706,15533,1/28/2004 2:46,-0.18,deg C,ABM,HOBO,QC_280706_15533_Water_20031019_20040228.csv,F,None,8/30/2025 13:14,Upload,8/30/2025 13:14,Upload
280706,15533,1/28/2004 3:46,-0.18,deg C,ABM,HOBO,QC_280706_15533_Water_20031019_20040228.csv,F,None,8/30/2025 13:14,Upload,8/30/2025 13:14,Upload
280706,15533,1/28/2004 4:46,-0.18,deg C,ABM,HOBO,QC_280706_15533_Water_20031019_20040228.csv,F,None,8/30/2025 13:14,Upload,8/30/2025 13:14,Upload
280706,15533,1/28/2004 5:46,-0.18,deg C,ABM,HOBO,QC_280706_15533_Water_20031019_20040228.csv,F,None,8/30/2025 13:14,Upload,8/30/2025 13:14,Upload
280706,15533,1/28/2004 6:46,-0.18,deg C,ABM,HOBO,QC_280706_15533_Water_20031019_20040228.csv,F,None,8/30/2025 13:14,Upload,8/30/2025 13:14,Upload
280706,15533,1/28/2004 7:46,-0.18,deg C,ABM,HOBO,QC_280706_15533_Water_20031019_20040228.csv,F,None,8/30/2025 13:14,Upload,8/30/2025 13:14,Upload
280706,15533,1/28/2004 8:46,-0.18,deg C,ABM,HOBO,QC_280706_15533_Water_20031019_20040228.csv,F,None,8/30/2025 13:14,Upload,8/30/2025 13:14,Upload
280706,15533,1/28/2004 9:46,-0.18,deg C,ABM,HOBO,QC_280706_15533_Water_20031019_20040228.csv,F,None,8/30/2025 13:14,Upload,8/30/2025 13:14,Upload
280706,15533,1/28/2004 10:46,-0.18,deg C,ABM,HOBO,QC_280706_15533_Water_20031019_20040228.csv,F,None,8/30/2025 13:14,Upload,8/30/2025 13:14,Upload
280706,15533,1/28/2004 11:46,-0.18,deg C,ABM,HOBO,QC_280706_15533_Water_20031019_20040228.csv,F,None,8/30/2025 13:14,Upload,8/30/2025 13:14,Upload
280706,15533,1/28/2004 12:46,-0.18,deg C,ABM,HOBO,QC_280706_15533_Water_20031019_20040228.csv,F,None,8/30/2025 13:14,Upload,8/30/2025 13:14,Upload
280706,15533,1/28/2004 13:46,-0.18,deg C,ABM,HOBO,QC_280706_15533_Water_20031019_20040228.csv,F,None,8/30/2025 13:14,Upload,8/30/2025 13:14,Upload
280706,15533,1/28/2004 14:46,-0.18,deg C,ABM,HOBO,QC_280706_15533_Water_20031019_20040228.csv,F,None,8/30/2025 13:14,Upload,8/30/2025 13:14,Upload
280706,15533,1/28/2004 15:46,-0.18,deg C,ABM,HOBO,QC_280706_15533_Water_20031019_20040228.csv,F,None,8/30/2025 13:14,Upload,8/30/2025 13:14,Upload
280706,15533,1/28/2004 16:46,-0.18,deg C,ABM,HOBO,QC_280706_15533_Water_20031019_20040228.csv,F,None,8/30/2025 13:14,Upload,8/30/2025 13:14,Upload
280706,15533,1/28/2004 17:46,-0.18,deg C,ABM,HOBO,QC_280706_15533_Water_20031019_20040228.csv,F,None,8/30/2025 13:14,Upload,8/30/2025 13:14,Upload
280706,15533,1/28/2004 18:46,-0.18,deg C,ABM,HOBO,QC_280706_15533_Water_20031019_20040228.csv,F,None,8/30/2025 13:14,Upload,8/30/2025 13:14,Upload
280706,15533,1/28/2004 19:46,-0.18,deg C,ABM,HOBO,QC_280706_15533_Water_20031019_20040228.csv,F,None,8/30/2025 13:14,Upload,8/30/2025 13:14,Upload
280706,15533,1/28/2004 20:46,-0.18,deg C,ABM,HOBO,QC_280706_15533_Water_20031019_20040228.csv,F,None,8/30/2025 13:14,Upload,8/30/2025 13:14,Upload
280706,15533,1/28/2004 21:46,-0.18,deg C,ABM,HOBO,QC_280706_15533_Water_20031019_20040228.csv,F,None,8/30/2025 13:14,Upload,8/30/2025 13:14,Upload
280706,15533,1/28/2004 22:46,-0.18,deg C,ABM,HOBO,QC_280706_15533_Water_20031019_20040228.csv,F,None,8/30/2025 13:14,Upload,8/30/2025 13:14,Upload
280706,15533,1/28/2004 23:46,-0.18,deg C,ABM,HOBO,QC_280706_15533_Water_20031019_20040228.csv,F,None,8/30/2025 13:14,Upload,8/30/2025 13:14,Upload
280706,15533,1/29/2004 0:46,-0.18,deg C,ABM,HOBO,QC_280706_15533_Water_20031019_20040228.csv,F,None,8/30/2025 13:14,Upload,8/30/2025 13:14,Upload
280706,15533,1/29/2004 1:46,-0.18,deg C,ABM,HOBO,QC_280706_15533_Water_20031019_20040228.csv,F,None,8/30/2025 13:14,Upload,8/30/2025 13:14,Upload
280706,15533,1/29/2004 2:46,-0.18,deg C,ABM,HOBO,QC_280706_15533_Water_20031019_20040228.csv,F,None,8/30/2025 13:14,Upload,8/30/2025 13:14,Upload
280706,15533,1/29/2004 3:46,-0.18,deg C,ABM,HOBO,QC_280706_15533_Water_20031019_20040228.csv,F,None,8/30/2025 13:14,Upload,8/30/2025 13:14,Upload
280706,15533,1/29/2004 4:46,-0.18,deg C,ABM,HOBO,QC_280706_15533_Water_20031019_20040228.csv,F,None,8/30/2025 13:14,Upload,8/30/2025 13:14,Upload
280706,15533,1/29/2004 5:46,-0.18,deg C,ABM,HOBO,QC_280706_15533_Water_20031019_20040228.csv,F,None,8/30/2025 13:14,Upload,8/30/2025 13:14,Upload
280706,15533,1/29/2004 6:46,-0.18,deg C,ABM,HOBO,QC_280706_15533_Water_20031019_20040228.csv,F,None,8/30/2025 13:14,Upload,8/30/2025 13:14,Upload
280706,15533,1/29/2004 7:46,-0.18,deg C,ABM,HOBO,QC_280706_15533_Water_20031019_20040228.csv,F,None,8/30/2025 13:14,Upload,8/30/2025 13:14,Upload
280706,15533,1/29/2004 8:46,-0.18,deg C,ABM,HOBO,QC_280706_15533_Water_20031019_20040228.csv,F,None,8/30/2025 13:14,Upload,8/30/2025 13:14,Upload
280706,15533,1/29/2004 9:46,-0.18,deg C,ABM,HOBO,QC_280706_15533_Water_20031019_20040228.csv,F,None,8/30/2025 13:14,Upload,8/30/2025 13:14,Upload
280706,15533,1/29/2004 10:46,-0.18,deg C,ABM,HOBO,QC_280706_15533_Water_20031019_20040228.csv,F,None,8/30/2025 13:14,Upload,8/30/2025 13:14,Upload
280706,15533,1/29/2004 11:46,-0.18,deg C,ABM,HOBO,QC_280706_15533_Water_20031019_20040228.csv,F,None,8/30/2025 13:14,Upload,8/30/2025 13:14,Upload
280706,15533,1/29/2004 12:46,-0.18,deg C,ABM,HOBO,QC_280706_15533_Water_20031019_20040228.csv,F,None,8/30/2025 13:14,Upload,8/30/2025 13:14,Upload
280706,15533,1/29/2004 13:46,-0.18,deg C,ABM,HOBO,QC_280706_15533_Water_20031019_20040228.csv,F,None,8/30/2025 13:14,Upload,8/30/2025 13:14,Upload
280706,15533,1/29/2004 14:46,-0.18,deg C,ABM,HOBO,QC_280706_15533_Water_20031019_20040228.csv,F,None,8/30/2025 13:14,Upload,8/30/2025 13:14,Upload
280706,15533,1/29/2004 15:46,-0.18,deg C,ABM,HOBO,QC_280706_15533_Water_20031019_20040228.csv,F,None,8/30/2025 13:14,Upload,8/30/2025 13:14,Upload
280706,15533,1/29/2004 16:46,-0.18,deg C,ABM,HOBO,QC_280706_15533_Water_20031019_20040228.csv,F,None,8/30/2025 13:14,Upload,8/30/2025 13:14,Upload
280706,15533,1/29/2004 17:46,-0.18,deg C,ABM,HOBO,QC_280706_15533_Water_20031019_20040228.csv,F,None,8/30/2025 13:14,Upload,8/30/2025 13:14,Upload
280706,15533,1/29/2004 18:46,-0.18,deg C,ABM,HOBO,QC_280706_15533_Water_20031019_20040228.csv,F,None,8/30/2025 13:14,Upload,8/30/2025 13:14,Upload
280706,15533,1/29/2004 19:46,-0.18,deg C,ABM,HOBO,QC_280706_15533_Water_20031019_20040228.csv,F,None,8/30/2025 13:14,Upload,8/30/2025 13:14,Upload
280706,15533,1/29/2004 20:46,-0.18,deg C,ABM,HOBO,QC_280706_15533_Water_20031019_20040228.csv,F,None,8/30/2025 13:14,Upload,8/30/2025 13:14,Upload
280706,15533,1/29/2004 21:46,-0.18,deg C,ABM,HOBO,QC_280706_15533_Water_20031019_20040228.csv,F,None,8/30/2025 13:14,Upload,8/30/2025 13:14,Upload
280706,15533,1/29/2004 22:46,-0.18,deg C,ABM,HOBO,QC_280706_15533_Water_20031019_20040228.csv,F,None,8/30/2025 13:14,Upload,8/30/2025 13:14,Upload
280706,15533,1/29/2004 23:46,-0.18,deg C,ABM,HOBO,QC_280706_15533_Water_20031019_20040228.csv,F,None,8/30/2025 13:14,Upload,8/30/2025 13:14,Upload
280706,15533,1/30/2004 0:46,-0.18,deg C,ABM,HOBO,QC_280706_15533_Water_20031019_20040228.csv,F,None,8/30/2025 13:14,Upload,8/30/2025 13:14,Upload
280706,15533,1/30/2004 1:46,-0.18,deg C,ABM,HOBO,QC_280706_15533_Water_20031019_20040228.csv,F,None,8/30/2025 13:14,Upload,8/30/2025 13:14,Upload
280706,15533,1/30/2004 2:46,-0.18,deg C,ABM,HOBO,QC_280706_15533_Water_20031019_20040228.csv,F,None,8/30/2025 13:14,Upload,8/30/2025 13:14,Upload
280706,15533,1/30/2004 3:46,-0.18,deg C,ABM,HOBO,QC_280706_15533_Water_20031019_20040228.csv,F,None,8/30/2025 13:14,Upload,8/30/2025 13:14,Upload
280706,15533,1/30/2004 4:46,-0.18,deg C,ABM,HOBO,QC_280706_15533_Water_20031019_20040228.csv,F,None,8/30/2025 13:14,Upload,8/30/2025 13:14,Upload
280706,15533,1/30/2004 5:46,-0.18,deg C,ABM,HOBO,QC_280706_15533_Water_20031019_20040228.csv,F,None,8/30/2025 13:14,Upload,8/30/2025 13:14,Upload
280706,15533,1/30/2004 6:46,-0.18,deg C,ABM,HOBO,QC_280706_15533_Water_20031019_20040228.csv,F,None,8/30/2025 13:14,Upload,8/30/2025 13:14,Upload
280706,15533,1/30/2004 7:46,-0.18,deg C,ABM,HOBO,QC_280706_15533_Water_20031019_20040228.csv,F,None,8/30/2025 13:14,Upload,8/30/2025 13:14,Upload
280706,15533,1/30/2004 8:46,-0.18,deg C,ABM,HOBO,QC_280706_15533_Water_20031019_20040228.csv,F,None,8/30/2025 13:14,Upload,8/30/2025 13:14,Upload
280706,15533,1/30/2004 9:46,-0.18,deg C,ABM,HOBO,QC_280706_15533_Water_20031019_20040228.csv,F,None,8/30/2025 13:14,Upload,8/30/2025 13:14,Upload
280706,15533,1/30/2004 10:46,-0.18,deg C,ABM,HOBO,QC_280706_15533_Water_20031019_20040228.csv,F,None,8/30/2025 13:14,Upload,8/30/2025 13:14,Upload
280706,15533,1/30/2004 11:46,-0.18,deg C,ABM,HOBO,QC_280706_15533_Water_20031019_20040228.csv,F,None,8/30/2025 13:14,Upload,8/30/2025 13:14,Upload
280706,15533,1/30/2004 12:46,-0.18,deg C,ABM,HOBO,QC_280706_15533_Water_20031019_20040228.csv,F,None,8/30/2025 13:14,Upload,8/30/2025 13:14,Upload
280706,15533,1/30/2004 13:46,-0.18,deg C,ABM,HOBO,QC_280706_15533_Water_20031019_20040228.csv,F,None,8/30/2025 13:14,Upload,8/30/2025 13:14,Upload
280706,15533,1/30/2004 14:46,-0.18,deg C,ABM,HOBO,QC_280706_15533_Water_20031019_20040228.csv,F,None,8/30/2025 13:14,Upload,8/30/2025 13:14,Upload
280706,15533,1/30/2004 15:46,-0.18,deg C,ABM,HOBO,QC_280706_15533_Water_20031019_20040228.csv,F,None,8/30/2025 13:14,Upload,8/30/2025 13:14,Upload
280706,15533,1/30/2004 16:46,-0.18,deg C,ABM,HOBO,QC_280706_15533_Water_20031019_20040228.csv,F,None,8/30/2025 13:14,Upload,8/30/2025 13:14,Upload
280706,15533,1/30/2004 17:46,-0.18,deg C,ABM,HOBO,QC_280706_15533_Water_20031019_20040228.csv,F,None,8/30/2025 13:14,Upload,8/30/2025 13:14,Upload
280706,15533,1/30/2004 18:46,-0.18,deg C,ABM,HOBO,QC_280706_15533_Water_20031019_20040228.csv,F,None,8/30/2025 13:14,Upload,8/30/2025 13:14,Upload
280706,15533,1/30/2004 19:46,-0.18,deg C,ABM,HOBO,QC_280706_15533_Water_20031019_20040228.csv,F,None,8/30/2025 13:14,Upload,8/30/2025 13:14,Upload
280706,15533,1/30/2004 20:46,-0.18,deg C,ABM,HOBO,QC_280706_15533_Water_20031019_20040228.csv,F,None,8/30/2025 13:14,Upload,8/30/2025 13:14,Upload
280706,15533,1/30/2004 21:46,-0.18,deg C,ABM,HOBO,QC_280706_15533_Water_20031019_20040228.csv,F,None,8/30/2025 13:14,Upload,8/30/2025 13:14,Upload
280706,15533,1/30/2004 22:46,-0.18,deg C,ABM,HOBO,QC_280706_15533_Water_20031019_20040228.csv,F,None,8/30/2025 13:14,Upload,8/30/2025 13:14,Upload
280706,15533,1/30/2004 23:46,-0.18,deg C,ABM,HOBO,QC_280706_15533_Water_20031019_20040228.csv,F,None,8/30/2025 13:14,Upload,8/30/2025 13:14,Upload
280706,15533,1/31/2004 0:46,-0.18,deg C,ABM,HOBO,QC_280706_15533_Water_20031019_20040228.csv,F,None,8/30/2025 13:14,Upload,8/30/2025 13:14,Upload
280706,15533,1/31/2004 1:46,-0.18,deg C,ABM,HOBO,QC_280706_15533_Water_20031019_20040228.csv,F,None,8/30/2025 13:14,Upload,8/30/2025 13:14,Upload
280706,15533,1/31/2004 2:46,-0.18,deg C,ABM,HOBO,QC_280706_15533_Water_20031019_20040228.csv,F,None,8/30/2025 13:14,Upload,8/30/2025 13:14,Upload
280706,15533,1/31/2004 3:46,-0.18,deg C,ABM,HOBO,QC_280706_15533_Water_20031019_20040228.csv,F,None,8/30/2025 13:14,Upload,8/30/2025 13:14,Upload
280706,15533,1/31/2004 4:46,-0.18,deg C,ABM,HOBO,QC_280706_15533_Water_20031019_20040228.csv,F,None,8/30/2025 13:14,Upload,8/30/2025 13:14,Upload
280706,15533,1/31/2004 5:46,-0.18,deg C,ABM,HOBO,QC_280706_15533_Water_20031019_20040228.csv,F,None,8/30/2025 13:14,Upload,8/30/2025 13:14,Upload
280706,15533,1/31/2004 6:46,-0.18,deg C,ABM,HOBO,QC_280706_15533_Water_20031019_20040228.csv,F,None,8/30/2025 13:14,Upload,8/30/2025 13:14,Upload
280706,15533,1/31/2004 7:46,-0.18,deg C,ABM,HOBO,QC_280706_15533_Water_20031019_20040228.csv,F,None,8/30/2025 13:14,Upload,8/30/2025 13:14,Upload
280706,15533,1/31/2004 8:46,-0.18,deg C,ABM,HOBO,QC_280706_15533_Water_20031019_20040228.csv,F,None,8/30/2025 13:14,Upload,8/30/2025 13:14,Upload
280706,15533,1/31/2004 9:46,-0.18,deg C,ABM,HOBO,QC_280706_15533_Water_20031019_20040228.csv,F,None,8/30/2025 13:14,Upload,8/30/2025 13:14,Upload
280706,15533,1/31/2004 10:46,-0.18,deg C,ABM,HOBO,QC_280706_15533_Water_20031019_20040228.csv,F,None,8/30/2025 13:14,Upload,8/30/2025 13:14,Upload
280706,15533,1/31/2004 11:46,-0.18,deg C,ABM,HOBO,QC_280706_15533_Water_20031019_20040228.csv,F,None,8/30/2025 13:14,Upload,8/30/2025 13:14,Upload
280706,15533,1/31/2004 12:46,-0.18,deg C,ABM,HOBO,QC_280706_15533_Water_20031019_20040228.csv,F,None,8/30/2025 13:14,Upload,8/30/2025 13:14,Upload
280706,15533,1/31/2004 13:46,-0.18,deg C,ABM,HOBO,QC_280706_15533_Water_20031019_20040228.csv,F,None,8/30/2025 13:14,Upload,8/30/2025 13:14,Upload
280706,15533,1/31/2004 14:46,-0.18,deg C,ABM,HOBO,QC_280706_15533_Water_20031019_20040228.csv,F,None,8/30/2025 13:14,Upload,8/30/2025 13:14,Upload
280706,15533,1/31/2004 15:46,-0.18,deg C,ABM,HOBO,QC_280706_15533_Water_20031019_20040228.csv,F,None,8/30/2025 13:14,Upload,8/30/2025 13:14,Upload
280706,15533,1/31/2004 16:46,-0.18,deg C,ABM,HOBO,QC_280706_15533_Water_20031019_20040228.csv,F,None,8/30/2025 13:14,Upload,8/30/2025 13:14,Upload
280706,15533,1/31/2004 17:46,-0.18,deg C,ABM,HOBO,QC_280706_15533_Water_20031019_20040228.csv,F,None,8/30/2025 13:14,Upload,8/30/2025 13:14,Upload
280706,15533,1/31/2004 18:46,-0.18,deg C,ABM,HOBO,QC_280706_15533_Water_20031019_20040228.csv,F,None,8/30/2025 13:14,Upload,8/30/2025 13:14,Upload
280706,15533,1/31/2004 19:46,-0.18,deg C,ABM,HOBO,QC_280706_15533_Water_20031019_20040228.csv,F,None,8/30/2025 13:14,Upload,8/30/2025 13:14,Upload
280706,15533,1/31/2004 20:46,-0.18,deg C,ABM,HOBO,QC_280706_15533_Water_20031019_20040228.csv,F,None,8/30/2025 13:14,Upload,8/30/2025 13:14,Upload
280706,15533,1/31/2004 21:46,-0.18,deg C,ABM,HOBO,QC_280706_15533_Water_20031019_20040228.csv,F,None,8/30/2025 13:14,Upload,8/30/2025 13:14,Upload
280706,15533,1/31/2004 22:46,-0.18,deg C,ABM,HOBO,QC_280706_15533_Water_20031019_20040228.csv,F,None,8/30/2025 13:14,Upload,8/30/2025 13:14,Upload
280706,15533,1/31/2004 23:46,-0.18,deg C,ABM,HOBO,QC_280706_15533_Water_20031019_20040228.csv,F,None,8/30/2025 13:14,Upload,8/30/2025 13:14,Upload
280706,15533,2/1/2004 0:46,-0.18,deg C,ABM,HOBO,QC_280706_15533_Water_20031019_20040228.csv,F,None,8/30/2025 13:14,Upload,8/30/2025 13:14,Upload
280706,15533,2/1/2004 1:46,-0.18,deg C,ABM,HOBO,QC_280706_15533_Water_20031019_20040228.csv,F,None,8/30/2025 13:14,Upload,8/30/2025 13:14,Upload
280706,15533,2/1/2004 2:46,-0.18,deg C,ABM,HOBO,QC_280706_15533_Water_20031019_20040228.csv,F,None,8/30/2025 13:14,Upload,8/30/2025 13:14,Upload
280706,15533,2/1/2004 3:46,-0.18,deg C,ABM,HOBO,QC_280706_15533_Water_20031019_20040228.csv,F,None,8/30/2025 13:14,Upload,8/30/2025 13:14,Upload
280706,15533,2/1/2004 4:46,-0.18,deg C,ABM,HOBO,QC_280706_15533_Water_20031019_20040228.csv,F,None,8/30/2025 13:14,Upload,8/30/2025 13:14,Upload
280706,15533,2/1/2004 5:46,-0.18,deg C,ABM,HOBO,QC_280706_15533_Water_20031019_20040228.csv,F,None,8/30/2025 13:14,Upload,8/30/2025 13:14,Upload
280706,15533,2/1/2004 6:46,-0.18,deg C,ABM,HOBO,QC_280706_15533_Water_20031019_20040228.csv,F,None,8/30/2025 13:14,Upload,8/30/2025 13:14,Upload
280706,15533,2/1/2004 7:46,-0.18,deg C,ABM,HOBO,QC_280706_15533_Water_20031019_20040228.csv,F,None,8/30/2025 13:14,Upload,8/30/2025 13:14,Upload
280706,15533,2/1/2004 8:46,-0.18,deg C,ABM,HOBO,QC_280706_15533_Water_20031019_20040228.csv,F,None,8/30/2025 13:14,Upload,8/30/2025 13:14,Upload
280706,15533,2/1/2004 9:46,-0.18,deg C,ABM,HOBO,QC_280706_15533_Water_20031019_20040228.csv,F,None,8/30/2025 13:14,Upload,8/30/2025 13:14,Upload
280706,15533,2/1/2004 10:46,-0.18,deg C,ABM,HOBO,QC_280706_15533_Water_20031019_20040228.csv,F,None,8/30/2025 13:14,Upload,8/30/2025 13:14,Upload
280706,15533,2/1/2004 11:46,-0.18,deg C,ABM,HOBO,QC_280706_15533_Water_20031019_20040228.csv,F,None,8/30/2025 13:14,Upload,8/30/2025 13:14,Upload
280706,15533,2/1/2004 12:46,-0.18,deg C,ABM,HOBO,QC_280706_15533_Water_20031019_20040228.csv,F,None,8/30/2025 13:14,Upload,8/30/2025 13:14,Upload
280706,15533,2/1/2004 13:46,-0.18,deg C,ABM,HOBO,QC_280706_15533_Water_20031019_20040228.csv,F,None,8/30/2025 13:14,Upload,8/30/2025 13:14,Upload
280706,15533,2/1/2004 14:46,-0.18,deg C,ABM,HOBO,QC_280706_15533_Water_20031019_20040228.csv,F,None,8/30/2025 13:14,Upload,8/30/2025 13:14,Upload
280706,15533,2/1/2004 15:46,-0.18,deg C,ABM,HOBO,QC_280706_15533_Water_20031019_20040228.csv,F,None,8/30/2025 13:14,Upload,8/30/2025 13:14,Upload
280706,15533,2/1/2004 16:46,-0.18,deg C,ABM,HOBO,QC_280706_15533_Water_20031019_20040228.csv,F,None,8/30/2025 13:14,Upload,8/30/2025 13:14,Upload
280706,15533,2/1/2004 17:46,-0.18,deg C,ABM,HOBO,QC_280706_15533_Water_20031019_20040228.csv,F,None,8/30/2025 13:14,Upload,8/30/2025 13:14,Upload
280706,15533,2/1/2004 18:46,-0.18,deg C,ABM,HOBO,QC_280706_15533_Water_20031019_20040228.csv,F,None,8/30/2025 13:14,Upload,8/30/2025 13:14,Upload
280706,15533,2/1/2004 19:46,-0.18,deg C,ABM,HOBO,QC_280706_15533_Water_20031019_20040228.csv,F,None,8/30/2025 13:14,Upload,8/30/2025 13:14,Upload
280706,15533,2/1/2004 20:46,-0.18,deg C,ABM,HOBO,QC_280706_15533_Water_20031019_20040228.csv,F,None,8/30/2025 13:14,Upload,8/30/2025 13:14,Upload
280706,15533,2/1/2004 21:46,-0.18,deg C,ABM,HOBO,QC_280706_15533_Water_20031019_20040228.csv,F,None,8/30/2025 13:14,Upload,8/30/2025 13:14,Upload
280706,15533,2/1/2004 22:46,-0.18,deg C,ABM,HOBO,QC_280706_15533_Water_20031019_20040228.csv,F,None,8/30/2025 13:14,Upload,8/30/2025 13:14,Upload
280706,15533,2/1/2004 23:46,-0.18,deg C,ABM,HOBO,QC_280706_15533_Water_20031019_20040228.csv,F,None,8/30/2025 13:14,Upload,8/30/2025 13:14,Upload
280706,15533,2/2/2004 0:46,-0.18,deg C,ABM,HOBO,QC_280706_15533_Water_20031019_20040228.csv,F,None,8/30/2025 13:14,Upload,8/30/2025 13:14,Upload
280706,15533,2/2/2004 1:46,-0.18,deg C,ABM,HOBO,QC_280706_15533_Water_20031019_20040228.csv,F,None,8/30/2025 13:14,Upload,8/30/2025 13:14,Upload
280706,15533,2/2/2004 2:46,-0.18,deg C,ABM,HOBO,QC_280706_15533_Water_20031019_20040228.csv,F,None,8/30/2025 13:14,Upload,8/30/2025 13:14,Upload
280706,15533,2/2/2004 3:46,-0.18,deg C,ABM,HOBO,QC_280706_15533_Water_20031019_20040228.csv,F,None,8/30/2025 13:14,Upload,8/30/2025 13:14,Upload
280706,15533,2/2/2004 4:46,-0.18,deg C,ABM,HOBO,QC_280706_15533_Water_20031019_20040228.csv,F,None,8/30/2025 13:14,Upload,8/30/2025 13:14,Upload
280706,15533,2/2/2004 5:46,-0.18,deg C,ABM,HOBO,QC_280706_15533_Water_20031019_20040228.csv,F,None,8/30/2025 13:14,Upload,8/30/2025 13:14,Upload
280706,15533,2/2/2004 6:46,-0.18,deg C,ABM,HOBO,QC_280706_15533_Water_20031019_20040228.csv,F,None,8/30/2025 13:14,Upload,8/30/2025 13:14,Upload
280706,15533,2/2/2004 7:46,-0.18,deg C,ABM,HOBO,QC_280706_15533_Water_20031019_20040228.csv,F,None,8/30/2025 13:14,Upload,8/30/2025 13:14,Upload
280706,15533,2/2/2004 8:46,-0.18,deg C,ABM,HOBO,QC_280706_15533_Water_20031019_20040228.csv,F,None,8/30/2025 13:14,Upload,8/30/2025 13:14,Upload
280706,15533,2/2/2004 9:46,-0.18,deg C,ABM,HOBO,QC_280706_15533_Water_20031019_20040228.csv,F,None,8/30/2025 13:14,Upload,8/30/2025 13:14,Upload
280706,15533,2/2/2004 10:46,-0.18,deg C,ABM,HOBO,QC_280706_15533_Water_20031019_20040228.csv,F,None,8/30/2025 13:14,Upload,8/30/2025 13:14,Upload
280706,15533,2/2/2004 11:46,-0.18,deg C,ABM,HOBO,QC_280706_15533_Water_20031019_20040228.csv,F,None,8/30/2025 13:14,Upload,8/30/2025 13:14,Upload
280706,15533,2/2/2004 12:46,-0.18,deg C,ABM,HOBO,QC_280706_15533_Water_20031019_20040228.csv,F,None,8/30/2025 13:14,Upload,8/30/2025 13:14,Upload
280706,15533,2/2/2004 13:46,-0.18,deg C,ABM,HOBO,QC_280706_15533_Water_20031019_20040228.csv,F,None,8/30/2025 13:14,Upload,8/30/2025 13:14,Upload
280706,15533,2/2/2004 14:46,-0.18,deg C,ABM,HOBO,QC_280706_15533_Water_20031019_20040228.csv,F,None,8/30/2025 13:14,Upload,8/30/2025 13:14,Upload
280706,15533,2/2/2004 15:46,-0.18,deg C,ABM,HOBO,QC_280706_15533_Water_20031019_20040228.csv,F,None,8/30/2025 13:14,Upload,8/30/2025 13:14,Upload
280706,15533,2/2/2004 16:46,-0.18,deg C,ABM,HOBO,QC_280706_15533_Water_20031019_20040228.csv,F,None,8/30/2025 13:14,Upload,8/30/2025 13:14,Upload
280706,15533,2/2/2004 17:46,-0.18,deg C,ABM,HOBO,QC_280706_15533_Water_20031019_20040228.csv,F,None,8/30/2025 13:14,Upload,8/30/2025 13:14,Upload
280706,15533,2/2/2004 18:46,-0.18,deg C,ABM,HOBO,QC_280706_15533_Water_20031019_20040228.csv,F,None,8/30/2025 13:14,Upload,8/30/2025 13:14,Upload
280706,15533,2/2/2004 19:46,-0.18,deg C,ABM,HOBO,QC_280706_15533_Water_20031019_20040228.csv,F,None,8/30/2025 13:14,Upload,8/30/2025 13:14,Upload
280706,15533,2/2/2004 20:46,-0.18,deg C,ABM,HOBO,QC_280706_15533_Water_20031019_20040228.csv,F,None,8/30/2025 13:14,Upload,8/30/2025 13:14,Upload
280706,15533,2/2/2004 21:46,-0.18,deg C,ABM,HOBO,QC_280706_15533_Water_20031019_20040228.csv,F,None,8/30/2025 13:14,Upload,8/30/2025 13:14,Upload
280706,15533,2/2/2004 22:46,-0.18,deg C,ABM,HOBO,QC_280706_15533_Water_20031019_20040228.csv,F,None,8/30/2025 13:14,Upload,8/30/2025 13:14,Upload
280706,15533,2/2/2004 23:46,-0.18,deg C,ABM,HOBO,QC_280706_15533_Water_20031019_20040228.csv,F,None,8/30/2025 13:14,Upload,8/30/2025 13:14,Upload
280706,15533,2/3/2004 0:46,-0.18,deg C,ABM,HOBO,QC_280706_15533_Water_20031019_20040228.csv,F,None,8/30/2025 13:14,Upload,8/30/2025 13:14,Upload
280706,15533,2/3/2004 1:46,-0.18,deg C,ABM,HOBO,QC_280706_15533_Water_20031019_20040228.csv,F,None,8/30/2025 13:14,Upload,8/30/2025 13:14,Upload
280706,15533,2/3/2004 2:46,-0.18,deg C,ABM,HOBO,QC_280706_15533_Water_20031019_20040228.csv,F,None,8/30/2025 13:14,Upload,8/30/2025 13:14,Upload
280706,15533,2/3/2004 3:46,-0.18,deg C,ABM,HOBO,QC_280706_15533_Water_20031019_20040228.csv,F,None,8/30/2025 13:14,Upload,8/30/2025 13:14,Upload
280706,15533,2/3/2004 4:46,-0.18,deg C,ABM,HOBO,QC_280706_15533_Water_20031019_20040228.csv,F,None,8/30/2025 13:14,Upload,8/30/2025 13:14,Upload
280706,15533,2/3/2004 5:46,-0.18,deg C,ABM,HOBO,QC_280706_15533_Water_20031019_20040228.csv,F,None,8/30/2025 13:14,Upload,8/30/2025 13:14,Upload
280706,15533,2/3/2004 6:46,-0.18,deg C,ABM,HOBO,QC_280706_15533_Water_20031019_20040228.csv,F,None,8/30/2025 13:14,Upload,8/30/2025 13:14,Upload
280706,15533,2/3/2004 7:46,-0.18,deg C,ABM,HOBO,QC_280706_15533_Water_20031019_20040228.csv,F,None,8/30/2025 13:14,Upload,8/30/2025 13:14,Upload
280706,15533,2/3/2004 8:46,-0.18,deg C,ABM,HOBO,QC_280706_15533_Water_20031019_20040228.csv,F,None,8/30/2025 13:14,Upload,8/30/2025 13:14,Upload
280706,15533,2/3/2004 9:46,-0.18,deg C,ABM,HOBO,QC_280706_15533_Water_20031019_20040228.csv,F,None,8/30/2025 13:14,Upload,8/30/2025 13:14,Upload
280706,15533,2/3/2004 10:46,-0.18,deg C,ABM,HOBO,QC_280706_15533_Water_20031019_20040228.csv,F,None,8/30/2025 13:14,Upload,8/30/2025 13:14,Upload
280706,15533,2/3/2004 11:46,-0.18,deg C,ABM,HOBO,QC_280706_15533_Water_20031019_20040228.csv,F,None,8/30/2025 13:14,Upload,8/30/2025 13:14,Upload
280706,15533,2/3/2004 12:46,-0.18,deg C,ABM,HOBO,QC_280706_15533_Water_20031019_20040228.csv,F,None,8/30/2025 13:14,Upload,8/30/2025 13:14,Upload
280706,15533,2/3/2004 13:46,-0.18,deg C,ABM,HOBO,QC_280706_15533_Water_20031019_20040228.csv,F,None,8/30/2025 13:14,Upload,8/30/2025 13:14,Upload
280706,15533,2/3/2004 14:46,-0.18,deg C,ABM,HOBO,QC_280706_15533_Water_20031019_20040228.csv,F,None,8/30/2025 13:14,Upload,8/30/2025 13:14,Upload
280706,15533,2/3/2004 15:46,-0.18,deg C,ABM,HOBO,QC_280706_15533_Water_20031019_20040228.csv,F,None,8/30/2025 13:14,Upload,8/30/2025 13:14,Upload
280706,15533,2/3/2004 16:46,-0.18,deg C,ABM,HOBO,QC_280706_15533_Water_20031019_20040228.csv,F,None,8/30/2025 13:14,Upload,8/30/2025 13:14,Upload
280706,15533,2/3/2004 17:46,-0.18,deg C,ABM,HOBO,QC_280706_15533_Water_20031019_20040228.csv,F,None,8/30/2025 13:14,Upload,8/30/2025 13:14,Upload
280706,15533,2/3/2004 18:46,-0.18,deg C,ABM,HOBO,QC_280706_15533_Water_20031019_20040228.csv,F,None,8/30/2025 13:14,Upload,8/30/2025 13:14,Upload
280706,15533,2/3/2004 19:46,-0.18,deg C,ABM,HOBO,QC_280706_15533_Water_20031019_20040228.csv,F,None,8/30/2025 13:14,Upload,8/30/2025 13:14,Upload
280706,15533,2/3/2004 20:46,-0.18,deg C,ABM,HOBO,QC_280706_15533_Water_20031019_20040228.csv,F,None,8/30/2025 13:14,Upload,8/30/2025 13:14,Upload
280706,15533,2/3/2004 21:46,-0.18,deg C,ABM,HOBO,QC_280706_15533_Water_20031019_20040228.csv,F,None,8/30/2025 13:14,Upload,8/30/2025 13:14,Upload
280706,15533,2/3/2004 22:46,-0.18,deg C,ABM,HOBO,QC_280706_15533_Water_20031019_20040228.csv,F,None,8/30/2025 13:14,Upload,8/30/2025 13:14,Upload
280706,15533,2/3/2004 23:46,-0.18,deg C,ABM,HOBO,QC_280706_15533_Water_20031019_20040228.csv,F,None,8/30/2025 13:14,Upload,8/30/2025 13:14,Upload
280706,15533,2/4/2004 0:46,-0.18,deg C,ABM,HOBO,QC_280706_15533_Water_20031019_20040228.csv,F,None,8/30/2025 13:14,Upload,8/30/2025 13:14,Upload
280706,15533,2/4/2004 1:46,-0.18,deg C,ABM,HOBO,QC_280706_15533_Water_20031019_20040228.csv,F,None,8/30/2025 13:14,Upload,8/30/2025 13:14,Upload
280706,15533,2/4/2004 2:46,-0.18,deg C,ABM,HOBO,QC_280706_15533_Water_20031019_20040228.csv,F,None,8/30/2025 13:14,Upload,8/30/2025 13:14,Upload
280706,15533,2/4/2004 3:46,-0.18,deg C,ABM,HOBO,QC_280706_15533_Water_20031019_20040228.csv,F,None,8/30/2025 13:14,Upload,8/30/2025 13:14,Upload
280706,15533,2/4/2004 4:46,-0.18,deg C,ABM,HOBO,QC_280706_15533_Water_20031019_20040228.csv,F,None,8/30/2025 13:14,Upload,8/30/2025 13:14,Upload
280706,15533,2/4/2004 5:46,-0.18,deg C,ABM,HOBO,QC_280706_15533_Water_20031019_20040228.csv,F,None,8/30/2025 13:14,Upload,8/30/2025 13:14,Upload
280706,15533,2/4/2004 6:46,-0.18,deg C,ABM,HOBO,QC_280706_15533_Water_20031019_20040228.csv,F,None,8/30/2025 13:14,Upload,8/30/2025 13:14,Upload
280706,15533,2/4/2004 7:46,-0.18,deg C,ABM,HOBO,QC_280706_15533_Water_20031019_20040228.csv,F,None,8/30/2025 13:14,Upload,8/30/2025 13:14,Upload
280706,15533,2/4/2004 8:46,-0.18,deg C,ABM,HOBO,QC_280706_15533_Water_20031019_20040228.csv,F,None,8/30/2025 13:14,Upload,8/30/2025 13:14,Upload
280706,15533,2/4/2004 9:46,-0.18,deg C,ABM,HOBO,QC_280706_15533_Water_20031019_20040228.csv,F,None,8/30/2025 13:14,Upload,8/30/2025 13:14,Upload
280706,15533,2/4/2004 10:46,-0.18,deg C,ABM,HOBO,QC_280706_15533_Water_20031019_20040228.csv,F,None,8/30/2025 13:14,Upload,8/30/2025 13:14,Upload
280706,15533,2/4/2004 11:46,-0.18,deg C,ABM,HOBO,QC_280706_15533_Water_20031019_20040228.csv,F,None,8/30/2025 13:14,Upload,8/30/2025 13:14,Upload
280706,15533,2/4/2004 12:46,-0.18,deg C,ABM,HOBO,QC_280706_15533_Water_20031019_20040228.csv,F,None,8/30/2025 13:14,Upload,8/30/2025 13:14,Upload
280706,15533,2/4/2004 13:46,-0.18,deg C,ABM,HOBO,QC_280706_15533_Water_20031019_20040228.csv,F,None,8/30/2025 13:14,Upload,8/30/2025 13:14,Upload
280706,15533,2/4/2004 14:46,-0.18,deg C,ABM,HOBO,QC_280706_15533_Water_20031019_20040228.csv,F,None,8/30/2025 13:14,Upload,8/30/2025 13:14,Upload
280706,15533,2/4/2004 15:46,-0.18,deg C,ABM,HOBO,QC_280706_15533_Water_20031019_20040228.csv,F,None,8/30/2025 13:14,Upload,8/30/2025 13:14,Upload
280706,15533,2/4/2004 16:46,-0.18,deg C,ABM,HOBO,QC_280706_15533_Water_20031019_20040228.csv,F,None,8/30/2025 13:14,Upload,8/30/2025 13:14,Upload
280706,15533,2/4/2004 17:46,-0.18,deg C,ABM,HOBO,QC_280706_15533_Water_20031019_20040228.csv,F,None,8/30/2025 13:14,Upload,8/30/2025 13:14,Upload
280706,15533,2/4/2004 18:46,-0.18,deg C,ABM,HOBO,QC_280706_15533_Water_20031019_20040228.csv,F,None,8/30/2025 13:14,Upload,8/30/2025 13:14,Upload
280706,15533,2/4/2004 19:46,-0.18,deg C,ABM,HOBO,QC_280706_15533_Water_20031019_20040228.csv,F,None,8/30/2025 13:14,Upload,8/30/2025 13:14,Upload
280706,15533,2/4/2004 20:46,-0.18,deg C,ABM,HOBO,QC_280706_15533_Water_20031019_20040228.csv,F,None,8/30/2025 13:14,Upload,8/30/2025 13:14,Upload
280706,15533,2/4/2004 21:46,-0.18,deg C,ABM,HOBO,QC_280706_15533_Water_20031019_20040228.csv,F,None,8/30/2025 13:14,Upload,8/30/2025 13:14,Upload
280706,15533,2/4/2004 22:46,-0.18,deg C,ABM,HOBO,QC_280706_15533_Water_20031019_20040228.csv,F,None,8/30/2025 13:14,Upload,8/30/2025 13:14,Upload
280706,15533,2/4/2004 23:46,-0.18,deg C,ABM,HOBO,QC_280706_15533_Water_20031019_20040228.csv,F,None,8/30/2025 13:14,Upload,8/30/2025 13:14,Upload
280706,15533,2/5/2004 0:46,-0.18,deg C,ABM,HOBO,QC_280706_15533_Water_20031019_20040228.csv,F,None,8/30/2025 13:14,Upload,8/30/2025 13:14,Upload
280706,15533,2/5/2004 1:46,-0.18,deg C,ABM,HOBO,QC_280706_15533_Water_20031019_20040228.csv,F,None,8/30/2025 13:14,Upload,8/30/2025 13:14,Upload
280706,15533,2/5/2004 2:46,-0.18,deg C,ABM,HOBO,QC_280706_15533_Water_20031019_20040228.csv,F,None,8/30/2025 13:14,Upload,8/30/2025 13:14,Upload
280706,15533,2/5/2004 3:46,-0.18,deg C,ABM,HOBO,QC_280706_15533_Water_20031019_20040228.csv,F,None,8/30/2025 13:14,Upload,8/30/2025 13:14,Upload
280706,15533,2/5/2004 4:46,-0.18,deg C,ABM,HOBO,QC_280706_15533_Water_20031019_20040228.csv,F,None,8/30/2025 13:14,Upload,8/30/2025 13:14,Upload
280706,15533,2/5/2004 5:46,-0.18,deg C,ABM,HOBO,QC_280706_15533_Water_20031019_20040228.csv,F,None,8/30/2025 13:14,Upload,8/30/2025 13:14,Upload
280706,15533,2/5/2004 6:46,-0.18,deg C,ABM,HOBO,QC_280706_15533_Water_20031019_20040228.csv,F,None,8/30/2025 13:14,Upload,8/30/2025 13:14,Upload
280706,15533,2/5/2004 7:46,-0.18,deg C,ABM,HOBO,QC_280706_15533_Water_20031019_20040228.csv,F,None,8/30/2025 13:14,Upload,8/30/2025 13:14,Upload
280706,15533,2/5/2004 8:46,-0.18,deg C,ABM,HOBO,QC_280706_15533_Water_20031019_20040228.csv,F,None,8/30/2025 13:14,Upload,8/30/2025 13:14,Upload
280706,15533,2/5/2004 9:46,-0.18,deg C,ABM,HOBO,QC_280706_15533_Water_20031019_20040228.csv,F,None,8/30/2025 13:14,Upload,8/30/2025 13:14,Upload
280706,15533,2/5/2004 10:46,-0.18,deg C,ABM,HOBO,QC_280706_15533_Water_20031019_20040228.csv,F,None,8/30/2025 13:14,Upload,8/30/2025 13:14,Upload
280706,15533,2/5/2004 11:46,-0.18,deg C,ABM,HOBO,QC_280706_15533_Water_20031019_20040228.csv,F,None,8/30/2025 13:14,Upload,8/30/2025 13:14,Upload
280706,15533,2/5/2004 12:46,-0.18,deg C,ABM,HOBO,QC_280706_15533_Water_20031019_20040228.csv,F,None,8/30/2025 13:14,Upload,8/30/2025 13:14,Upload
280706,15533,2/5/2004 13:46,-0.18,deg C,ABM,HOBO,QC_280706_15533_Water_20031019_20040228.csv,F,None,8/30/2025 13:14,Upload,8/30/2025 13:14,Upload
280706,15533,2/5/2004 14:46,-0.18,deg C,ABM,HOBO,QC_280706_15533_Water_20031019_20040228.csv,F,None,8/30/2025 13:14,Upload,8/30/2025 13:14,Upload
280706,15533,2/5/2004 15:46,-0.18,deg C,ABM,HOBO,QC_280706_15533_Water_20031019_20040228.csv,F,None,8/30/2025 13:14,Upload,8/30/2025 13:14,Upload
280706,15533,2/5/2004 16:46,-0.18,deg C,ABM,HOBO,QC_280706_15533_Water_20031019_20040228.csv,F,None,8/30/2025 13:14,Upload,8/30/2025 13:14,Upload
280706,15533,2/5/2004 17:46,-0.18,deg C,ABM,HOBO,QC_280706_15533_Water_20031019_20040228.csv,F,None,8/30/2025 13:14,Upload,8/30/2025 13:14,Upload
280706,15533,2/5/2004 18:46,-0.18,deg C,ABM,HOBO,QC_280706_15533_Water_20031019_20040228.csv,F,None,8/30/2025 13:14,Upload,8/30/2025 13:14,Upload
280706,15533,2/5/2004 19:46,-0.18,deg C,ABM,HOBO,QC_280706_15533_Water_20031019_20040228.csv,F,None,8/30/2025 13:14,Upload,8/30/2025 13:14,Upload
280706,15533,2/5/2004 20:46,-0.18,deg C,ABM,HOBO,QC_280706_15533_Water_20031019_20040228.csv,F,None,8/30/2025 13:14,Upload,8/30/2025 13:14,Upload
280706,15533,2/5/2004 21:46,-0.18,deg C,ABM,HOBO,QC_280706_15533_Water_20031019_20040228.csv,F,None,8/30/2025 13:14,Upload,8/30/2025 13:14,Upload
280706,15533,2/5/2004 22:46,-0.18,deg C,ABM,HOBO,QC_280706_15533_Water_20031019_20040228.csv,F,None,8/30/2025 13:14,Upload,8/30/2025 13:14,Upload
280706,15533,2/5/2004 23:46,-0.18,deg C,ABM,HOBO,QC_280706_15533_Water_20031019_20040228.csv,F,None,8/30/2025 13:14,Upload,8/30/2025 13:14,Upload
280706,15533,2/6/2004 0:46,-0.18,deg C,ABM,HOBO,QC_280706_15533_Water_20031019_20040228.csv,F,None,8/30/2025 13:14,Upload,8/30/2025 13:14,Upload
280706,15533,2/6/2004 1:46,-0.18,deg C,ABM,HOBO,QC_280706_15533_Water_20031019_20040228.csv,F,None,8/30/2025 13:14,Upload,8/30/2025 13:14,Upload
280706,15533,2/6/2004 2:46,-0.18,deg C,ABM,HOBO,QC_280706_15533_Water_20031019_20040228.csv,F,None,8/30/2025 13:14,Upload,8/30/2025 13:14,Upload
280706,15533,2/6/2004 3:46,-0.18,deg C,ABM,HOBO,QC_280706_15533_Water_20031019_20040228.csv,F,None,8/30/2025 13:14,Upload,8/30/2025 13:14,Upload
280706,15533,2/6/2004 4:46,-0.18,deg C,ABM,HOBO,QC_280706_15533_Water_20031019_20040228.csv,F,None,8/30/2025 13:14,Upload,8/30/2025 13:14,Upload
280706,15533,2/6/2004 5:46,-0.18,deg C,ABM,HOBO,QC_280706_15533_Water_20031019_20040228.csv,F,None,8/30/2025 13:14,Upload,8/30/2025 13:14,Upload
280706,15533,2/6/2004 6:46,-0.18,deg C,ABM,HOBO,QC_280706_15533_Water_20031019_20040228.csv,F,None,8/30/2025 13:14,Upload,8/30/2025 13:14,Upload
280706,15533,2/6/2004 7:46,-0.18,deg C,ABM,HOBO,QC_280706_15533_Water_20031019_20040228.csv,F,None,8/30/2025 13:14,Upload,8/30/2025 13:14,Upload
280706,15533,2/6/2004 8:46,-0.18,deg C,ABM,HOBO,QC_280706_15533_Water_20031019_20040228.csv,F,None,8/30/2025 13:14,Upload,8/30/2025 13:14,Upload
280706,15533,2/6/2004 9:46,-0.18,deg C,ABM,HOBO,QC_280706_15533_Water_20031019_20040228.csv,F,None,8/30/2025 13:14,Upload,8/30/2025 13:14,Upload
280706,15533,2/6/2004 10:46,-0.18,deg C,ABM,HOBO,QC_280706_15533_Water_20031019_20040228.csv,F,None,8/30/2025 13:14,Upload,8/30/2025 13:14,Upload
280706,15533,2/6/2004 11:46,-0.18,deg C,ABM,HOBO,QC_280706_15533_Water_20031019_20040228.csv,F,None,8/30/2025 13:14,Upload,8/30/2025 13:14,Upload
280706,15533,2/6/2004 12:46,-0.18,deg C,ABM,HOBO,QC_280706_15533_Water_20031019_20040228.csv,F,None,8/30/2025 13:14,Upload,8/30/2025 13:14,Upload
280706,15533,2/6/2004 13:46,-0.18,deg C,ABM,HOBO,QC_280706_15533_Water_20031019_20040228.csv,F,None,8/30/2025 13:14,Upload,8/30/2025 13:14,Upload
280706,15533,2/6/2004 14:46,-0.18,deg C,ABM,HOBO,QC_280706_15533_Water_20031019_20040228.csv,F,None,8/30/2025 13:14,Upload,8/30/2025 13:14,Upload
280706,15533,2/6/2004 15:46,-0.18,deg C,ABM,HOBO,QC_280706_15533_Water_20031019_20040228.csv,F,None,8/30/2025 13:14,Upload,8/30/2025 13:14,Upload
280706,15533,2/6/2004 16:46,-0.18,deg C,ABM,HOBO,QC_280706_15533_Water_20031019_20040228.csv,F,None,8/30/2025 13:14,Upload,8/30/2025 13:14,Upload
280706,15533,2/6/2004 17:46,-0.18,deg C,ABM,HOBO,QC_280706_15533_Water_20031019_20040228.csv,F,None,8/30/2025 13:14,Upload,8/30/2025 13:14,Upload
280706,15533,2/6/2004 18:46,-0.02,deg C,ABM,HOBO,QC_280706_15533_Water_20031019_20040228.csv,S,None,8/30/2025 13:14,Upload,8/30/2025 13:14,Upload
280706,15533,2/6/2004 19:46,-0.02,deg C,ABM,HOBO,QC_280706_15533_Water_20031019_20040228.csv,P,None,8/30/2025 13:14,Upload,8/30/2025 13:14,Upload
280706,15533,2/6/2004 20:46,-0.02,deg C,ABM,HOBO,QC_280706_15533_Water_20031019_20040228.csv,P,None,8/30/2025 13:14,Upload,8/30/2025 13:14,Upload
280706,15533,2/6/2004 21:46,-0.02,deg C,ABM,HOBO,QC_280706_15533_Water_20031019_20040228.csv,P,None,8/30/2025 13:14,Upload,8/30/2025 13:14,Upload
280706,15533,2/6/2004 22:46,-0.02,deg C,ABM,HOBO,QC_280706_15533_Water_20031019_20040228.csv,P,None,8/30/2025 13:14,Upload,8/30/2025 13:14,Upload
280706,15533,2/6/2004 23:46,-0.02,deg C,ABM,HOBO,QC_280706_15533_Water_20031019_20040228.csv,P,None,8/30/2025 13:14,Upload,8/30/2025 13:14,Upload
280706,15533,2/7/2004 0:46,-0.18,deg C,ABM,HOBO,QC_280706_15533_Water_20031019_20040228.csv,S,None,8/30/2025 13:14,Upload,8/30/2025 13:14,Upload
280706,15533,2/7/2004 1:46,-0.18,deg C,ABM,HOBO,QC_280706_15533_Water_20031019_20040228.csv,S,None,8/30/2025 13:14,Upload,8/30/2025 13:14,Upload
280706,15533,2/7/2004 2:46,-0.18,deg C,ABM,HOBO,QC_280706_15533_Water_20031019_20040228.csv,S,None,8/30/2025 13:14,Upload,8/30/2025 13:14,Upload
280706,15533,2/7/2004 3:46,-0.18,deg C,ABM,HOBO,QC_280706_15533_Water_20031019_20040228.csv,S,None,8/30/2025 13:14,Upload,8/30/2025 13:14,Upload
280706,15533,2/7/2004 4:46,-0.18,deg C,ABM,HOBO,QC_280706_15533_Water_20031019_20040228.csv,S,None,8/30/2025 13:14,Upload,8/30/2025 13:14,Upload
280706,15533,2/7/2004 5:46,-0.18,deg C,ABM,HOBO,QC_280706_15533_Water_20031019_20040228.csv,S,None,8/30/2025 13:14,Upload,8/30/2025 13:14,Upload
280706,15533,2/7/2004 6:46,-0.18,deg C,ABM,HOBO,QC_280706_15533_Water_20031019_20040228.csv,S,None,8/30/2025 13:14,Upload,8/30/2025 13:14,Upload
280706,15533,2/7/2004 7:46,-0.18,deg C,ABM,HOBO,QC_280706_15533_Water_20031019_20040228.csv,S,None,8/30/2025 13:14,Upload,8/30/2025 13:14,Upload
280706,15533,2/7/2004 8:46,-0.18,deg C,ABM,HOBO,QC_280706_15533_Water_20031019_20040228.csv,S,None,8/30/2025 13:14,Upload,8/30/2025 13:14,Upload
280706,15533,2/7/2004 9:46,-0.18,deg C,ABM,HOBO,QC_280706_15533_Water_20031019_20040228.csv,S,None,8/30/2025 13:14,Upload,8/30/2025 13:14,Upload
280706,15533,2/7/2004 10:46,-0.18,deg C,ABM,HOBO,QC_280706_15533_Water_20031019_20040228.csv,S,None,8/30/2025 13:14,Upload,8/30/2025 13:14,Upload
280706,15533,2/7/2004 11:46,-0.18,deg C,ABM,HOBO,QC_280706_15533_Water_20031019_20040228.csv,S,None,8/30/2025 13:14,Upload,8/30/2025 13:14,Upload
280706,15533,2/7/2004 12:46,-0.02,deg C,ABM,HOBO,QC_280706_15533_Water_20031019_20040228.csv,P,None,8/30/2025 13:14,Upload,8/30/2025 13:14,Upload
280706,15533,2/7/2004 13:46,-0.02,deg C,ABM,HOBO,QC_280706_15533_Water_20031019_20040228.csv,P,None,8/30/2025 13:14,Upload,8/30/2025 13:14,Upload
280706,15533,2/7/2004 14:46,-0.02,deg C,ABM,HOBO,QC_280706_15533_Water_20031019_20040228.csv,P,None,8/30/2025 13:14,Upload,8/30/2025 13:14,Upload
280706,15533,2/7/2004 15:46,-0.18,deg C,ABM,HOBO,QC_280706_15533_Water_20031019_20040228.csv,S,None,8/30/2025 13:14,Upload,8/30/2025 13:14,Upload
280706,15533,2/7/2004 16:46,-0.18,deg C,ABM,HOBO,QC_280706_15533_Water_20031019_20040228.csv,S,None,8/30/2025 13:14,Upload,8/30/2025 13:14,Upload
280706,15533,2/7/2004 17:46,-0.18,deg C,ABM,HOBO,QC_280706_15533_Water_20031019_20040228.csv,S,None,8/30/2025 13:14,Upload,8/30/2025 13:14,Upload
280706,15533,2/7/2004 18:46,-0.18,deg C,ABM,HOBO,QC_280706_15533_Water_20031019_20040228.csv,S,None,8/30/2025 13:14,Upload,8/30/2025 13:14,Upload
280706,15533,2/7/2004 19:46,-0.18,deg C,ABM,HOBO,QC_280706_15533_Water_20031019_20040228.csv,S,None,8/30/2025 13:14,Upload,8/30/2025 13:14,Upload
280706,15533,2/7/2004 20:46,-0.18,deg C,ABM,HOBO,QC_280706_15533_Water_20031019_20040228.csv,S,None,8/30/2025 13:14,Upload,8/30/2025 13:14,Upload
280706,15533,2/7/2004 21:46,-0.18,deg C,ABM,HOBO,QC_280706_15533_Water_20031019_20040228.csv,S,None,8/30/2025 13:14,Upload,8/30/2025 13:14,Upload
280706,15533,2/7/2004 22:46,-0.18,deg C,ABM,HOBO,QC_280706_15533_Water_20031019_20040228.csv,S,None,8/30/2025 13:14,Upload,8/30/2025 13:14,Upload
280706,15533,2/7/2004 23:46,-0.18,deg C,ABM,HOBO,QC_280706_15533_Water_20031019_20040228.csv,S,None,8/30/2025 13:14,Upload,8/30/2025 13:14,Upload
280706,15533,2/8/2004 0:46,-0.18,deg C,ABM,HOBO,QC_280706_15533_Water_20031019_20040228.csv,S,None,8/30/2025 13:14,Upload,8/30/2025 13:14,Upload
280706,15533,2/8/2004 1:46,-0.18,deg C,ABM,HOBO,QC_280706_15533_Water_20031019_20040228.csv,S,None,8/30/2025 13:14,Upload,8/30/2025 13:14,Upload
280706,15533,2/8/2004 2:46,-0.18,deg C,ABM,HOBO,QC_280706_15533_Water_20031019_20040228.csv,S,None,8/30/2025 13:14,Upload,8/30/2025 13:14,Upload
280706,15533,2/8/2004 3:46,-0.18,deg C,ABM,HOBO,QC_280706_15533_Water_20031019_20040228.csv,S,None,8/30/2025 13:14,Upload,8/30/2025 13:14,Upload
280706,15533,2/8/2004 4:46,-0.18,deg C,ABM,HOBO,QC_280706_15533_Water_20031019_20040228.csv,S,None,8/30/2025 13:14,Upload,8/30/2025 13:14,Upload
280706,15533,2/8/2004 5:46,-0.18,deg C,ABM,HOBO,QC_280706_15533_Water_20031019_20040228.csv,S,None,8/30/2025 13:14,Upload,8/30/2025 13:14,Upload
280706,15533,2/8/2004 6:46,-0.18,deg C,ABM,HOBO,QC_280706_15533_Water_20031019_20040228.csv,S,None,8/30/2025 13:14,Upload,8/30/2025 13:14,Upload
280706,15533,2/8/2004 7:46,-0.18,deg C,ABM,HOBO,QC_280706_15533_Water_20031019_20040228.csv,S,None,8/30/2025 13:14,Upload,8/30/2025 13:14,Upload
280706,15533,2/8/2004 8:46,-0.18,deg C,ABM,HOBO,QC_280706_15533_Water_20031019_20040228.csv,S,None,8/30/2025 13:14,Upload,8/30/2025 13:14,Upload
280706,15533,2/8/2004 9:46,-0.18,deg C,ABM,HOBO,QC_280706_15533_Water_20031019_20040228.csv,S,None,8/30/2025 13:14,Upload,8/30/2025 13:14,Upload
280706,15533,2/8/2004 10:46,-0.18,deg C,ABM,HOBO,QC_280706_15533_Water_20031019_20040228.csv,S,None,8/30/2025 13:14,Upload,8/30/2025 13:14,Upload
280706,15533,2/8/2004 11:46,-0.18,deg C,ABM,HOBO,QC_280706_15533_Water_20031019_20040228.csv,S,None,8/30/2025 13:14,Upload,8/30/2025 13:14,Upload
280706,15533,2/8/2004 12:46,-0.18,deg C,ABM,HOBO,QC_280706_15533_Water_20031019_20040228.csv,S,None,8/30/2025 13:14,Upload,8/30/2025 13:14,Upload
280706,15533,2/8/2004 13:46,-0.18,deg C,ABM,HOBO,QC_280706_15533_Water_20031019_20040228.csv,S,None,8/30/2025 13:14,Upload,8/30/2025 13:14,Upload
280706,15533,2/8/2004 14:46,-0.18,deg C,ABM,HOBO,QC_280706_15533_Water_20031019_20040228.csv,S,None,8/30/2025 13:14,Upload,8/30/2025 13:14,Upload
280706,15533,2/8/2004 15:46,-0.18,deg C,ABM,HOBO,QC_280706_15533_Water_20031019_20040228.csv,S,None,8/30/2025 13:14,Upload,8/30/2025 13:14,Upload
280706,15533,2/8/2004 16:46,-0.18,deg C,ABM,HOBO,QC_280706_15533_Water_20031019_20040228.csv,S,None,8/30/2025 13:14,Upload,8/30/2025 13:14,Upload
280706,15533,2/8/2004 17:46,-0.18,deg C,ABM,HOBO,QC_280706_15533_Water_20031019_20040228.csv,S,None,8/30/2025 13:14,Upload,8/30/2025 13:14,Upload
280706,15533,2/8/2004 18:46,-0.18,deg C,ABM,HOBO,QC_280706_15533_Water_20031019_20040228.csv,S,None,8/30/2025 13:14,Upload,8/30/2025 13:14,Upload
280706,15533,2/8/2004 19:46,-0.18,deg C,ABM,HOBO,QC_280706_15533_Water_20031019_20040228.csv,S,None,8/30/2025 13:14,Upload,8/30/2025 13:14,Upload
280706,15533,2/8/2004 20:46,-0.18,deg C,ABM,HOBO,QC_280706_15533_Water_20031019_20040228.csv,S,None,8/30/2025 13:14,Upload,8/30/2025 13:14,Upload
280706,15533,2/8/2004 21:46,-0.18,deg C,ABM,HOBO,QC_280706_15533_Water_20031019_20040228.csv,F,None,8/30/2025 13:14,Upload,8/30/2025 13:14,Upload
280706,15533,2/8/2004 22:46,-0.18,deg C,ABM,HOBO,QC_280706_15533_Water_20031019_20040228.csv,F,None,8/30/2025 13:14,Upload,8/30/2025 13:14,Upload
280706,15533,2/8/2004 23:46,-0.18,deg C,ABM,HOBO,QC_280706_15533_Water_20031019_20040228.csv,F,None,8/30/2025 13:14,Upload,8/30/2025 13:14,Upload
280706,15533,2/9/2004 0:46,-0.18,deg C,ABM,HOBO,QC_280706_15533_Water_20031019_20040228.csv,F,None,8/30/2025 13:14,Upload,8/30/2025 13:14,Upload
280706,15533,2/9/2004 1:46,-0.18,deg C,ABM,HOBO,QC_280706_15533_Water_20031019_20040228.csv,F,None,8/30/2025 13:14,Upload,8/30/2025 13:14,Upload
280706,15533,2/9/2004 2:46,-0.18,deg C,ABM,HOBO,QC_280706_15533_Water_20031019_20040228.csv,F,None,8/30/2025 13:14,Upload,8/30/2025 13:14,Upload
280706,15533,2/9/2004 3:46,-0.18,deg C,ABM,HOBO,QC_280706_15533_Water_20031019_20040228.csv,F,None,8/30/2025 13:14,Upload,8/30/2025 13:14,Upload
280706,15533,2/9/2004 4:46,-0.18,deg C,ABM,HOBO,QC_280706_15533_Water_20031019_20040228.csv,F,None,8/30/2025 13:14,Upload,8/30/2025 13:14,Upload
280706,15533,2/9/2004 5:46,-0.18,deg C,ABM,HOBO,QC_280706_15533_Water_20031019_20040228.csv,F,None,8/30/2025 13:14,Upload,8/30/2025 13:14,Upload
280706,15533,2/9/2004 6:46,-0.18,deg C,ABM,HOBO,QC_280706_15533_Water_20031019_20040228.csv,F,None,8/30/2025 13:14,Upload,8/30/2025 13:14,Upload
280706,15533,2/9/2004 7:46,-0.18,deg C,ABM,HOBO,QC_280706_15533_Water_20031019_20040228.csv,F,None,8/30/2025 13:14,Upload,8/30/2025 13:14,Upload
280706,15533,2/9/2004 8:46,-0.18,deg C,ABM,HOBO,QC_280706_15533_Water_20031019_20040228.csv,F,None,8/30/2025 13:14,Upload,8/30/2025 13:14,Upload
280706,15533,2/9/2004 9:46,-0.18,deg C,ABM,HOBO,QC_280706_15533_Water_20031019_20040228.csv,F,None,8/30/2025 13:14,Upload,8/30/2025 13:14,Upload
280706,15533,2/9/2004 10:46,-0.18,deg C,ABM,HOBO,QC_280706_15533_Water_20031019_20040228.csv,F,None,8/30/2025 13:14,Upload,8/30/2025 13:14,Upload
280706,15533,2/9/2004 11:46,-0.18,deg C,ABM,HOBO,QC_280706_15533_Water_20031019_20040228.csv,F,None,8/30/2025 13:14,Upload,8/30/2025 13:14,Upload
280706,15533,2/9/2004 12:46,-0.18,deg C,ABM,HOBO,QC_280706_15533_Water_20031019_20040228.csv,F,None,8/30/2025 13:14,Upload,8/30/2025 13:14,Upload
280706,15533,2/9/2004 13:46,-0.18,deg C,ABM,HOBO,QC_280706_15533_Water_20031019_20040228.csv,F,None,8/30/2025 13:14,Upload,8/30/2025 13:14,Upload
280706,15533,2/9/2004 14:46,-0.18,deg C,ABM,HOBO,QC_280706_15533_Water_20031019_20040228.csv,F,None,8/30/2025 13:14,Upload,8/30/2025 13:14,Upload
280706,15533,2/9/2004 15:46,-0.18,deg C,ABM,HOBO,QC_280706_15533_Water_20031019_20040228.csv,F,None,8/30/2025 13:14,Upload,8/30/2025 13:14,Upload
280706,15533,2/9/2004 16:46,-0.18,deg C,ABM,HOBO,QC_280706_15533_Water_20031019_20040228.csv,F,None,8/30/2025 13:14,Upload,8/30/2025 13:14,Upload
280706,15533,2/9/2004 17:46,-0.18,deg C,ABM,HOBO,QC_280706_15533_Water_20031019_20040228.csv,F,None,8/30/2025 13:14,Upload,8/30/2025 13:14,Upload
280706,15533,2/9/2004 18:46,-0.18,deg C,ABM,HOBO,QC_280706_15533_Water_20031019_20040228.csv,F,None,8/30/2025 13:14,Upload,8/30/2025 13:14,Upload
280706,15533,2/9/2004 19:46,-0.18,deg C,ABM,HOBO,QC_280706_15533_Water_20031019_20040228.csv,F,None,8/30/2025 13:14,Upload,8/30/2025 13:14,Upload
280706,15533,2/9/2004 20:46,-0.18,deg C,ABM,HOBO,QC_280706_15533_Water_20031019_20040228.csv,F,None,8/30/2025 13:14,Upload,8/30/2025 13:14,Upload
280706,15533,2/9/2004 21:46,-0.18,deg C,ABM,HOBO,QC_280706_15533_Water_20031019_20040228.csv,F,None,8/30/2025 13:14,Upload,8/30/2025 13:14,Upload
280706,15533,2/9/2004 22:46,-0.18,deg C,ABM,HOBO,QC_280706_15533_Water_20031019_20040228.csv,F,None,8/30/2025 13:14,Upload,8/30/2025 13:14,Upload
280706,15533,2/9/2004 23:46,-0.18,deg C,ABM,HOBO,QC_280706_15533_Water_20031019_20040228.csv,F,None,8/30/2025 13:14,Upload,8/30/2025 13:14,Upload
280706,15533,2/10/2004 0:46,-0.18,deg C,ABM,HOBO,QC_280706_15533_Water_20031019_20040228.csv,F,None,8/30/2025 13:14,Upload,8/30/2025 13:14,Upload
280706,15533,2/10/2004 1:46,-0.18,deg C,ABM,HOBO,QC_280706_15533_Water_20031019_20040228.csv,F,None,8/30/2025 13:14,Upload,8/30/2025 13:14,Upload
280706,15533,2/10/2004 2:46,-0.18,deg C,ABM,HOBO,QC_280706_15533_Water_20031019_20040228.csv,F,None,8/30/2025 13:14,Upload,8/30/2025 13:14,Upload
280706,15533,2/10/2004 3:46,-0.18,deg C,ABM,HOBO,QC_280706_15533_Water_20031019_20040228.csv,F,None,8/30/2025 13:14,Upload,8/30/2025 13:14,Upload
280706,15533,2/10/2004 4:46,-0.18,deg C,ABM,HOBO,QC_280706_15533_Water_20031019_20040228.csv,F,None,8/30/2025 13:14,Upload,8/30/2025 13:14,Upload
280706,15533,2/10/2004 5:46,-0.18,deg C,ABM,HOBO,QC_280706_15533_Water_20031019_20040228.csv,F,None,8/30/2025 13:14,Upload,8/30/2025 13:14,Upload
280706,15533,2/10/2004 6:46,-0.18,deg C,ABM,HOBO,QC_280706_15533_Water_20031019_20040228.csv,F,None,8/30/2025 13:14,Upload,8/30/2025 13:14,Upload
280706,15533,2/10/2004 7:46,-0.18,deg C,ABM,HOBO,QC_280706_15533_Water_20031019_20040228.csv,F,None,8/30/2025 13:14,Upload,8/30/2025 13:14,Upload
280706,15533,2/10/2004 8:46,-0.18,deg C,ABM,HOBO,QC_280706_15533_Water_20031019_20040228.csv,F,None,8/30/2025 13:14,Upload,8/30/2025 13:14,Upload
280706,15533,2/10/2004 9:46,-0.18,deg C,ABM,HOBO,QC_280706_15533_Water_20031019_20040228.csv,F,None,8/30/2025 13:14,Upload,8/30/2025 13:14,Upload
280706,15533,2/10/2004 10:46,-0.18,deg C,ABM,HOBO,QC_280706_15533_Water_20031019_20040228.csv,F,None,8/30/2025 13:14,Upload,8/30/2025 13:14,Upload
280706,15533,2/10/2004 11:46,-0.18,deg C,ABM,HOBO,QC_280706_15533_Water_20031019_20040228.csv,F,None,8/30/2025 13:14,Upload,8/30/2025 13:14,Upload
280706,15533,2/10/2004 12:46,-0.18,deg C,ABM,HOBO,QC_280706_15533_Water_20031019_20040228.csv,F,None,8/30/2025 13:14,Upload,8/30/2025 13:14,Upload
280706,15533,2/10/2004 13:46,-0.02,deg C,ABM,HOBO,QC_280706_15533_Water_20031019_20040228.csv,S,None,8/30/2025 13:14,Upload,8/30/2025 13:14,Upload
280706,15533,2/10/2004 14:46,-0.02,deg C,ABM,HOBO,QC_280706_15533_Water_20031019_20040228.csv,P,None,8/30/2025 13:14,Upload,8/30/2025 13:14,Upload
280706,15533,2/10/2004 15:46,-0.02,deg C,ABM,HOBO,QC_280706_15533_Water_20031019_20040228.csv,P,None,8/30/2025 13:14,Upload,8/30/2025 13:14,Upload
280706,15533,2/10/2004 16:46,-0.02,deg C,ABM,HOBO,QC_280706_15533_Water_20031019_20040228.csv,P,None,8/30/2025 13:14,Upload,8/30/2025 13:14,Upload
280706,15533,2/10/2004 17:46,-0.18,deg C,ABM,HOBO,QC_280706_15533_Water_20031019_20040228.csv,S,None,8/30/2025 13:14,Upload,8/30/2025 13:14,Upload
280706,15533,2/10/2004 18:46,-0.18,deg C,ABM,HOBO,QC_280706_15533_Water_20031019_20040228.csv,S,None,8/30/2025 13:14,Upload,8/30/2025 13:14,Upload
280706,15533,2/10/2004 19:46,-0.18,deg C,ABM,HOBO,QC_280706_15533_Water_20031019_20040228.csv,S,None,8/30/2025 13:14,Upload,8/30/2025 13:14,Upload
280706,15533,2/10/2004 20:46,-0.18,deg C,ABM,HOBO,QC_280706_15533_Water_20031019_20040228.csv,S,None,8/30/2025 13:14,Upload,8/30/2025 13:14,Upload
280706,15533,2/10/2004 21:46,-0.18,deg C,ABM,HOBO,QC_280706_15533_Water_20031019_20040228.csv,S,None,8/30/2025 13:14,Upload,8/30/2025 13:14,Upload
280706,15533,2/10/2004 22:46,-0.18,deg C,ABM,HOBO,QC_280706_15533_Water_20031019_20040228.csv,S,None,8/30/2025 13:14,Upload,8/30/2025 13:14,Upload
280706,15533,2/10/2004 23:46,-0.18,deg C,ABM,HOBO,QC_280706_15533_Water_20031019_20040228.csv,S,None,8/30/2025 13:14,Upload,8/30/2025 13:14,Upload
280706,15533,2/11/2004 0:46,-0.18,deg C,ABM,HOBO,QC_280706_15533_Water_20031019_20040228.csv,S,None,8/30/2025 13:14,Upload,8/30/2025 13:14,Upload
280706,15533,2/11/2004 1:46,-0.18,deg C,ABM,HOBO,QC_280706_15533_Water_20031019_20040228.csv,S,None,8/30/2025 13:14,Upload,8/30/2025 13:14,Upload
280706,15533,2/11/2004 2:46,-0.18,deg C,ABM,HOBO,QC_280706_15533_Water_20031019_20040228.csv,S,None,8/30/2025 13:14,Upload,8/30/2025 13:14,Upload
280706,15533,2/11/2004 3:46,-0.18,deg C,ABM,HOBO,QC_280706_15533_Water_20031019_20040228.csv,S,None,8/30/2025 13:14,Upload,8/30/2025 13:14,Upload
280706,15533,2/11/2004 4:46,-0.18,deg C,ABM,HOBO,QC_280706_15533_Water_20031019_20040228.csv,S,None,8/30/2025 13:14,Upload,8/30/2025 13:14,Upload
280706,15533,2/11/2004 5:46,-0.18,deg C,ABM,HOBO,QC_280706_15533_Water_20031019_20040228.csv,S,None,8/30/2025 13:14,Upload,8/30/2025 13:14,Upload
280706,15533,2/11/2004 6:46,-0.18,deg C,ABM,HOBO,QC_280706_15533_Water_20031019_20040228.csv,S,None,8/30/2025 13:14,Upload,8/30/2025 13:14,Upload
280706,15533,2/11/2004 7:46,-0.18,deg C,ABM,HOBO,QC_280706_15533_Water_20031019_20040228.csv,S,None,8/30/2025 13:14,Upload,8/30/2025 13:14,Upload
280706,15533,2/11/2004 8:46,-0.18,deg C,ABM,HOBO,QC_280706_15533_Water_20031019_20040228.csv,S,None,8/30/2025 13:14,Upload,8/30/2025 13:14,Upload
280706,15533,2/11/2004 9:46,-0.18,deg C,ABM,HOBO,QC_280706_15533_Water_20031019_20040228.csv,S,None,8/30/2025 13:14,Upload,8/30/2025 13:14,Upload
280706,15533,2/11/2004 10:46,-0.18,deg C,ABM,HOBO,QC_280706_15533_Water_20031019_20040228.csv,S,None,8/30/2025 13:14,Upload,8/30/2025 13:14,Upload
280706,15533,2/11/2004 11:46,-0.18,deg C,ABM,HOBO,QC_280706_15533_Water_20031019_20040228.csv,S,None,8/30/2025 13:14,Upload,8/30/2025 13:14,Upload
280706,15533,2/11/2004 12:46,-0.18,deg C,ABM,HOBO,QC_280706_15533_Water_20031019_20040228.csv,S,None,8/30/2025 13:14,Upload,8/30/2025 13:14,Upload
280706,15533,2/11/2004 13:46,-0.02,deg C,ABM,HOBO,QC_280706_15533_Water_20031019_20040228.csv,P,None,8/30/2025 13:14,Upload,8/30/2025 13:14,Upload
280706,15533,2/11/2004 14:46,-0.02,deg C,ABM,HOBO,QC_280706_15533_Water_20031019_20040228.csv,P,None,8/30/2025 13:14,Upload,8/30/2025 13:14,Upload
280706,15533,2/11/2004 15:46,-0.18,deg C,ABM,HOBO,QC_280706_15533_Water_20031019_20040228.csv,S,None,8/30/2025 13:14,Upload,8/30/2025 13:14,Upload
280706,15533,2/11/2004 16:46,-0.18,deg C,ABM,HOBO,QC_280706_15533_Water_20031019_20040228.csv,S,None,8/30/2025 13:14,Upload,8/30/2025 13:14,Upload
280706,15533,2/11/2004 17:46,-0.18,deg C,ABM,HOBO,QC_280706_15533_Water_20031019_20040228.csv,S,None,8/30/2025 13:14,Upload,8/30/2025 13:14,Upload
280706,15533,2/11/2004 18:46,-0.18,deg C,ABM,HOBO,QC_280706_15533_Water_20031019_20040228.csv,S,None,8/30/2025 13:14,Upload,8/30/2025 13:14,Upload
280706,15533,2/11/2004 19:46,-0.18,deg C,ABM,HOBO,QC_280706_15533_Water_20031019_20040228.csv,S,None,8/30/2025 13:14,Upload,8/30/2025 13:14,Upload
280706,15533,2/11/2004 20:46,-0.18,deg C,ABM,HOBO,QC_280706_15533_Water_20031019_20040228.csv,S,None,8/30/2025 13:14,Upload,8/30/2025 13:14,Upload
280706,15533,2/11/2004 21:46,-0.18,deg C,ABM,HOBO,QC_280706_15533_Water_20031019_20040228.csv,S,None,8/30/2025 13:14,Upload,8/30/2025 13:14,Upload
280706,15533,2/11/2004 22:46,-0.18,deg C,ABM,HOBO,QC_280706_15533_Water_20031019_20040228.csv,S,None,8/30/2025 13:14,Upload,8/30/2025 13:14,Upload
280706,15533,2/11/2004 23:46,-0.18,deg C,ABM,HOBO,QC_280706_15533_Water_20031019_20040228.csv,S,None,8/30/2025 13:14,Upload,8/30/2025 13:14,Upload
280706,15533,2/12/2004 0:46,-0.18,deg C,ABM,HOBO,QC_280706_15533_Water_20031019_20040228.csv,S,None,8/30/2025 13:14,Upload,8/30/2025 13:14,Upload
280706,15533,2/12/2004 1:46,-0.18,deg C,ABM,HOBO,QC_280706_15533_Water_20031019_20040228.csv,S,None,8/30/2025 13:14,Upload,8/30/2025 13:14,Upload
280706,15533,2/12/2004 2:46,-0.18,deg C,ABM,HOBO,QC_280706_15533_Water_20031019_20040228.csv,S,None,8/30/2025 13:14,Upload,8/30/2025 13:14,Upload
280706,15533,2/12/2004 3:46,-0.18,deg C,ABM,HOBO,QC_280706_15533_Water_20031019_20040228.csv,S,None,8/30/2025 13:14,Upload,8/30/2025 13:14,Upload
280706,15533,2/12/2004 4:46,-0.18,deg C,ABM,HOBO,QC_280706_15533_Water_20031019_20040228.csv,S,None,8/30/2025 13:14,Upload,8/30/2025 13:14,Upload
280706,15533,2/12/2004 5:46,-0.18,deg C,ABM,HOBO,QC_280706_15533_Water_20031019_20040228.csv,S,None,8/30/2025 13:14,Upload,8/30/2025 13:14,Upload
280706,15533,2/12/2004 6:46,-0.18,deg C,ABM,HOBO,QC_280706_15533_Water_20031019_20040228.csv,S,None,8/30/2025 13:14,Upload,8/30/2025 13:14,Upload
280706,15533,2/12/2004 7:46,-0.18,deg C,ABM,HOBO,QC_280706_15533_Water_20031019_20040228.csv,S,None,8/30/2025 13:14,Upload,8/30/2025 13:14,Upload
280706,15533,2/12/2004 8:46,-0.18,deg C,ABM,HOBO,QC_280706_15533_Water_20031019_20040228.csv,S,None,8/30/2025 13:14,Upload,8/30/2025 13:14,Upload
280706,15533,2/12/2004 9:46,-0.18,deg C,ABM,HOBO,QC_280706_15533_Water_20031019_20040228.csv,S,None,8/30/2025 13:14,Upload,8/30/2025 13:14,Upload
280706,15533,2/12/2004 10:46,-0.18,deg C,ABM,HOBO,QC_280706_15533_Water_20031019_20040228.csv,S,None,8/30/2025 13:14,Upload,8/30/2025 13:14,Upload
280706,15533,2/12/2004 11:46,-0.18,deg C,ABM,HOBO,QC_280706_15533_Water_20031019_20040228.csv,S,None,8/30/2025 13:14,Upload,8/30/2025 13:14,Upload
280706,15533,2/12/2004 12:46,-0.18,deg C,ABM,HOBO,QC_280706_15533_Water_20031019_20040228.csv,S,None,8/30/2025 13:14,Upload,8/30/2025 13:14,Upload
280706,15533,2/12/2004 13:46,-0.18,deg C,ABM,HOBO,QC_280706_15533_Water_20031019_20040228.csv,S,None,8/30/2025 13:14,Upload,8/30/2025 13:14,Upload
280706,15533,2/12/2004 14:46,-0.18,deg C,ABM,HOBO,QC_280706_15533_Water_20031019_20040228.csv,S,None,8/30/2025 13:14,Upload,8/30/2025 13:14,Upload
280706,15533,2/12/2004 15:46,-0.18,deg C,ABM,HOBO,QC_280706_15533_Water_20031019_20040228.csv,S,None,8/30/2025 13:14,Upload,8/30/2025 13:14,Upload
280706,15533,2/12/2004 16:46,-0.18,deg C,ABM,HOBO,QC_280706_15533_Water_20031019_20040228.csv,S,None,8/30/2025 13:14,Upload,8/30/2025 13:14,Upload
280706,15533,2/12/2004 17:46,-0.18,deg C,ABM,HOBO,QC_280706_15533_Water_20031019_20040228.csv,S,None,8/30/2025 13:14,Upload,8/30/2025 13:14,Upload
280706,15533,2/12/2004 18:46,-0.18,deg C,ABM,HOBO,QC_280706_15533_Water_20031019_20040228.csv,S,None,8/30/2025 13:14,Upload,8/30/2025 13:14,Upload
280706,15533,2/12/2004 19:46,-0.18,deg C,ABM,HOBO,QC_280706_15533_Water_20031019_20040228.csv,S,None,8/30/2025 13:14,Upload,8/30/2025 13:14,Upload
280706,15533,2/12/2004 20:46,-0.18,deg C,ABM,HOBO,QC_280706_15533_Water_20031019_20040228.csv,S,None,8/30/2025 13:14,Upload,8/30/2025 13:14,Upload
280706,15533,2/12/2004 21:46,-0.18,deg C,ABM,HOBO,QC_280706_15533_Water_20031019_20040228.csv,F,None,8/30/2025 13:14,Upload,8/30/2025 13:14,Upload
280706,15533,2/12/2004 22:46,-0.18,deg C,ABM,HOBO,QC_280706_15533_Water_20031019_20040228.csv,F,None,8/30/2025 13:14,Upload,8/30/2025 13:14,Upload
280706,15533,2/12/2004 23:46,-0.18,deg C,ABM,HOBO,QC_280706_15533_Water_20031019_20040228.csv,F,None,8/30/2025 13:14,Upload,8/30/2025 13:14,Upload
280706,15533,2/13/2004 0:46,-0.18,deg C,ABM,HOBO,QC_280706_15533_Water_20031019_20040228.csv,F,None,8/30/2025 13:14,Upload,8/30/2025 13:14,Upload
280706,15533,2/13/2004 1:46,-0.18,deg C,ABM,HOBO,QC_280706_15533_Water_20031019_20040228.csv,F,None,8/30/2025 13:14,Upload,8/30/2025 13:14,Upload
280706,15533,2/13/2004 2:46,-0.18,deg C,ABM,HOBO,QC_280706_15533_Water_20031019_20040228.csv,F,None,8/30/2025 13:14,Upload,8/30/2025 13:14,Upload
280706,15533,2/13/2004 3:46,-0.18,deg C,ABM,HOBO,QC_280706_15533_Water_20031019_20040228.csv,F,None,8/30/2025 13:14,Upload,8/30/2025 13:14,Upload
280706,15533,2/13/2004 4:46,-0.18,deg C,ABM,HOBO,QC_280706_15533_Water_20031019_20040228.csv,F,None,8/30/2025 13:14,Upload,8/30/2025 13:14,Upload
280706,15533,2/13/2004 5:46,-0.18,deg C,ABM,HOBO,QC_280706_15533_Water_20031019_20040228.csv,F,None,8/30/2025 13:14,Upload,8/30/2025 13:14,Upload
280706,15533,2/13/2004 6:46,-0.18,deg C,ABM,HOBO,QC_280706_15533_Water_20031019_20040228.csv,F,None,8/30/2025 13:14,Upload,8/30/2025 13:14,Upload
280706,15533,2/13/2004 7:46,-0.18,deg C,ABM,HOBO,QC_280706_15533_Water_20031019_20040228.csv,F,None,8/30/2025 13:14,Upload,8/30/2025 13:14,Upload
280706,15533,2/13/2004 8:46,-0.18,deg C,ABM,HOBO,QC_280706_15533_Water_20031019_20040228.csv,F,None,8/30/2025 13:14,Upload,8/30/2025 13:14,Upload
280706,15533,2/13/2004 9:46,-0.18,deg C,ABM,HOBO,QC_280706_15533_Water_20031019_20040228.csv,F,None,8/30/2025 13:14,Upload,8/30/2025 13:14,Upload
280706,15533,2/13/2004 10:46,-0.18,deg C,ABM,HOBO,QC_280706_15533_Water_20031019_20040228.csv,F,None,8/30/2025 13:14,Upload,8/30/2025 13:14,Upload
280706,15533,2/13/2004 11:46,-0.18,deg C,ABM,HOBO,QC_280706_15533_Water_20031019_20040228.csv,F,None,8/30/2025 13:14,Upload,8/30/2025 13:14,Upload
280706,15533,2/13/2004 12:46,-0.02,deg C,ABM,HOBO,QC_280706_15533_Water_20031019_20040228.csv,S,None,8/30/2025 13:14,Upload,8/30/2025 13:14,Upload
280706,15533,2/13/2004 13:46,-0.02,deg C,ABM,HOBO,QC_280706_15533_Water_20031019_20040228.csv,P,None,8/30/2025 13:14,Upload,8/30/2025 13:14,Upload
280706,15533,2/13/2004 14:46,-0.02,deg C,ABM,HOBO,QC_280706_15533_Water_20031019_20040228.csv,P,None,8/30/2025 13:14,Upload,8/30/2025 13:14,Upload
280706,15533,2/13/2004 15:46,-0.02,deg C,ABM,HOBO,QC_280706_15533_Water_20031019_20040228.csv,P,None,8/30/2025 13:14,Upload,8/30/2025 13:14,Upload
280706,15533,2/13/2004 16:46,-0.02,deg C,ABM,HOBO,QC_280706_15533_Water_20031019_20040228.csv,P,None,8/30/2025 13:14,Upload,8/30/2025 13:14,Upload
280706,15533,2/13/2004 17:46,-0.18,deg C,ABM,HOBO,QC_280706_15533_Water_20031019_20040228.csv,S,None,8/30/2025 13:14,Upload,8/30/2025 13:14,Upload
280706,15533,2/13/2004 18:46,-0.18,deg C,ABM,HOBO,QC_280706_15533_Water_20031019_20040228.csv,S,None,8/30/2025 13:14,Upload,8/30/2025 13:14,Upload
280706,15533,2/13/2004 19:46,-0.18,deg C,ABM,HOBO,QC_280706_15533_Water_20031019_20040228.csv,S,None,8/30/2025 13:14,Upload,8/30/2025 13:14,Upload
280706,15533,2/13/2004 20:46,-0.18,deg C,ABM,HOBO,QC_280706_15533_Water_20031019_20040228.csv,S,None,8/30/2025 13:14,Upload,8/30/2025 13:14,Upload
280706,15533,2/13/2004 21:46,-0.18,deg C,ABM,HOBO,QC_280706_15533_Water_20031019_20040228.csv,S,None,8/30/2025 13:14,Upload,8/30/2025 13:14,Upload
280706,15533,2/13/2004 22:46,-0.18,deg C,ABM,HOBO,QC_280706_15533_Water_20031019_20040228.csv,S,None,8/30/2025 13:14,Upload,8/30/2025 13:14,Upload
280706,15533,2/13/2004 23:46,-0.18,deg C,ABM,HOBO,QC_280706_15533_Water_20031019_20040228.csv,S,None,8/30/2025 13:14,Upload,8/30/2025 13:14,Upload
280706,15533,2/14/2004 0:46,-0.18,deg C,ABM,HOBO,QC_280706_15533_Water_20031019_20040228.csv,S,None,8/30/2025 13:14,Upload,8/30/2025 13:14,Upload
280706,15533,2/14/2004 1:46,-0.18,deg C,ABM,HOBO,QC_280706_15533_Water_20031019_20040228.csv,S,None,8/30/2025 13:14,Upload,8/30/2025 13:14,Upload
280706,15533,2/14/2004 2:46,-0.18,deg C,ABM,HOBO,QC_280706_15533_Water_20031019_20040228.csv,S,None,8/30/2025 13:14,Upload,8/30/2025 13:14,Upload
280706,15533,2/14/2004 3:46,-0.18,deg C,ABM,HOBO,QC_280706_15533_Water_20031019_20040228.csv,S,None,8/30/2025 13:14,Upload,8/30/2025 13:14,Upload
280706,15533,2/14/2004 4:46,-0.18,deg C,ABM,HOBO,QC_280706_15533_Water_20031019_20040228.csv,S,None,8/30/2025 13:14,Upload,8/30/2025 13:14,Upload
280706,15533,2/14/2004 5:46,-0.18,deg C,ABM,HOBO,QC_280706_15533_Water_20031019_20040228.csv,S,None,8/30/2025 13:14,Upload,8/30/2025 13:14,Upload
280706,15533,2/14/2004 6:46,-0.18,deg C,ABM,HOBO,QC_280706_15533_Water_20031019_20040228.csv,S,None,8/30/2025 13:14,Upload,8/30/2025 13:14,Upload
280706,15533,2/14/2004 7:46,-0.18,deg C,ABM,HOBO,QC_280706_15533_Water_20031019_20040228.csv,S,None,8/30/2025 13:14,Upload,8/30/2025 13:14,Upload
280706,15533,2/14/2004 8:46,-0.18,deg C,ABM,HOBO,QC_280706_15533_Water_20031019_20040228.csv,S,None,8/30/2025 13:14,Upload,8/30/2025 13:14,Upload
280706,15533,2/14/2004 9:46,-0.18,deg C,ABM,HOBO,QC_280706_15533_Water_20031019_20040228.csv,S,None,8/30/2025 13:14,Upload,8/30/2025 13:14,Upload
280706,15533,2/14/2004 10:46,-0.18,deg C,ABM,HOBO,QC_280706_15533_Water_20031019_20040228.csv,S,None,8/30/2025 13:14,Upload,8/30/2025 13:14,Upload
280706,15533,2/14/2004 11:46,-0.18,deg C,ABM,HOBO,QC_280706_15533_Water_20031019_20040228.csv,S,None,8/30/2025 13:14,Upload,8/30/2025 13:14,Upload
280706,15533,2/14/2004 12:46,-0.18,deg C,ABM,HOBO,QC_280706_15533_Water_20031019_20040228.csv,S,None,8/30/2025 13:14,Upload,8/30/2025 13:14,Upload
280706,15533,2/14/2004 13:46,-0.02,deg C,ABM,HOBO,QC_280706_15533_Water_20031019_20040228.csv,P,None,8/30/2025 13:14,Upload,8/30/2025 13:14,Upload
280706,15533,2/14/2004 14:46,-0.02,deg C,ABM,HOBO,QC_280706_15533_Water_20031019_20040228.csv,P,None,8/30/2025 13:14,Upload,8/30/2025 13:14,Upload
280706,15533,2/14/2004 15:46,-0.02,deg C,ABM,HOBO,QC_280706_15533_Water_20031019_20040228.csv,P,None,8/30/2025 13:14,Upload,8/30/2025 13:14,Upload
280706,15533,2/14/2004 16:46,-0.02,deg C,ABM,HOBO,QC_280706_15533_Water_20031019_20040228.csv,P,None,8/30/2025 13:14,Upload,8/30/2025 13:14,Upload
280706,15533,2/14/2004 17:46,-0.18,deg C,ABM,HOBO,QC_280706_15533_Water_20031019_20040228.csv,S,None,8/30/2025 13:14,Upload,8/30/2025 13:14,Upload
280706,15533,2/14/2004 18:46,-0.18,deg C,ABM,HOBO,QC_280706_15533_Water_20031019_20040228.csv,S,None,8/30/2025 13:14,Upload,8/30/2025 13:14,Upload
280706,15533,2/14/2004 19:46,-0.18,deg C,ABM,HOBO,QC_280706_15533_Water_20031019_20040228.csv,S,None,8/30/2025 13:14,Upload,8/30/2025 13:14,Upload
280706,15533,2/14/2004 20:46,-0.18,deg C,ABM,HOBO,QC_280706_15533_Water_20031019_20040228.csv,S,None,8/30/2025 13:14,Upload,8/30/2025 13:14,Upload
280706,15533,2/14/2004 21:46,-0.18,deg C,ABM,HOBO,QC_280706_15533_Water_20031019_20040228.csv,S,None,8/30/2025 13:14,Upload,8/30/2025 13:14,Upload
280706,15533,2/14/2004 22:46,-0.18,deg C,ABM,HOBO,QC_280706_15533_Water_20031019_20040228.csv,S,None,8/30/2025 13:14,Upload,8/30/2025 13:14,Upload
280706,15533,2/14/2004 23:46,-0.18,deg C,ABM,HOBO,QC_280706_15533_Water_20031019_20040228.csv,S,None,8/30/2025 13:14,Upload,8/30/2025 13:14,Upload
280706,15533,2/15/2004 0:46,-0.18,deg C,ABM,HOBO,QC_280706_15533_Water_20031019_20040228.csv,S,None,8/30/2025 13:14,Upload,8/30/2025 13:14,Upload
280706,15533,2/15/2004 1:46,-0.18,deg C,ABM,HOBO,QC_280706_15533_Water_20031019_20040228.csv,S,None,8/30/2025 13:14,Upload,8/30/2025 13:14,Upload
280706,15533,2/15/2004 2:46,-0.18,deg C,ABM,HOBO,QC_280706_15533_Water_20031019_20040228.csv,S,None,8/30/2025 13:14,Upload,8/30/2025 13:14,Upload
280706,15533,2/15/2004 3:46,-0.18,deg C,ABM,HOBO,QC_280706_15533_Water_20031019_20040228.csv,S,None,8/30/2025 13:14,Upload,8/30/2025 13:14,Upload
280706,15533,2/15/2004 4:46,-0.18,deg C,ABM,HOBO,QC_280706_15533_Water_20031019_20040228.csv,S,None,8/30/2025 13:14,Upload,8/30/2025 13:14,Upload
280706,15533,2/15/2004 5:46,-0.18,deg C,ABM,HOBO,QC_280706_15533_Water_20031019_20040228.csv,S,None,8/30/2025 13:14,Upload,8/30/2025 13:14,Upload
280706,15533,2/15/2004 6:46,-0.18,deg C,ABM,HOBO,QC_280706_15533_Water_20031019_20040228.csv,S,None,8/30/2025 13:14,Upload,8/30/2025 13:14,Upload
280706,15533,2/15/2004 7:46,-0.18,deg C,ABM,HOBO,QC_280706_15533_Water_20031019_20040228.csv,S,None,8/30/2025 13:14,Upload,8/30/2025 13:14,Upload
280706,15533,2/15/2004 8:46,-0.18,deg C,ABM,HOBO,QC_280706_15533_Water_20031019_20040228.csv,S,None,8/30/2025 13:14,Upload,8/30/2025 13:14,Upload
280706,15533,2/15/2004 9:46,-0.18,deg C,ABM,HOBO,QC_280706_15533_Water_20031019_20040228.csv,S,None,8/30/2025 13:14,Upload,8/30/2025 13:14,Upload
280706,15533,2/15/2004 10:46,-0.18,deg C,ABM,HOBO,QC_280706_15533_Water_20031019_20040228.csv,S,None,8/30/2025 13:14,Upload,8/30/2025 13:14,Upload
280706,15533,2/15/2004 11:46,-0.18,deg C,ABM,HOBO,QC_280706_15533_Water_20031019_20040228.csv,S,None,8/30/2025 13:14,Upload,8/30/2025 13:14,Upload
280706,15533,2/15/2004 12:46,-0.18,deg C,ABM,HOBO,QC_280706_15533_Water_20031019_20040228.csv,S,None,8/30/2025 13:14,Upload,8/30/2025 13:14,Upload
280706,15533,2/15/2004 13:46,-0.02,deg C,ABM,HOBO,QC_280706_15533_Water_20031019_20040228.csv,P,None,8/30/2025 13:14,Upload,8/30/2025 13:14,Upload
280706,15533,2/15/2004 14:46,-0.02,deg C,ABM,HOBO,QC_280706_15533_Water_20031019_20040228.csv,P,None,8/30/2025 13:14,Upload,8/30/2025 13:14,Upload
280706,15533,2/15/2004 15:46,-0.02,deg C,ABM,HOBO,QC_280706_15533_Water_20031019_20040228.csv,P,None,8/30/2025 13:14,Upload,8/30/2025 13:14,Upload
280706,15533,2/15/2004 16:46,-0.02,deg C,ABM,HOBO,QC_280706_15533_Water_20031019_20040228.csv,P,None,8/30/2025 13:14,Upload,8/30/2025 13:14,Upload
280706,15533,2/15/2004 17:46,-0.02,deg C,ABM,HOBO,QC_280706_15533_Water_20031019_20040228.csv,P,None,8/30/2025 13:14,Upload,8/30/2025 13:14,Upload
280706,15533,2/15/2004 18:46,-0.02,deg C,ABM,HOBO,QC_280706_15533_Water_20031019_20040228.csv,P,None,8/30/2025 13:14,Upload,8/30/2025 13:14,Upload
280706,15533,2/15/2004 19:46,-0.18,deg C,ABM,HOBO,QC_280706_15533_Water_20031019_20040228.csv,S,None,8/30/2025 13:14,Upload,8/30/2025 13:14,Upload
280706,15533,2/15/2004 20:46,-0.18,deg C,ABM,HOBO,QC_280706_15533_Water_20031019_20040228.csv,S,None,8/30/2025 13:14,Upload,8/30/2025 13:14,Upload
280706,15533,2/15/2004 21:46,-0.18,deg C,ABM,HOBO,QC_280706_15533_Water_20031019_20040228.csv,S,None,8/30/2025 13:14,Upload,8/30/2025 13:14,Upload
280706,15533,2/15/2004 22:46,-0.18,deg C,ABM,HOBO,QC_280706_15533_Water_20031019_20040228.csv,S,None,8/30/2025 13:14,Upload,8/30/2025 13:14,Upload
280706,15533,2/15/2004 23:46,-0.18,deg C,ABM,HOBO,QC_280706_15533_Water_20031019_20040228.csv,S,None,8/30/2025 13:14,Upload,8/30/2025 13:14,Upload
280706,15533,2/16/2004 0:46,-0.18,deg C,ABM,HOBO,QC_280706_15533_Water_20031019_20040228.csv,S,None,8/30/2025 13:14,Upload,8/30/2025 13:14,Upload
280706,15533,2/16/2004 1:46,-0.18,deg C,ABM,HOBO,QC_280706_15533_Water_20031019_20040228.csv,S,None,8/30/2025 13:14,Upload,8/30/2025 13:14,Upload
280706,15533,2/16/2004 2:46,-0.18,deg C,ABM,HOBO,QC_280706_15533_Water_20031019_20040228.csv,S,None,8/30/2025 13:14,Upload,8/30/2025 13:14,Upload
280706,15533,2/16/2004 3:46,-0.18,deg C,ABM,HOBO,QC_280706_15533_Water_20031019_20040228.csv,S,None,8/30/2025 13:14,Upload,8/30/2025 13:14,Upload
280706,15533,2/16/2004 4:46,-0.18,deg C,ABM,HOBO,QC_280706_15533_Water_20031019_20040228.csv,S,None,8/30/2025 13:14,Upload,8/30/2025 13:14,Upload
280706,15533,2/16/2004 5:46,-0.18,deg C,ABM,HOBO,QC_280706_15533_Water_20031019_20040228.csv,S,None,8/30/2025 13:14,Upload,8/30/2025 13:14,Upload
280706,15533,2/16/2004 6:46,-0.18,deg C,ABM,HOBO,QC_280706_15533_Water_20031019_20040228.csv,S,None,8/30/2025 13:14,Upload,8/30/2025 13:14,Upload
280706,15533,2/16/2004 7:46,-0.18,deg C,ABM,HOBO,QC_280706_15533_Water_20031019_20040228.csv,S,None,8/30/2025 13:14,Upload,8/30/2025 13:14,Upload
280706,15533,2/16/2004 8:46,-0.18,deg C,ABM,HOBO,QC_280706_15533_Water_20031019_20040228.csv,S,None,8/30/2025 13:14,Upload,8/30/2025 13:14,Upload
280706,15533,2/16/2004 9:46,-0.18,deg C,ABM,HOBO,QC_280706_15533_Water_20031019_20040228.csv,S,None,8/30/2025 13:14,Upload,8/30/2025 13:14,Upload
280706,15533,2/16/2004 10:46,-0.18,deg C,ABM,HOBO,QC_280706_15533_Water_20031019_20040228.csv,S,None,8/30/2025 13:14,Upload,8/30/2025 13:14,Upload
280706,15533,2/16/2004 11:46,-0.18,deg C,ABM,HOBO,QC_280706_15533_Water_20031019_20040228.csv,S,None,8/30/2025 13:14,Upload,8/30/2025 13:14,Upload
280706,15533,2/16/2004 12:46,-0.02,deg C,ABM,HOBO,QC_280706_15533_Water_20031019_20040228.csv,P,None,8/30/2025 13:14,Upload,8/30/2025 13:14,Upload
280706,15533,2/16/2004 13:46,-0.02,deg C,ABM,HOBO,QC_280706_15533_Water_20031019_20040228.csv,P,None,8/30/2025 13:14,Upload,8/30/2025 13:14,Upload
280706,15533,2/16/2004 14:46,-0.02,deg C,ABM,HOBO,QC_280706_15533_Water_20031019_20040228.csv,P,None,8/30/2025 13:14,Upload,8/30/2025 13:14,Upload
280706,15533,2/16/2004 15:46,-0.02,deg C,ABM,HOBO,QC_280706_15533_Water_20031019_20040228.csv,P,None,8/30/2025 13:14,Upload,8/30/2025 13:14,Upload
280706,15533,2/16/2004 16:46,-0.02,deg C,ABM,HOBO,QC_280706_15533_Water_20031019_20040228.csv,P,None,8/30/2025 13:14,Upload,8/30/2025 13:14,Upload
280706,15533,2/16/2004 17:46,-0.02,deg C,ABM,HOBO,QC_280706_15533_Water_20031019_20040228.csv,P,None,8/30/2025 13:14,Upload,8/30/2025 13:14,Upload
280706,15533,2/16/2004 18:46,-0.18,deg C,ABM,HOBO,QC_280706_15533_Water_20031019_20040228.csv,S,None,8/30/2025 13:14,Upload,8/30/2025 13:14,Upload
280706,15533,2/16/2004 19:46,-0.18,deg C,ABM,HOBO,QC_280706_15533_Water_20031019_20040228.csv,S,None,8/30/2025 13:14,Upload,8/30/2025 13:14,Upload
280706,15533,2/16/2004 20:46,-0.18,deg C,ABM,HOBO,QC_280706_15533_Water_20031019_20040228.csv,S,None,8/30/2025 13:14,Upload,8/30/2025 13:14,Upload
280706,15533,2/16/2004 21:46,-0.18,deg C,ABM,HOBO,QC_280706_15533_Water_20031019_20040228.csv,S,None,8/30/2025 13:14,Upload,8/30/2025 13:14,Upload
280706,15533,2/16/2004 22:46,-0.18,deg C,ABM,HOBO,QC_280706_15533_Water_20031019_20040228.csv,S,None,8/30/2025 13:14,Upload,8/30/2025 13:14,Upload
280706,15533,2/16/2004 23:46,-0.18,deg C,ABM,HOBO,QC_280706_15533_Water_20031019_20040228.csv,S,None,8/30/2025 13:14,Upload,8/30/2025 13:14,Upload
280706,15533,2/17/2004 0:46,-0.18,deg C,ABM,HOBO,QC_280706_15533_Water_20031019_20040228.csv,S,None,8/30/2025 13:14,Upload,8/30/2025 13:14,Upload
280706,15533,2/17/2004 1:46,-0.18,deg C,ABM,HOBO,QC_280706_15533_Water_20031019_20040228.csv,S,None,8/30/2025 13:14,Upload,8/30/2025 13:14,Upload
280706,15533,2/17/2004 2:46,-0.18,deg C,ABM,HOBO,QC_280706_15533_Water_20031019_20040228.csv,S,None,8/30/2025 13:14,Upload,8/30/2025 13:14,Upload
280706,15533,2/17/2004 3:46,-0.18,deg C,ABM,HOBO,QC_280706_15533_Water_20031019_20040228.csv,S,None,8/30/2025 13:14,Upload,8/30/2025 13:14,Upload
280706,15533,2/17/2004 4:46,-0.18,deg C,ABM,HOBO,QC_280706_15533_Water_20031019_20040228.csv,S,None,8/30/2025 13:14,Upload,8/30/2025 13:14,Upload
280706,15533,2/17/2004 5:46,-0.18,deg C,ABM,HOBO,QC_280706_15533_Water_20031019_20040228.csv,S,None,8/30/2025 13:14,Upload,8/30/2025 13:14,Upload
280706,15533,2/17/2004 6:46,-0.18,deg C,ABM,HOBO,QC_280706_15533_Water_20031019_20040228.csv,S,None,8/30/2025 13:14,Upload,8/30/2025 13:14,Upload
280706,15533,2/17/2004 7:46,-0.18,deg C,ABM,HOBO,QC_280706_15533_Water_20031019_20040228.csv,S,None,8/30/2025 13:14,Upload,8/30/2025 13:14,Upload
280706,15533,2/17/2004 8:46,-0.18,deg C,ABM,HOBO,QC_280706_15533_Water_20031019_20040228.csv,S,None,8/30/2025 13:14,Upload,8/30/2025 13:14,Upload
280706,15533,2/17/2004 9:46,-0.18,deg C,ABM,HOBO,QC_280706_15533_Water_20031019_20040228.csv,S,None,8/30/2025 13:14,Upload,8/30/2025 13:14,Upload
280706,15533,2/17/2004 10:46,-0.18,deg C,ABM,HOBO,QC_280706_15533_Water_20031019_20040228.csv,S,None,8/30/2025 13:14,Upload,8/30/2025 13:14,Upload
280706,15533,2/17/2004 11:46,-0.18,deg C,ABM,HOBO,QC_280706_15533_Water_20031019_20040228.csv,S,None,8/30/2025 13:14,Upload,8/30/2025 13:14,Upload
280706,15533,2/17/2004 12:46,-0.18,deg C,ABM,HOBO,QC_280706_15533_Water_20031019_20040228.csv,S,None,8/30/2025 13:14,Upload,8/30/2025 13:14,Upload
280706,15533,2/17/2004 13:46,-0.02,deg C,ABM,HOBO,QC_280706_15533_Water_20031019_20040228.csv,P,None,8/30/2025 13:14,Upload,8/30/2025 13:14,Upload
280706,15533,2/17/2004 14:46,-0.02,deg C,ABM,HOBO,QC_280706_15533_Water_20031019_20040228.csv,P,None,8/30/2025 13:14,Upload,8/30/2025 13:14,Upload
280706,15533,2/17/2004 15:46,-0.02,deg C,ABM,HOBO,QC_280706_15533_Water_20031019_20040228.csv,P,None,8/30/2025 13:14,Upload,8/30/2025 13:14,Upload
280706,15533,2/17/2004 16:46,-0.02,deg C,ABM,HOBO,QC_280706_15533_Water_20031019_20040228.csv,P,None,8/30/2025 13:14,Upload,8/30/2025 13:14,Upload
280706,15533,2/17/2004 17:46,-0.02,deg C,ABM,HOBO,QC_280706_15533_Water_20031019_20040228.csv,P,None,8/30/2025 13:14,Upload,8/30/2025 13:14,Upload
280706,15533,2/17/2004 18:46,-0.18,deg C,ABM,HOBO,QC_280706_15533_Water_20031019_20040228.csv,S,None,8/30/2025 13:14,Upload,8/30/2025 13:14,Upload
280706,15533,2/17/2004 19:46,-0.18,deg C,ABM,HOBO,QC_280706_15533_Water_20031019_20040228.csv,S,None,8/30/2025 13:14,Upload,8/30/2025 13:14,Upload
280706,15533,2/17/2004 20:46,-0.18,deg C,ABM,HOBO,QC_280706_15533_Water_20031019_20040228.csv,S,None,8/30/2025 13:14,Upload,8/30/2025 13:14,Upload
280706,15533,2/17/2004 21:46,-0.18,deg C,ABM,HOBO,QC_280706_15533_Water_20031019_20040228.csv,S,None,8/30/2025 13:14,Upload,8/30/2025 13:14,Upload
280706,15533,2/17/2004 22:46,-0.18,deg C,ABM,HOBO,QC_280706_15533_Water_20031019_20040228.csv,S,None,8/30/2025 13:14,Upload,8/30/2025 13:14,Upload
280706,15533,2/17/2004 23:46,-0.18,deg C,ABM,HOBO,QC_280706_15533_Water_20031019_20040228.csv,S,None,8/30/2025 13:14,Upload,8/30/2025 13:14,Upload
280706,15533,2/18/2004 0:46,-0.18,deg C,ABM,HOBO,QC_280706_15533_Water_20031019_20040228.csv,S,None,8/30/2025 13:14,Upload,8/30/2025 13:14,Upload
280706,15533,2/18/2004 1:46,-0.18,deg C,ABM,HOBO,QC_280706_15533_Water_20031019_20040228.csv,S,None,8/30/2025 13:14,Upload,8/30/2025 13:14,Upload
280706,15533,2/18/2004 2:46,-0.18,deg C,ABM,HOBO,QC_280706_15533_Water_20031019_20040228.csv,S,None,8/30/2025 13:14,Upload,8/30/2025 13:14,Upload
280706,15533,2/18/2004 3:46,-0.18,deg C,ABM,HOBO,QC_280706_15533_Water_20031019_20040228.csv,S,None,8/30/2025 13:14,Upload,8/30/2025 13:14,Upload
280706,15533,2/18/2004 4:46,-0.18,deg C,ABM,HOBO,QC_280706_15533_Water_20031019_20040228.csv,S,None,8/30/2025 13:14,Upload,8/30/2025 13:14,Upload
280706,15533,2/18/2004 5:46,-0.18,deg C,ABM,HOBO,QC_280706_15533_Water_20031019_20040228.csv,S,None,8/30/2025 13:14,Upload,8/30/2025 13:14,Upload
280706,15533,2/18/2004 6:46,-0.18,deg C,ABM,HOBO,QC_280706_15533_Water_20031019_20040228.csv,S,None,8/30/2025 13:14,Upload,8/30/2025 13:14,Upload
280706,15533,2/18/2004 7:46,-0.18,deg C,ABM,HOBO,QC_280706_15533_Water_20031019_20040228.csv,S,None,8/30/2025 13:14,Upload,8/30/2025 13:14,Upload
280706,15533,2/18/2004 8:46,-0.18,deg C,ABM,HOBO,QC_280706_15533_Water_20031019_20040228.csv,S,None,8/30/2025 13:14,Upload,8/30/2025 13:14,Upload
280706,15533,2/18/2004 9:46,-0.18,deg C,ABM,HOBO,QC_280706_15533_Water_20031019_20040228.csv,S,None,8/30/2025 13:14,Upload,8/30/2025 13:14,Upload
280706,15533,2/18/2004 10:46,-0.18,deg C,ABM,HOBO,QC_280706_15533_Water_20031019_20040228.csv,S,None,8/30/2025 13:14,Upload,8/30/2025 13:14,Upload
280706,15533,2/18/2004 11:46,-0.18,deg C,ABM,HOBO,QC_280706_15533_Water_20031019_20040228.csv,S,None,8/30/2025 13:14,Upload,8/30/2025 13:14,Upload
280706,15533,2/18/2004 12:46,-0.18,deg C,ABM,HOBO,QC_280706_15533_Water_20031019_20040228.csv,S,None,8/30/2025 13:14,Upload,8/30/2025 13:14,Upload
280706,15533,2/18/2004 13:46,-0.02,deg C,ABM,HOBO,QC_280706_15533_Water_20031019_20040228.csv,P,None,8/30/2025 13:14,Upload,8/30/2025 13:14,Upload
280706,15533,2/18/2004 14:46,-0.02,deg C,ABM,HOBO,QC_280706_15533_Water_20031019_20040228.csv,P,None,8/30/2025 13:14,Upload,8/30/2025 13:14,Upload
280706,15533,2/18/2004 15:46,-0.02,deg C,ABM,HOBO,QC_280706_15533_Water_20031019_20040228.csv,P,None,8/30/2025 13:14,Upload,8/30/2025 13:14,Upload
280706,15533,2/18/2004 16:46,-0.02,deg C,ABM,HOBO,QC_280706_15533_Water_20031019_20040228.csv,P,None,8/30/2025 13:14,Upload,8/30/2025 13:14,Upload
280706,15533,2/18/2004 17:46,-0.18,deg C,ABM,HOBO,QC_280706_15533_Water_20031019_20040228.csv,S,None,8/30/2025 13:14,Upload,8/30/2025 13:14,Upload
280706,15533,2/18/2004 18:46,-0.18,deg C,ABM,HOBO,QC_280706_15533_Water_20031019_20040228.csv,S,None,8/30/2025 13:14,Upload,8/30/2025 13:14,Upload
280706,15533,2/18/2004 19:46,-0.18,deg C,ABM,HOBO,QC_280706_15533_Water_20031019_20040228.csv,S,None,8/30/2025 13:14,Upload,8/30/2025 13:14,Upload
280706,15533,2/18/2004 20:46,-0.18,deg C,ABM,HOBO,QC_280706_15533_Water_20031019_20040228.csv,S,None,8/30/2025 13:14,Upload,8/30/2025 13:14,Upload
280706,15533,2/18/2004 21:46,-0.18,deg C,ABM,HOBO,QC_280706_15533_Water_20031019_20040228.csv,S,None,8/30/2025 13:14,Upload,8/30/2025 13:14,Upload
280706,15533,2/18/2004 22:46,-0.18,deg C,ABM,HOBO,QC_280706_15533_Water_20031019_20040228.csv,S,None,8/30/2025 13:14,Upload,8/30/2025 13:14,Upload
280706,15533,2/18/2004 23:46,-0.18,deg C,ABM,HOBO,QC_280706_15533_Water_20031019_20040228.csv,S,None,8/30/2025 13:14,Upload,8/30/2025 13:14,Upload
280706,15533,2/19/2004 0:46,-0.18,deg C,ABM,HOBO,QC_280706_15533_Water_20031019_20040228.csv,S,None,8/30/2025 13:14,Upload,8/30/2025 13:14,Upload
280706,15533,2/19/2004 1:46,-0.18,deg C,ABM,HOBO,QC_280706_15533_Water_20031019_20040228.csv,S,None,8/30/2025 13:14,Upload,8/30/2025 13:14,Upload
280706,15533,2/19/2004 2:46,-0.18,deg C,ABM,HOBO,QC_280706_15533_Water_20031019_20040228.csv,S,None,8/30/2025 13:14,Upload,8/30/2025 13:14,Upload
280706,15533,2/19/2004 3:46,-0.18,deg C,ABM,HOBO,QC_280706_15533_Water_20031019_20040228.csv,S,None,8/30/2025 13:14,Upload,8/30/2025 13:14,Upload
280706,15533,2/19/2004 4:46,-0.18,deg C,ABM,HOBO,QC_280706_15533_Water_20031019_20040228.csv,S,None,8/30/2025 13:14,Upload,8/30/2025 13:14,Upload
280706,15533,2/19/2004 5:46,-0.18,deg C,ABM,HOBO,QC_280706_15533_Water_20031019_20040228.csv,S,None,8/30/2025 13:14,Upload,8/30/2025 13:14,Upload
280706,15533,2/19/2004 6:46,-0.18,deg C,ABM,HOBO,QC_280706_15533_Water_20031019_20040228.csv,S,None,8/30/2025 13:14,Upload,8/30/2025 13:14,Upload
280706,15533,2/19/2004 7:46,-0.18,deg C,ABM,HOBO,QC_280706_15533_Water_20031019_20040228.csv,S,None,8/30/2025 13:14,Upload,8/30/2025 13:14,Upload
280706,15533,2/19/2004 8:46,-0.18,deg C,ABM,HOBO,QC_280706_15533_Water_20031019_20040228.csv,S,None,8/30/2025 13:14,Upload,8/30/2025 13:14,Upload
280706,15533,2/19/2004 9:46,-0.18,deg C,ABM,HOBO,QC_280706_15533_Water_20031019_20040228.csv,S,None,8/30/2025 13:14,Upload,8/30/2025 13:14,Upload
280706,15533,2/19/2004 10:46,-0.18,deg C,ABM,HOBO,QC_280706_15533_Water_20031019_20040228.csv,S,None,8/30/2025 13:14,Upload,8/30/2025 13:14,Upload
280706,15533,2/19/2004 11:46,-0.18,deg C,ABM,HOBO,QC_280706_15533_Water_20031019_20040228.csv,S,None,8/30/2025 13:14,Upload,8/30/2025 13:14,Upload
280706,15533,2/19/2004 12:46,-0.02,deg C,ABM,HOBO,QC_280706_15533_Water_20031019_20040228.csv,P,None,8/30/2025 13:14,Upload,8/30/2025 13:14,Upload
280706,15533,2/19/2004 13:46,-0.02,deg C,ABM,HOBO,QC_280706_15533_Water_20031019_20040228.csv,P,None,8/30/2025 13:14,Upload,8/30/2025 13:14,Upload
280706,15533,2/19/2004 14:46,-0.02,deg C,ABM,HOBO,QC_280706_15533_Water_20031019_20040228.csv,P,None,8/30/2025 13:14,Upload,8/30/2025 13:14,Upload
280706,15533,2/19/2004 15:46,-0.02,deg C,ABM,HOBO,QC_280706_15533_Water_20031019_20040228.csv,P,None,8/30/2025 13:14,Upload,8/30/2025 13:14,Upload
280706,15533,2/19/2004 16:46,-0.02,deg C,ABM,HOBO,QC_280706_15533_Water_20031019_20040228.csv,P,None,8/30/2025 13:14,Upload,8/30/2025 13:14,Upload
280706,15533,2/19/2004 17:46,-0.02,deg C,ABM,HOBO,QC_280706_15533_Water_20031019_20040228.csv,P,None,8/30/2025 13:14,Upload,8/30/2025 13:14,Upload
280706,15533,2/19/2004 18:46,-0.18,deg C,ABM,HOBO,QC_280706_15533_Water_20031019_20040228.csv,S,None,8/30/2025 13:14,Upload,8/30/2025 13:14,Upload
280706,15533,2/19/2004 19:46,-0.18,deg C,ABM,HOBO,QC_280706_15533_Water_20031019_20040228.csv,S,None,8/30/2025 13:14,Upload,8/30/2025 13:14,Upload
280706,15533,2/19/2004 20:46,-0.18,deg C,ABM,HOBO,QC_280706_15533_Water_20031019_20040228.csv,S,None,8/30/2025 13:14,Upload,8/30/2025 13:14,Upload
280706,15533,2/19/2004 21:46,-0.18,deg C,ABM,HOBO,QC_280706_15533_Water_20031019_20040228.csv,S,None,8/30/2025 13:14,Upload,8/30/2025 13:14,Upload
280706,15533,2/19/2004 22:46,-0.18,deg C,ABM,HOBO,QC_280706_15533_Water_20031019_20040228.csv,S,None,8/30/2025 13:14,Upload,8/30/2025 13:14,Upload
280706,15533,2/19/2004 23:46,-0.18,deg C,ABM,HOBO,QC_280706_15533_Water_20031019_20040228.csv,S,None,8/30/2025 13:14,Upload,8/30/2025 13:14,Upload
280706,15533,2/20/2004 0:46,-0.18,deg C,ABM,HOBO,QC_280706_15533_Water_20031019_20040228.csv,S,None,8/30/2025 13:14,Upload,8/30/2025 13:14,Upload
280706,15533,2/20/2004 1:46,-0.18,deg C,ABM,HOBO,QC_280706_15533_Water_20031019_20040228.csv,S,None,8/30/2025 13:14,Upload,8/30/2025 13:14,Upload
280706,15533,2/20/2004 2:46,-0.18,deg C,ABM,HOBO,QC_280706_15533_Water_20031019_20040228.csv,S,None,8/30/2025 13:14,Upload,8/30/2025 13:14,Upload
280706,15533,2/20/2004 3:46,-0.18,deg C,ABM,HOBO,QC_280706_15533_Water_20031019_20040228.csv,S,None,8/30/2025 13:14,Upload,8/30/2025 13:14,Upload
280706,15533,2/20/2004 4:46,-0.18,deg C,ABM,HOBO,QC_280706_15533_Water_20031019_20040228.csv,S,None,8/30/2025 13:14,Upload,8/30/2025 13:14,Upload
280706,15533,2/20/2004 5:46,-0.18,deg C,ABM,HOBO,QC_280706_15533_Water_20031019_20040228.csv,S,None,8/30/2025 13:14,Upload,8/30/2025 13:14,Upload
280706,15533,2/20/2004 6:46,-0.18,deg C,ABM,HOBO,QC_280706_15533_Water_20031019_20040228.csv,S,None,8/30/2025 13:14,Upload,8/30/2025 13:14,Upload
280706,15533,2/20/2004 7:46,-0.18,deg C,ABM,HOBO,QC_280706_15533_Water_20031019_20040228.csv,S,None,8/30/2025 13:14,Upload,8/30/2025 13:14,Upload
280706,15533,2/20/2004 8:46,-0.18,deg C,ABM,HOBO,QC_280706_15533_Water_20031019_20040228.csv,S,None,8/30/2025 13:14,Upload,8/30/2025 13:14,Upload
280706,15533,2/20/2004 9:46,-0.18,deg C,ABM,HOBO,QC_280706_15533_Water_20031019_20040228.csv,S,None,8/30/2025 13:14,Upload,8/30/2025 13:14,Upload
280706,15533,2/20/2004 10:46,-0.18,deg C,ABM,HOBO,QC_280706_15533_Water_20031019_20040228.csv,S,None,8/30/2025 13:14,Upload,8/30/2025 13:14,Upload
280706,15533,2/20/2004 11:46,-0.18,deg C,ABM,HOBO,QC_280706_15533_Water_20031019_20040228.csv,S,None,8/30/2025 13:14,Upload,8/30/2025 13:14,Upload
280706,15533,2/20/2004 12:46,-0.18,deg C,ABM,HOBO,QC_280706_15533_Water_20031019_20040228.csv,S,None,8/30/2025 13:14,Upload,8/30/2025 13:14,Upload
280706,15533,2/20/2004 13:46,-0.18,deg C,ABM,HOBO,QC_280706_15533_Water_20031019_20040228.csv,S,None,8/30/2025 13:14,Upload,8/30/2025 13:14,Upload
280706,15533,2/20/2004 14:46,-0.18,deg C,ABM,HOBO,QC_280706_15533_Water_20031019_20040228.csv,S,None,8/30/2025 13:14,Upload,8/30/2025 13:14,Upload
280706,15533,2/20/2004 15:46,-0.18,deg C,ABM,HOBO,QC_280706_15533_Water_20031019_20040228.csv,S,None,8/30/2025 13:14,Upload,8/30/2025 13:14,Upload
280706,15533,2/20/2004 16:46,-0.18,deg C,ABM,HOBO,QC_280706_15533_Water_20031019_20040228.csv,S,None,8/30/2025 13:14,Upload,8/30/2025 13:14,Upload
280706,15533,2/20/2004 17:46,-0.18,deg C,ABM,HOBO,QC_280706_15533_Water_20031019_20040228.csv,S,None,8/30/2025 13:14,Upload,8/30/2025 13:14,Upload
280706,15533,2/20/2004 18:46,-0.18,deg C,ABM,HOBO,QC_280706_15533_Water_20031019_20040228.csv,S,None,8/30/2025 13:14,Upload,8/30/2025 13:14,Upload
280706,15533,2/20/2004 19:46,-0.18,deg C,ABM,HOBO,QC_280706_15533_Water_20031019_20040228.csv,S,None,8/30/2025 13:14,Upload,8/30/2025 13:14,Upload
280706,15533,2/20/2004 20:46,-0.18,deg C,ABM,HOBO,QC_280706_15533_Water_20031019_20040228.csv,S,None,8/30/2025 13:14,Upload,8/30/2025 13:14,Upload
280706,15533,2/20/2004 21:46,-0.18,deg C,ABM,HOBO,QC_280706_15533_Water_20031019_20040228.csv,S,None,8/30/2025 13:14,Upload,8/30/2025 13:14,Upload
280706,15533,2/20/2004 22:46,-0.18,deg C,ABM,HOBO,QC_280706_15533_Water_20031019_20040228.csv,S,None,8/30/2025 13:14,Upload,8/30/2025 13:14,Upload
280706,15533,2/20/2004 23:46,-0.18,deg C,ABM,HOBO,QC_280706_15533_Water_20031019_20040228.csv,S,None,8/30/2025 13:14,Upload,8/30/2025 13:14,Upload
280706,15533,2/21/2004 0:46,-0.18,deg C,ABM,HOBO,QC_280706_15533_Water_20031019_20040228.csv,F,None,8/30/2025 13:14,Upload,8/30/2025 13:14,Upload
280706,15533,2/21/2004 1:46,-0.18,deg C,ABM,HOBO,QC_280706_15533_Water_20031019_20040228.csv,F,None,8/30/2025 13:14,Upload,8/30/2025 13:14,Upload
280706,15533,2/21/2004 2:46,-0.18,deg C,ABM,HOBO,QC_280706_15533_Water_20031019_20040228.csv,F,None,8/30/2025 13:14,Upload,8/30/2025 13:14,Upload
280706,15533,2/21/2004 3:46,-0.18,deg C,ABM,HOBO,QC_280706_15533_Water_20031019_20040228.csv,F,None,8/30/2025 13:14,Upload,8/30/2025 13:14,Upload
280706,15533,2/21/2004 4:46,-0.18,deg C,ABM,HOBO,QC_280706_15533_Water_20031019_20040228.csv,F,None,8/30/2025 13:14,Upload,8/30/2025 13:14,Upload
280706,15533,2/21/2004 5:46,-0.18,deg C,ABM,HOBO,QC_280706_15533_Water_20031019_20040228.csv,F,None,8/30/2025 13:14,Upload,8/30/2025 13:14,Upload
280706,15533,2/21/2004 6:46,-0.18,deg C,ABM,HOBO,QC_280706_15533_Water_20031019_20040228.csv,F,None,8/30/2025 13:14,Upload,8/30/2025 13:14,Upload
280706,15533,2/21/2004 7:46,-0.18,deg C,ABM,HOBO,QC_280706_15533_Water_20031019_20040228.csv,F,None,8/30/2025 13:14,Upload,8/30/2025 13:14,Upload
280706,15533,2/21/2004 8:46,-0.18,deg C,ABM,HOBO,QC_280706_15533_Water_20031019_20040228.csv,F,None,8/30/2025 13:14,Upload,8/30/2025 13:14,Upload
280706,15533,2/21/2004 9:46,-0.18,deg C,ABM,HOBO,QC_280706_15533_Water_20031019_20040228.csv,F,None,8/30/2025 13:14,Upload,8/30/2025 13:14,Upload
280706,15533,2/21/2004 10:46,-0.18,deg C,ABM,HOBO,QC_280706_15533_Water_20031019_20040228.csv,F,None,8/30/2025 13:14,Upload,8/30/2025 13:14,Upload
280706,15533,2/21/2004 11:46,-0.18,deg C,ABM,HOBO,QC_280706_15533_Water_20031019_20040228.csv,F,None,8/30/2025 13:14,Upload,8/30/2025 13:14,Upload
280706,15533,2/21/2004 12:46,-0.18,deg C,ABM,HOBO,QC_280706_15533_Water_20031019_20040228.csv,F,None,8/30/2025 13:14,Upload,8/30/2025 13:14,Upload
280706,15533,2/21/2004 13:46,-0.18,deg C,ABM,HOBO,QC_280706_15533_Water_20031019_20040228.csv,F,None,8/30/2025 13:14,Upload,8/30/2025 13:14,Upload
280706,15533,2/21/2004 14:46,-0.02,deg C,ABM,HOBO,QC_280706_15533_Water_20031019_20040228.csv,S,None,8/30/2025 13:14,Upload,8/30/2025 13:14,Upload
280706,15533,2/21/2004 15:46,-0.02,deg C,ABM,HOBO,QC_280706_15533_Water_20031019_20040228.csv,P,None,8/30/2025 13:14,Upload,8/30/2025 13:14,Upload
280706,15533,2/21/2004 16:46,-0.02,deg C,ABM,HOBO,QC_280706_15533_Water_20031019_20040228.csv,P,None,8/30/2025 13:14,Upload,8/30/2025 13:14,Upload
280706,15533,2/21/2004 17:46,-0.02,deg C,ABM,HOBO,QC_280706_15533_Water_20031019_20040228.csv,P,None,8/30/2025 13:14,Upload,8/30/2025 13:14,Upload
280706,15533,2/21/2004 18:46,-0.02,deg C,ABM,HOBO,QC_280706_15533_Water_20031019_20040228.csv,P,None,8/30/2025 13:14,Upload,8/30/2025 13:14,Upload
280706,15533,2/21/2004 19:46,-0.02,deg C,ABM,HOBO,QC_280706_15533_Water_20031019_20040228.csv,P,None,8/30/2025 13:14,Upload,8/30/2025 13:14,Upload
280706,15533,2/21/2004 20:46,-0.02,deg C,ABM,HOBO,QC_280706_15533_Water_20031019_20040228.csv,P,None,8/30/2025 13:14,Upload,8/30/2025 13:14,Upload
280706,15533,2/21/2004 21:46,-0.02,deg C,ABM,HOBO,QC_280706_15533_Water_20031019_20040228.csv,P,None,8/30/2025 13:14,Upload,8/30/2025 13:14,Upload
280706,15533,2/21/2004 22:46,-0.02,deg C,ABM,HOBO,QC_280706_15533_Water_20031019_20040228.csv,P,None,8/30/2025 13:14,Upload,8/30/2025 13:14,Upload
280706,15533,2/21/2004 23:46,-0.02,deg C,ABM,HOBO,QC_280706_15533_Water_20031019_20040228.csv,P,None,8/30/2025 13:14,Upload,8/30/2025 13:14,Upload
280706,15533,2/22/2004 0:46,-0.02,deg C,ABM,HOBO,QC_280706_15533_Water_20031019_20040228.csv,P,None,8/30/2025 13:14,Upload,8/30/2025 13:14,Upload
280706,15533,2/22/2004 1:46,-0.18,deg C,ABM,HOBO,QC_280706_15533_Water_20031019_20040228.csv,S,None,8/30/2025 13:14,Upload,8/30/2025 13:14,Upload
280706,15533,2/22/2004 2:46,-0.18,deg C,ABM,HOBO,QC_280706_15533_Water_20031019_20040228.csv,S,None,8/30/2025 13:14,Upload,8/30/2025 13:14,Upload
280706,15533,2/22/2004 3:46,-0.18,deg C,ABM,HOBO,QC_280706_15533_Water_20031019_20040228.csv,S,None,8/30/2025 13:14,Upload,8/30/2025 13:14,Upload
280706,15533,2/22/2004 4:46,-0.18,deg C,ABM,HOBO,QC_280706_15533_Water_20031019_20040228.csv,S,None,8/30/2025 13:14,Upload,8/30/2025 13:14,Upload
280706,15533,2/22/2004 5:46,-0.18,deg C,ABM,HOBO,QC_280706_15533_Water_20031019_20040228.csv,S,None,8/30/2025 13:14,Upload,8/30/2025 13:14,Upload
280706,15533,2/22/2004 6:46,-0.18,deg C,ABM,HOBO,QC_280706_15533_Water_20031019_20040228.csv,S,None,8/30/2025 13:14,Upload,8/30/2025 13:14,Upload
280706,15533,2/22/2004 7:46,-0.02,deg C,ABM,HOBO,QC_280706_15533_Water_20031019_20040228.csv,P,None,8/30/2025 13:14,Upload,8/30/2025 13:14,Upload
280706,15533,2/22/2004 8:46,-0.02,deg C,ABM,HOBO,QC_280706_15533_Water_20031019_20040228.csv,P,None,8/30/2025 13:14,Upload,8/30/2025 13:14,Upload
280706,15533,2/22/2004 9:46,-0.02,deg C,ABM,HOBO,QC_280706_15533_Water_20031019_20040228.csv,P,None,8/30/2025 13:14,Upload,8/30/2025 13:14,Upload
280706,15533,2/22/2004 10:46,-0.02,deg C,ABM,HOBO,QC_280706_15533_Water_20031019_20040228.csv,P,None,8/30/2025 13:14,Upload,8/30/2025 13:14,Upload
280706,15533,2/22/2004 11:46,-0.02,deg C,ABM,HOBO,QC_280706_15533_Water_20031019_20040228.csv,P,None,8/30/2025 13:14,Upload,8/30/2025 13:14,Upload
280706,15533,2/22/2004 12:46,-0.02,deg C,ABM,HOBO,QC_280706_15533_Water_20031019_20040228.csv,P,None,8/30/2025 13:14,Upload,8/30/2025 13:14,Upload
280706,15533,2/22/2004 13:46,-0.02,deg C,ABM,HOBO,QC_280706_15533_Water_20031019_20040228.csv,P,None,8/30/2025 13:14,Upload,8/30/2025 13:14,Upload
280706,15533,2/22/2004 14:46,-0.02,deg C,ABM,HOBO,QC_280706_15533_Water_20031019_20040228.csv,P,None,8/30/2025 13:14,Upload,8/30/2025 13:14,Upload
280706,15533,2/22/2004 15:46,-0.02,deg C,ABM,HOBO,QC_280706_15533_Water_20031019_20040228.csv,P,None,8/30/2025 13:14,Upload,8/30/2025 13:14,Upload
280706,15533,2/22/2004 16:46,-0.02,deg C,ABM,HOBO,QC_280706_15533_Water_20031019_20040228.csv,P,None,8/30/2025 13:14,Upload,8/30/2025 13:14,Upload
280706,15533,2/22/2004 17:46,-0.02,deg C,ABM,HOBO,QC_280706_15533_Water_20031019_20040228.csv,P,None,8/30/2025 13:14,Upload,8/30/2025 13:14,Upload
280706,15533,2/22/2004 18:46,-0.02,deg C,ABM,HOBO,QC_280706_15533_Water_20031019_20040228.csv,P,None,8/30/2025 13:14,Upload,8/30/2025 13:14,Upload
280706,15533,2/22/2004 19:46,0.14,deg C,ABM,HOBO,QC_280706_15533_Water_20031019_20040228.csv,P,None,8/30/2025 13:14,Upload,8/30/2025 13:14,Upload
280706,15533,2/22/2004 20:46,0.14,deg C,ABM,HOBO,QC_280706_15533_Water_20031019_20040228.csv,P,None,8/30/2025 13:14,Upload,8/30/2025 13:14,Upload
280706,15533,2/22/2004 21:46,0.14,deg C,ABM,HOBO,QC_280706_15533_Water_20031019_20040228.csv,P,None,8/30/2025 13:14,Upload,8/30/2025 13:14,Upload
280706,15533,2/22/2004 22:46,0.14,deg C,ABM,HOBO,QC_280706_15533_Water_20031019_20040228.csv,P,None,8/30/2025 13:14,Upload,8/30/2025 13:14,Upload
280706,15533,2/22/2004 23:46,0.14,deg C,ABM,HOBO,QC_280706_15533_Water_20031019_20040228.csv,P,None,8/30/2025 13:14,Upload,8/30/2025 13:14,Upload
280706,15533,2/23/2004 0:46,0.14,deg C,ABM,HOBO,QC_280706_15533_Water_20031019_20040228.csv,P,None,8/30/2025 13:14,Upload,8/30/2025 13:14,Upload
280706,15533,2/23/2004 1:46,0.14,deg C,ABM,HOBO,QC_280706_15533_Water_20031019_20040228.csv,P,None,8/30/2025 13:14,Upload,8/30/2025 13:14,Upload
280706,15533,2/23/2004 2:46,0.14,deg C,ABM,HOBO,QC_280706_15533_Water_20031019_20040228.csv,P,None,8/30/2025 13:14,Upload,8/30/2025 13:14,Upload
280706,15533,2/23/2004 3:46,0.14,deg C,ABM,HOBO,QC_280706_15533_Water_20031019_20040228.csv,P,None,8/30/2025 13:14,Upload,8/30/2025 13:14,Upload
280706,15533,2/23/2004 4:46,0.14,deg C,ABM,HOBO,QC_280706_15533_Water_20031019_20040228.csv,P,None,8/30/2025 13:14,Upload,8/30/2025 13:14,Upload
280706,15533,2/23/2004 5:46,-0.02,deg C,ABM,HOBO,QC_280706_15533_Water_20031019_20040228.csv,P,None,8/30/2025 13:14,Upload,8/30/2025 13:14,Upload
280706,15533,2/23/2004 6:46,0.14,deg C,ABM,HOBO,QC_280706_15533_Water_20031019_20040228.csv,P,None,8/30/2025 13:14,Upload,8/30/2025 13:14,Upload
280706,15533,2/23/2004 7:46,0.14,deg C,ABM,HOBO,QC_280706_15533_Water_20031019_20040228.csv,P,None,8/30/2025 13:14,Upload,8/30/2025 13:14,Upload
280706,15533,2/23/2004 8:46,0.14,deg C,ABM,HOBO,QC_280706_15533_Water_20031019_20040228.csv,P,None,8/30/2025 13:14,Upload,8/30/2025 13:14,Upload
280706,15533,2/23/2004 9:46,0.14,deg C,ABM,HOBO,QC_280706_15533_Water_20031019_20040228.csv,P,None,8/30/2025 13:14,Upload,8/30/2025 13:14,Upload
280706,15533,2/23/2004 10:46,0.14,deg C,ABM,HOBO,QC_280706_15533_Water_20031019_20040228.csv,P,None,8/30/2025 13:14,Upload,8/30/2025 13:14,Upload
280706,15533,2/23/2004 11:46,0.14,deg C,ABM,HOBO,QC_280706_15533_Water_20031019_20040228.csv,P,None,8/30/2025 13:14,Upload,8/30/2025 13:14,Upload
280706,15533,2/23/2004 12:46,0.14,deg C,ABM,HOBO,QC_280706_15533_Water_20031019_20040228.csv,P,None,8/30/2025 13:14,Upload,8/30/2025 13:14,Upload
280706,15533,2/23/2004 13:46,0.3,deg C,ABM,HOBO,QC_280706_15533_Water_20031019_20040228.csv,P,None,8/30/2025 13:14,Upload,8/30/2025 13:14,Upload
280706,15533,2/23/2004 14:46,0.3,deg C,ABM,HOBO,QC_280706_15533_Water_20031019_20040228.csv,P,None,8/30/2025 13:14,Upload,8/30/2025 13:14,Upload
280706,15533,2/23/2004 15:46,0.3,deg C,ABM,HOBO,QC_280706_15533_Water_20031019_20040228.csv,P,None,8/30/2025 13:14,Upload,8/30/2025 13:14,Upload
280706,15533,2/23/2004 16:46,0.3,deg C,ABM,HOBO,QC_280706_15533_Water_20031019_20040228.csv,P,None,8/30/2025 13:14,Upload,8/30/2025 13:14,Upload
280706,15533,2/23/2004 17:46,0.46,deg C,ABM,HOBO,QC_280706_15533_Water_20031019_20040228.csv,P,None,8/30/2025 13:14,Upload,8/30/2025 13:14,Upload
280706,15533,2/23/2004 18:46,0.62,deg C,ABM,HOBO,QC_280706_15533_Water_20031019_20040228.csv,P,None,8/30/2025 13:14,Upload,8/30/2025 13:14,Upload
280706,15533,2/23/2004 19:46,0.78,deg C,ABM,HOBO,QC_280706_15533_Water_20031019_20040228.csv,P,None,8/30/2025 13:14,Upload,8/30/2025 13:14,Upload
280706,15533,2/23/2004 20:46,0.94,deg C,ABM,HOBO,QC_280706_15533_Water_20031019_20040228.csv,P,None,8/30/2025 13:14,Upload,8/30/2025 13:14,Upload
280706,15533,2/23/2004 21:46,0.62,deg C,ABM,HOBO,QC_280706_15533_Water_20031019_20040228.csv,P,None,8/30/2025 13:14,Upload,8/30/2025 13:14,Upload
280706,15533,2/23/2004 22:46,0.62,deg C,ABM,HOBO,QC_280706_15533_Water_20031019_20040228.csv,P,None,8/30/2025 13:14,Upload,8/30/2025 13:14,Upload
280706,15533,2/23/2004 23:46,0.62,deg C,ABM,HOBO,QC_280706_15533_Water_20031019_20040228.csv,P,None,8/30/2025 13:14,Upload,8/30/2025 13:14,Upload
280706,15533,2/24/2004 0:46,0.62,deg C,ABM,HOBO,QC_280706_15533_Water_20031019_20040228.csv,P,None,8/30/2025 13:14,Upload,8/30/2025 13:14,Upload
280706,15533,2/24/2004 1:46,0.78,deg C,ABM,HOBO,QC_280706_15533_Water_20031019_20040228.csv,P,None,8/30/2025 13:14,Upload,8/30/2025 13:14,Upload
280706,15533,2/24/2004 2:46,0.78,deg C,ABM,HOBO,QC_280706_15533_Water_20031019_20040228.csv,P,None,8/30/2025 13:14,Upload,8/30/2025 13:14,Upload
280706,15533,2/24/2004 3:46,0.62,deg C,ABM,HOBO,QC_280706_15533_Water_20031019_20040228.csv,P,None,8/30/2025 13:14,Upload,8/30/2025 13:14,Upload
280706,15533,2/24/2004 4:46,0.62,deg C,ABM,HOBO,QC_280706_15533_Water_20031019_20040228.csv,P,None,8/30/2025 13:14,Upload,8/30/2025 13:14,Upload
280706,15533,2/24/2004 5:46,0.62,deg C,ABM,HOBO,QC_280706_15533_Water_20031019_20040228.csv,P,None,8/30/2025 13:14,Upload,8/30/2025 13:14,Upload
280706,15533,2/24/2004 6:46,0.62,deg C,ABM,HOBO,QC_280706_15533_Water_20031019_20040228.csv,P,None,8/30/2025 13:14,Upload,8/30/2025 13:14,Upload
280706,15533,2/24/2004 7:46,0.62,deg C,ABM,HOBO,QC_280706_15533_Water_20031019_20040228.csv,P,None,8/30/2025 13:14,Upload,8/30/2025 13:14,Upload
280706,15533,2/24/2004 8:46,0.62,deg C,ABM,HOBO,QC_280706_15533_Water_20031019_20040228.csv,P,None,8/30/2025 13:14,Upload,8/30/2025 13:14,Upload
280706,15533,2/24/2004 9:46,0.62,deg C,ABM,HOBO,QC_280706_15533_Water_20031019_20040228.csv,P,None,8/30/2025 13:14,Upload,8/30/2025 13:14,Upload
280706,15533,2/24/2004 10:46,0.62,deg C,ABM,HOBO,QC_280706_15533_Water_20031019_20040228.csv,P,None,8/30/2025 13:14,Upload,8/30/2025 13:14,Upload
280706,15533,2/24/2004 11:46,0.78,deg C,ABM,HOBO,QC_280706_15533_Water_20031019_20040228.csv,P,None,8/30/2025 13:14,Upload,8/30/2025 13:14,Upload
280706,15533,2/24/2004 12:46,0.78,deg C,ABM,HOBO,QC_280706_15533_Water_20031019_20040228.csv,P,None,8/30/2025 13:14,Upload,8/30/2025 13:14,Upload
280706,15533,2/24/2004 13:46,0.78,deg C,ABM,HOBO,QC_280706_15533_Water_20031019_20040228.csv,P,None,8/30/2025 13:14,Upload,8/30/2025 13:14,Upload
280706,15533,2/24/2004 14:46,0.94,deg C,ABM,HOBO,QC_280706_15533_Water_20031019_20040228.csv,P,None,8/30/2025 13:14,Upload,8/30/2025 13:14,Upload
280706,15533,2/24/2004 15:46,0.94,deg C,ABM,HOBO,QC_280706_15533_Water_20031019_20040228.csv,P,None,8/30/2025 13:14,Upload,8/30/2025 13:14,Upload
280706,15533,2/24/2004 16:46,0.94,deg C,ABM,HOBO,QC_280706_15533_Water_20031019_20040228.csv,P,None,8/30/2025 13:14,Upload,8/30/2025 13:14,Upload
280706,15533,2/24/2004 17:46,0.94,deg C,ABM,HOBO,QC_280706_15533_Water_20031019_20040228.csv,P,None,8/30/2025 13:14,Upload,8/30/2025 13:14,Upload
280706,15533,2/24/2004 18:46,0.94,deg C,ABM,HOBO,QC_280706_15533_Water_20031019_20040228.csv,P,None,8/30/2025 13:14,Upload,8/30/2025 13:14,Upload
280706,15533,2/24/2004 19:46,1.1,deg C,ABM,HOBO,QC_280706_15533_Water_20031019_20040228.csv,P,None,8/30/2025 13:14,Upload,8/30/2025 13:14,Upload
280706,15533,2/24/2004 20:46,1.26,deg C,ABM,HOBO,QC_280706_15533_Water_20031019_20040228.csv,P,None,8/30/2025 13:14,Upload,8/30/2025 13:14,Upload
280706,15533,2/24/2004 21:46,1.26,deg C,ABM,HOBO,QC_280706_15533_Water_20031019_20040228.csv,P,None,8/30/2025 13:14,Upload,8/30/2025 13:14,Upload
280706,15533,2/24/2004 22:46,1.26,deg C,ABM,HOBO,QC_280706_15533_Water_20031019_20040228.csv,P,None,8/30/2025 13:14,Upload,8/30/2025 13:14,Upload
280706,15533,2/24/2004 23:46,1.42,deg C,ABM,HOBO,QC_280706_15533_Water_20031019_20040228.csv,P,None,8/30/2025 13:14,Upload,8/30/2025 13:14,Upload
280706,15533,2/25/2004 0:46,1.26,deg C,ABM,HOBO,QC_280706_15533_Water_20031019_20040228.csv,P,None,8/30/2025 13:14,Upload,8/30/2025 13:14,Upload
280706,15533,2/25/2004 1:46,1.26,deg C,ABM,HOBO,QC_280706_15533_Water_20031019_20040228.csv,P,None,8/30/2025 13:14,Upload,8/30/2025 13:14,Upload
280706,15533,2/25/2004 2:46,1.26,deg C,ABM,HOBO,QC_280706_15533_Water_20031019_20040228.csv,P,None,8/30/2025 13:14,Upload,8/30/2025 13:14,Upload
280706,15533,2/25/2004 3:46,1.1,deg C,ABM,HOBO,QC_280706_15533_Water_20031019_20040228.csv,P,None,8/30/2025 13:14,Upload,8/30/2025 13:14,Upload
280706,15533,2/25/2004 4:46,0.78,deg C,ABM,HOBO,QC_280706_15533_Water_20031019_20040228.csv,P,None,8/30/2025 13:14,Upload,8/30/2025 13:14,Upload
280706,15533,2/25/2004 5:46,0.62,deg C,ABM,HOBO,QC_280706_15533_Water_20031019_20040228.csv,P,None,8/30/2025 13:14,Upload,8/30/2025 13:14,Upload
280706,15533,2/25/2004 6:46,0.62,deg C,ABM,HOBO,QC_280706_15533_Water_20031019_20040228.csv,P,None,8/30/2025 13:14,Upload,8/30/2025 13:14,Upload
280706,15533,2/25/2004 7:46,0.62,deg C,ABM,HOBO,QC_280706_15533_Water_20031019_20040228.csv,P,None,8/30/2025 13:14,Upload,8/30/2025 13:14,Upload
280706,15533,2/25/2004 8:46,0.62,deg C,ABM,HOBO,QC_280706_15533_Water_20031019_20040228.csv,P,None,8/30/2025 13:14,Upload,8/30/2025 13:14,Upload
280706,15533,2/25/2004 9:46,0.62,deg C,ABM,HOBO,QC_280706_15533_Water_20031019_20040228.csv,P,None,8/30/2025 13:14,Upload,8/30/2025 13:14,Upload
280706,15533,2/25/2004 10:46,0.78,deg C,ABM,HOBO,QC_280706_15533_Water_20031019_20040228.csv,P,None,8/30/2025 13:14,Upload,8/30/2025 13:14,Upload
280706,15533,2/25/2004 11:46,0.78,deg C,ABM,HOBO,QC_280706_15533_Water_20031019_20040228.csv,P,None,8/30/2025 13:14,Upload,8/30/2025 13:14,Upload
280706,15533,2/25/2004 12:46,0.94,deg C,ABM,HOBO,QC_280706_15533_Water_20031019_20040228.csv,P,None,8/30/2025 13:14,Upload,8/30/2025 13:14,Upload
280706,15533,2/25/2004 13:46,1.1,deg C,ABM,HOBO,QC_280706_15533_Water_20031019_20040228.csv,P,None,8/30/2025 13:14,Upload,8/30/2025 13:14,Upload
280706,15533,2/25/2004 14:46,1.1,deg C,ABM,HOBO,QC_280706_15533_Water_20031019_20040228.csv,P,None,8/30/2025 13:14,Upload,8/30/2025 13:14,Upload
280706,15533,2/25/2004 15:46,1.1,deg C,ABM,HOBO,QC_280706_15533_Water_20031019_20040228.csv,P,None,8/30/2025 13:14,Upload,8/30/2025 13:14,Upload
280706,15533,2/25/2004 16:46,0.94,deg C,ABM,HOBO,QC_280706_15533_Water_20031019_20040228.csv,P,None,8/30/2025 13:14,Upload,8/30/2025 13:14,Upload
280706,15533,2/25/2004 17:46,0.94,deg C,ABM,HOBO,QC_280706_15533_Water_20031019_20040228.csv,P,None,8/30/2025 13:14,Upload,8/30/2025 13:14,Upload
280706,15533,2/25/2004 18:46,0.78,deg C,ABM,HOBO,QC_280706_15533_Water_20031019_20040228.csv,P,None,8/30/2025 13:14,Upload,8/30/2025 13:14,Upload
280706,15533,2/25/2004 19:46,0.78,deg C,ABM,HOBO,QC_280706_15533_Water_20031019_20040228.csv,P,None,8/30/2025 13:14,Upload,8/30/2025 13:14,Upload
280706,15533,2/25/2004 20:46,0.78,deg C,ABM,HOBO,QC_280706_15533_Water_20031019_20040228.csv,P,None,8/30/2025 13:14,Upload,8/30/2025 13:14,Upload
280706,15533,2/25/2004 21:46,0.78,deg C,ABM,HOBO,QC_280706_15533_Water_20031019_20040228.csv,P,None,8/30/2025 13:14,Upload,8/30/2025 13:14,Upload
280706,15533,2/25/2004 22:46,0.78,deg C,ABM,HOBO,QC_280706_15533_Water_20031019_20040228.csv,P,None,8/30/2025 13:14,Upload,8/30/2025 13:14,Upload
280706,15533,2/25/2004 23:46,0.94,deg C,ABM,HOBO,QC_280706_15533_Water_20031019_20040228.csv,P,None,8/30/2025 13:14,Upload,8/30/2025 13:14,Upload
280706,15533,2/26/2004 0:46,1.26,deg C,ABM,HOBO,QC_280706_15533_Water_20031019_20040228.csv,P,None,8/30/2025 13:14,Upload,8/30/2025 13:14,Upload
280706,15533,2/26/2004 1:46,1.26,deg C,ABM,HOBO,QC_280706_15533_Water_20031019_20040228.csv,P,None,8/30/2025 13:14,Upload,8/30/2025 13:14,Upload
280706,15533,2/26/2004 2:46,1.26,deg C,ABM,HOBO,QC_280706_15533_Water_20031019_20040228.csv,P,None,8/30/2025 13:14,Upload,8/30/2025 13:14,Upload
280706,15533,2/26/2004 3:46,0.78,deg C,ABM,HOBO,QC_280706_15533_Water_20031019_20040228.csv,P,None,8/30/2025 13:14,Upload,8/30/2025 13:14,Upload
280706,15533,2/26/2004 4:46,0.78,deg C,ABM,HOBO,QC_280706_15533_Water_20031019_20040228.csv,P,None,8/30/2025 13:14,Upload,8/30/2025 13:14,Upload
280706,15533,2/26/2004 5:46,0.62,deg C,ABM,HOBO,QC_280706_15533_Water_20031019_20040228.csv,P,None,8/30/2025 13:14,Upload,8/30/2025 13:14,Upload
280706,15533,2/26/2004 6:46,0.62,deg C,ABM,HOBO,QC_280706_15533_Water_20031019_20040228.csv,P,None,8/30/2025 13:14,Upload,8/30/2025 13:14,Upload
280706,15533,2/26/2004 7:46,0.62,deg C,ABM,HOBO,QC_280706_15533_Water_20031019_20040228.csv,P,None,8/30/2025 13:14,Upload,8/30/2025 13:14,Upload
280706,15533,2/26/2004 8:46,0.62,deg C,ABM,HOBO,QC_280706_15533_Water_20031019_20040228.csv,P,None,8/30/2025 13:14,Upload,8/30/2025 13:14,Upload
280706,15533,2/26/2004 9:46,0.62,deg C,ABM,HOBO,QC_280706_15533_Water_20031019_20040228.csv,P,None,8/30/2025 13:14,Upload,8/30/2025 13:14,Upload
280706,15533,2/26/2004 10:46,0.78,deg C,ABM,HOBO,QC_280706_15533_Water_20031019_20040228.csv,P,None,8/30/2025 13:14,Upload,8/30/2025 13:14,Upload
280706,15533,2/26/2004 11:46,0.94,deg C,ABM,HOBO,QC_280706_15533_Water_20031019_20040228.csv,P,None,8/30/2025 13:14,Upload,8/30/2025 13:14,Upload
280706,15533,2/26/2004 12:46,1.1,deg C,ABM,HOBO,QC_280706_15533_Water_20031019_20040228.csv,P,None,8/30/2025 13:14,Upload,8/30/2025 13:14,Upload
280706,15533,2/26/2004 13:46,1.26,deg C,ABM,HOBO,QC_280706_15533_Water_20031019_20040228.csv,P,None,8/30/2025 13:14,Upload,8/30/2025 13:14,Upload
280706,15533,2/26/2004 14:46,1.42,deg C,ABM,HOBO,QC_280706_15533_Water_20031019_20040228.csv,P,None,8/30/2025 13:14,Upload,8/30/2025 13:14,Upload
280706,15533,2/26/2004 15:46,1.58,deg C,ABM,HOBO,QC_280706_15533_Water_20031019_20040228.csv,P,None,8/30/2025 13:14,Upload,8/30/2025 13:14,Upload
280706,15533,2/26/2004 16:46,1.74,deg C,ABM,HOBO,QC_280706_15533_Water_20031019_20040228.csv,P,None,8/30/2025 13:14,Upload,8/30/2025 13:14,Upload
280706,15533,2/26/2004 17:46,1.89,deg C,ABM,HOBO,QC_280706_15533_Water_20031019_20040228.csv,P,None,8/30/2025 13:14,Upload,8/30/2025 13:14,Upload
280706,15533,2/26/2004 18:46,1.89,deg C,ABM,HOBO,QC_280706_15533_Water_20031019_20040228.csv,P,None,8/30/2025 13:14,Upload,8/30/2025 13:14,Upload
280706,15533,2/26/2004 19:46,1.89,deg C,ABM,HOBO,QC_280706_15533_Water_20031019_20040228.csv,P,None,8/30/2025 13:14,Upload,8/30/2025 13:14,Upload
280706,15533,2/26/2004 20:46,2.06,deg C,ABM,HOBO,QC_280706_15533_Water_20031019_20040228.csv,P,None,8/30/2025 13:14,Upload,8/30/2025 13:14,Upload
280706,15533,2/26/2004 21:46,2.21,deg C,ABM,HOBO,QC_280706_15533_Water_20031019_20040228.csv,P,None,8/30/2025 13:14,Upload,8/30/2025 13:14,Upload
280706,15533,2/26/2004 22:46,2.37,deg C,ABM,HOBO,QC_280706_15533_Water_20031019_20040228.csv,P,None,8/30/2025 13:14,Upload,8/30/2025 13:14,Upload
280706,15533,2/26/2004 23:46,2.53,deg C,ABM,HOBO,QC_280706_15533_Water_20031019_20040228.csv,P,None,8/30/2025 13:14,Upload,8/30/2025 13:14,Upload
280706,15533,2/27/2004 0:46,2.53,deg C,ABM,HOBO,QC_280706_15533_Water_20031019_20040228.csv,P,None,8/30/2025 13:14,Upload,8/30/2025 13:14,Upload
280706,15533,2/27/2004 1:46,2.53,deg C,ABM,HOBO,QC_280706_15533_Water_20031019_20040228.csv,P,None,8/30/2025 13:14,Upload,8/30/2025 13:14,Upload
280706,15533,2/27/2004 2:46,2.37,deg C,ABM,HOBO,QC_280706_15533_Water_20031019_20040228.csv,P,None,8/30/2025 13:14,Upload,8/30/2025 13:14,Upload
280706,15533,2/27/2004 3:46,2.06,deg C,ABM,HOBO,QC_280706_15533_Water_20031019_20040228.csv,P,None,8/30/2025 13:14,Upload,8/30/2025 13:14,Upload
280706,15533,2/27/2004 4:46,1.74,deg C,ABM,HOBO,QC_280706_15533_Water_20031019_20040228.csv,P,None,8/30/2025 13:14,Upload,8/30/2025 13:14,Upload
280706,15533,2/27/2004 5:46,1.42,deg C,ABM,HOBO,QC_280706_15533_Water_20031019_20040228.csv,P,None,8/30/2025 13:14,Upload,8/30/2025 13:14,Upload
280706,15533,2/27/2004 6:46,1.26,deg C,ABM,HOBO,QC_280706_15533_Water_20031019_20040228.csv,P,None,8/30/2025 13:14,Upload,8/30/2025 13:14,Upload
280706,15533,2/27/2004 7:46,1.1,deg C,ABM,HOBO,QC_280706_15533_Water_20031019_20040228.csv,P,None,8/30/2025 13:14,Upload,8/30/2025 13:14,Upload
280706,15533,2/27/2004 8:46,0.94,deg C,ABM,HOBO,QC_280706_15533_Water_20031019_20040228.csv,P,None,8/30/2025 13:14,Upload,8/30/2025 13:14,Upload
280706,15533,2/27/2004 9:46,0.94,deg C,ABM,HOBO,QC_280706_15533_Water_20031019_20040228.csv,P,None,8/30/2025 13:14,Upload,8/30/2025 13:14,Upload
280706,15533,2/27/2004 10:46,0.94,deg C,ABM,HOBO,QC_280706_15533_Water_20031019_20040228.csv,P,None,8/30/2025 13:14,Upload,8/30/2025 13:14,Upload
280706,15533,2/27/2004 11:46,1.1,deg C,ABM,HOBO,QC_280706_15533_Water_20031019_20040228.csv,P,None,8/30/2025 13:14,Upload,8/30/2025 13:14,Upload
280706,15533,2/27/2004 12:46,1.26,deg C,ABM,HOBO,QC_280706_15533_Water_20031019_20040228.csv,P,None,8/30/2025 13:14,Upload,8/30/2025 13:14,Upload
280706,15533,2/27/2004 13:46,1.42,deg C,ABM,HOBO,QC_280706_15533_Water_20031019_20040228.csv,P,None,8/30/2025 13:14,Upload,8/30/2025 13:14,Upload
280706,15533,2/27/2004 14:46,1.58,deg C,ABM,HOBO,QC_280706_15533_Water_20031019_20040228.csv,P,None,8/30/2025 13:14,Upload,8/30/2025 13:14,Upload
280706,15533,2/27/2004 15:46,1.74,deg C,ABM,HOBO,QC_280706_15533_Water_20031019_20040228.csv,P,None,8/30/2025 13:14,Upload,8/30/2025 13:14,Upload
280706,15533,2/27/2004 16:46,1.89,deg C,ABM,HOBO,QC_280706_15533_Water_20031019_20040228.csv,P,None,8/30/2025 13:14,Upload,8/30/2025 13:14,Upload
280706,15533,2/27/2004 17:46,2.06,deg C,ABM,HOBO,QC_280706_15533_Water_20031019_20040228.csv,P,None,8/30/2025 13:14,Upload,8/30/2025 13:14,Upload
280706,15533,2/27/2004 18:46,2.06,deg C,ABM,HOBO,QC_280706_15533_Water_20031019_20040228.csv,P,None,8/30/2025 13:14,Upload,8/30/2025 13:14,Upload
280706,15533,2/27/2004 19:46,2.21,deg C,ABM,HOBO,QC_280706_15533_Water_20031019_20040228.csv,P,None,8/30/2025 13:14,Upload,8/30/2025 13:14,Upload
280706,15533,2/27/2004 20:46,2.21,deg C,ABM,HOBO,QC_280706_15533_Water_20031019_20040228.csv,P,None,8/30/2025 13:14,Upload,8/30/2025 13:14,Upload
280706,15533,2/27/2004 21:46,2.37,deg C,ABM,HOBO,QC_280706_15533_Water_20031019_20040228.csv,P,None,8/30/2025 13:14,Upload,8/30/2025 13:14,Upload
280706,15533,2/27/2004 22:46,2.37,deg C,ABM,HOBO,QC_280706_15533_Water_20031019_20040228.csv,P,None,8/30/2025 13:14,Upload,8/30/2025 13:14,Upload
280706,15533,2/27/2004 23:46,2.37,deg C,ABM,HOBO,QC_280706_15533_Water_20031019_20040228.csv,P,None,8/30/2025 13:14,Upload,8/30/2025 13:14,Upload
280706,15533,2/28/2004 0:46,2.53,deg C,ABM,HOBO,QC_280706_15533_Water_20031019_20040228.csv,P,None,8/30/2025 13:14,Upload,8/30/2025 13:14,Upload
280706,15533,2/28/2004 1:46,2.37,deg C,ABM,HOBO,QC_280706_15533_Water_20031019_20040228.csv,P,None,8/30/2025 13:14,Upload,8/30/2025 13:14,Upload
280706,15533,2/28/2004 2:46,2.53,deg C,ABM,HOBO,QC_280706_15533_Water_20031019_20040228.csv,P,None,8/30/2025 13:14,Upload,8/30/2025 13:14,Upload
280706,15533,2/28/2004 3:46,2.21,deg C,ABM,HOBO,QC_280706_15533_Water_20031019_20040228.csv,P,None,8/30/2025 13:14,Upload,8/30/2025 13:14,Upload
280706,15533,2/28/2004 4:46,1.89,deg C,ABM,HOBO,QC_280706_15533_Water_20031019_20040228.csv,P,None,8/30/2025 13:14,Upload,8/30/2025 13:14,Upload
280706,15533,2/28/2004 5:46,1.58,deg C,ABM,HOBO,QC_280706_15533_Water_20031019_20040228.csv,P,None,8/30/2025 13:14,Upload,8/30/2025 13:14,Upload
280706,15533,2/28/2004 6:46,1.42,deg C,ABM,HOBO,QC_280706_15533_Water_20031019_20040228.csv,P,None,8/30/2025 13:14,Upload,8/30/2025 13:14,Upload
280706,15533,2/28/2004 7:46,1.42,deg C,ABM,HOBO,QC_280706_15533_Water_20031019_20040228.csv,P,None,8/30/2025 13:14,Upload,8/30/2025 13:14,Upload
280706,15533,2/28/2004 8:46,1.26,deg C,ABM,HOBO,QC_280706_15533_Water_20031019_20040228.csv,P,None,8/30/2025 13:14,Upload,8/30/2025 13:14,Upload
280706,15533,2/28/2004 9:46,1.42,deg C,ABM,HOBO,QC_280706_15533_Water_20031019_20040228.csv,P,None,8/30/2025 13:14,Upload,8/30/2025 13:14,Upload
280706,15533,2/28/2004 10:46,1.58,deg C,ABM,HOBO,QC_280706_15533_Water_20031019_20040228.csv,P,None,8/30/2025 13:14,Upload,8/30/2025 13:14,Upload
280706,15533,2/28/2004 11:46,1.74,deg C,ABM,HOBO,QC_280706_15533_Water_20031019_20040228.csv,P,None,8/30/2025 13:14,Upload,8/30/2025 13:14,Upload
280706,15533,2/28/2004 12:46,1.89,deg C,ABM,HOBO,QC_280706_15533_Water_20031019_20040228.csv,P,None,8/30/2025 13:14,Upload,8/30/2025 13:14,Upload
280706,15533,2/28/2004 13:46,2.21,deg C,ABM,HOBO,QC_280706_15533_Water_20031019_20040228.csv,P,None,8/30/2025 13:14,Upload,8/30/2025 13:14,Upload
280706,15533,2/28/2004 14:46,2.37,deg C,ABM,HOBO,QC_280706_15533_Water_20031019_20040228.csv,P,None,8/30/2025 13:14,Upload,8/30/2025 13:14,Upload
280706,15533,2/28/2004 15:46,2.53,deg C,ABM,HOBO,QC_280706_15533_Water_20031019_20040228.csv,P,None,8/30/2025 13:14,Upload,8/30/2025 13:14,Upload
280706,15533,2/28/2004 16:46,2.84,deg C,ABM,HOBO,QC_280706_15533_Water_20031019_20040228.csv,P,None,8/30/2025 13:14,Upload,8/30/2025 13:14,Upload
280706,15533,2/28/2004 17:46,3,deg C,ABM,HOBO,QC_280706_15533_Water_20031019_20040228.csv,P,None,8/30/2025 13:14,Upload,8/30/2025 13:14,Upload
280706,15533,2/28/2004 18:46,3.16,deg C,ABM,HOBO,QC_280706_15533_Water_20031019_20040228.csv,P,None,8/30/2025 13:14,Upload,8/30/2025 13:14,Upload
280706,15533,2/28/2004 19:46,3.32,deg C,ABM,HOBO,QC_280706_15533_Water_20031019_20040228.csv,P,None,8/30/2025 13:14,Upload,8/30/2025 13:14,Upload
280706,15533,2/28/2004 20:46,3.32,deg C,ABM,HOBO,QC_280706_15533_Water_20031019_20040228.csv,P,None,8/30/2025 13:14,Upload,8/30/2025 13:14,Upload
280706,15533,2/28/2004 21:46,3.47,deg C,ABM,HOBO,QC_280706_15533_Water_20031019_20040228.csv,P,None,8/30/2025 13:14,Upload,8/30/2025 13:14,Upload
280706,15533,2/28/2004 22:46,3.47,deg C,ABM,HOBO,QC_280706_15533_Water_20031019_20040228.csv,P,None,8/30/2025 13:14,Upload,8/30/2025 13:14,Upload
280706,15533,2/28/2004 23:46,3.63,deg C,ABM,HOBO,QC_280706_15533_Water_20031019_20040228.csv,P,None,8/30/2025 13:14,Upload,8/30/2025 13:14,Upload
