"staSeq","sampYr","ActivityStartDate","LAB_ID","Subsamp_Rep","Rep","Habitat","CUMDRAINAGE_SQMI","MMI","ETaxa","PTaxa","TTaxa","PctSenEPT","STaxa","AvgBCG","PctDomTaxa","LabAccession","CharacteristicName","ResultMeasureValue","ResultMeasureUnitCode","ResultDetectionConditionText","locationName","HydroID","lcYr","area_sqkm","length_km","sum_strdrf_pct","catch_strdrf_pct","slp_mean","rc_sqkm","ag","coreforest","dev","fragforest","openwater","wetland","nat"
14126,2013,2013-10-09,"14257","First",1,"Riffle",21.9297,52.9595207,2,1,7,52.99539171,6,3.833333333,19.8156682,"130405-015","Chloride",25.6,"ppm","","Aspetuck River",201496904,2015,56.7981,119.70478598,0.070554274,0.089581332,11.6373872297661,1.79583471982337,0.037534345,0.333066204370012,0.136252126128484,0.388901609315714,0.01131754546644,0.048721051942954,0.78200641109512
14128,2006,2006-09-26,"9865","First",1,"Riffle",51.0094,60.95182433,5,2,7,33.61344538,10,3.770833333,23.94957983,"061249-007","Chloride",10.87,"ppm","","Bantam River",201493421,2006,132.1146,248.344663961,0.036609462,0.274891101,22.1811927863832,1.35488432012813,0.161625111,0.313722594889536,0.092231644376942,0.308884951271991,0.043749736320297,0.079342980494733,0.745700262976557
14128,2016,2016-09-29,"16-B-034","First",1,"Riffle",51.0094,50.46223831,5,1,3,43.93442623,7,3.85,29.18032787,"160366-020","Chloride",57.7,"ppm","NULL","Bantam River",201493421,2015,132.1146,248.344663961,0.036609462,0.274891101,22.1811927863832,1.35488432012813,0.162771239,0.31131080453951,0.092674626277968,0.310832665344752,0.043004401693175,0.079335949035987,0.744483820613424
14129,2006,2006-10-06,"9968","First",1,"Riffle",10.0133,54.85139431,5,2,7,46.30541872,3,3.833333333,27.5862069,"061253-014","Chloride",25.9,"ppm","","Beacon Hill Brook",201495297,2006,25.9344,31.039679539,0.148667253,0.589813164,17.6435892618731,1.34955888703807,0.011107926,0.373118818976638,0.18267163537337,0.318116669055468,0.028199799340691,0.014834456069944,0.734269743442741
14129,2015,2015-09-28,"620.2-078","First",1,"Riffle",10.0133,54.09429242,5,1,9,20.85308057,8,4.06,27.96208531,"150413-001","Chloride",61.8,"ppm","","Beacon Hill Brook",201495297,2015,25.9344,31.039679539,0.148667253,0.589813164,17.6435892618731,1.34955888703807,0.01082127,0.37451626773685,0.187616454063351,0.312240217858679,0.027948975204243,0.014798624050452,0.729504084850224
14129,2016,2016-10-05,"16-B-047","First",1,"Riffle",10.0133,44.43116397,3,1,8,12.43523316,6,3.952380952,38.34196891,"160372-008","Chloride",63,"ppm","NULL","Beacon Hill Brook",201495297,2015,25.9344,31.039679539,0.148667253,0.589813164,17.6435892618731,1.34955888703807,0.01082127,0.37451626773685,0.187616454063351,0.312240217858679,0.027948975204243,0.014798624050452,0.729504084850224
14132,2006,2006-10-17,"9992","First",1,"Riffle",45.6119,59.12220955,7,1,6,40.56603774,8,3.9,20.28301887,"061260-003","Chloride",11.33,"ppm","","Blackberry River",201489066,2006,118.1349,155.142513157,0.078157932,0.018181818,5.31666278641663,0.617937628930993,0.115968012,0.526220188247505,0.071217947205775,0.205947803385939,0.031461080575279,0.036186926470241,0.799815998678964
14137,2008,2008-10-16,"14050","First",1,"Riffle",19.2812,74.81422789,6,2,9,58.40707965,12,3.628571429,15.04424779,"080193-002","Chloride",16.5,"ppm","","Blackledge River",201492502,2006,49.9383,76.056269162,0.043235985,0.118789903,14.6124602949276,0.640790735767938,0.069786474,0.426716762145674,0.118127371475337,0.274979540212782,0.011104084517521,0.032010267093222,0.744810653969199
14137,2012,2012-10-10,"6448.4-10","First",1,"Riffle",19.2812,81.96439567,8,4,9,59.70149254,9,3.414285714,17.41293532,"120274-014","Chloride",20.3,"ppm","","Blackledge River",201492502,2010,49.9383,76.056269162,0.043235985,0.118789903,14.6124602949276,0.640790735767938,0.069972472,0.420058031396473,0.118610966445949,0.28087567889294,0.011104084517521,0.032010267093222,0.744048061900156
14145,2006,2006-10-24,"10031","First",1,"Riffle",22.4753,37.30476645,1,2,6,15.2173913,6,3.888888889,58.26086957,"061270-007","Chloride",14.62,"ppm","","Branch Brook",201493559,2006,58.2111,109.970075719,0.02217514,0.171568627,23.8640560063935,1.58045458683997,0.168927545,0.333801468241302,0.098436003830195,0.286610277689116,0.034551548037025,0.022215129269071,0.677178423236514
14146,2007,2007-10-11,"12106","First",1,"Riffle",12.1159,54.80739613,3,1,9,41.63090129,6,3.765151515,26.60944206,"070202-028","Chloride",15.7,"ppm","","Branford River",201496101,2006,31.3803,37.643183648,0.073574202,0.148748285,13.5043302162666,1.05161518532328,0.026377335,0.427099677314308,0.122087687616567,0.207140531099204,0.159418573670032,0.031765297966192,0.825424080049736
14146,2013,2013-09-17,"14260","First",1,"Riffle",12.1159,45.83307245,3,1,8,7.594936709,7,3.833333333,37.13080169,"130377-008","Chloride",28.4,"ppm","","Branford River",201496101,2015,31.3803,37.643183648,0.073574202,0.148748285,13.5043302162666,1.05161518532328,0.024423458,0.419313774830516,0.122916604991267,0.211551555700287,0.159329761094171,0.031735693774238,0.821930785399212
14147,2008,2008-10-02,"13961","First",1,"Riffle",15.8494,30.75415842,NA,NA,4,27.51091703,4,4.194444444,27.51091703,"080177-002","Chloride",23.8,"ppm","","Broad Brook",201488625,2006,41.0499,58.478903652,0.450835099,0.242260572,8.86091639546644,1.09622678739778,0.302865031,0.165180592015932,0.132298361546121,0.248370598352494,0.004164026432516,0.027088802389789,0.444804019190731
14147,2012,2012-10-17,"6448.5-29","First",1,"Riffle",15.8494,40.8054697,2,1,4,26.29310345,6,4.175,24.56896552,"120280-010","Chloride",31.9,"ppm","","Broad Brook",201488625,2010,41.0499,58.478903652,0.450835099,0.242260572,8.86091639546644,1.09622678739778,0.301914547,0.163483298633113,0.134425635919254,0.249185299176247,0.004164026432516,0.027111432968227,0.443944057210103
14147,2014,2014-09-15,"620.1-001","First",1,"Riffle",15.8494,32.46320913,1,NA,5,23.95833333,3,4.382352941,19.79166667,"140292-001","Chloride",37.8,"ppm","","Broad Brook",201488625,2015,41.0499,58.478903652,0.450835099,0.242260572,8.86091639546644,1.09622678739778,0.303340273,0.163460668054675,0.135059292115506,0.249094776862497,0.004073504118765,0.027020910654476,0.443649859690413
14148,2008,2008-09-15,"13833","First",1,"Riffle",4.0955,46.75963342,1,NA,7,31.07344633,5,3.875,21.46892655,"080157-002","Chloride",13.5,"ppm","","Bunnell Brook",201491607,2006,10.6074,19.307662805,0.266429658,0.549672137,13.2317837543865,1.79120236815808,0.078283713,0.313134851138354,0.125394045534151,0.346847635726795,0.0069176882662,0.034500875656743,0.701401050788092
14150,2007,2007-10-18,"12123","First",1,"Riffle",25.9784,32.36827885,2,NA,6,8.612440191,4,4.09375,37.32057416,"070203-016","Chloride",62.9,"mg/L","","Byram River",201497248,2006,67.284,130.777625136,0.067524318,0.053950178,16.0032053466399,1.99155817133345,0.008273024,0.109634826805149,0.212819733716369,0.383307552068946,0.03430749682338,0.027001270648031,0.554251146345506
14150,2009,2009-09-29,"15634","First",1,"Riffle",25.9784,30.79275743,2,NA,7,5.775075988,2,4.25,27.3556231,"090208-002","Chloride",0.2,"ppm","Less Than","Byram River",201497248,2010,67.284,130.777625136,0.067524318,0.053950178,16.0032053466399,1.99155817133345,0.008273024,0.109759129329871,0.213137395723993,0.384067178608917,0.034335119606652,0.027001270648031,0.555162698193471
14153,2008,2008-09-23,"13898","First",1,"Riffle",37.2659,52.53772047,4,1,10,15.07537688,8,4.055555556,19.09547739,"080161-017","Chloride",20,"ppm","","Coginchaug River",201493772,2006,96.5187,165.388451361,0.13426558,0.093549491,8.93216360789317,1.59554573362468,0.15960539,0.244947064485082,0.148036573628489,0.258748796920115,0.011819056785371,0.056804619826757,0.572319538017325
14153,2008,2008-09-23,"13898","First",1,"Riffle",37.2659,52.53772047,4,1,10,15.07537688,8,4.055555556,19.09547739,"080161-018","Chloride",20,"ppm","","Coginchaug River",201493772,2006,96.5187,165.388451361,0.13426558,0.093549491,8.93216360789317,1.59554573362468,0.15960539,0.244947064485082,0.148036573628489,0.258748796920115,0.011819056785371,0.056804619826757,0.572319538017325
14153,2012,2012-09-17,"6448.1-11","First",1,"Riffle",37.2659,52.08903753,5,1,8,30.03952569,7,4.172413793,20.9486166,"120242-009","Chloride",25.5,"ppm","","Coginchaug River",201493772,2010,96.5187,165.388451361,0.13426558,0.093549491,8.93216360789317,1.59554573362468,0.158142445,0.247401347449471,0.149422521655438,0.257314725697786,0.011847930702599,0.056804619826757,0.573368623676613
14153,2014,2014-10-02,"620.1-086","First",1,"Riffle",37.2659,65.70282824,3,2,13,50.24630542,10,3.923076923,26.10837438,"140333-007","Chloride",32.2,"ppm","","Coginchaug River",201493772,2015,96.5187,165.388451361,0.13426558,0.093549491,8.93216360789317,1.59554573362468,0.157949952,0.246438883541867,0.150587102983638,0.256862367661213,0.011616939364774,0.056794995187681,0.571713185755535
14156,2006,2006-09-20,"9789","First",1,"Riffle",7.4651,44.63572982,4,NA,6,47.20812183,4,4.1125,38.5786802,"061236-021","Chloride",21.6,"ppm","","Comstock Brook",201496901,2006,19.3347,47.412325534,0.006175269,0.025325839,10.8782122483125,2.01709879129234,0.014219148,0.184464620262286,0.176009991833598,0.416246337128309,0.024643320363165,0.044867175865879,0.670221453619639
14158,2008,2008-10-07,"13997","First",1,"Riffle",16.8289,31.34860981,2,NA,5,6.829268293,5,4.323529412,33.17073171,"080186-007","Chloride",22.2,"ppm","","Coppermine Brook",201492736,2006,43.587,62.668530448,0.327694952,0.292418396,6.57374502685975,1.60598343542799,0.022811094,0.316775747756198,0.255761400217452,0.28665231202166,0.003474961093227,0.019272176860597,0.626175197731682
14172,2006,2006-10-11,"9979","First",1,"Riffle",5.4445,55.67560962,4,1,6,32.9787234,8,3.955357143,19.68085106,"061253-020","Chloride",33.39,"ppm","","Deep Brook",201496121,2006,14.1012,26.025042588,0.052365055,0.089497788,9.01250879433486,2.12747851246702,0.13056947,0.085025046137622,0.241102030055365,0.351173213814922,0.000263643553915,0.047851305035592,0.484313208542051
14172,2013,2013-09-26,"14262","First",1,"Riffle",5.4445,60.46218023,5,1,7,32.32323232,8,3.772727273,17.67676768,"130395-016","Chloride",41.9,"ppm","","Deep Brook",201496121,2015,14.1012,26.025042588,0.052365055,0.089497788,9.01250879433486,2.12747851246702,0.13056947,0.085881887687846,0.244002109148431,0.349854996045347,0.000329554442394,0.047785394147113,0.4838518323227
14172,2016,2016-10-21,"16-B-088","First",1,"Riffle",5.4445,58.75947091,2,1,9,51.38121547,9,4.044444444,23.75690608,"160389-015","Chloride",76.9,"ppm","NULL","Deep Brook",201496121,2015,14.1012,26.025042588,0.052365055,0.089497788,9.01250879433486,2.12747851246702,0.13056947,0.085881887687846,0.244002109148431,0.349854996045347,0.000329554442394,0.047785394147113,0.4838518323227
14174,2008,2008-10-09,"14023","First",1,"Riffle",23.6807,75.46255264,9,3,10,30.52631579,11,3.697674419,14.73684211,"080194-005","Chloride",9.1,"ppm","","East Branch Eightmile River",201494448,2006,61.3332,101.855859136,0.082018192,0.216190763,14.0713138789285,1.10869806238709,0.086433028,0.447779729811595,0.080617313866844,0.29903980129642,0.016447567698552,0.048903495486763,0.81217059429333
14174,2012,2012-10-15,"6448.5-16","First",1,"Riffle",23.6807,79.49551107,10,3,8,62.06896552,10,3.511363636,15.94827586,"120279-019","Chloride",13.4,"ppm","","East Branch Eightmile River",201494448,2010,61.3332,101.855859136,0.082018192,0.216190763,14.0713138789285,1.10869806238709,0.086629915,0.451020779063428,0.080723329496577,0.298555158417641,0.016477857878476,0.048858060216878,0.814911855576423
14174,2014,2014-10-02,"620.1-083","First",1,"Riffle",23.6807,69.75023483,7,2,8,58.68263473,7,3.535714286,20.95808383,"140333-004","Chloride",15.4,"ppm","","East Branch Eightmile River",201494448,2015,61.3332,101.855859136,0.082018192,0.216190763,14.0713138789285,1.10869806238709,0.086539044,0.451323680862664,0.081056521475738,0.299933361604168,0.015856909190041,0.048858060216878,0.815972011873751
14176,2006,2006-10-05,"9958","First",1,"Riffle",10.7308,61.15321198,7,2,7,18.61702128,8,3.791666667,20.21276596,"061251-004","Chloride",16.07,"ppm","","East Branch Naugatuck River",201491547,2006,27.7929,44.638423606,0.031458518,0.373300971,13.8252212739275,1.1873536046976,0.077293233,0.425062656641604,0.11077694235589,0.284444444444444,0.058078529657477,0.033517126148705,0.80110275689223
14176,2006,2006-10-05,"9958","First",1,"Riffle",10.7308,61.15321198,7,2,7,18.61702128,8,3.791666667,20.21276596,"061251-003","Chloride",16.07,"ppm","","East Branch Naugatuck River",201491547,2006,27.7929,44.638423606,0.031458518,0.373300971,13.8252212739275,1.1873536046976,0.077293233,0.425062656641604,0.11077694235589,0.284444444444444,0.058078529657477,0.033517126148705,0.80110275689223
14179,2006,2006-10-05,"9956","First",1,"Riffle",14.0994,41.64336043,5,NA,6,3.947368421,7,3.909090909,43.85964912,"061251-001","Chloride",34.99,"ppm","","East Branch Naugatuck River",201491670,2006,36.5175,57.39203698,0.054013522,0.120939876,15.6119867455491,2.49195591154926,0.060093586,0.344031331061492,0.225064849193836,0.263999796551549,0.045089263007985,0.027389247749352,0.680509638370378
14179,2016,2016-10-05,"16-B-040","First",1,"Riffle",14.0994,39.72776541,3,NA,4,16.23036649,8,4.325,23.56020942,"160372-001","Chloride",170.5,"ppm","NULL","East Branch Naugatuck River",201491670,2015,36.5175,57.39203698,0.054013522,0.120939876,15.6119867455491,2.49195591154926,0.060220742,0.341666242815727,0.226082091450079,0.265118763033416,0.044784090331112,0.027363816692945,0.6789329128732
14183,2006,2006-09-27,"9877","First",1,"Riffle",24.513,55.8042809,5,2,6,26.26728111,9,3.730769231,35.94470046,"061249-013","Chloride",20.12,"ppm","","East Aspetuck River",201494833,2006,63.4887,94.807942903,0.027716683,0.050331451,17.4704816605389,1.49632926804297,0.122872239,0.331498909591206,0.111031424264157,0.301187008767179,0.048256077748342,0.021969175826588,0.702911171933315
14183,2014,2014-09-23,"620.1-044","First",1,"Riffle",24.513,60.37263192,4,2,8,39.39393939,9,3.94,17.8030303,"140294-010","Chloride",36.8,"ppm","","East Aspetuck River",201494833,2015,63.4887,94.807942903,0.027716683,0.050331451,17.4704816605389,1.49632926804297,0.122886876,0.329874273670653,0.111938878562124,0.30134800872327,0.047919441476516,0.021925266747655,0.701066990618094
14183,2016,2016-10-18,"16-B-081","First",1,"Riffle",24.513,59.01245619,4,3,6,47.3354232,7,3.909090909,21.63009404,"160389-008","Chloride",46.6,"ppm","NULL","East Aspetuck River",201494833,2015,63.4887,94.807942903,0.027716683,0.050331451,17.4704816605389,1.49632926804297,0.122886876,0.329874273670653,0.111938878562124,0.30134800872327,0.047919441476516,0.021925266747655,0.701066990618094
14186,2006,2006-09-19,"9751","First",1,"Riffle",17.935,68.06528797,5,2,10,47.86729858,9,3.8,15.16587678,"061253-009","Chloride",17.39,"ppm","","Eightmile Brook",201496076,2006,46.4517,80.62188238,0.09368902,0.145650745,22.8649338274153,1.57152483116872,0.050110022,0.271354270854171,0.15631126225245,0.38625725145029,0.031986397279456,0.054370874174835,0.743968793758752
14186,2016,2016-10-28,"16-B-115","First",1,"Riffle",17.935,79.83488287,7,2,10,66.46706587,10,3.379310345,17.36526946,"160399-014","Chloride",49.2,"ppm","NULL","Eightmile Brook",201496076,2015,46.4517,80.62188238,0.09368902,0.145650745,22.8649338274153,1.57152483116872,0.05005001,0.273494698939788,0.159111822364473,0.386897379475895,0.031926385277055,0.054330866173235,0.746649329865973
14187,2008,2008-10-09,"14022","First",1,"Riffle",44.445,74.71281959,9,2,10,48.73417722,8,3.472222222,13.92405063,"080194-004","Chloride",7.9,"ppm","","Eightmile River",201494447,2006,115.1127,190.972986342,0.078937677,0.872985782,5.99386453392557,0.999020959459729,0.058817357,0.508216834016724,0.075251025086366,0.279614502954186,0.018362767571756,0.043771994963355,0.849966099506021
14187,2012,2012-10-15,"6448.5-15","First",1,"Riffle",44.445,77.05500517,10,3,8,55.77689243,9,3.546511628,12.74900398,"120279-018","Chloride",10.7,"ppm","","Eightmile River",201494447,2010,115.1127,190.972986342,0.078937677,0.872985782,5.99386453392557,0.999020959459729,0.058962645,0.508676912149291,0.075509314564298,0.280970522713331,0.018370839117941,0.043747780324799,0.851766054305362
14188,2003,2003-10-17,"4770","First",1,"Riffle",15.1214,69.96231496,7,3,7,40.77669903,10,3.858974359,16.01941748,"03407-02","Chloride",27.2,"ppm","","Eightmile River",201493812,2002,39.1644,53.302784047,0.295964336,0.184353723,6.6285681362249,0.842601954836535,0.029927907,0.324701195219123,0.21084708783912,0.268236577499526,0.015129956365016,0.031089926010245,0.63915765509391
14195,2006,2006-09-19,"9753","First",1,"Riffle",24.7493,50.66728414,5,1,6,25.13368984,7,3.88,28.34224599,"061253-011","Chloride",34.34,"ppm","","Farmill River",201496584,2006,64.1007,105.903553041,0.084138714,0.111656037,15.6753733401977,2.35566850284006,0.04891832,0.089041195137148,0.31323084056627,0.357903583382841,0.014519003665976,0.025531421616217,0.486995203802182
14195,2008,2008-10-02,"13969","First",1,"Riffle",24.7493,57.45882581,5,1,8,38.38862559,10,4.04,29.85781991,"080177-009","Chloride",26.6,"ppm","","Farmill River",201496584,2006,64.1007,105.903553041,0.084138714,0.111656037,15.6753733401977,2.35566850284006,0.04891832,0.089041195137148,0.31323084056627,0.357903583382841,0.014519003665976,0.025531421616217,0.486995203802182
14195,2013,2013-09-26,"14264","First",1,"Riffle",24.7493,47.30354968,4,NA,6,60.43956044,6,4.166666667,38.46153846,"130395-013","Chloride",53.2,"ppm","","Farmill River",201496584,2015,64.1007,105.903553041,0.084138714,0.111656037,15.6753733401977,2.35566850284006,0.048498109,0.08833118397983,0.315056583542231,0.356280700737542,0.014069812933795,0.025487951545361,0.484169649196528
14195,2016,2016-10-11,"16-B-061","First",1,"Riffle",24.7493,53.31825185,3,2,8,39.408867,7,4.05,26.60098522,"160372-022","Chloride",48.2,"ppm","NULL","Farmill River",201496584,2015,64.1007,105.903553041,0.084138714,0.111656037,15.6753733401977,2.35566850284006,0.048498109,0.08833118397983,0.315056583542231,0.356280700737542,0.014069812933795,0.025487951545361,0.484169649196528
14199,2015,2015-10-01,"620.2-091","First",1,"Riffle",14.0177,64.13719422,6,1,7,61.57635468,9,3.735294118,33.00492611,"150413-013","Chloride",19.3,"ppm","","Fenton River",201488607,2015,36.306,72.540066979,0.045836404,0.096059291,12.111788516117,1.81788134192695,0.043335808,0.512043412598869,0.073207566488341,0.303888192080272,0.020349655719661,0.028796682622162,0.865077943020964
14201,2007,2007-10-17,"12119","First",1,"Riffle",6.3827,34.06995088,1,NA,5,22.22222222,3,4.230769231,26.79738562,"070203-014","Chloride",56.8,"mg/L","","Five Mile River",201497080,2006,16.5312,27.485100266,0.081233782,0.253966412,9.16437354497449,2.6011420828494,0.009102658,0.024442321739619,0.359498791931224,0.288644153509018,0.00932741473282,0.017924369275721,0.340338259257178
14202,2007,2007-10-17,"12120","First",1,"Riffle",6.3827,33.89642637,1,NA,5,4.225352113,5,4.153846154,27.23004695,"070203-013","Chloride",70.7,"mg/L","","Five Mile River",201497080,2006,16.5312,27.485100266,0.081233782,0.253966412,9.16437354497449,2.6011420828494,0.009102658,0.024442321739619,0.359498791931224,0.288644153509018,0.00932741473282,0.017924369275721,0.340338259257178
14206,2007,2007-09-18,"11843","First",1,"Riffle",109.0778,53.33507644,5,2,7,22.72727273,8,4,25.6684492,"070177-013","Chloride",53.2,"ppm","","French River",201486242,2006,282.5118,516.410721099,0.179821622,0.186453624,9.22295247222163,0.138047331120328,0.048062505,0.283603635598348,0.170948096703759,0.321965511798595,0.064306947623182,0.069630784205403,0.739506879225528
14206,2009,2009-10-22,"15762","First",1,"Riffle",109.0778,66.23788151,5,3,11,46.35036496,7,3.896551724,15.69343066,"090252-005","Chloride",37.1,"ppm","","French River",201486242,2010,282.5118,516.410721099,0.179821622,0.186453624,9.22295247222163,0.138047331120328,0.047332492,0.282331044642622,0.17198063820272,0.322938863020546,0.064461500013153,0.069617630810512,0.739349038486833
14206,2012,2012-09-25,"6448.2-9","First",1,"Riffle",109.0778,59.0657609,6,1,8,28.16901408,10,3.962962963,18.77934272,"120250-004","Chloride",48.4,"ppm","","French River",201486242,2010,282.5118,516.410721099,0.179821622,0.186453624,9.22295247222163,0.138047331120328,0.047332492,0.282331044642622,0.17198063820272,0.322938863020546,0.064461500013153,0.069617630810512,0.739349038486833
14206,2014,2014-09-24,"620.1-056","First",1,"Riffle",109.0778,64.23939877,6,3,9,28.13852814,8,3.596153846,26.83982684,"140293-003","Chloride",77,"ppm","","French River",201486242,2015,282.5118,516.410721099,0.179821622,0.186453624,9.22295247222163,0.138047331120328,0.046763607,0.278723726093705,0.173463683476705,0.324882277115724,0.063840002104543,0.069551863836056,0.736997869150028
14207,2009,2009-10-22,"15758","First",1,"Riffle",94.3369,52.86257497,4,2,8,60.18099548,4,3.934782609,38.46153846,"090252-001","Chloride",36.8,"ppm","","French River",201484922,2010,244.3329,456.238148789,0.188638441,0.333845268,10.2999390241151,0,0.050810983,0.271726980312835,0.172378656649456,0.319781456500414,0.071110283102801,0.06894690016501,0.73156562008106
14207,2012,2012-09-25,"6448.2-8","First",1,"Riffle",94.3369,49.64087699,5,NA,7,39.21568627,6,3.925,26.96078431,"120250-003","Chloride",49.7,"ppm","","French River",201484922,2010,244.3329,456.238148789,0.188638441,0.333845268,10.2999390241151,0,0.050810983,0.271726980312835,0.172378656649456,0.319781456500414,0.071110283102801,0.06894690016501,0.73156562008106
14207,2014,2014-09-24,"620.1-054","First",1,"Riffle",94.3369,53.96048621,2,3,9,22.22222222,8,3.961538462,21.85185185,"140293-001","Chloride",72.2,"ppm","","French River",201484922,2015,244.3329,456.238148789,0.188638441,0.333845268,10.2999390241151,0,0.050198849,0.269035108397272,0.173907092398123,0.321017132167869,0.07043731512391,0.068878462743428,0.729368018432479
14209,2006,2006-10-24,"10033","First",1,"Riffle",5.2798,54.03166909,3,2,7,59.3220339,3,3.625,46.32768362,"061270-006","Chloride",26.82,"ppm","","Fulling Mill Brook",201495008,2006,13.6746,19.428420914,0.377797344,0.714796603,14.6685665886031,2.12072016731751,0.010116097,0.096612125738339,0.342793129200896,0.396157240817435,0.004277276121936,0.024509471111413,0.521556113789123
14209,2013,2013-09-23,"14266","First",1,"Riffle",5.2798,43.08270952,4,1,7,9.205020921,6,3.970588235,53.13807531,"130377-034","Chloride",32.1,"ppm","","Fulling Mill Brook",201495008,2015,13.6746,19.428420914,0.377797344,0.714796603,14.6685665886031,2.12072016731751,0.010048204,0.090705411093761,0.34503360716953,0.393848869577025,0.00420938285016,0.024509471111413,0.513273134632359
14209,2016,2016-10-28,"16-B-113","First",1,"Riffle",5.2798,42.9206609,3,1,8,11.76470588,4,3.789473684,49.01960784,"160399-012","Chloride",51.6,"ppm","NULL","Fulling Mill Brook",201495008,2015,13.6746,19.428420914,0.377797344,0.714796603,14.6685665886031,2.12072016731751,0.010048204,0.090705411093761,0.34503360716953,0.393848869577025,0.00420938285016,0.024509471111413,0.513273134632359
14221,2007,2007-10-02,"12065","First",1,"Riffle",22.37,66.22461161,4,2,9,60.33519553,6,3.55,13.40782123,"070195-017","Chloride",8,"ppm","","Hammonasset River",201495759,2006,57.9384,124.250931086,0.071384451,0.062968165,12.3315913822779,1.07010203940737,0.015970752,0.5607081008274,0.070248861522673,0.274084407671092,0.028461933166571,0.083381438009108,0.946635879674171
14221,2013,2013-10-16,"14270","First",1,"Riffle",22.37,73.89793388,5,3,11,60.84656085,10,3.515151515,34.92063492,"130406-018","Chloride",9.8,"ppm","","Hammonasset River",201495759,2015,57.9384,124.250931086,0.071384451,0.062968165,12.3315913822779,1.07010203940737,0.015762299,0.568292604707844,0.070665768712719,0.26869668398435,0.014238984029248,0.097267654416009,0.948495927137451
14221,2016,2016-10-25,"16-B-098","First",1,"Riffle",22.37,58.61914921,4,2,6,53.4591195,5,3.62962963,18.23899371,"160390-006","Chloride",15.3,"ppm","NULL","Hammonasset River",201495759,2015,57.9384,124.250931086,0.071384451,0.062968165,12.3315913822779,1.07010203940737,0.015762299,0.568292604707844,0.070665768712719,0.26869668398435,0.014238984029248,0.097267654416009,0.948495927137451
14222,2006,2006-10-06,"9967","First",1,"Riffle",15.4185,40.01121776,3,1,6,7.329842932,5,4.068181818,28.79581152,"061253-013","Chloride",20.47,"ppm","","Hancock Brook",201494223,2006,39.9339,59.847057846,0.094571251,0.158878677,14.4857583096273,1.22702766321346,0.023517097,0.406024656896953,0.176668992789021,0.298348453128635,0.021167713421726,0.015794370783903,0.741335194231217
14223,2006,2006-10-06,"9966","First",1,"Riffle",15.4185,47.29188698,3,2,6,11.11111111,7,4.057692308,21.21212121,"061253-012","Chloride",18.91,"ppm","","Hancock Brook",201494223,2006,39.9339,59.847057846,0.094571251,0.158878677,14.4857583096273,1.22702766321346,0.023517097,0.406024656896953,0.176668992789021,0.298348453128635,0.021167713421726,0.015794370783903,0.741335194231217
14226,2007,2007-10-04,"12086","First",1,"Riffle",11.9544,27.45322614,2,NA,4,2.739726027,4,4.402777778,35.61643836,"070202-012","Chloride",64.5,"ppm","","Harbor Brook",201494376,2006,30.9618,33.81591537,0.148274177,0.119372103,9.74526138382021,2.80991415227797,0.055395511,0.095546753090865,0.471281958948506,0.1681670867843,0.019325411115112,0.036130116432601,0.319169367422878
14226,2013,2013-10-07,"14272","First",1,"Riffle",11.9544,22.16232909,NA,NA,5,2.192982456,3,4.461538462,33.77192982,"130395-054","Chloride",43.2,"ppm","","Harbor Brook",201494376,2015,30.9618,33.81591537,0.148274177,0.119372103,9.74526138382021,2.80991415227797,0.055365502,0.094526467410875,0.471912135397911,0.168527187612532,0.019205377505702,0.036130116432601,0.31838914896171
14226,2016,2016-09-21,"16-B-009","First",1,"Riffle",11.9544,29.75448689,2,NA,4,6.666666667,5,4.236842105,42.38095238,"160349-010","Chloride",102.5,"ppm","NULL","Harbor Brook",201494376,2015,30.9618,33.81591537,0.148274177,0.119372103,9.74526138382021,2.80991415227797,0.055365502,0.094526467410875,0.471912135397911,0.168527187612532,0.019205377505702,0.036130116432601,0.31838914896171
14235,2008,2008-10-06,"13981","First",1,"Riffle",75.4456,15.95399345,1,1,1,3.571428571,4,4.447368421,70.53571429,"080185-001","Chloride",48.8,"ppm","","Hockanum River",201490886,2006,195.4044,271.48656748,0.317564237,0.042711882,5.40118067367956,1.53527760889724,0.064019665,0.169855367382064,0.334105151051225,0.257310080541635,0.020867605526659,0.032169108907125,0.480202162357483
14235,2010,2010-09-23,"22692","First",1,"Riffle",75.4456,15.20213192,1,NA,2,9.482758621,2,4.428571429,61.20689655,"100283-014","Chloride",86.5,"ppm","","Hockanum River",201490886,2010,195.4044,271.48656748,0.317564237,0.042711882,5.40118067367956,1.53527760889724,0.064186073,0.168405237583561,0.335674143947966,0.257214990063045,0.020896132670236,0.032050245808887,0.478566606125729
14238,2008,2008-10-06,"13989","First",1,"Riffle",18.54,28.36033391,3,NA,4,4.390243902,5,4.40625,44.3902439,"080185-018","Chloride",21.4,"ppm","","Hockanum River",201489051,2006,48.0186,68.076038708,0.108321623,0.27207038,9.24804900809578,1.04126317718551,0.070953265,0.328439337666357,0.162623800680904,0.306116527390901,0.050332714329929,0.059791860105231,0.744680439492418
14241,2004,2004-10-05,"6166","First",1,"Riffle",26.3627,27.4358438,3,NA,2,21.01449275,3,4.25,46.37681159,"04328-03","Chloride",37.8,"ppm","","Hockanum River",201489364,2002,68.2794,112.791826951,0.150893929,0.535568354,5.94882424106319,1.09842792994666,0.153301855,0.25431016886881,0.180339914817184,0.258610132128618,0.036400005442992,0.058743485419587,0.608063791860007
14241,2008,2008-10-06,"13990","First",1,"Riffle",26.3627,18.97096788,2,NA,3,7.90513834,3,4.266666667,73.12252964,"080185-019","Chloride",30,"ppm","","Hockanum River",201489364,2006,68.2794,112.791826951,0.150893929,0.535568354,5.94882424106319,1.09842792994666,0.141640245,0.242458054946999,0.191430009933459,0.264012301160718,0.036018996040224,0.058689055504906,0.601178407652847
14241,2010,2010-09-23,"22691","First",1,"Riffle",26.3627,43.54614867,3,NA,7,26.13065327,6,4.0625,26.13065327,"100283-012","Chloride",60.7,"ppm","","Hockanum River",201489364,2010,68.2794,112.791826951,0.150893929,0.535568354,5.94882424106319,1.09842792994666,0.141041516,0.241900148321518,0.192886010151179,0.265890133217216,0.036018996040224,0.058648233068895,0.602457510647853
14241,2010,2010-09-23,"22691","First",1,"Riffle",26.3627,43.54614867,3,NA,7,26.13065327,6,4.0625,26.13065327,"100283-013","Chloride",63.1,"ppm","","Hockanum River",201489364,2010,68.2794,112.791826951,0.150893929,0.535568354,5.94882424106319,1.09842792994666,0.141041516,0.241900148321518,0.192886010151179,0.265890133217216,0.036018996040224,0.058648233068895,0.602457510647853
14241,2012,2012-10-15,"6448.5-7","First",1,"Riffle",26.3627,39.77779904,5,NA,4,14.62450593,4,4.166666667,16.2055336,"120279-010","Chloride",52,"ppm","","Hockanum River",201489364,2010,68.2794,112.791826951,0.150893929,0.535568354,5.94882424106319,1.09842792994666,0.141041516,0.241900148321518,0.192886010151179,0.265890133217216,0.036018996040224,0.058648233068895,0.602457510647853
14242,2008,2008-10-06,"13985","First",1,"Riffle",31.9771,56.24722676,3,1,9,33.7164751,10,4.0703125,17.24137931,"080185-006","Chloride",29.2,"ppm","","Hockanum River",201489843,2006,82.8207,131.799513063,0.162894448,0.513518305,7.23226308049055,1.19535333557915,0.126629277,0.202680874929893,0.229254066180594,0.257509814918676,0.029904655075715,0.052136848008974,0.542232192933258
14247,2006,2006-09-21,"9824","First",1,"Riffle",19.1623,59.94056437,5,1,8,37.39837398,8,3.620689655,24.79674797,"061236-014","Chloride",6.78,"ppm","","Hollenbeck River",201490244,2006,49.6305,83.080782277,0.046296062,0.142431466,20.690257700142,0.503722509344053,0.054109192,0.725879204177507,0.032023807295663,0.157629751633008,0.006195137472159,0.043384678732524,0.933088772015198
14247,2008,2008-09-25,"13886","First",1,"Riffle",19.1623,64.51787397,3,5,8,25.76419214,8,3.517241379,26.63755459,"080165-005","Chloride",7.9,"ppm","","Hollenbeck River",201490244,2006,49.6305,83.080782277,0.046296062,0.142431466,20.690257700142,0.503722509344053,0.054109192,0.725879204177507,0.032023807295663,0.157629751633008,0.006195137472159,0.043384678732524,0.933088772015198
14247,2013,2013-10-08,"14274","First",1,"Riffle",19.1623,58.72335577,6,1,7,33.00970874,7,3.636363636,22.33009709,"130405-006","Chloride",4.9,"ppm","","Hollenbeck River",201490244,2015,49.6305,83.080782277,0.046296062,0.142431466,20.690257700142,0.503722509344053,0.054558386,0.726590428419023,0.03206124015048,0.156993393101125,0.006026689625484,0.043403395159932,0.933013906305564
14247,2016,2016-10-28,"16-B-111","First",1,"Riffle",19.1623,23.57808367,1,NA,NA,2.89017341,4,3.909090909,45.0867052,"160399-010","Chloride",17.9,"ppm","NULL","Hollenbeck River",201490244,2015,49.6305,83.080782277,0.046296062,0.142431466,20.690257700142,0.503722509344053,0.054558386,0.726590428419023,0.03206124015048,0.156993393101125,0.006026689625484,0.043403395159932,0.933013906305564
14248,2006,2006-10-06,"9970","First",1,"Riffle",17.5993,45.68077435,7,NA,6,9.230769231,8,4.1375,39.48717949,"061253-016","Chloride",34.04,"ppm","","Hop Brook",201495033,2006,45.5823,68.85391227,0.062121201,0.189721374,10.3579940943463,2.08414230962457,0.084760274,0.174474070450098,0.233692106979778,0.356816699282453,0.010457436399217,0.035775440313112,0.57752364644488
14248,2008,2008-10-08,"14004","First",1,"Riffle",17.5993,47.95821515,5,1,6,25.23809524,6,4.125,25.71428571,"080186-015","Chloride",37.8,"ppm","","Hop Brook",201495033,2006,45.5823,68.85391227,0.062121201,0.189721374,10.3579940943463,2.08414230962457,0.084760274,0.174474070450098,0.233692106979778,0.356816699282453,0.010457436399217,0.035775440313112,0.57752364644488
14248,2014,2014-10-03,"620.1-088","First",1,"Riffle",17.5993,44.67997922,3,NA,8,9.583333333,10,4.267857143,28.75,"140333-009","Chloride",54.1,"ppm","","Hop Brook",201495033,2015,45.5823,68.85391227,0.062121201,0.189721374,10.3579940943463,2.08414230962457,0.084495271,0.173964448793216,0.235220971950424,0.358284409654273,0.01031474233529,0.035775440313112,0.578339041095891
14250,2008,2008-10-06,"13982","First",1,"Riffle",11.758,27.76597839,2,NA,5,4.712041885,4,4.194444444,51.83246073,"080185-002","Chloride",74.7,"ppm","","South Fork Hockanum River",201490718,2006,30.4533,40.613553056,0.52437176,0.608168542,5.29032302532978,1.67469535321295,0.018582937,0.166788722079824,0.383131941901623,0.261259611863786,0.016385939216404,0.010191626998657,0.454625900158671
14260,2008,2008-10-15,"14048","First",1,"Riffle",41.5813,80.69695321,9,3,11,55.6122449,12,3.540697674,24.48979592,"080194-019","Chloride",19.4,"ppm","","Jeremy River",201492779,2006,107.6958,147.728686407,0.126779165,0.137510879,9.93250948707439,1.09567875441754,0.060105754,0.342338845327744,0.159951349532904,0.313243450732776,0.02330736916561,0.072475394422448,0.751365059648578
14260,2012,2012-09-18,"6448.1-18","First",1,"Riffle",41.5813,75.34431746,9,3,11,33.96226415,9,3.622222222,13.58490566,"120242-014","Chloride",24.2,"ppm","","Jeremy River",201492779,2010,107.6958,147.728686407,0.126779165,0.137510879,9.93250948707439,1.09567875441754,0.060683694,0.340044337482425,0.160339518153352,0.315468950823349,0.023324621104297,0.072466768453105,0.751304677863176
14261,2019,2019-10-09,"7955.6-33","First",1,"Riffle",1.7041,74.69042084,9,NA,8,54.44444444,13,3.523809524,19.62962963,"190433-001","Chloride",18.9,"ppm","NULL","Kahn Brook",201492401,2015,4.4136,8.711893751,0.165773172,0.165773172,9.74081450640949,1.58600688780134,0.296358661,0.220164175962955,0.110082087981478,0.279941065038939,0.007366870132604,0.034519048621343,0.541991159755841
14263,2012,2012-10-05,"6448.3-27","First",1,"Riffle",1.7041,21.69261232,NA,NA,3,0.751879699,6,4.588235294,71.42857143,"120274-007","Chloride",17.7,"ppm","","Kahn Brook",201492401,2010,4.4136,8.711893751,0.165773172,0.165773172,9.74081450640949,1.58600688780134,0.297621553,0.212376341822774,0.106714375920859,0.282045885076826,0.007366870132604,0.034519048621343,0.536308145653547
14263,2014,2014-10-09,"620.1-131","First",1,"Riffle",1.7041,51.49974167,1,NA,4,53.33333333,6,3.916666667,51.11111111,"140331-018","Chloride",23.5,"ppm","","Kahn Brook",201492401,2015,4.4136,8.711893751,0.165773172,0.165773172,9.74081450640949,1.58600688780134,0.296358661,0.220164175962955,0.110082087981478,0.279941065038939,0.007366870132604,0.034519048621343,0.541991159755841
14263,2019,2019-10-09,"7955.6-36","First",1,"Riffle",1.7041,43.84042552,1,1,2,6.134969325,5,4,52.7607362,"190433-002","Chloride",30.4,"ppm","NULL","Kahn Brook",201492401,2015,4.4136,8.711893751,0.165773172,0.165773172,9.74081450640949,1.58600688780134,0.296358661,0.220164175962955,0.110082087981478,0.279941065038939,0.007366870132604,0.034519048621343,0.541991159755841
14277,2006,2006-09-20,"9827","First",1,"Riffle",34.7125,57.33847462,6,1,6,41.95121951,8,3.946428571,20.97560976,"061236-009","Chloride",11.5,"ppm","","Little River",201491281,2006,89.9055,197.127993647,0.151067562,0.256787617,8.59119455712288,1.49045386544761,0.095294677,0.446685402545875,0.070083898164986,0.31262398743594,0.012998016201025,0.060743511324186,0.833050917507026
14277,2006,2006-09-20,"9827","First",1,"Riffle",34.7125,57.33847462,6,1,6,41.95121951,8,3.946428571,20.97560976,"061236-008","Chloride",11.31,"ppm","","Little River",201491281,2006,89.9055,197.127993647,0.151067562,0.256787617,8.59119455712288,1.49045386544761,0.095294677,0.446685402545875,0.070083898164986,0.31262398743594,0.012998016201025,0.060743511324186,0.833050917507026
14277,2014,2014-10-15,"620.1-151","First",1,"Riffle",34.7125,78.56214166,9,2,10,53.20197044,13,3.567567568,14.28571429,"140330-020","Chloride",13.5,"ppm","","Little River",201491281,2015,89.9055,197.127993647,0.151067562,0.256787617,8.59119455712288,1.49045386544761,0.094840056,0.442821127459084,0.070538518763432,0.316622582244999,0.012832699619772,0.060691849892544,0.832968259216399
14278,2012,2012-10-23,"6448.6-26","First",1,"Riffle",41.3756,46.60461131,4,1,6,33.51955307,4,4.01,20.11173184,"120288-017","Chloride",10.1,"ppm","","Little River",201491503,2010,107.163,235.121122085,0.152736749,0.730281373,11.678829741825,1.42773158646175,0.093828295,0.444147760275338,0.073056550121804,0.309764280574604,0.015206026926978,0.060260600438669,0.829378668215589
14278,2014,2014-10-15,"620.1-150","First",1,"Riffle",41.3756,47.24114526,2,1,5,31.54761905,9,4.053571429,23.21428571,"140330-019","Chloride",13.9,"ppm","","Little River",201491503,2015,107.163,235.121122085,0.152736749,0.730281373,11.678829741825,1.42773158646175,0.093741602,0.441130829049233,0.073247275659087,0.31280721982852,0.014989293361884,0.060234592410858,0.829161934650495
14278,2015,2015-10-05,"620.2-106","First",1,"Riffle",41.3756,50.86212981,3,2,5,50.84745763,5,3.789473684,30.50847458,"150414-008","Chloride",14.6,"ppm","","Little River",201491503,2015,107.163,235.121122085,0.152736749,0.730281373,11.678829741825,1.42773158646175,0.093741602,0.441130829049233,0.073247275659087,0.31280721982852,0.014989293361884,0.060234592410858,0.829161934650495
14280,2006,2006-09-19,"9752","First",1,"Riffle",14.5404,50.87157122,5,NA,7,16.46586345,8,3.966666667,18.07228916,"061253-010","Chloride",17.34,"ppm","","Little River",201495871,2006,37.6596,57.436889585,0.090821895,0.253580902,15.9836286845907,1.27457540706752,0.049001233,0.225474722564735,0.174081381011097,0.436424167694205,0.00596794081381,0.027891491985204,0.695758323057954
14280,2016,2016-10-28,"16-B-114","First",1,"Riffle",14.5404,35.75480755,2,1,5,18.8172043,4,3.933333333,47.84946237,"160399-013","Chloride",34.8,"ppm","NULL","Little River",201495871,2015,37.6596,57.436889585,0.090821895,0.253580902,15.9836286845907,1.27457540706752,0.048581998,0.213588162762022,0.183600493218249,0.441602959309494,0.006017262638718,0.027817509247842,0.689025893958076
14281,2008,2008-10-16,"14051","First",1,"Riffle",23.155,72.33271791,5,2,10,57.14285714,10,3.707317073,11.8226601,"080193-003","Chloride",49.4,"ppm","","Lyman Brook",201492526,2006,59.9715,90.695581018,0.042437526,0.100793481,18.0442993574537,0.800380180585778,0.063701272,0.394334567193768,0.139730822246659,0.294717115554385,0.009710843000294,0.029705577152415,0.728468102900862
14281,2012,2012-10-10,"6448.4-11","First",1,"Riffle",23.155,68.73876168,6,2,9,40.72164948,10,3.8,12.88659794,"120274-015","Chloride",54.4,"ppm","","Lyman Brook",201492526,2010,59.9715,90.695581018,0.042437526,0.100793481,18.0442993574537,0.800380180585778,0.063856149,0.388402744436012,0.140148992519398,0.299797109978782,0.009710843000294,0.029705577152415,0.727616274567503
14283,2008,2008-09-17,"13855","First",1,"Riffle",31.606,45.55980889,6,1,5,12.8342246,5,4.011904762,24.59893048,"080158-004","Chloride",12.3,"ppm","","Mad River",201489887,2006,81.8595,109.959272383,0.018668249,0.186947534,16.0379852860796,1.03836451480891,0.027754759,0.554834095785136,0.088372515409851,0.239746631400906,0.044884383549204,0.043351912183715,0.882817022918961
14283,2012,2012-10-10,"6448.4-18","First",1,"Riffle",31.606,49.63624658,4,1,7,26.76056338,8,4.104166667,26.76056338,"120275-001","Chloride",18.3,"ppm","","Mad River",201489887,2010,81.8595,109.959272383,0.018668249,0.186947534,16.0379852860796,1.03836451480891,0.028152067,0.550021000533527,0.088554141645761,0.242641299535718,0.04495249338767,0.043590296618347,0.881205090075262
14284,2006,2006-10-24,"10032","First",1,"Riffle",26.1118,25.38417856,2,NA,5,0.956937799,4,4.578125,36.36363636,"061270-008","Chloride",37.78,"ppm","","Mad River",201494616,2006,67.6296,96.813195762,0.138074703,0.258971523,13.4487518987662,2.11445875770373,0.003296884,0.14550250013737,0.379814824990384,0.316047585032145,0.036197043793615,0.026278916423979,0.524026045387109
14284,2008,2008-10-03,"13979","First",1,"Riffle",26.1118,34.25961598,4,NA,5,1.951219512,6,4.4375,29.26829268,"080185-013","Chloride",36.1,"ppm","","Mad River",201494616,2006,67.6296,96.813195762,0.138074703,0.258971523,13.4487518987662,2.11445875770373,0.003296884,0.14550250013737,0.379814824990384,0.316047585032145,0.036197043793615,0.026278916423979,0.524026045387109
14284,2013,2013-09-23,"14280","First",1,"Riffle",26.1118,29.39007818,3,NA,5,3.365384615,4,4.25,42.78846154,"130377-033","Chloride",44.4,"ppm","","Mad River",201494616,2015,67.6296,96.813195762,0.138074703,0.258971523,13.4487518987662,2.11445875770373,0.003296884,0.139307104785977,0.385419528545524,0.315292049013682,0.035743722182538,0.025798120775867,0.516140996758064
14286,2008,2008-10-08,"14008","First",1,"Riffle",10.0671,39.1755078,3,NA,6,21.95945946,4,4.026315789,34.12162162,"080186-019","Chloride",11.8,"ppm","","Mattabesset River",201493210,2006,26.0739,41.070696724,0.209542258,0.184908581,7.92113015569977,1.2656334495415,0.084853885,0.271774768353528,0.18399857448325,0.242444761225944,0.059052031361369,0.049002138275125,0.622273699215966
14288,2008,2008-10-08,"14015","First",1,"Riffle",47.0898,25.5800459,1,1,4,2.953586498,3,4.421052632,33.75527426,"080184-007","Chloride",38.7,"ppm","","Mattabesset River",201493025,2006,121.9626,168.110456627,0.255811036,0.000205128,6.80111819140311,1.50045997707494,0.060053015,0.185513847841321,0.324205539136528,0.218876633862466,0.032631546875476,0.040340026202736,0.477362054781999
14288,2012,2012-09-17,"6448.1-9","First",1,"Riffle",47.0898,27.62169541,2,NA,4,2.843601896,4,4.357142857,29.38388626,"120242-007","Chloride",72.6,"ppm","","Mattabesset River",201493025,2010,121.9626,168.110456627,0.255811036,0.000205128,6.80111819140311,1.50045997707494,0.060083483,0.184416989122818,0.325043417324274,0.219196550988696,0.032768654215289,0.040294323756132,0.476676518082935
14288,2014,2014-10-08,"620.1-113","First",1,"Riffle",47.0898,20.0710069,1,NA,4,12.5984252,3,4.708333333,50.39370079,"140332-018","Chloride",61.8,"ppm","","Mattabesset River",201493025,2015,121.9626,168.110456627,0.255811036,0.000205128,6.80111819140311,1.50045997707494,0.060045398,0.18143109594467,0.326749641997502,0.219112763169922,0.032509673684531,0.040362877426038,0.473416410225161
14290,2007,2007-10-02,"12061","First",1,"Riffle",6.3612,63.2364703,4,1,8,46.47058824,8,3.636363636,18.23529412,"070195-013","Chloride",12.5,"ppm","","Menunketesuck River",201495463,2006,16.4754,34.6836669,0.09682232,0.178037736,10.9660142959291,0.97114485839494,0.052498026,0.335344535919702,0.121066877185068,0.3869403405887,0.00969888350062,0.050919138378257,0.782902898387279
14290,2013,2013-10-21,"14282","First",1,"Riffle",6.3612,75.6602331,7,2,8,68.48249027,9,3.6,20.62256809,"130417-007","Chloride",15.2,"ppm","","Menunketesuck River",201495463,2015,16.4754,34.6836669,0.09682232,0.178037736,10.9660142959291,0.97114485839494,0.052949137,0.336867035073869,0.121348821472877,0.388744784030676,0.009642494643059,0.050919138378257,0.786173452125861
14293,2007,2007-10-18,"12125","First",1,"Riffle",28.2673,36.63683031,1,NA,6,26.51933702,5,4.0625,32.0441989,"070203-018","Chloride",36.1,"mg/L","","Mianus River",201497194,2006,73.2123,150.700650046,0.074421509,0.066924013,13.8858277028171,1.28393726190818,0.006775962,0.237843873718404,0.164056948533144,0.402814435082733,0.030174601563293,0.029996954623896,0.700829864988326
14293,2013,2013-10-03,"14284","First",1,"Riffle",28.2673,28.6138796,1,NA,4,7.065217391,5,4.375,27.7173913,"130395-047","Chloride",45.5,"ppm","","Mianus River",201497194,2015,73.2123,150.700650046,0.074421509,0.066924013,13.8858277028171,1.28393726190818,0.006750584,0.235407572835245,0.164183839204142,0.405238046898792,0.029121408994011,0.029946198355497,0.699713227083545
14298,2007,2007-10-02,"12058","First",1,"Riffle",20.9137,47.48070156,4,NA,8,16.23036649,9,3.983870968,35.60209424,"070195-016","Chloride",21.3,"ppm","","Mill River",201496828,2006,54.1665,94.295838061,0.083475995,0.187085784,12.309377310129,2.47385376570389,0.031294501,0.176220296817363,0.246787338080124,0.343210088358926,0.047199107832204,0.02328214806554,0.589911641074033
14298,2013,2013-10-02,"14288","First",1,"Riffle",20.9137,45.46760468,2,1,6,25.98870056,6,3.9375,21.46892655,"130395-035","Chloride",22.9,"ppm","","Mill River",201496828,2015,54.1665,94.295838061,0.083475995,0.187085784,12.309377310129,2.47385376570389,0.031603328,0.171776614909496,0.247284893197221,0.345131680535301,0.046993222956164,0.023264990992537,0.587166509393498
14300,2013,2013-09-24,"14292","First",1,"Riffle",22.1104,51.95460606,4,1,7,25.81967213,9,4.068181818,24.18032787,"130395-002","Chloride",20.2,"ppm","","Mill River",201495433,2015,57.2661,81.751884669,0.255090062,0.563935021,17.966670010229,1.30967535767234,0.032728099,0.273864576741469,0.211572473997631,0.309870353242792,0.005695370685878,0.039251001963361,0.6286813026335
14301,2007,2007-10-03,"12073","First",1,"Riffle",29.2013,37.80796787,2,1,7,18.06167401,7,4.407894737,40.52863436,"070202-005","Chloride",28.5,"ppm","","Mill River",201495824,2006,75.6315,99.937964333,0.257858597,0.37891713,11.5104030064162,1.30897840185637,0.027288365,0.241454724167588,0.247327681533358,0.316979972969652,0.005418356063398,0.034807715935619,0.598660769136257
14301,2013,2013-09-24,"14296","First",1,"Riffle",29.2013,53.53597878,4,1,7,18.90756303,11,4.055555556,21.8487395,"130395-005","Chloride",26.1,"ppm","","Mill River",201495824,2015,75.6315,99.937964333,0.257858597,0.37891713,11.5104030064162,1.30897840185637,0.026858336,0.240115493303846,0.249428676741614,0.317557439488881,0.005344636933284,0.034795429413933,0.597812999139944
14303,2008,2008-09-22,"13872","First",1,"Riffle",20.9182,39.73052873,2,NA,3,13.02521008,9,4.086419753,21.8487395,"080161-004","Chloride",22.8,"ppm","","Muddy Brook",201487964,2006,54.1782,105.033545275,0.340773177,0.045520347,6.10816060770726,0.498355427090601,0.328234326,0.147396762244478,0.110577582658801,0.249056797914666,0.002881053642475,0.057175195500069,0.456509809301688
14305,2012,2012-09-25,"6448.2-4","First",1,"Riffle",5.0369,67.51307238,5,3,7,41.94915254,6,3.567567568,13.55932203,"120250-001","Chloride",15.2,"ppm","","Muddy Brook",201485445,2010,13.0455,23.503117216,7.05e-05,0.000191168,8.9752137955458,0.306619140699858,0.083066182,0.543990881242431,0.063475101517418,0.251620716677353,0.026002707131153,0.07522974994657,0.896844054997507
14305,2014,2014-10-20,"620.1-154","First",1,"Riffle",5.0369,73.1756119,4,3,9,54.69387755,8,3.472222222,17.55102041,"140351-002","Chloride",22.1,"ppm","","Muddy Brook",201485445,2015,13.0455,23.503117216,7.05e-05,0.000191168,8.9752137955458,0.306619140699858,0.083137423,0.548835221201111,0.063546341810928,0.249554748165562,0.025504025076583,0.07522974994657,0.899123744389826
14308,2015,2015-09-17,"620.2-043","First",1,"Riffle",18.5674,40.87132677,3,NA,5,13.65187713,6,3.971153846,22.8668942,"150372-038","Chloride",40.6,"ppm","","Muddy River",201495803,2015,48.0897,64.47195365,0.162425189,0.12909699,10.6245456058251,1.37243526160488,0.165150198,0.147725297015358,0.192388679609775,0.262242828165749,0.02474645030426,0.031932773109244,0.466647348594611
14310,2014,2014-10-14,"620.1-139","First",1,"Riffle",17.3703,53.43398825,2,1,9,36.63793103,8,3.980769231,20.25862069,"140330-008","Chloride",39.9,"ppm","","Muddy River",201495711,2015,44.9892,59.53544278,0.153474419,0.049851539,10.4333135319549,1.28919829648004,0.163583051,0.155695052448996,0.189890146196415,0.264206657305691,0.026389691913769,0.032956141075411,0.479247542743867
14314,2003,2003-10-08,"4755","First",1,"Riffle",73.4868,79.04459522,11,2,11,48.88888889,10,3.342105263,16.44444444,"03396-01","Chloride",13.3,"ppm","","Natchaug River",201489080,2002,190.3311,376.420298163,0.088317598,0.311034541,8.60106412015078,1.27146850935028,0.063203104,0.528831840698895,0.068801093242881,0.262778496302984,0.034744625295883,0.054369311110569,0.880724273408331
14314,2006,2006-09-20,"9826","First",1,"Riffle",73.4868,68.76220095,8,3,6,37.37864078,8,3.586206897,14.5631068,"061236-010","Chloride",13.69,"ppm","","Natchaug River",201489080,2006,190.3311,376.420298163,0.088317598,0.311034541,8.60106412015078,1.27146850935028,0.063017643,0.525703409063179,0.069411161814588,0.264335391297982,0.034256570438517,0.054481563727763,0.878776934527441
14314,2007,2007-09-21,"11882","First",1,"Riffle",73.4868,68.90607785,8,3,8,33.33333333,9,3.5,31.96347032,"070184-008","Chloride",16.9,"ppm","","Natchaug River",201489080,2006,190.3311,376.420298163,0.088317598,0.311034541,8.60106412015078,1.27146850935028,0.063017643,0.525703409063179,0.069411161814588,0.264335391297982,0.034256570438517,0.054481563727763,0.878776934527441
14314,2008,2008-09-22,"13884","First",1,"Riffle",73.4868,70.64112168,11,1,7,43.18181818,11,3.527777778,16.81818182,"080161-009","Chloride",9.9,"ppm","","Natchaug River",201489080,2006,190.3311,376.420298163,0.088317598,0.311034541,8.60106412015078,1.27146850935028,0.063017643,0.525703409063179,0.069411161814588,0.264335391297982,0.034256570438517,0.054481563727763,0.878776934527441
14314,2010,2010-09-16,"22502","First",1,"Riffle",73.4868,67.47681908,9,3,4,48.38709677,7,3.578125,16.53225806,"100266-005","Chloride",17.7,"ppm","","Natchaug River",201489080,2010,190.3311,376.420298163,0.088317598,0.311034541,8.60106412015078,1.27146850935028,0.063222626,0.521066887918202,0.069562458820371,0.267971399985358,0.034261450987091,0.054505966470631,0.877805705361282
14314,2014,2014-10-06,"620.1-094","First",1,"Riffle",73.4868,75.91179972,9,3,10,39.63963964,10,3.45,24.77477477,"140333-015","Chloride",23,"ppm","","Natchaug River",201489080,2015,190.3311,376.420298163,0.088317598,0.311034541,8.60106412015078,1.27146850935028,0.063032285,0.522579857976036,0.070211571780668,0.267585836648039,0.033988140266966,0.054462041533468,0.878615876424509
14316,2003,2003-11-19,"4859","First",1,"Riffle",137.9897,35.07225392,2,2,5,19.12568306,4,4.348958333,34.42622951,"03441-03","Chloride",22.1,"ppm","","Naugatuck River",201493906,2002,357.3936,613.572440776,0.040263209,0.064873418,23.2417836534468,1.71519579533601,0.091635278,0.395808151307906,0.12701098781125,0.289875980961739,0.025341890672968,0.027411040839721,0.738437063782334
14316,2006,2006-10-25,"10041","First",1,"Riffle",137.9897,36.26140564,4,1,4,25.6302521,6,4.294117647,50,"061269-004","Chloride",24.8,"ppm","","Naugatuck River",201493906,2006,357.3936,613.572440776,0.040263209,0.064873418,23.2417836534468,1.71519579533601,0.090449936,0.389504521716979,0.130031531145129,0.29272496159335,0.025235313842771,0.02730966287929,0.73477446003239
14316,2006,2006-10-25,"10041","First",1,"Riffle",137.9897,36.26140564,4,1,4,25.6302521,6,4.294117647,50,"061269-003","Chloride",24.98,"ppm","","Naugatuck River",201493906,2006,357.3936,613.572440776,0.040263209,0.064873418,23.2417836534468,1.71519579533601,0.090449936,0.389504521716979,0.130031531145129,0.29272496159335,0.025235313842771,0.02730966287929,0.73477446003239
14316,2007,2007-09-26,"12034","First",1,"Riffle",137.9897,23.85597506,1,NA,5,7.100591716,4,4.442307692,42.6035503,"070183-002","Chloride",63.9,"ppm","","Naugatuck River",201493906,2006,357.3936,613.572440776,0.040263209,0.064873418,23.2417836534468,1.71519579533601,0.090449936,0.389504521716979,0.130031531145129,0.29272496159335,0.025235313842771,0.02730966287929,0.73477446003239
14316,2008,2008-10-15,"14038","First",1,"Riffle",137.9897,39.09192119,5,NA,6,10.43478261,6,4.083333333,38.69565217,"080191-003","Chloride",10.8,"ppm","","Naugatuck River",201493906,2006,357.3936,613.572440776,0.040263209,0.064873418,23.2417836534468,1.71519579533601,0.090449936,0.389504521716979,0.130031531145129,0.29272496159335,0.025235313842771,0.02730966287929,0.73477446003239
14316,2009,2009-10-01,"15665","First",1,"Riffle",137.9897,37.44581741,4,NA,4,26.76767677,3,4.09375,22.72727273,"090205-001","Chloride",37.7,"ppm","","Naugatuck River",201493906,2010,357.3936,613.572440776,0.040263209,0.064873418,23.2417836534468,1.71519579533601,0.090704681,0.381763404635832,0.130694387040257,0.297645691826597,0.025302899149725,0.02730966287929,0.732021658491444
14316,2013,2013-09-16,"14298","First",1,"Riffle",137.9897,42.27759857,5,NA,6,14.28571429,7,4.078947368,33.00492611,"130377-004","Chloride",36.6,"ppm","","Naugatuck River",201493906,2015,357.3936,613.572440776,0.040263209,0.064873418,23.2417836534468,1.71519579533601,0.090676087,0.386619148997008,0.131092100577334,0.29530100156226,0.024907785047531,0.027301864574642,0.734129800181441
14316,2016,2016-10-05,"16-B-051","First",1,"Riffle",137.9897,37.14376488,4,NA,3,54.54545455,4,4.088235294,52.52525253,"160372-012","Chloride",93.7,"ppm","NULL","Naugatuck River",201493906,2015,357.3936,613.572440776,0.040263209,0.064873418,23.2417836534468,1.71519579533601,0.090676087,0.386619148997008,0.131092100577334,0.29530100156226,0.024907785047531,0.027301864574642,0.734129800181441
14316,2018,2018-10-22,"7955.4-53","First",1,"Riffle",137.9897,62.7746599,8,1,7,43.47826087,11,4.083333333,26.48221344,"180361-008","Chloride",44.5,"ppm","NULL","Naugatuck River",201493906,2015,357.3936,613.572440776,0.040263209,0.064873418,23.2417836534468,1.71519579533601,0.090676087,0.386619148997008,0.131092100577334,0.29530100156226,0.024907785047531,0.027301864574642,0.734129800181441
14316,2019,2019-10-02,"7955.6-13","First",1,"Riffle",137.9897,37.24495348,2,NA,6,33.33333333,6,4.25,36.48648649,"190411-014","Chloride",106.5,"ppm","NULL","Naugatuck River",201493906,2015,357.3936,613.572440776,0.040263209,0.064873418,23.2417836534468,1.71519579533601,0.090676087,0.386619148997008,0.131092100577334,0.29530100156226,0.024907785047531,0.027301864574642,0.734129800181441
14317,2003,2003-11-19,"4857","First",1,"Riffle",259.7116,15.30037699,1,1,4,1.538461538,3,4.55,74.35897436,"03441-01","Chloride",31.1,"ppm","","Naugatuck River",201495520,2002,672.6537,1047.603875752,0.081135927,0.622203342,17.4709583706563,1.81371186986707,0.065184964,0.307748828781048,0.208929992044551,0.298760275788915,0.024931218509679,0.024583167594802,0.656023490674444
14317,2006,2006-10-25,"10040","First",1,"Riffle",259.7116,16.61637044,1,NA,3,NA,3,4.545454545,48.58490566,"061269-002","Chloride",33.54,"ppm","","Naugatuck River",201495520,2006,672.6537,1047.603875752,0.081135927,0.622203342,17.4709583706563,1.81371186986707,0.064097996,0.30231398612216,0.215074748077433,0.29811389551843,0.024831775391143,0.024440908689119,0.649700565720852
14317,2008,2008-10-15,"14037","First",1,"Riffle",259.7116,29.112879,4,NA,4,4.680851064,6,4.513157895,42.12765957,"080191-001","Chloride",36.2,"ppm","","Naugatuck River",201495520,2006,672.6537,1047.603875752,0.081135927,0.622203342,17.4709583706563,1.81371186986707,0.064097996,0.30231398612216,0.215074748077433,0.29811389551843,0.024831775391143,0.024440908689119,0.649700565720852
14317,2013,2013-09-23,"14300","First",1,"Riffle",259.7116,39.56772529,6,NA,6,4.184100418,7,4.260416667,35.56485356,"130377-031","Chloride",49,"ppm","","Naugatuck River",201495520,2015,672.6537,1047.603875752,0.081135927,0.622203342,17.4709583706563,1.81371186986707,0.064171197,0.298868005833996,0.217549776805445,0.299905252806506,0.024603884911164,0.024275170158225,0.647652313709891
14317,2016,2016-10-05,"16-B-046","First",1,"Riffle",259.7116,34.32587992,5,NA,5,4.276315789,7,4.44047619,39.47368421,"160372-007","Chloride",94.4,"ppm","NULL","Naugatuck River",201495520,2015,672.6537,1047.603875752,0.081135927,0.622203342,17.4709583706563,1.81371186986707,0.064171197,0.298868005833996,0.217549776805445,0.299905252806506,0.024603884911164,0.024275170158225,0.647652313709891
14317,2018,2018-10-22,"7955.4-51","First",1,"Riffle",259.7116,39.92603378,5,NA,6,5.164319249,10,4.27,45.5399061,"180361-006","Chloride",58.6,"ppm","NULL","Naugatuck River",201495520,2015,672.6537,1047.603875752,0.081135927,0.622203342,17.4709583706563,1.81371186986707,0.064171197,0.298868005833996,0.217549776805445,0.299905252806506,0.024603884911164,0.024275170158225,0.647652313709891
14318,2006,2006-10-25,"10039","First",1,"Riffle",305.9278,23.02737859,NA,NA,4,0.819672131,4,4.36,28.68852459,"061269-001","Chloride",30.59,"ppm","","Naugatuck River",201496261,2006,792.3537,1232.784653357,0.091096718,0.362928732,14.5724611217483,1.78077038070246,0.059912438,0.293231857311362,0.215810467616705,0.308690105736108,0.023764242951512,0.024757350992756,0.650443556991738
14318,2008,2008-10-15,"14036","First",1,"Riffle",305.9278,21.08948971,1,NA,4,0.411522634,3,4.708333333,28.80658436,"080194-020","Chloride",35.7,"ppm","","Naugatuck River",201496261,2006,792.3537,1232.784653357,0.091096718,0.362928732,14.5724611217483,1.78077038070246,0.059912438,0.293231857311362,0.215810467616705,0.308690105736108,0.023764242951512,0.024757350992756,0.650443556991738
14319,2004,2004-10-06,"6174","First",1,"Riffle",65.743,31.15316693,3,NA,3,7.537688442,8,4.296875,47.2361809,"04333-01","Chloride",23.5,"ppm","","Naugatuck River",201492461,2002,170.2746,287.003651243,0.036506673,0.344777563,18.8294336352419,1.66789409577236,0.070882982,0.463320020950635,0.131574352930907,0.254190127013225,0.027546811575226,0.029909213914714,0.7749661734538
14319,2006,2006-10-25,"10035","First",1,"Riffle",65.743,37.83260575,4,2,3,11.83431953,4,3.95,40.53254438,"061269-007","Chloride",22.81,"ppm","","Naugatuck River",201492461,2006,170.2746,287.003651243,0.036506673,0.344777563,18.8294336352419,1.66789409577236,0.070664746,0.456014578150233,0.133647592859325,0.257938326568024,0.027410414211514,0.02981646370739,0.771179782637161
14319,2007,2007-09-26,"12038","First",1,"Riffle",65.743,28.50691939,4,NA,4,9.340659341,4,4.390625,45.6043956,"070183-009","Chloride",55.8,"ppm","","Naugatuck River",201492461,2006,170.2746,287.003651243,0.036506673,0.344777563,18.8294336352419,1.66789409577236,0.070664746,0.456014578150233,0.133647592859325,0.257938326568024,0.027410414211514,0.02981646370739,0.771179782637161
14319,2008,2008-10-15,"14042","First",1,"Riffle",65.743,27.53814975,3,NA,3,6.306306306,4,4.160714286,44.59459459,"080191-008","Chloride",36.7,"ppm","","Naugatuck River",201492461,2006,170.2746,287.003651243,0.036506673,0.344777563,18.8294336352419,1.66789409577236,0.070664746,0.456014578150233,0.133647592859325,0.257938326568024,0.027410414211514,0.02981646370739,0.771179782637161
14319,2008,2008-10-15,"14042","First",1,"Riffle",65.743,27.53814975,3,NA,3,6.306306306,4,4.160714286,44.59459459,"080191-007","Chloride",38.7,"ppm","","Naugatuck River",201492461,2006,170.2746,287.003651243,0.036506673,0.344777563,18.8294336352419,1.66789409577236,0.070664746,0.456014578150233,0.133647592859325,0.257938326568024,0.027410414211514,0.02981646370739,0.771179782637161
14319,2013,2013-09-16,"14302","First",1,"Riffle",65.743,39.07209372,4,NA,5,7.051282051,7,4.2625,21.15384615,"130377-002","Chloride",42.8,"ppm","","Naugatuck River",201492461,2015,170.2746,287.003651243,0.036506673,0.344777563,18.8294336352419,1.66789409577236,0.071003012,0.455485356379032,0.134187726419624,0.259242285365108,0.027088516433154,0.029821919601938,0.771638077779232
14319,2016,2016-10-05,"16-B-043","First",1,"Riffle",65.743,33.80828542,2,NA,3,17.48878924,6,4.397058824,16.59192825,"160372-004","Chloride",101.3,"ppm","NULL","Naugatuck River",201492461,2015,170.2746,287.003651243,0.036506673,0.344777563,18.8294336352419,1.66789409577236,0.071003012,0.455485356379032,0.134187726419624,0.259242285365108,0.027088516433154,0.029821919601938,0.771638077779232
14319,2019,2019-10-01,"7955.6-6","First",1,"Riffle",65.743,43.88986897,3,NA,6,15.38461538,9,4.138888889,20.94017094,"190411-006","Chloride",108.4,"ppm","NULL","Naugatuck River",201492461,2015,170.2746,287.003651243,0.036506673,0.344777563,18.8294336352419,1.66789409577236,0.071003012,0.455485356379032,0.134187726419624,0.259242285365108,0.027088516433154,0.029821919601938,0.771638077779232
14321,2004,2004-10-06,"6176","First",1,"Riffle",109.8534,37.04426033,4,NA,5,23.45132743,7,4.208333333,48.67256637,"04333-03","Chloride",13.6,"ppm","","Naugatuck River",201493560,2002,284.5206,479.596642792,0.043593819,0.031945789,20.0703343035547,1.73625389514854,0.078451989,0.404112966161743,0.134063235711883,0.291394966873578,0.023052985949434,0.029632556301857,0.748193475286612
14321,2006,2006-10-25,"10037","First",1,"Riffle",109.8534,37.80379694,4,NA,5,10.83333333,7,4.029411765,41.25,"061269-009","Chloride",23.52,"ppm","","Naugatuck River",201493560,2006,284.5206,479.596642792,0.043593819,0.031945789,20.0703343035547,1.73625389514854,0.07785444,0.396230542920676,0.137273021149319,0.294856180061453,0.022928904721944,0.029508475074367,0.74352410277844
14321,2007,2007-09-26,"12036","First",1,"Riffle",109.8534,44.52762813,6,NA,6,25,7,4.1,40,"070183-006","Chloride",67.7,"ppm","","Naugatuck River",201493560,2006,284.5206,479.596642792,0.043593819,0.031945789,20.0703343035547,1.73625389514854,0.07785444,0.396230542920676,0.137273021149319,0.294856180061453,0.022928904721944,0.029508475074367,0.74352410277844
14321,2008,2008-10-15,"14040","First",1,"Riffle",109.8534,33.68619079,4,NA,5,9.019607843,8,4.426470588,47.84313725,"080191-005","Chloride",34.1,"ppm","","Naugatuck River",201493560,2006,284.5206,479.596642792,0.043593819,0.031945789,20.0703343035547,1.73625389514854,0.07785444,0.396230542920676,0.137273021149319,0.294856180061453,0.022928904721944,0.029508475074367,0.74352410277844
14321,2009,2009-10-01,"15667","First",1,"Riffle",109.8534,47.90269345,6,NA,6,24.34456929,9,4.25,28.08988764,"090205-003","Chloride",40.8,"ppm","","Naugatuck River",201493560,2010,284.5206,479.596642792,0.043593819,0.031945789,20.0703343035547,1.73625389514854,0.078102602,0.388380772634212,0.138092610309844,0.299695347933558,0.022987680040228,0.029511740369827,0.740575540977825
14322,2003,2003-11-19,"4860","First",1,"Riffle",134.0137,42.53800822,4,1,4,36.84210526,6,4.071428571,39.71291866,"03441-04","Chloride",22,"ppm","","Naugatuck River",201493681,2002,347.0958,597.080355764,0.040192332,0.05441231,23.8825836509616,1.71422414215326,0.093517054,0.393237886464799,0.127362417059455,0.290213617907396,0.025181271429374,0.028066625447324,0.736699401248893
14322,2006,2006-10-25,"10038","First",1,"Riffle",134.0137,31.76312853,5,NA,5,4.242424242,5,4.277777778,48.48484848,"061269-010","Chloride",26.52,"ppm","","Naugatuck River",201493681,2006,347.0958,597.080355764,0.040192332,0.05441231,23.8825836509616,1.71422414215326,0.092435715,0.386990747060445,0.13040301275926,0.293018674503695,0.02507688478123,0.027962238799179,0.733048545144549
14322,2007,2007-09-26,"12035","First",1,"Riffle",134.0137,39.58563915,6,NA,4,15.04854369,6,4.197368421,32.52427184,"070183-004","Chloride",65.5,"ppm","","Naugatuck River",201493681,2006,347.0958,597.080355764,0.040192332,0.05441231,23.8825836509616,1.71422414215326,0.092435715,0.386990747060445,0.13040301275926,0.293018674503695,0.02507688478123,0.027962238799179,0.733048545144549
14322,2008,2008-10-15,"14039","First",1,"Riffle",134.0137,40.95647987,4,NA,5,19.35483871,9,4.220588235,36.91756272,"080191-004","Chloride",23.6,"ppm","","Naugatuck River",201493681,2006,347.0958,597.080355764,0.040192332,0.05441231,23.8825836509616,1.71422414215326,0.092435715,0.386990747060445,0.13040301275926,0.293018674503695,0.02507688478123,0.027962238799179,0.733048545144549
14322,2009,2009-10-01,"15666","First",1,"Riffle",134.0137,39.49891491,5,NA,4,25.98039216,5,4.316666667,22.54901961,"090205-002","Chloride",41,"ppm","","Naugatuck River",201493681,2010,347.0958,597.080355764,0.040192332,0.05441231,23.8825836509616,1.71422414215326,0.09269802,0.379062714962889,0.131077511101119,0.298039939937529,0.025146475879993,0.027962238799179,0.73021136957959
14332,2003,2003-11-19,"4858","First",1,"Riffle",216.1958,20.08777174,1,NA,4,1.204819277,3,4.392857143,45.3815261,"03441-02","Chloride",31.5,"ppm","","Naugatuck River",201495034,2002,559.9476,890.385089881,0.073947723,0.454560026,13.7942291862534,1.81445549547851,0.06749934,0.315428302171666,0.208202191078068,0.291282641770516,0.026037095353209,0.024153956168484,0.656901995463875
14332,2018,2018-10-22,"7955.4-52","First",1,"Riffle",216.1958,30.80432528,2,1,5,12.44635193,4,4.397058824,34.33476395,"180361-007","Chloride",57.3,"ppm","NULL","Naugatuck River",201495034,2015,559.9476,890.385089881,0.073947723,0.454560026,13.7942291862534,1.81445549547851,0.066367798,0.306069017465909,0.216453161268058,0.29313591619284,0.02563226190733,0.023931629603944,0.648768825170023
14341,2006,2006-10-25,"10034","First",1,"Riffle",53.0301,37.58974434,4,1,6,10.11673152,7,4.222222222,52.14007782,"061269-006","Chloride",2.26,"ppm","","Naugatuck River",201491820,2006,137.3481,227.187667356,0.0343867,0.613127279,9.8738669880113,1.55080412470213,0.073073723,0.465417994142197,0.135730568125706,0.242571210184189,0.031920290590312,0.034125421917382,0.77403491683408
14341,2016,2016-10-05,"16-B-041","First",1,"Riffle",53.0301,33.12411305,3,NA,3,11.86440678,7,4.421052632,29.37853107,"160372-002","Chloride",130.7,"ppm","NULL","Naugatuck River",201491820,2015,137.3481,227.187667356,0.0343867,0.613127279,9.8738669880113,1.55080412470213,0.073493104,0.465160954294257,0.136264940441162,0.243815824184744,0.0315617876445,0.034138950330432,0.774677516453933
14349,2008,2008-09-15,"13832","First",1,"Riffle",19.5606,72.46688152,8,3,8,31.97969543,12,3.768292683,17.25888325,"080157-001","Chloride",7.7,"ppm","","Nepaug River",201490930,2006,50.6619,77.703042203,0.035538281,0.284715285,18.5275918837809,1.08562845057134,0.095775113,0.378717864084791,0.097333773425753,0.350405251769538,0.004510947298933,0.040910257820809,0.774544320974071
14349,2012,2012-10-18,"6448.6-5","First",1,"Riffle",19.5606,56.51613336,5,1,4,85.02202643,6,3.545454545,43.17180617,"120288-002","Chloride",16,"ppm","","Nepaug River",201490930,2010,50.6619,77.703042203,0.035538281,0.284715285,18.5275918837809,1.08562845057134,0.095426706,0.368742435911541,0.098507353210841,0.355136245278175,0.004547621667217,0.040928595004951,0.769354897861884
14355,2006,2006-09-26,"9866","First",1,"Riffle",27.2081,58.90215611,5,1,7,28.57142857,11,3.941176471,18.30357143,"061249-006","Chloride",18.91,"ppm","","Nonewaug River (Nonnewaug River)",201494780,2006,70.4691,139.999709747,0.057704561,0.528531856,8.51501396174393,1.68868340875646,0.251288813,0.228769200342804,0.104370756147406,0.303091832025842,0.012578284659503,0.027793526270684,0.572232843298833
14355,2016,2016-09-21,"16-B-013","First",1,"Riffle",27.2081,49.29914791,6,NA,6,21.11111111,7,3.962962963,23.33333333,"160349-014","Chloride",29,"ppm","NULL","Nonewaug River",201494780,2015,70.4691,139.999709747,0.057704561,0.528531856,8.51501396174393,1.68868340875646,0.252093085,0.222651460214912,0.105517832421386,0.309315050431802,0.01219592590151,0.027793526270684,0.571955962818908
14358,2007,2007-10-04,"12082","First",1,"Riffle",7.9214,25.31026223,1,NA,4,1.913875598,3,4.302631579,39.71291866,"070202-011","Chloride",70.4,"ppm","","Noroton River",201497150,2006,20.5164,37.202597106,0.102611127,0.551882461,8.82074930221955,4.04554405256283,0.005525613,0.020562525476697,0.37533402780923,0.290230535803252,0.009601884143304,0.009103673173604,0.329498618596857
14358,2013,2013-10-22,"14306","First",1,"Riffle",7.9214,38.11776431,2,1,4,14.75409836,6,4.175,33.60655738,"130417-014","Chloride",88.5,"ppm","","Noroton River",201497150,2015,20.5164,37.202597106,0.102611127,0.551882461,8.82074930221955,4.04554405256283,0.005525613,0.019203768286607,0.377100412156348,0.289369989582862,0.008152543140541,0.009103673173604,0.325829974183614
14358,2016,2016-09-28,"16-B-026","First",1,"Riffle",7.9214,26.67995278,NA,NA,4,13.4502924,3,4.407894737,20.46783626,"160366-012","Chloride",94.5,"ppm","NULL","Noroton River",201497150,2015,20.5164,37.202597106,0.102611127,0.551882461,8.82074930221955,4.04554405256283,0.005525613,0.019203768286607,0.377100412156348,0.289369989582862,0.008152543140541,0.009103673173604,0.325829974183614
14360,2006,2006-11-29,"10120","First",1,"Riffle",11.3511,52.9558063,3,2,6,28.76712329,7,3.9921875,15.06849315,"061316-006","Chloride",32.27,"ppm","","Norwalk River",201496756,2006,29.3994,52.837933016,0.060701294,0.282806804,18.9933055863559,2.44902957203208,0.004172198,0.166698274227195,0.256305708325431,0.454390290157406,0.012611416650863,0.070895758265377,0.704595739300841
14360,2007,2007-10-15,"12110","First",1,"Riffle",11.3511,50.28184313,3,NA,6,61.14285714,6,4.016666667,28,"070203-003","Chloride",78.8,"mg/L","","Norwalk River",201496756,2006,29.3994,52.837933016,0.060701294,0.282806804,18.9933055863559,2.44902957203208,0.004172198,0.166698274227195,0.256305708325431,0.454390290157406,0.012611416650863,0.070895758265377,0.704595739300841
14360,2013,2013-10-07,"14308","First",1,"Riffle",11.3511,49.81068155,4,1,6,35.74468085,6,4.045454545,25.10638298,"130395-059","Chloride",47.3,"ppm","","Norwalk River",201496756,2015,29.3994,52.837933016,0.060701294,0.282806804,18.9933055863559,2.44902957203208,0.004172198,0.166540236424553,0.256495353688602,0.454832796004804,0.012168910803464,0.070864150704849,0.70440609393767
14360,2016,2016-10-19,"16-B-085","First",1,"Riffle",11.3511,32.55267637,1,1,5,13.1147541,3,4.194444444,32.78688525,"160389-012","Chloride",62.8,"ppm","NULL","Norwalk River",201496756,2015,29.3994,52.837933016,0.060701294,0.282806804,18.9933055863559,2.44902957203208,0.004172198,0.166540236424553,0.256495353688602,0.454832796004804,0.012168910803464,0.070864150704849,0.70440609393767
14360,2019,2019-10-08,"7955.6-28","First",1,"Riffle",11.3511,40.38302861,3,NA,7,15.2173913,5,4.113636364,28.26086957,"190432-017","Chloride",95.6,"ppm","NULL","Norwalk River",201496756,2015,29.3994,52.837933016,0.060701294,0.282806804,18.9933055863559,2.44902957203208,0.004172198,0.166540236424553,0.256495353688602,0.454832796004804,0.012168910803464,0.070864150704849,0.70440609393767
14360,2019,2019-10-08,"7955.6-28","First",1,"Riffle",11.3511,40.38302861,3,NA,7,15.2173913,5,4.113636364,28.26086957,"190448-005","Chloride",61.7,"ppm","NULL","Norwalk River",201496756,2015,29.3994,52.837933016,0.060701294,0.282806804,18.9933055863559,2.44902957203208,0.004172198,0.166540236424553,0.256495353688602,0.454832796004804,0.012168910803464,0.070864150704849,0.70440609393767
14360,2020,2020-10-28,"7955.8-28","First",1,"Riffle",11.3511,43.49223551,4,1,6,25.28735632,5,4.25,30.651341,"200346-025","Chloride",84.5,"ppm","NULL","Norwalk River",201496756,2015,29.3994,52.837933016,0.060701294,0.282806804,18.9933055863559,2.44902957203208,0.004172198,0.166540236424553,0.256495353688602,0.454832796004804,0.012168910803464,0.070864150704849,0.70440609393767
14361,2007,2007-10-16,"12116","First",1,"Riffle",33.0018,22.27536581,1,NA,5,3.289473684,5,4.5,55.26315789,"070203-010","Chloride",66.3,"mg/L","","Norwalk River",201497051,2006,85.4748,172.620916206,0.079260252,0.185745891,13.9983123510451,2.56215867132769,0.007390099,0.14572624028691,0.264033038091615,0.428745313264142,0.013030484160191,0.043079932619682,0.630581970330925
14361,2007,2007-10-16,"12116","First",1,"Riffle",33.0018,22.27536581,1,NA,5,3.289473684,5,4.5,55.26315789,"070203-009","Chloride",56.4,"mg/L","","Norwalk River",201497051,2006,85.4748,172.620916206,0.079260252,0.185745891,13.9983123510451,2.56215867132769,0.007390099,0.14572624028691,0.264033038091615,0.428745313264142,0.013030484160191,0.043079932619682,0.630581970330925
14361,2009,2009-09-29,"15635","First",1,"Riffle",33.0018,23.42730921,2,NA,3,2.409638554,3,4.588235294,28.31325301,"090208-003","Chloride",63.2,"ppm","","Norwalk River",201497051,2010,85.4748,172.620916206,0.079260252,0.185745891,13.9983123510451,2.56215867132769,0.007390099,0.146095745258925,0.264239526164212,0.428386676085421,0.01305221974678,0.043069064826387,0.630603705917513
14361,2013,2013-09-25,"14310","First",1,"Riffle",33.0018,27.42911195,1,NA,4,8.287292818,7,4.5,41.43646409,"130395-010","Chloride",53.5,"ppm","","Norwalk River",201497051,2015,85.4748,172.620916206,0.079260252,0.185745891,13.9983123510451,2.56215867132769,0.006955388,0.146204423191871,0.264706841275879,0.427941096560343,0.012856599467478,0.043069064826387,0.630071184046079
14361,2016,2016-09-28,"16-B-027","First",1,"Riffle",33.0018,32.49800823,1,NA,6,4.733727811,6,4.392857143,21.89349112,"160366-013","Chloride",125.8,"ppm","NULL","Norwalk River",201497051,2015,85.4748,172.620916206,0.079260252,0.185745891,13.9983123510451,2.56215867132769,0.006955388,0.146204423191871,0.264706841275879,0.427941096560343,0.012856599467478,0.043069064826387,0.630071184046079
14361,2019,2019-10-08,"7955.6-27","First",1,"Riffle",33.0018,30.64770346,1,NA,7,4.633204633,5,4.3,34.74903475,"190432-014","Chloride",94.8,"ppm","NULL","Norwalk River",201497051,2015,85.4748,172.620916206,0.079260252,0.185745891,13.9983123510451,2.56215867132769,0.006955388,0.146204423191871,0.264706841275879,0.427941096560343,0.012856599467478,0.043069064826387,0.630071184046079
14361,2020,2020-10-28,"7955.8-36","First",1,"Riffle",33.0018,21.56559038,NA,NA,5,1.895734597,6,4.5625,48.81516588,"200346-032","Chloride",79.7,"ppm","NULL","Norwalk River",201497051,2015,85.4748,172.620916206,0.079260252,0.185745891,13.9983123510451,2.56215867132769,0.006955388,0.146204423191871,0.264706841275879,0.427941096560343,0.012856599467478,0.043069064826387,0.630071184046079
14362,2007,2007-10-15,"12108","First",1,"Riffle",3.9586,31.43567636,1,2,4,7.949790795,3,3.928571429,69.87447699,"070203-001","Chloride",89.3,"mg/L","","Ridgefield Brook",201496686,2006,10.2528,16.845871595,0.001394632,0.004028812,15.1840184993398,1.85315230961298,0,0.163222765996012,0.323092260286388,0.373391335870944,0.004622077215878,0.164582200471271,0.705818379554105
14362,2013,2013-10-07,"14312","First",1,"Riffle",3.9586,46.91843083,2,1,5,27.50929368,6,3.823529412,36.80297398,"130395-056","Chloride",103.4,"ppm","","Ridgefield Brook",201496686,2015,10.2528,16.845871595,0.001394632,0.004028812,15.1840184993398,1.85315230961298,0,0.163222765996012,0.323454776146456,0.373028820010875,0.004622077215878,0.164582200471271,0.705455863694036
14363,2007,2007-10-15,"12109","First",1,"Riffle",5.0577,34.32286501,1,1,5,7.327586207,3,4.111111111,33.18965517,"070203-002","Chloride",87.2,"mg/L","","Norwalk River",201496633,2006,13.0995,22.118687256,0.041431298,0.355242567,16.886251440882,1.98480858048017,0,0.176232706633558,0.302802412202909,0.383256473926924,0.015466477474282,0.134302944306492,0.709258602341256
14363,2013,2013-10-07,"14314","First",1,"Riffle",5.0577,51.03576038,3,1,5,40.80717489,5,4,16.14349776,"130395-057","Chloride",47.3,"ppm","","Norwalk River",201496633,2015,13.0995,22.118687256,0.041431298,0.355242567,16.886251440882,1.98480858048017,0,0.175736076622916,0.303157147924796,0.383327421071302,0.015182688896772,0.134231997162114,0.708478183753104
14366,2006,2006-11-29,"10118","First",1,"Riffle",15.2055,48.92888565,3,3,4,34.02061856,4,4.0625,15.97938144,"061316-004","Chloride",27.22,"ppm","","Norwalk River",201496832,2006,39.3822,71.194952776,0.067543668,0.14513831,20.5963395111786,2.53921822549274,0.003797976,0.17173456629945,0.253025406336251,0.458092519638603,0.011511877521172,0.055459885353023,0.696798848812248
14366,2007,2007-10-15,"12112","First",1,"Riffle",15.2055,50.87829788,2,3,5,29.31034483,5,3.884057971,13.79310345,"070203-005","Chloride",56,"mg/L","","Norwalk River",201496832,2006,39.3822,71.194952776,0.067543668,0.14513831,20.5963395111786,2.53921822549274,0.003797976,0.17173456629945,0.253025406336251,0.458092519638603,0.011511877521172,0.055459885353023,0.696798848812248
14366,2013,2013-10-07,"14318","First",1,"Riffle",15.2055,42.5857978,2,1,5,29.81651376,7,4.095238095,35.32110092,"130395-061","Chloride",48.2,"ppm","","Norwalk River",201496832,2015,39.3822,71.194952776,0.067543668,0.14513831,20.5963395111786,2.53921822549274,0.003797976,0.172159184732608,0.253308485291689,0.457974570073836,0.011181618739827,0.05543629544007,0.696751668986341
14366,2020,2020-10-28,"7955.8-29","First",1,"Riffle",15.2055,47.79841517,3,1,8,38.25757576,7,4.178571429,38.25757576,"200346-026","Chloride",81.4,"ppm","NULL","Norwalk River",201496832,2015,39.3822,71.194952776,0.067543668,0.14513831,20.5963395111786,2.53921822549274,0.003797976,0.172159184732608,0.253308485291689,0.457974570073836,0.011181618739827,0.05543629544007,0.696751668986341
14370,2006,2006-11-29,"10116","First",1,"Riffle",26.8238,40.20109942,3,2,5,26.96078431,3,4.05,37.74509804,"061316-002","Chloride",24.03,"ppm","","Norwalk River",201496921,2006,69.4737,141.227788496,0.061317752,0.237322925,13.0184025051479,2.38939339634999,0.008450328,0.168137451530953,0.233520524134243,0.441516245487365,0.014293354726568,0.048295226634577,0.672242278379463
14370,2007,2007-10-16,"12114","First",1,"Riffle",26.8238,48.79120202,3,NA,6,41.08910891,8,3.973684211,25.74257426,"070203-007","Chloride",54.1,"mg/L","","Norwalk River",201496921,2006,69.4737,141.227788496,0.061317752,0.237322925,13.0184025051479,2.38939339634999,0.008450328,0.168137451530953,0.233520524134243,0.441516245487365,0.014293354726568,0.048295226634577,0.672242278379463
14370,2009,2009-09-29,"15636","First",1,"Riffle",26.8238,47.88758986,6,NA,7,25.27472527,8,4.4,25.64102564,"090208-004","Chloride",61.6,"ppm","","Norwalk River",201496921,2010,69.4737,141.227788496,0.061317752,0.237322925,13.0184025051479,2.38939339634999,0.008450328,0.168645540847707,0.233627490306191,0.441208717743014,0.014293354726568,0.048281855863083,0.672429469180372
14370,2013,2013-09-25,"14322","First",1,"Riffle",26.8238,42.8349199,3,NA,7,28.22966507,7,4.3,26.79425837,"130395-007","Chloride",49.7,"ppm","","Norwalk River",201496921,2015,69.4737,141.227788496,0.061317752,0.237322925,13.0184025051479,2.38939339634999,0.007915497,0.168792619334136,0.23408209653697,0.441075010028079,0.014079422382672,0.048281855863083,0.67222890760797
14370,2016,2016-10-19,"16-B-086","First",1,"Riffle",26.8238,46.46962217,3,1,10,16.57458564,7,4.083333333,36.4640884,"160389-013","Chloride",82.3,"ppm","NULL","Norwalk River",201496921,2015,69.4737,141.227788496,0.061317752,0.237322925,13.0184025051479,2.38939339634999,0.007915497,0.168792619334136,0.23408209653697,0.441075010028079,0.014079422382672,0.048281855863083,0.67222890760797
14370,2019,2019-10-08,"7955.6-45","First",1,"Riffle",26.8238,40.31303392,4,1,7,12.88888889,3,4.096774194,28.88888889,"190432-015","Chloride",74.9,"ppm","NULL","Norwalk River",201496921,2015,69.4737,141.227788496,0.061317752,0.237322925,13.0184025051479,2.38939339634999,0.007915497,0.168792619334136,0.23408209653697,0.441075010028079,0.014079422382672,0.048281855863083,0.67222890760797
14370,2020,2020-10-28,"7955.8-31","First",1,"Riffle",26.8238,47.69537541,2,1,8,24.34782609,10,4.181818182,33.04347826,"200346-027","Chloride",70.7,"ppm","NULL","Norwalk River",201496921,2015,69.4737,141.227788496,0.061317752,0.237322925,13.0184025051479,2.38939339634999,0.007915497,0.168792619334136,0.23408209653697,0.441075010028079,0.014079422382672,0.048281855863083,0.67222890760797
14371,2006,2006-11-29,"10114","First",1,"Riffle",56.6134,32.53349057,2,NA,5,6.280193237,7,4.37,31.88405797,"061316-001","Chloride",22.76,"ppm","","Norwalk River",201497061,2006,146.6289,298.381180583,0.067966542,0.201478743,11.8309781771871,2.55747673207669,0.005220906,0.132360115823021,0.264701223491545,0.424103607114119,0.020142307716677,0.038643578095003,0.61524960874882
14377,2008,2008-10-09,"14026","First",1,"Riffle",7.97,77.03773856,7,3,9,47.25738397,10,3.514285714,20.25316456,"080194-008","Chloride",9.6,"ppm","","Pattaconk Brook",201495036,2006,20.6424,36.712280532,0.091286206,0.052234681,13.6758328912917,1.84087121652521,0.014222062,0.45924659075566,0.120977541743553,0.311490166074081,0.032584724785094,0.046626760880328,0.849948242495163
14385,2008,2008-10-07,"13993","First",1,"Riffle",3.0218,40.31730825,3,NA,5,5.581395349,5,4.152173913,32.55813953,"080186-003","Chloride",26.1,"ppm","","Pequabuck River",201492970,2006,7.8264,14.66749601,0.018311966,0.07896195,9.77139869096519,1.91659000306654,0.082037279,0.121096996319601,0.275911195536032,0.298231034073371,0.020657722901579,0.018283271993352,0.458269025287903
14389,2008,2008-10-07,"13994","First",1,"Riffle",15.5067,40.17693856,4,NA,6,5.392156863,7,4.056818182,36.2745098,"080186-004","Chloride",20.6,"ppm","","Pequabuck River",201493039,2006,40.1625,67.581091392,0.163525037,0.577495252,18.7426540957426,1.24494242141301,0.034220268,0.388061082832022,0.159463211476168,0.250439611291069,0.04153169828783,0.029014345210551,0.709046737621472
14390,2008,2008-10-07,"13995","First",1,"Riffle",17.3887,46.23703457,3,1,8,19.19191919,5,3.989583333,22.72727273,"080186-005","Chloride",30,"ppm","","Pequabuck River",201492931,2006,45.0369,75.341878232,0.210025528,0.735626008,16.509041051097,1.44326097044868,0.04491716,0.349681226401469,0.179771803495162,0.250747931582314,0.037118039078136,0.026100233148328,0.663647430210247
14390,2010,2010-09-20,"22508","First",1,"Riffle",17.3887,46.6073134,3,NA,7,24.06015038,8,4.18,18.42105263,"100283-004","Chloride",69.4,"ppm","","Pequabuck River",201492931,2010,45.0369,75.341878232,0.210025528,0.735626008,16.509041051097,1.44326097044868,0.044855262,0.341056801535065,0.180927228836115,0.256752016836198,0.037179936864258,0.025976437576083,0.660965192811604
14390,2012,2012-10-04,"6448.3-21","First",1,"Riffle",17.3887,34.55437345,3,NA,7,4.306220096,4,4.088235294,38.75598086,"120274-002","Chloride",36.8,"ppm","","Pequabuck River",201492931,2010,45.0369,75.341878232,0.210025528,0.735626008,16.509041051097,1.44326097044868,0.044855262,0.341056801535065,0.180927228836115,0.256752016836198,0.037179936864258,0.025976437576083,0.660965192811604
14390,2017,2017-10-05,"7955.02-11","First",1,"Riffle",17.3887,56.64924839,3,1,9,34.11214953,9,4.0625,12.61682243,"170295-012","Chloride",85.4,"ppm","","Pequabuck River",201492931,2015,45.0369,75.341878232,0.210025528,0.735626008,16.509041051097,1.44326097044868,0.044525141,0.34429611900881,0.182082654177069,0.255431530732251,0.036932345719768,0.025976437576083,0.662636433036912
14392,2008,2008-10-07,"13999","First",1,"Riffle",44.6876,32.6887899,3,NA,8,5.940594059,3,4.090909091,44.05940594,"080186-010","Chloride",45.8,"ppm","","Pequabuck River",201492766,2006,115.7409,178.859131616,0.282836857,0.269512195,10.3720274154634,1.99583725372794,0.037024846,0.27362421225866,0.280070645847549,0.258025930237226,0.017910327941236,0.018817484847269,0.568377955284391
14392,2008,2008-10-07,"13999","First",1,"Riffle",44.6876,32.6887899,3,NA,8,5.940594059,3,4.090909091,44.05940594,"080186-009","Chloride",46.3,"ppm","","Pequabuck River",201492766,2006,115.7409,178.859131616,0.282836857,0.269512195,10.3720274154634,1.99583725372794,0.037024846,0.27362421225866,0.280070645847549,0.258025930237226,0.017910327941236,0.018817484847269,0.568377955284391
14392,2010,2010-09-20,"22507","First",1,"Riffle",44.6876,29.45523477,2,NA,4,22.99465241,3,4.367647059,32.62032086,"100283-003","Chloride",86,"ppm","","Pequabuck River",201492766,2010,115.7409,178.859131616,0.282836857,0.269512195,10.3720274154634,1.99583725372794,0.036848232,0.269562076024566,0.281178501184121,0.260522618713122,0.017942439690122,0.018769317223939,0.566796451651749
14392,2012,2012-10-04,"6448.3-20","First",1,"Riffle",44.6876,23.73423275,1,NA,4,1.97044335,4,4.551587302,30.54187192,"120274-001","Chloride",55.9,"ppm","","Pequabuck River",201492766,2010,115.7409,178.859131616,0.282836857,0.269512195,10.3720274154634,1.99583725372794,0.036848232,0.269562076024566,0.281178501184121,0.260522618713122,0.017942439690122,0.018769317223939,0.566796451651749
14392,2018,2018-10-19,"7955.4-50","First",1,"Riffle",44.6876,30.9355624,1,NA,7,5.839416058,6,4.204166667,44.52554745,"180361-004","Chloride",73.1,"ppm","NULL","Pequabuck River",201492766,2015,115.7409,178.859131616,0.282836857,0.269512195,10.3720274154634,1.99583725372794,0.036759925,0.270292618311725,0.281724400915185,0.259848271986513,0.017846104443463,0.018769317223939,0.56675631196564
14394,2007,2007-10-02,"12059","First",1,"Riffle",21.9384,26.77398465,1,1,6,6.161137441,1,4.166666667,44.54976303,"070195-018","Chloride",63.1,"ppm","","Pequonnock River",201496718,2006,56.8206,103.240101567,0.110120081,0.393812803,12.7727481906597,2.56949064247826,0.012298433,0.127220096163281,0.329310175645177,0.347577928237334,0.010777483400386,0.02891440159618,0.514489909397181
14394,2013,2013-10-21,"14326","First",1,"Riffle",21.9384,53.33168039,3,2,6,58.5106383,4,4,17.0212766,"130417-008","Chloride",73.3,"ppm","","Pequonnock River",201496718,2015,56.8206,103.240101567,0.110120081,0.393812803,12.7727481906597,2.56949064247826,0.012265725,0.123393190069669,0.333987505315147,0.34646583586825,0.010434043109934,0.028799921499362,0.509092990547215
14394,2016,2016-10-11,"16-B-062","First",1,"Riffle",21.9384,35.73087034,1,1,5,19.13875598,3,4.115384615,21.53110048,"160372-023","Chloride",83.4,"ppm","NULL","Pequonnock River",201496718,2015,56.8206,103.240101567,0.110120081,0.393812803,12.7727481906597,2.56949064247826,0.012265725,0.123393190069669,0.333987505315147,0.34646583586825,0.010434043109934,0.028799921499362,0.509092990547215
14396,2008,2008-10-15,"14046","First",1,"Riffle",15.5689,69.01866803,4,3,10,59.13461538,6,3.485714286,21.15384615,"080194-017","Chloride",17.4,"ppm","","Pine Brook",201493933,2006,40.3236,64.221933439,0.032401475,0.239231331,16.0598839713349,1.38876489202353,0.026246054,0.387584395234694,0.150102541650345,0.30746364956103,0.060948913519368,0.034541558172224,0.790538516487316
14396,2012,2012-09-21,"6448.1-45","First",1,"Riffle",15.5689,68.31806494,6,1,11,17.22689076,13,3.523255814,13.86554622,"120249-006","Chloride",22.4,"ppm","","Pine Brook",201493933,2010,40.3236,64.221933439,0.032401475,0.239231331,16.0598839713349,1.38876489202353,0.023250455,0.382630135723668,0.151254695025002,0.311772703182248,0.060948913519368,0.034449385902251,0.789801138327535
14397,2008,2008-09-17,"13865","First",1,"Riffle",15.6364,27.52474055,1,NA,4,5.325443787,2,4.272727273,20.1183432,"080158-015","Chloride",70.3,"ppm","","Piper Brook",201491823,2006,40.4982,44.234059386,0.087658376,0.006731101,7.40204866034236,2.19762853657693,0,0.097004312322231,0.52764015047252,0.172974584824296,0.018304431599229,0.039613726029911,0.327897054775667
14400,2008,2008-10-15,"14043","First",1,"Riffle",5.7756,28.96594376,NA,NA,6,14.70588235,1,4,29.83193277,"080194-014","Chloride",26.1,"ppm","","Pocotopaug Creek",201493238,2006,14.9589,26.117745272,0.003622034,0.01314981,8.28213931869356,1.60439604516375,0.01124503,0.275099403578529,0.214711729622266,0.278454274353877,0.148918986083499,0.021496023856859,0.723968687872764
14400,2012,2012-09-19,"6448.1-33","First",1,"Riffle",5.7756,35.64410102,1,NA,4,59.91735537,2,3.944444444,58.67768595,"120243-006","Chloride",21.9,"ppm","","Pocotopaug Creek",201493238,2010,14.9589,26.117745272,0.003622034,0.01314981,8.28213931869356,1.60439604516375,0.003168489,0.271744532803181,0.217818091451292,0.28000745526839,0.148918986083499,0.021433896620278,0.722104870775348
14401,2008,2008-10-15,"14044","First",1,"Riffle",8.7974,62.95521489,6,2,10,22.22222222,7,3.470588235,33.81642512,"080194-015","Chloride",24.3,"ppm","","Pocotopaug Creek",201493641,2006,22.7853,37.657630625,0.007529805,0.002284123,13.2412439941411,1.49219014013421,0.018917927,0.293390956904636,0.194561095935092,0.318302279120969,0.097892118889387,0.031964773514902,0.741550128429894
14401,2012,2012-09-19,"6448.1-34","First",1,"Riffle",8.7974,67.33926466,3,2,11,32.45614035,9,3.461538462,14.9122807,"120243-007","Chloride",19.3,"ppm","","Pocotopaug Creek",201493641,2010,22.7853,37.657630625,0.007529805,0.002284123,13.2412439941411,1.49219014013421,0.013617646,0.292167815060953,0.196599665674563,0.318995392832389,0.097892118889387,0.031801687935744,0.740857014718473
14402,2008,2008-10-07,"13992","First",1,"Riffle",7.2149,59.00871717,4,1,8,32.48945148,7,3.689655172,15.18987342,"080186-002","Chloride",12.6,"ppm","","Poland River",201492903,2006,18.6867,32.599185183,0.116899795,0.470733405,11.0209772973711,0.909737941958719,0.020738015,0.574447980903123,0.073751740600756,0.223194748358862,0.027501491943505,0.045106425303362,0.870250646508852
14402,2012,2012-10-04,"6448.3-22","First",1,"Riffle",7.2149,56.13527756,2,1,6,37.62886598,9,3.703125,19.07216495,"120274-003","Chloride",17.2,"ppm","","Poland River",201492903,2010,18.6867,32.599185183,0.116899795,0.470733405,11.0209772973711,0.909737941958719,0.020738015,0.564352496518798,0.074199323652278,0.231400437636761,0.027600954843843,0.045106425303362,0.868460314302764
14404,2006,2006-10-11,"9974","First",1,"Riffle",79.9449,52.40900801,5,1,8,17.54385965,10,3.931034483,36.25730994,"061253-002","Chloride",34.81,"ppm","","Pomperaug River",201495594,2006,207.0576,369.751317118,0.097703111,0.000141223,17.0175865388773,1.66137345357041,0.166229174,0.265560147356424,0.121304310758724,0.342446637141537,0.011433135452143,0.022740632053163,0.642180552003267
14404,2006,2006-10-11,"9974","First",1,"Riffle",79.9449,52.40900801,5,1,8,17.54385965,10,3.931034483,36.25730994,"061253-001","Chloride",34.83,"ppm","","Pomperaug River",201495594,2006,207.0576,369.751317118,0.097703111,0.000141223,17.0175865388773,1.66137345357041,0.166229174,0.265560147356424,0.121304310758724,0.342446637141537,0.011433135452143,0.022740632053163,0.642180552003267
14404,2008,2008-10-03,"13974","First",1,"Riffle",79.9449,52.58849998,5,1,8,12.90322581,9,3.964285714,22.58064516,"080185-008","Chloride",18.4,"ppm","","Pomperaug River",201495594,2006,207.0576,369.751317118,0.097703111,0.000141223,17.0175865388773,1.66137345357041,0.166229174,0.265560147356424,0.121304310758724,0.342446637141537,0.011433135452143,0.022740632053163,0.642180552003267
14404,2014,2014-09-23,"620.1-042","First",1,"Riffle",79.9449,56.48621804,5,2,7,29.53586498,9,3.895833333,28.69198312,"140294-008","Chloride",59.7,"ppm","","Pomperaug River",201495594,2015,207.0576,369.751317118,0.097703111,0.000141223,17.0175865388773,1.66137345357041,0.166749678,0.261274965112783,0.122286986058575,0.346538874006668,0.011199806157201,0.022718196544034,0.641731841820686
14404,2015,2015-09-16,"620.2-039","First",1,"Riffle",79.9449,48.18807116,4,1,6,33.46007605,6,3.976190476,24.7148289,"150372-035","Chloride",69.2,"ppm","","Pomperaug River",201495594,2015,207.0576,369.751317118,0.097703111,0.000141223,17.0175865388773,1.66137345357041,0.166749678,0.261274965112783,0.122286986058575,0.346538874006668,0.011199806157201,0.022718196544034,0.641731841820686
14404,2016,2016-10-21,"16-B-090","First",1,"Riffle",79.9449,62.02121674,3,2,11,29.07488987,10,3.859375,13.65638767,"160389-017","Chloride",108.4,"ppm","NULL","Pomperaug River",201495594,2015,207.0576,369.751317118,0.097703111,0.000141223,17.0175865388773,1.66137345357041,0.166749678,0.261274965112783,0.122286986058575,0.346538874006668,0.011199806157201,0.022718196544034,0.641731841820686
14409,2006,2006-10-11,"9975","First",1,"Riffle",24.2913,66.78391253,5,3,10,34.19689119,9,3.857142857,16.06217617,"061253-003","Chloride",38.4,"ppm","","Pootatuck River",201496016,2006,62.9145,107.346144732,0.177683858,0.268414482,14.9874446449487,1.89145586470527,0.075521564,0.151456540034549,0.204048487354014,0.413500863736361,0.00640789026857,0.044574702121691,0.615939996161171
14409,2008,2008-10-03,"13978","First",1,"Riffle",24.2913,67.84356996,6,3,8,30.55555556,10,3.771428571,15.27777778,"080185-012","Chloride",25,"ppm","","Pootatuck River",201496016,2006,62.9145,107.346144732,0.177683858,0.268414482,14.9874446449487,1.89145586470527,0.075521564,0.151456540034549,0.204048487354014,0.413500863736361,0.00640789026857,0.044574702121691,0.615939996161171
14409,2016,2016-10-21,"16-B-089","First",1,"Riffle",24.2913,36.69227231,NA,2,7,12.56038647,6,4.1,40.57971014,"160389-016","Chloride",78.7,"ppm","NULL","Pootatuck River",201496016,2015,62.9145,107.346144732,0.177683858,0.268414482,14.9874446449487,1.89145586470527,0.075063857,0.149522361174681,0.206528961006364,0.414180041045933,0.006437419716813,0.044545172673449,0.614684994610876
14410,2007,2007-09-18,"11842","First",1,"Riffle",151.6307,55.88550711,7,1,7,31.47208122,8,3.9375,28.42639594,"070177-012","Chloride",81.2,"ppm","","Quinebaug River",201485225,2006,392.724,779.665605124,0.135539626,0.409386261,6.56066941831702,0.086574795530704,0.054381944,0.446960396812444,0.109284266348763,0.288015441056463,0.038448892894228,0.06195581984488,0.835380550608015
14410,2012,2012-09-25,"6448.2-7","First",1,"Riffle",151.6307,58.75773173,8,1,4,50.67873303,8,3.782608696,31.67420814,"120250-002","Chloride",48.9,"ppm","","Quinebaug River",201485225,2010,392.724,779.665605124,0.135539626,0.409386261,6.56066941831702,0.086574795530704,0.05402714,0.442321929942829,0.109882701901038,0.291083310271094,0.039477823586876,0.061066445269166,0.833949509069965
14410,2014,2014-09-17,"620.1-018","First",1,"Riffle",151.6307,63.56380612,9,2,6,58.83905013,9,3.75,49.86807388,"140292-019","Chloride",81.5,"ppm","","Quinebaug River",201485225,2015,392.724,779.665605124,0.135539626,0.409386261,6.56066941831702,0.086574795530704,0.053861565,0.436623782727683,0.110597039991106,0.293751433998235,0.039070982025645,0.061038060974196,0.830484259725759
14410,2018,2018-10-10,"7955.4-26","First",1,"Riffle",151.6307,52.99076905,4,NA,8,37.19806763,8,3.7,28.01932367,"180337-026","Chloride",40.7,"ppm","NULL","Quinebaug River",201485225,2015,392.724,779.665605124,0.135539626,0.409386261,6.56066941831702,0.086574795530704,0.053861565,0.436623782727683,0.110597039991106,0.293751433998235,0.039070982025645,0.061038060974196,0.830484259725759
14413,2007,2007-09-20,"11870","First",1,"Riffle",77.4878,21.83477034,1,NA,3,0.904977376,3,4.315789474,36.65158371,"070177-009","Chloride",51.8,"ppm","","Quinnipiac River",201494431,2006,200.6937,256.396290034,0.26092601,0.118359788,12.6197951825771,1.42505718913947,0.040045735,0.182022700761012,0.291267798618698,0.28938378358361,0.017414409243246,0.036291591830689,0.525112485418557
14413,2009,2009-10-15,"15728","First",1,"Riffle",77.4878,27.97229449,1,NA,5,1.746724891,5,4.2,36.24454148,"090254-004","Chloride",35.5,"ppm","","Quinnipiac River",201494431,2010,200.6937,256.396290034,0.26092601,0.118359788,12.6197951825771,1.42505718913947,0.038916252,0.178805525209695,0.293906345473735,0.291351121150962,0.01747921565723,0.036273075712408,0.523908937730295
14413,2013,2013-10-07,"14330","First",1,"Riffle",77.4878,26.94669487,2,NA,5,2.262443439,4,4.470588235,30.76923077,"130395-053","Chloride",65.7,"ppm","","Quinnipiac River",201494431,2015,200.6937,256.396290034,0.26092601,0.118359788,12.6197951825771,1.42505718913947,0.038661655,0.174741237247024,0.298053955968671,0.28957820282556,0.017233877090007,0.036277704741978,0.517831021904569
14413,2015,2015-10-09,"620.2-133","First",1,"Riffle",77.4878,32.35111399,2,NA,4,44.9339207,4,4.375,43.6123348,"150412-013","Chloride",76.5,"ppm","","Quinnipiac River",201494431,2015,200.6937,256.396290034,0.26092601,0.118359788,12.6197951825771,1.42505718913947,0.038661655,0.174741237247024,0.298053955968671,0.28957820282556,0.017233877090007,0.036277704741978,0.517831021904569
14413,2016,2016-09-21,"16-B-008","First",1,"Riffle",77.4878,31.80472685,2,NA,4,18.27411168,5,4.088235294,41.11675127,"160349-009","Chloride",77.3,"ppm","NULL","Quinnipiac River",201494431,2015,200.6937,256.396290034,0.26092601,0.118359788,12.6197951825771,1.42505718913947,0.038661655,0.174741237247024,0.298053955968671,0.28957820282556,0.017233877090007,0.036277704741978,0.517831021904569
14413,2018,2018-10-16,"7955.4-36","First",1,"Riffle",77.4878,34.04016273,1,NA,6,12.98076923,6,4.25,25.96153846,"180362-009","Chloride",82.6,"ppm","NULL","Quinnipiac River",201494431,2015,200.6937,256.396290034,0.26092601,0.118359788,12.6197951825771,1.42505718913947,0.038661655,0.174741237247024,0.298053955968671,0.28957820282556,0.017233877090007,0.036277704741978,0.517831021904569
14414,2007,2007-09-20,"11868","First",1,"Riffle",109.7071,27.77596767,2,NA,3,17.15686275,4,4.723958333,22.54901961,"070177-007","Chloride",54.2,"ppm","","Quinnipiac River",201495118,2006,284.1417,348.34933547,0.22416332,0.289211272,9.16126727565185,1.64354616024329,0.042179469,0.146951307236558,0.340914738618083,0.260028250434874,0.016423834996534,0.032308165160413,0.455711557828379
14414,2010,2010-09-24,"22702","First",1,"Riffle",109.7071,31.4828742,2,NA,4,18.5,5,4.510869565,21.5,"100281-001","Chloride",61.2,"ppm","","Quinnipiac River",201495118,2010,284.1417,348.34933547,0.22416332,0.289211272,9.16126727565185,1.64354616024329,0.040819263,0.144734432833283,0.343262402071699,0.261538863966309,0.016489229521704,0.032337592696739,0.455100119018035
14414,2013,2013-09-17,"14332","First",1,"Riffle",109.7071,30.20084707,3,NA,5,5.555555556,4,4.569444444,20.2020202,"130377-011","Chloride",62.2,"ppm","","Quinnipiac River",201495118,2015,284.1417,348.34933547,0.22416332,0.289211272,9.16126727565185,1.64354616024329,0.040269949,0.141801488379393,0.346777357799605,0.259724165892831,0.016283236767418,0.03231470461293,0.450123595652572
14414,2015,2015-10-02,"620.2-097","First",1,"Riffle",109.7071,31.38183876,2,NA,5,25.64102564,4,4.6875,23.58974359,"150413-020","Chloride",50.9,"ppm","","Quinnipiac River",201495118,2015,284.1417,348.34933547,0.22416332,0.289211272,9.16126727565185,1.64354616024329,0.040269949,0.141801488379393,0.346777357799605,0.259724165892831,0.016283236767418,0.03231470461293,0.450123595652572
14414,2016,2016-09-21,"16-B-007","First",1,"Riffle",109.7071,28.02411333,2,NA,3,17.67676768,3,4.402777778,24.74747475,"160349-008","Chloride",85.1,"ppm","NULL","Quinnipiac River",201495118,2015,284.1417,348.34933547,0.22416332,0.289211272,9.16126727565185,1.64354616024329,0.040269949,0.141801488379393,0.346777357799605,0.259724165892831,0.016283236767418,0.03231470461293,0.450123595652572
14414,2018,2018-10-16,"7955.4-35","First",1,"Riffle",109.7071,38.39090204,2,1,6,20.32967033,4,4.19047619,20.32967033,"180362-008","Chloride",95.2,"ppm","NULL","Quinnipiac River",201495118,2015,284.1417,348.34933547,0.22416332,0.289211272,9.16126727565185,1.64354616024329,0.040269949,0.141801488379393,0.346777357799605,0.259724165892831,0.016283236767418,0.03231470461293,0.450123595652572
14420,2009,2009-10-15,"15729","First",1,"Riffle",63.992,22.24081368,1,1,4,1.754385965,3,4.392857143,50,"090254-005","Chloride",36,"ppm","","Quinnipiac River",201494271,2010,165.7395,208.321351814,0.260789701,0.225540602,9.44580541269723,1.51442474485563,0.035016031,0.183572117217103,0.305368713705971,0.287459922423264,0.011014327033026,0.038351158045784,0.520397524719177
14422,2007,2007-09-20,"11869","First",1,"Riffle",98.389,23.19809555,2,NA,5,5.418719212,4,4.544117647,48.76847291,"070177-010","Chloride",52.1,"ppm","","Quinnipiac River",201494740,2006,254.8278,314.198211371,0.236267549,0.000144196,6.64787869623751,1.62070229386276,0.040466937,0.160941749484138,0.324307869543343,0.271234205134562,0.01745546814049,0.03400681011163,0.48363823287082
14422,2009,2009-10-15,"15726","First",1,"Riffle",98.389,28.8062498,3,NA,5,14.45783133,4,4.571428571,36.14457831,"090254-002","Chloride",37.4,"ppm","","Quinnipiac River",201494740,2010,254.8278,314.198211371,0.236267549,0.000144196,6.64787869623751,1.62070229386276,0.039577394,0.158451756848391,0.326451523525509,0.272903922011827,0.017524735871206,0.033995873101517,0.482876287832941
14424,2007,2007-09-20,"11872","First",1,"Riffle",10.4233,27.87589345,1,NA,4,3.2,4,4.357142857,28.8,"070177-006","Chloride",43,"ppm","","Quinnipiac River",201493162,2006,26.9964,28.11112142,0.205914876,0.432611601,6.30990735893055,2.22251855802996,0.049217002,0.105179831354328,0.403648253312683,0.244364136981587,0.016485974875237,0.048390982619171,0.414420925830323
14431,2007,2007-10-04,"12085","First",1,"Riffle",24.9341,44.06690962,2,NA,5,33.03167421,7,4.045454545,18.09954751,"070202-015","Chloride",55.2,"ppm","","Rippowam River",201497129,2006,64.5795,146.441554851,0.055982718,0.32207757,10.4765104794442,1.48653984623603,0.004661066,0.204482679249626,0.183033145356197,0.433953849695017,0.048595925883301,0.045675566808609,0.732708021636553
14432,2007,2007-10-04,"12084","First",1,"Riffle",34.4474,25.58045394,1,NA,3,2.222222222,5,4.176470588,41.66666667,"070202-013","Chloride",125.8,"ppm","","Rippowam River",201497204,2006,89.2188,197.162831606,0.070295287,0.228302943,10.1697509704659,2.3313472048492,0.003372997,0.15091039695181,0.255941784565414,0.408715658411152,0.038008682344858,0.038133608170149,0.635768345877969
14433,2008,2008-09-16,"13850","First",1,"Riffle",26.3578,54.49641013,4,1,7,40.48780488,9,3.88,33.65853659,"080157-019","Chloride",19.7,"ppm","","Roaring Brook",201492214,2006,68.2668,89.924797642,0.270514633,0.417959145,14.4134554674477,0.996091804508194,0.046829706,0.456021448304958,0.120823636685311,0.271846377876672,0.00847861293703,0.024265436383184,0.760611875501844
14433,2012,2012-09-20,"6448.1-38","First",1,"Riffle",26.3578,53.99223449,4,1,9,38.69565217,7,3.948275862,29.13043478,"120249-002","Chloride",29.1,"ppm","","Roaring Brook",201492214,2010,68.2668,89.924797642,0.270514633,0.417959145,14.4134554674477,0.996091804508194,0.046829706,0.453694252779706,0.122007648443773,0.273248138924046,0.008492222267587,0.024279045713741,0.75971365968508
14436,2008,2008-10-14,"14035","First",1,"Riffle",8.6952,49.12469409,2,1,6,24.75728155,8,4.020833333,17.96116505,"080194-013","Chloride",38.1,"ppm","","Salmon Brook",201491557,2006,22.5207,34.226442195,0.59680695,0.085274258,5.73382195807768,1.19889701474643,0.026608911,0.140800330033003,0.299504950495049,0.338696369636964,0.004290429042904,0.014273927392739,0.49806105610561
14436,2010,2010-09-21,"22591","First",1,"Riffle",8.6952,45.87522401,2,NA,7,35.71428571,6,3.976190476,27.55102041,"100283-007","Chloride",36.3,"ppm","","Salmon Brook",201491557,2010,22.5207,34.226442195,0.59680695,0.085274258,5.73382195807768,1.19889701474643,0.026608911,0.136716171617162,0.300577557755776,0.342491749174917,0.004290429042904,0.014273927392739,0.497772277227722
14436,2012,2012-09-20,"6448.1-35","First",1,"Riffle",8.6952,48.54192538,3,NA,7,25.58139535,8,4.095238095,20.15503876,"120249-001","Chloride",41.8,"ppm","","Salmon Brook",201491557,2010,22.5207,34.226442195,0.59680695,0.085274258,5.73382195807768,1.19889701474643,0.026608911,0.136716171617162,0.300577557755776,0.342491749174917,0.004290429042904,0.014273927392739,0.497772277227722
14439,2006,2006-10-03,"9936","First",1,"Riffle",32.6582,53.36948813,6,2,6,23.73737374,7,3.979166667,27.77777778,"061250-001","Chloride",8.15,"ppm","","Salmon Creek (Salmon Kill)",201490548,2006,84.5847,112.488008173,0.095023703,0.292423819,19.5050950553557,0.54383357746732,0.136996683,0.481954177009424,0.074336049908837,0.200546976253762,0.040990268655405,0.022845594534631,0.746337016453222
14439,2006,2006-10-03,"9936","First",1,"Riffle",32.6582,53.36948813,6,2,6,23.73737374,7,3.979166667,27.77777778,"061250-002","Chloride",8.12,"ppm","","Salmon Creek (Salmon Kill)",201490548,2006,84.5847,112.488008173,0.095023703,0.292423819,19.5050950553557,0.54383357746732,0.136996683,0.481954177009424,0.074336049908837,0.200546976253762,0.040990268655405,0.022845594534631,0.746337016453222
14439,2016,2016-09-28,"16-B-029","First",1,"Riffle",32.6582,53.37377851,4,1,9,25.2293578,9,4.086206897,24.7706422,"160366-015","Chloride",23.7,"ppm","NULL","Salmon Creek (Salmon Kill)",201490548,2015,84.5847,112.488008173,0.095023703,0.292423819,19.5050950553557,0.54383357746732,0.137249303,0.481767458207939,0.074841289018738,0.201216967247326,0.040594864134613,0.022845594534631,0.746424884124509
14441,2003,2003-10-08,"4758","First",1,"Riffle",83.1756,76.1798141,6,1,12,68.31683168,11,3.375,28.71287129,"03396-04","Chloride",19,"ppm","","Salmon River",201492951,2002,215.4249,309.598642684,0.088239118,0.103528275,23.9100765111757,0.942323751803993,0.072344334,0.376866717552643,0.137461134757278,0.307075306932999,0.016637126926013,0.053555334187183,0.754134485598838
14441,2006,2006-09-20,"9828","First",1,"Riffle",83.1756,65.46939756,5,1,12,53.40314136,7,3.5,27.7486911,"061236-011","Chloride",19.12,"ppm","","Salmon River",201492951,2006,215.4249,309.598642684,0.088239118,0.103528275,23.9100765111757,0.942323751803993,0.070852254,0.371903178648589,0.139651819173663,0.309641167617544,0.01643013312289,0.053447524914723,0.751422004303746
14441,2007,2007-09-24,"11956","First",1,"Riffle",83.1756,54.92501219,2,2,9,44.49760766,5,3.6,24.40191388,"070184-014","Chloride",20.3,"ppm","","Salmon River",201492951,2006,215.4249,309.598642684,0.088239118,0.103528275,23.9100765111757,0.942323751803993,0.070852254,0.371903178648589,0.139651819173663,0.309641167617544,0.01643013312289,0.053447524914723,0.751422004303746
14441,2008,2008-09-23,"13900","First",1,"Riffle",83.1756,56.54669401,5,1,8,18.05555556,10,3.85,19.44444444,"080161-019","Chloride",19.4,"ppm","","Salmon River",201492951,2006,215.4249,309.598642684,0.088239118,0.103528275,23.9100765111757,0.942323751803993,0.070852254,0.371903178648589,0.139651819173663,0.309641167617544,0.01643013312289,0.053447524914723,0.751422004303746
14441,2012,2012-09-18,"6448.1-17","First",1,"Riffle",83.1756,77.86500333,11,2,13,33.46303502,14,3.524390244,16.34241245,"120242-013","Chloride",24.3,"ppm","","Salmon River",201492951,2010,215.4249,309.598642684,0.088239118,0.103528275,23.9100765111757,0.942323751803993,0.071205868,0.367556308783006,0.139979559361942,0.313517989055203,0.01645600734828,0.053443212543825,0.750973517730314
14441,2013,2013-09-19,"14334","First",1,"Riffle",83.1756,69.62806618,10,2,7,26.97674419,12,3.492424242,20,"130377-024","Chloride",28.5,"ppm","","Salmon River",201492951,2015,215.4249,309.598642684,0.088239118,0.103528275,23.9100765111757,0.942323751803993,0.071261929,0.370096295242161,0.140501356240648,0.31183185203393,0.016287824883243,0.053443212543825,0.751659184703159
14441,2014,2014-09-30,"620.1-075","First",1,"Riffle",83.1756,76.44207499,6,2,11,56.97211155,11,3.272727273,27.88844622,"140304-013","Chloride",40.8,"ppm","","Salmon River",201492951,2015,215.4249,309.598642684,0.088239118,0.103528275,23.9100765111757,0.942323751803993,0.071261929,0.370096295242161,0.140501356240648,0.31183185203393,0.016287824883243,0.053443212543825,0.751659184703159
14441,2015,2015-09-15,"620.2-014","First",1,"Riffle",83.1756,71.24760838,7,1,11,44.921875,12,3.370967742,34.375,"150372-014","Chloride",40.5,"ppm","","Salmon River",201492951,2015,215.4249,309.598642684,0.088239118,0.103528275,23.9100765111757,0.942323751803993,0.071261929,0.370096295242161,0.140501356240648,0.31183185203393,0.016287824883243,0.053443212543825,0.751659184703159
14441,2016,2016-09-30,"16-B-035","First",1,"Riffle",83.1756,68.94272946,5,1,9,59.56284153,9,3.260869565,24.04371585,"160365-001","Chloride",44.6,"ppm","NULL","Salmon River",201492951,2015,215.4249,309.598642684,0.088239118,0.103528275,23.9100765111757,0.942323751803993,0.071261929,0.370096295242161,0.140501356240648,0.31183185203393,0.016287824883243,0.053443212543825,0.751659184703159
14441,2018,2018-10-09,"7955.4-23","First",1,"Riffle",83.1756,82.91548271,10,1,17,56.60377358,14,3.289473684,12.26415094,"180337-024","Chloride",29.6,"ppm","NULL","Salmon River",201492951,2015,215.4249,309.598642684,0.088239118,0.103528275,23.9100765111757,0.942323751803993,0.071261929,0.370096295242161,0.140501356240648,0.31183185203393,0.016287824883243,0.053443212543825,0.751659184703159
14442,2003,2003-11-12,"4822","First",1,"Riffle",37.6644,87.17903545,10,2,12,79.34782609,12,3.264705882,15.2173913,"03435-05","Chloride",6.1,"ppm","","Sandy Brook",201489043,2002,97.551,126.274346724,0.026796894,0.150649351,20.3687734290395,0.59456079384117,0.03536806,0.663803447290734,0.049880963717741,0.197628797257404,0.025940386629845,0.058194457670698,0.945567088848681
14442,2006,2006-09-21,"9825","First",1,"Riffle",37.6644,84.66571217,9,5,12,39.26940639,12,3.572916667,16.89497717,"061236-015","Chloride",11.12,"ppm","","Sandy Brook",201489043,2006,97.551,126.274346724,0.026796894,0.150649351,20.3687734290395,0.59456079384117,0.035777545,0.655070945624226,0.050357108846777,0.203532996857442,0.026083230168555,0.057670698028759,0.942357870678982
14442,2007,2007-10-09,"12096","First",1,"Riffle",37.6644,71.34604817,6,4,6,50.94339623,8,3.392857143,21.22641509,"070202-020","Chloride",17.8,"ppm","","Sandy Brook",201489043,2006,97.551,126.274346724,0.026796894,0.150649351,20.3687734290395,0.59456079384117,0.035777545,0.655070945624226,0.050357108846777,0.203532996857442,0.026083230168555,0.057670698028759,0.942357870678982
14442,2008,2008-09-17,"13859","First",1,"Riffle",37.6644,73.43411099,8,1,10,45.77114428,10,3.588235294,12.43781095,"080158-008","Chloride",7,"ppm","","Sandy Brook",201489043,2006,97.551,126.274346724,0.026796894,0.150649351,20.3687734290395,0.59456079384117,0.035777545,0.655070945624226,0.050357108846777,0.203532996857442,0.026083230168555,0.057670698028759,0.942357870678982
14442,2009,2009-10-01,"15675","First",1,"Riffle",37.6644,75.25887833,9,4,7,58.82352941,5,3.4,12.29946524,"090205-006","Chloride",12.8,"ppm","","Sandy Brook",201489043,2010,97.551,126.274346724,0.026796894,0.150649351,20.3687734290395,0.59456079384117,0.036177507,0.64016760308542,0.050395200457099,0.215198552518808,0.026121321778878,0.057994476716503,0.939481954099609
14442,2012,2012-10-03,"6448.3-9","First",1,"Riffle",37.6644,79.46502766,9,4,11,58.66666667,7,3.576923077,17.77777778,"120263-002","Chloride",14.2,"ppm","","Sandy Brook",201489043,2010,97.551,126.274346724,0.026796894,0.150649351,20.3687734290395,0.59456079384117,0.036177507,0.64016760308542,0.050395200457099,0.215198552518808,0.026121321778878,0.057994476716503,0.939481954099609
14442,2013,2013-10-15,"14338","First",1,"Riffle",37.6644,75.76889471,9,2,8,64.1025641,8,3.465517241,12.82051282,"130405-020","Chloride",17,"ppm","","Sandy Brook",201489043,2015,97.551,126.274346724,0.026796894,0.150649351,20.3687734290395,0.59456079384117,0.036091801,0.658127797352633,0.050395200457099,0.201552233120655,0.02547376440339,0.058003999619084,0.943157794495762
14442,2015,2015-09-14,"620.2-003","First",1,"Riffle",37.6644,76.85457023,9,4,7,41.62895928,9,3.352941176,16.28959276,"150372-004","Chloride",29.8,"ppm","","Sandy Brook",201489043,2015,97.551,126.274346724,0.026796894,0.150649351,20.3687734290395,0.59456079384117,0.036091801,0.658127797352633,0.050395200457099,0.201552233120655,0.02547376440339,0.058003999619084,0.943157794495762
14442,2016,2016-10-12,"16-B-066","First",1,"Riffle",37.6644,77.18283132,10,3,8,53.43915344,9,3.40625,16.93121693,"160372-028","Chloride",34.1,"ppm","NULL","Sandy Brook",201489043,2015,97.551,126.274346724,0.026796894,0.150649351,20.3687734290395,0.59456079384117,0.036091801,0.658127797352633,0.050395200457099,0.201552233120655,0.02547376440339,0.058003999619084,0.943157794495762
14442,2018,2018-10-17,"7955.4-39","First",1,"Riffle",37.6644,78.5618767,9,2,10,56.7251462,10,3.545454545,9.941520468,"180362-014","Chloride",18.8,"ppm","NULL","Sandy Brook",201489043,2015,97.551,126.274346724,0.026796894,0.150649351,20.3687734290395,0.59456079384117,0.036091801,0.658127797352633,0.050395200457099,0.201552233120655,0.02547376440339,0.058003999619084,0.943157794495762
14444,2003,2003-10-14,"4767","First",1,"Riffle",20.995,58.82972769,5,2,7,54.50236967,6,3.708333333,35.5450237,"03404-03","Chloride",24,"ppm","","Saugatuck River",201496642,2002,54.3771,94.760483295,0.097241657,0.120547945,14.99542826383,1.54476792620423,0.0164853,0.389343492150264,0.110767548729863,0.37075695713822,0.025488152792251,0.050070895331158,0.835659497411893
14444,2006,2006-10-04,"9952","First",1,"Riffle",20.995,66.4136412,7,3,8,41.88481675,8,3.865384615,25.13089005,"061250-006","Chloride",21.12,"ppm","","Saugatuck River",201496642,2006,54.3771,94.760483295,0.097241657,0.120547945,14.99542826383,1.54476792620423,0.016246135,0.380203973555187,0.114389189743239,0.372243196610691,0.025163571758033,0.049968396057195,0.827579137981106
14444,2007,2007-09-25,"12001","First",1,"Riffle",20.995,61.98554869,5,3,7,32.85714286,10,3.844827586,30.47619048,"070184-020","Chloride",18.5,"ppm","","Saugatuck River",201496642,2006,54.3771,94.760483295,0.097241657,0.120547945,14.99542826383,1.54476792620423,0.016246135,0.380203973555187,0.114389189743239,0.372243196610691,0.025163571758033,0.049968396057195,0.827579137981106
14444,2007,2007-09-25,"12001","First",1,"Riffle",20.995,61.98554869,5,3,7,32.85714286,10,3.844827586,30.47619048,"070182-014","Chloride",13.3,"ppm","","Saugatuck River",201496642,2006,54.3771,94.760483295,0.097241657,0.120547945,14.99542826383,1.54476792620423,0.016246135,0.380203973555187,0.114389189743239,0.372243196610691,0.025163571758033,0.049968396057195,0.827579137981106
14444,2008,2008-10-02,"13972","First",1,"Riffle",20.995,71.1310589,8,2,9,59.63302752,11,3.931818182,36.23853211,"080177-014","Chloride",17.3,"ppm","","Saugatuck River",201496642,2006,54.3771,94.760483295,0.097241657,0.120547945,14.99542826383,1.54476792620423,0.016246135,0.380203973555187,0.114389189743239,0.372243196610691,0.025163571758033,0.049968396057195,0.827579137981106
14444,2009,2009-10-05,"15688","First",1,"Riffle",20.995,66.95465461,5,4,8,60.92436975,6,3.759259259,27.73109244,"090206-003","Chloride",22.2,"ppm","","Saugatuck River",201496642,2010,54.3771,94.760483295,0.097241657,0.120547945,14.99542826383,1.54476792620423,0.016331551,0.375061926644686,0.11481627005142,0.376667748603447,0.025197738182688,0.049968396057195,0.826895809488016
14444,2012,2012-10-01,"6448.2-26","First",1,"Riffle",20.995,63.67132313,4,3,7,54.18502203,8,3.844827586,20.70484581,"120264-008","Chloride",22.3,"ppm","","Saugatuck River",201496642,2010,54.3771,94.760483295,0.097241657,0.120547945,14.99542826383,1.54476792620423,0.016331551,0.375061926644686,0.11481627005142,0.376667748603447,0.025197738182688,0.049968396057195,0.826895809488016
14444,2013,2013-10-17,"14340","First",1,"Riffle",20.995,64.72505655,3,3,8,62.80991736,8,3.88,19.00826446,"130417-003","Chloride",27.8,"ppm","","Saugatuck River",201496642,2015,54.3771,94.760483295,0.097241657,0.120547945,14.99542826383,1.54476792620423,0.016331551,0.37683858072672,0.115140851085638,0.375454840528213,0.025129405333379,0.049968396057195,0.827391222645507
14444,2014,2014-09-29,"620.1-070","First",1,"Riffle",20.995,69.00459592,5,3,8,48.35680751,11,3.909090909,18.77934272,"140304-009","Chloride",36.5,"ppm","","Saugatuck River",201496642,2015,54.3771,94.760483295,0.097241657,0.120547945,14.99542826383,1.54476792620423,0.016331551,0.37683858072672,0.115140851085638,0.375454840528213,0.025129405333379,0.049968396057195,0.827391222645507
14444,2015,2015-09-22,"620.2-055","First",1,"Riffle",20.995,51.1238503,3,3,6,13.2183908,6,3.828125,18.3908046,"150384-012","Chloride",41.7,"ppm","","Saugatuck River",201496642,2015,54.3771,94.760483295,0.097241657,0.120547945,14.99542826383,1.54476792620423,0.016331551,0.37683858072672,0.115140851085638,0.375454840528213,0.025129405333379,0.049968396057195,0.827391222645507
14444,2016,2016-10-17,"16-B-077","First",1,"Riffle",20.995,56.20866934,4,2,8,46.96969697,7,4.037037037,29.29292929,"160389-004","Chloride",44,"ppm","NULL","Saugatuck River",201496642,2015,54.3771,94.760483295,0.097241657,0.120547945,14.99542826383,1.54476792620423,0.016331551,0.37683858072672,0.115140851085638,0.375454840528213,0.025129405333379,0.049968396057195,0.827391222645507
14444,2018,2018-10-15,"7955.4-31","First",1,"Riffle",20.995,64.19428752,5,2,7,55.91397849,10,3.962962963,23.65591398,"180362-003","Chloride",37,"ppm","NULL","Saugatuck River",201496642,2015,54.3771,94.760483295,0.097241657,0.120547945,14.99542826383,1.54476792620423,0.016331551,0.37683858072672,0.115140851085638,0.375454840528213,0.025129405333379,0.049968396057195,0.827391222645507
14445,2006,2006-09-20,"9788","First",1,"Riffle",80.0068,48.53980906,4,1,6,30.31914894,6,3.98,19.68085106,"061236-020","Chloride",18.38,"ppm","","Saugatuck River",201496948,2006,207.2178,420.540911366,0.075333356,0.228880866,11.7331907481556,1.89172937846073,0.022071482,0.32591191133747,0.145076396112048,0.378891539040924,0.030643628277322,0.044295398299918,0.779742476955634
14445,2009,2009-09-29,"15633","First",1,"Riffle",80.0068,50.32318196,6,NA,6,35.55555556,6,3.947916667,22.22222222,"090208-001","Chloride",29.5,"ppm","","Saugatuck River",201496948,2010,207.2178,420.540911366,0.075333356,0.228880866,11.7331907481556,1.89172937846073,0.022120799,0.323975108496826,0.145314013127219,0.380918008679746,0.030679494996593,0.0442864316201,0.779859043793265
14445,2013,2013-10-02,"14342","First",1,"Riffle",80.0068,57.9532894,5,1,9,37.80487805,9,4.009259259,22.76422764,"130395-032","Chloride",27.6,"ppm","","Saugatuck River",201496948,2015,207.2178,420.540911366,0.075333356,0.228880866,11.7331907481556,1.89172937846073,0.022075966,0.322580789785158,0.145645780280478,0.381994010257882,0.030352211183243,0.044272981600373,0.779199992826656
14445,2016,2016-11-02,"16-B-124","First",1,"Riffle",80.0068,47.19798312,3,1,6,54.18719212,5,3.98,34.48275862,"160399-024","Chloride",46.7,"ppm","NULL","Saugatuck River",201496948,2015,207.2178,420.540911366,0.075333356,0.228880866,11.7331907481556,1.89172937846073,0.022075966,0.322580789785158,0.145645780280478,0.381994010257882,0.030352211183243,0.044272981600373,0.779199992826656
14450,2003,2003-10-20,"4775","First",1,"Riffle",132.4521,59.43390003,6,2,6,39.23444976,8,3.766666667,24.40191388,"03410-05","Chloride",8.4,"ppm","","Shepaug River",201495041,2002,343.0512,581.718897745,0.040171614,0.036266925,17.7073474996715,1.2126469751454,0.145219339,0.389214908373029,0.079107642396194,0.284578450939559,0.037501117071837,0.05285848527767,0.764152961662095
14450,2006,2006-09-27,"9874","First",1,"Riffle",132.4521,55.32759478,6,1,5,28.71287129,9,3.761904762,24.25742574,"061249-010","Chloride",11.76,"ppm","","Shepaug River",201495041,2006,343.0512,581.718897745,0.040171614,0.036266925,17.7073474996715,1.2126469751454,0.144054876,0.385483211425817,0.080242316576804,0.287871443310974,0.037314261419182,0.052793492007182,0.763462408163155
14450,2006,2006-09-27,"9874","First",1,"Riffle",132.4521,55.32759478,6,1,5,28.71287129,9,3.761904762,24.25742574,"061249-009","Chloride",11.76,"ppm","","Shepaug River",201495041,2006,343.0512,581.718897745,0.040171614,0.036266925,17.7073474996715,1.2126469751454,0.144054876,0.385483211425817,0.080242316576804,0.287871443310974,0.037314261419182,0.052793492007182,0.763462408163155
14450,2007,2007-09-26,"12030","First",1,"Riffle",132.4521,51.34965212,4,2,4,28.04232804,9,3.8375,29.62962963,"070183-003","Chloride",13.9,"ppm","","Shepaug River",201495041,2006,343.0512,581.718897745,0.040171614,0.036266925,17.7073474996715,1.2126469751454,0.144054876,0.385483211425817,0.080242316576804,0.287871443310974,0.037314261419182,0.052793492007182,0.763462408163155
14450,2008,2008-10-03,"13975","First",1,"Riffle",132.4521,63.69952065,8,1,6,42.91666667,8,3.5,24.16666667,"080185-009","Chloride",13.5,"ppm","","Shepaug River",201495041,2006,343.0512,581.718897745,0.040171614,0.036266925,17.7073474996715,1.2126469751454,0.144054876,0.385483211425817,0.080242316576804,0.287871443310974,0.037314261419182,0.052793492007182,0.763462408163155
14450,2012,2012-10-02,"6448.3-3","First",1,"Riffle",132.4521,58.33033608,7,1,6,36.25,8,3.78,22.91666667,"120264-015","Chloride",17.3,"ppm","","Shepaug River",201495041,2010,343.0512,581.718897745,0.040171614,0.036266925,17.7073474996715,1.2126469751454,0.144826671,0.372243540616732,0.080380427276592,0.296572417397615,0.037417167430789,0.052812448377741,0.759045573822877
14450,2014,2014-09-23,"620.1-043","First",1,"Riffle",132.4521,68.45522308,6,2,7,49.80392157,11,3.669354839,18.82352941,"140294-009","Chloride",23.8,"ppm","","Shepaug River",201495041,2015,343.0512,581.718897745,0.040171614,0.036266925,17.7073474996715,1.2126469751454,0.144970198,0.383500916675919,0.080802883534767,0.28969125488465,0.036737446143597,0.052782659795434,0.7627122774996
14450,2015,2015-09-14,"620.2-009","First",1,"Riffle",132.4521,58.25659714,8,1,4,27.5862069,9,3.768518519,19.43573668,"150372-009","Chloride",21.5,"ppm","","Shepaug River",201495041,2015,343.0512,581.718897745,0.040171614,0.036266925,17.7073474996715,1.2126469751454,0.144970198,0.383500916675919,0.080802883534767,0.28969125488465,0.036737446143597,0.052782659795434,0.7627122774996
14450,2016,2016-10-18,"16-B-082","First",1,"Riffle",132.4521,56.34258281,5,2,6,38.54748603,8,3.782608696,30.16759777,"160389-009","Chloride",21.6,"ppm","NULL","Shepaug River",201495041,2015,343.0512,581.718897745,0.040171614,0.036266925,17.7073474996715,1.2126469751454,0.144970198,0.383500916675919,0.080802883534767,0.28969125488465,0.036737446143597,0.052782659795434,0.7627122774996
14450,2018,2018-10-17,"7955.4-41","First",1,"Riffle",132.4521,55.83379094,6,2,4,30.8411215,9,3.836956522,26.63551402,"180362-016","Chloride",28.3,"ppm","NULL","Shepaug River",201495041,2015,343.0512,581.718897745,0.040171614,0.036266925,17.7073474996715,1.2126469751454,0.144970198,0.383500916675919,0.080802883534767,0.28969125488465,0.036737446143597,0.052782659795434,0.7627122774996
14451,2007,2007-09-20,"11865","First",1,"Riffle",406.7885,32.35663536,4,1,5,3.703703704,7,4.202380952,63.42592593,"070177-001","Chloride",24.2,"ppm","","Shetucket River",201490762,2006,1053.5832,1867.803739516,0.115613264,0.552519645,10.7020366898253,1.28608732561415,0.066050763,0.416331878961459,0.107101790746809,0.312115317463397,0.026979362498369,0.041022810241506,0.796449369164731
14451,2012,2012-09-24,"6448.1-55","First",1,"Riffle",406.7885,60.5127728,8,NA,10,21.03174603,14,3.959459459,25,"120249-012","Chloride",27.7,"ppm","","Shetucket River",201490762,2010,1053.5832,1867.803739516,0.115613264,0.552519645,10.7020366898253,1.28608732561415,0.06621125,0.410826840391799,0.107618521901994,0.316415825729332,0.02703315191896,0.040988420284079,0.79526423832417
14451,2014,2014-09-18,"620.1-021","First",1,"Riffle",406.7885,60.27963587,5,1,9,26.02739726,14,3.878787879,15.75342466,"140295-003","Chloride",69.4,"ppm","","Shetucket River",201490762,2015,1053.5832,1867.803739516,0.115613264,0.552519645,10.7020366898253,1.28608732561415,0.066086035,0.413561282904135,0.108300148494073,0.31473689037187,0.026777431722708,0.040954030326652,0.796029635325365
14451,2018,2018-10-10,"7955.4-27","First",1,"Riffle",406.7885,64.48417623,7,NA,11,27.97619048,13,3.766666667,17.85714286,"180337-028","Chloride",33.9,"ppm","NULL","Shetucket River",201490762,2015,1053.5832,1867.803739516,0.115613264,0.552519645,10.7020366898253,1.28608732561415,0.066086035,0.413561282904135,0.108300148494073,0.31473689037187,0.026777431722708,0.040954030326652,0.796029635325365
14456,2008,2008-10-03,"13980","First",1,"Riffle",16.4599,45.53476774,4,1,8,6.896551724,9,4.133928571,42.85714286,"080185-014","Chloride",36.7,"ppm","","Steele Brook",201494300,2006,42.6312,60.028799659,0.043856638,0.1048402,13.0819991064792,2.15804387397024,0.078849297,0.08693472812466,0.330521957066579,0.273400893538193,0.023406341941811,0.012422360248447,0.396164323853111
14456,2013,2013-09-23,"14346","First",1,"Riffle",16.4599,41.69889462,3,NA,8,24.7311828,6,4.285714286,31.72043011,"130377-035","Chloride",37.8,"ppm","","Steele Brook",201494300,2015,42.6312,60.028799659,0.043856638,0.1048402,13.0819991064792,2.15804387397024,0.078544187,0.083840034869783,0.335839598997494,0.274141876430206,0.023275580254985,0.012400566633976,0.39365805818895
14456,2016,2016-10-05,"16-B-048","First",1,"Riffle",16.4599,37.23930892,1,NA,6,26.88679245,6,4.273809524,28.77358491,"160372-009","Chloride",80,"ppm","NULL","Steele Brook",201494300,2015,42.6312,60.028799659,0.043856638,0.1048402,13.0819991064792,2.15804387397024,0.078544187,0.083840034869783,0.335839598997494,0.274141876430206,0.023275580254985,0.012400566633976,0.39365805818895
14456,2018,2018-10-17,"7955.4-45","First",1,"Riffle",16.4599,34.58591384,1,NA,5,13.97849462,7,4.222222222,33.33333333,"180362-020","Chloride",68,"ppm","NULL","Steele Brook",201494300,2015,42.6312,60.028799659,0.043856638,0.1048402,13.0819991064792,2.15804387397024,0.078544187,0.083840034869783,0.335839598997494,0.274141876430206,0.023275580254985,0.012400566633976,0.39365805818895
14456,2020,2020-10-21,"7955.8-4","First",1,"Riffle",16.4599,31.87177213,1,NA,6,32.87671233,2,4.355263158,31.50684932,"200346-005","Chloride",64.7,"ppm","NULL","Steele Brook",201494300,2015,42.6312,60.028799659,0.043856638,0.1048402,13.0819991064792,2.15804387397024,0.078544187,0.083840034869783,0.335839598997494,0.274141876430206,0.023275580254985,0.012400566633976,0.39365805818895
14458,2006,2006-10-16,"9987","First",1,"Riffle",58.4986,24.49421801,1,NA,3,2.542372881,5,4.294117647,39.83050847,"061260-004","Chloride",63.16,"ppm","","Still River",201496048,2006,151.5114,230.114136222,0.107742698,0.343660477,12.4451347433437,2.51466226303763,0.016350211,0.144116131881072,0.330966048474144,0.312009371013639,0.029045235992542,0.032774016288882,0.517944755176135
14458,2008,2008-10-03,"13977","First",1,"Riffle",58.4986,21.8903131,1,NA,4,0.917431193,6,4.361111111,60.55045872,"080185-011","Chloride",72,"ppm","","Still River",201496048,2006,151.5114,230.114136222,0.107742698,0.343660477,12.4451347433437,2.51466226303763,0.016350211,0.144116131881072,0.330966048474144,0.312009371013639,0.029045235992542,0.032774016288882,0.517944755176135
14458,2013,2013-09-26,"14348","First",1,"Riffle",58.4986,18.36417844,1,NA,3,4.838709677,4,4.527777778,55.37634409,"130395-017","Chloride",93.5,"ppm","","Still River",201496048,2015,151.5114,230.114136222,0.107742698,0.343660477,12.4451347433437,2.51466226303763,0.015368953,0.138412569914631,0.336252575802178,0.312733048768521,0.028922578745952,0.032737219114905,0.512805416544009
14458,2016,2016-10-26,"16-B-105","First",1,"Riffle",58.4986,19.30511587,1,NA,2,0.578034682,4,4.25,54.33526012,"160399-004","Chloride",132.7,"ppm","NULL","Still River",201496048,2015,151.5114,230.114136222,0.107742698,0.343660477,12.4451347433437,2.51466226303763,0.015368953,0.138412569914631,0.336252575802178,0.312733048768521,0.028922578745952,0.032737219114905,0.512805416544009
14458,2018,2018-10-15,"7955.4-34","First",1,"Riffle",58.4986,23.37264202,1,NA,4,3.755868545,4,4.384615385,41.31455399,"180362-006","Chloride",98.5,"ppm","NULL","Still River",201496048,2015,151.5114,230.114136222,0.107742698,0.343660477,12.4451347433437,2.51466226303763,0.015368953,0.138412569914631,0.336252575802178,0.312733048768521,0.028922578745952,0.032737219114905,0.512805416544009
14459,2008,2008-09-17,"13856","First",1,"Riffle",42.8813,46.86280497,5,NA,7,13.87283237,8,3.947368421,31.21387283,"080158-005","Chloride",18.8,"ppm","","Still River",201489869,2006,111.0627,150.663476905,0.042857401,0.090570497,18.5584929232884,1.17951391421242,0.024714288,0.487391864531566,0.124617238090457,0.26231112895939,0.037548315847598,0.043195622709703,0.830446932048257
14461,2008,2008-09-17,"13860","First",1,"Riffle",86.271,54.27991614,7,NA,8,25.77777778,6,3.85,16.88888889,"080158-009","Chloride",13.9,"ppm","","Sandy Brook (Still River)",201489158,2006,223.4421,296.078867661,0.036297419,0.206407323,13.1345282863053,0.926414493956152,0.032020391,0.554159407574958,0.091508214034752,0.242026086992678,0.031920599743039,0.047733292308204,0.875839386618879
14461,2012,2012-10-03,"6448.3-7","First",1,"Riffle",86.271,65.42548265,6,2,9,37.09677419,9,3.758064516,16.66666667,"120263-001","Chloride",21.7,"ppm","","Sandy Brook (Still River)",201489158,2010,223.4421,296.078867661,0.036297419,0.206407323,13.1345282863053,0.926414493956152,0.032340553,0.543302994141445,0.09177848093371,0.2493898205012,0.031966337218247,0.047932874018204,0.872592025879096
14461,2014,2014-09-24,"620.1-050","First",1,"Riffle",86.271,67.77924937,8,2,8,45.95744681,8,3.641666667,23.82978723,"140294-016","Chloride",44.3,"ppm","","Sandy Brook (Still River)",201489158,2015,223.4421,296.078867661,0.036297419,0.206407323,13.1345282863053,0.926414493956152,0.032294815,0.554400568807873,0.091969746739126,0.241984507469761,0.031259485328665,0.047966137636537,0.875610699242836
14461,2017,2017-10-06,"7955.02-17","First",1,"Riffle",86.271,73.29632029,9,1,11,35.53113553,14,3.590909091,15.01831502,"170295-020","Chloride",57.4,"ppm","","Sandy Brook (Still River)",201489158,2015,223.4421,296.078867661,0.036297419,0.206407323,13.1345282863053,0.926414493956152,0.032294815,0.554400568807873,0.091969746739126,0.241984507469761,0.031259485328665,0.047966137636537,0.875610699242836
14461,2018,2018-10-17,"7955.4-40","First",1,"Riffle",86.271,80.416961,9,2,12,60.73298429,12,3.611111111,19.89528796,"180362-015","Chloride",29.5,"ppm","NULL","Sandy Brook (Still River)",201489158,2015,223.4421,296.078867661,0.036297419,0.206407323,13.1345282863053,0.926414493956152,0.032294815,0.554400568807873,0.091969746739126,0.241984507469761,0.031259485328665,0.047966137636537,0.875610699242836
14464,2006,2006-10-16,"9988","First",1,"Riffle",39.1058,25.52805724,1,NA,5,9.356725146,5,4.583333333,39.76608187,"061260-006","Chloride",49.36,"ppm","","Still River",201496287,2006,101.2842,141.429992658,0.060401464,0.091464861,12.1844497292077,2.3498235657684,0.009568105,0.156988477909878,0.340406208718626,0.290162189931014,0.041629972112139,0.032355423455159,0.52113606340819
14465,2008,2008-09-22,"13871","First",1,"Riffle",10.4633,36.44666033,3,NA,4,6.329113924,7,4.057692308,39.66244726,"080161-003","Chloride",21.1,"ppm","","Stony Brook",201488416,2006,27.0999,53.019276083,0.193693193,0.121685765,6.33089786220659,0.996313639533725,0.238438068,0.253488292365182,0.074874010079194,0.252734066988927,0.00798793239398,0.104185950838219,0.618396242586308
14469,2008,2008-10-06,"13986","First",1,"Riffle",12.9103,58.02569627,5,1,8,34.43877551,10,4.151785714,21.93877551,"080185-007","Chloride",47.8,"ppm","","Tankerhoosen River",201489844,2006,33.4377,43.195763494,0.391035162,0.527416494,11.2618537984824,1.79438179061359,0.029094648,0.229783804812983,0.279608736730951,0.334657922525427,0.0112821652865,0.023981548379926,0.599705441004836
14469,2010,2010-09-23,"22690","First",1,"Riffle",12.9103,44.57581033,4,NA,4,48.24561404,8,4.22826087,43.85964912,"100283-011","Chloride",70.9,"ppm","","Tankerhoosen River",201489844,2010,33.4377,43.195763494,0.391035162,0.527416494,11.2618537984824,1.79438179061359,0.029094648,0.229061301617296,0.281109320291224,0.334074362251987,0.011421108208748,0.023842605457678,0.598399377535709
14469,2014,2014-09-15,"620.1-002","First",1,"Riffle",12.9103,52.85862257,5,NA,6,30.3030303,10,4.128205128,22.07792208,"140292-002","Chloride",83.2,"ppm","","Tankerhoosen River",201489844,2015,33.4377,43.195763494,0.391035162,0.527416494,11.2618537984824,1.79438179061359,0.028927916,0.225226476963263,0.283221252709387,0.335547157227811,0.011198799533152,0.023842605457678,0.595815039181904
14470,2008,2008-10-06,"13991","First",1,"Riffle",9.2606,66.89491737,4,5,6,45.28301887,5,3.533333333,16.03773585,"080186-001","Chloride",42.2,"ppm","","Tankerhoosen River",201489597,2006,23.985,31.669817056,0.331778633,0.5625,6.78962387184434,2.00125078173859,0.040559386,0.287750832881382,0.237080653908732,0.332222824823739,0.010343224606803,0.022313473309057,0.652630355620981
14470,2008,2008-10-06,"13991","First",1,"Riffle",9.2606,66.89491737,4,5,6,45.28301887,5,3.533333333,16.03773585,"080185-020","Chloride",42.6,"ppm","","Tankerhoosen River",201489597,2006,23.985,31.669817056,0.331778633,0.5625,6.78962387184434,2.00125078173859,0.040559386,0.287750832881382,0.237080653908732,0.332222824823739,0.010343224606803,0.022313473309057,0.652630355620981
14470,2010,2010-09-23,"22689","First",1,"Riffle",9.2606,67.11687053,6,2,8,40.70351759,8,3.62962963,17.5879397,"100283-010","Chloride",57.1,"ppm","","Tankerhoosen River",201489597,2010,23.985,31.669817056,0.331778633,0.5625,6.78962387184434,2.00125078173859,0.040559386,0.286511195475323,0.239172542031456,0.331525528782831,0.010536917951499,0.02211977996436,0.650693422174013
14470,2012,2012-10-15,"6448.5-11","First",1,"Riffle",9.2606,70.3093901,7,2,9,40.32921811,7,3.457142857,16.87242798,"120279-014","Chloride",55,"ppm","","Tankerhoosen River",201489597,2010,23.985,31.669817056,0.331778633,0.5625,6.78962387184434,2.00125078173859,0.040559386,0.286511195475323,0.239172542031456,0.331525528782831,0.010536917951499,0.02211977996436,0.650693422174013
14470,2013,2013-10-03,"14350","First",1,"Riffle",9.2606,74.39848952,5,4,9,44.85596708,9,3.529411765,17.28395062,"130395-043","Chloride",61.4,"ppm","","Tankerhoosen River",201489597,2015,23.985,31.669817056,0.331778633,0.5625,6.78962387184434,2.00125078173859,0.040326954,0.281940032540482,0.241613078174634,0.334121019601766,0.010459440613621,0.02211977996436,0.648640272720229
14470,2014,2014-09-15,"620.1-003","First",1,"Riffle",9.2606,75.22900892,5,5,10,28.38983051,9,3.587719298,11.86440678,"140292-003","Chloride",64,"ppm","","Tankerhoosen River",201489597,2015,23.985,31.669817056,0.331778633,0.5625,6.78962387184434,2.00125078173859,0.040326954,0.281940032540482,0.241613078174634,0.334121019601766,0.010459440613621,0.02211977996436,0.648640272720229
14470,2015,2015-10-01,"620.2-096","First",1,"Riffle",9.2606,79.87423995,5,5,10,42.22222222,10,3.484848485,13.33333333,"150413-018","Chloride",63.5,"ppm","","Tankerhoosen River",201489597,2015,23.985,31.669817056,0.331778633,0.5625,6.78962387184434,2.00125078173859,0.040326954,0.281940032540482,0.241613078174634,0.334121019601766,0.010459440613621,0.02211977996436,0.648640272720229
14470,2016,2016-09-20,"16-B-005","First",1,"Riffle",9.2606,67.18693618,4,5,6,33.33333333,7,3.5,17.84037559,"160349-006","Chloride",71.9,"ppm","NULL","Tankerhoosen River",201489597,2015,23.985,31.669817056,0.331778633,0.5625,6.78962387184434,2.00125078173859,0.040326954,0.281940032540482,0.241613078174634,0.334121019601766,0.010459440613621,0.02211977996436,0.648640272720229
14470,2018,2018-10-01,"7955.4-6","First",1,"Riffle",9.2606,67.81860587,4,2,9,25.58139535,10,3.4,12.20930233,"180337-008","Chloride",61.5,"ppm","NULL","Tankerhoosen River",201489597,2015,23.985,31.669817056,0.331778633,0.5625,6.78962387184434,2.00125078173859,0.040326954,0.281940032540482,0.241613078174634,0.334121019601766,0.010459440613621,0.02211977996436,0.648640272720229
14470,2019,2019-10-02,"7955.6-10","First",1,"Riffle",9.2606,76.64008387,6,3,10,41.75824176,10,3.517241379,12.08791209,"190411-010","Chloride",155.8,"ppm","NULL","Tankerhoosen River",201489597,2015,23.985,31.669817056,0.331778633,0.5625,6.78962387184434,2.00125078173859,0.040326954,0.281940032540482,0.241613078174634,0.334121019601766,0.010459440613621,0.02211977996436,0.648640272720229
14472,2006,2006-09-27,"9873","First",1,"Riffle",19.9425,23.00597517,1,NA,5,10.25641026,3,4.642857143,42.73504274,"061241-005","Chloride",31.53,"ppm","","Ten Mile River",201494207,2006,51.651,71.970259815,0.188244055,0.187325741,7.87372874092454,1.54885675011132,0.033491618,0.261277789769048,0.233955680264767,0.3237103388733,0.008795596805526,0.040794301748327,0.634578027196201
14472,2007,2007-10-09,"12093","First",1,"Riffle",19.9425,19.4326575,1,NA,4,5.288461538,1,4.4375,45.19230769,"070202-021","Chloride",35.1,"ppm","","Ten Mile River",201494207,2006,51.651,71.970259815,0.188244055,0.187325741,7.87372874092454,1.54885675011132,0.033491618,0.261277789769048,0.233955680264767,0.3237103388733,0.008795596805526,0.040794301748327,0.634578027196201
14473,2007,2007-10-09,"12092","First",1,"Riffle",6.299,56.20802133,4,1,9,19.3236715,10,4.092592593,24.63768116,"070202-019","Chloride",19.4,"ppm","","Ten Mile River",201494632,2006,16.3143,17.82480122,0.139551451,0.490257353,15.6150090990517,1.1033265294864,0.010935186,0.342294110946577,0.170292744048297,0.369575122451304,0.007688802824923,0.047727531609523,0.767285567832327
14473,2013,2013-10-07,"14352","First",1,"Riffle",6.299,61.72536174,3,2,8,46.875,8,3.847826087,19.79166667,"130395-052","Chloride",22.3,"ppm","","Ten Mile River",201494632,2015,16.3143,17.82480122,0.139551451,0.490257353,15.6150090990517,1.1033265294864,0.010878232,0.284200934047158,0.176102061738239,0.408645631620914,0.007460986444925,0.047670577514523,0.74797812962752
14479,2008,2008-09-17,"13864","First",1,"Riffle",17.2657,21.80334875,1,NA,5,2.577319588,4,4.630952381,48.96907216,"080158-014","Chloride",44.2,"ppm","","Trout Brook",201491586,2006,44.7183,62.023003771,0.132759166,0.000309148,8.25805687682183,3.37669365785372,0.002659022,0.107337238771864,0.45251152935311,0.203020482778678,0.024471311645685,0.01437533757115,0.349204370767377
14479,2010,2010-09-23,"22693","First",1,"Riffle",17.2657,24.07757966,NA,NA,4,16.08695652,3,4.692307692,23.91304348,"100283-015","Chloride",79,"ppm","","Trout Brook",201491586,2010,44.7183,62.023003771,0.132759166,0.000309148,8.25805687682183,3.37669365785372,0.002659022,0.106049275001039,0.452677718226765,0.203685238273298,0.024471311645685,0.014333790352736,0.348539615272758
14479,2012,2012-10-22,"6448.6-19","First",1,"Riffle",17.2657,23.32234302,NA,NA,4,0.507614213,4,4.391304348,29.44162437,"120288-010","Chloride",48.3,"ppm","","Trout Brook",201491586,2010,44.7183,62.023003771,0.132759166,0.000309148,8.25805687682183,3.37669365785372,0.002659022,0.106049275001039,0.452677718226765,0.203685238273298,0.024471311645685,0.014333790352736,0.348539615272758
14479,2014,2014-09-19,"620.1-028","First",1,"Riffle",17.2657,23.05766684,1,NA,3,2.469135802,5,4.640625,37.8600823,"140295-011","Chloride",63.2,"ppm","","Trout Brook",201491586,2015,44.7183,62.023003771,0.132759166,0.000309148,8.25805687682183,3.37669365785372,0.002659022,0.105467613943246,0.453300926502971,0.202999709169471,0.024201254725996,0.014333790352736,0.347002368191449
14482,2006,2006-10-05,"9959","First",1,"Riffle",32.1522,53.78865561,5,1,6,46.73913043,7,4.104166667,21.19565217,"061251-005","Chloride",9.71,"ppm","","West Branch Naugatuck River",201491571,2006,83.2743,138.362310826,0.016806351,0.052742616,16.3922547856527,0.960680546098856,0.072246273,0.578550388288851,0.060709185039722,0.222194947781844,0.031375524413104,0.038237525662769,0.870358386146568
14482,2016,2016-09-29,"16-B-032","First",1,"Riffle",32.1522,44.60050065,4,NA,5,23.63636364,8,4.14,24.24242424,"160366-018","Chloride",28.4,"ppm","NULL","West Branch Naugatuck River",201491571,2015,83.2743,138.362310826,0.016806351,0.052742616,16.3922547856527,0.960680546098856,0.073004999,0.579498794965634,0.060776131393377,0.223366508970811,0.030918057663126,0.038282156565206,0.872065518164777
14484,2008,2008-09-22,"13869","First",1,"Riffle",20.0908,71.12114112,6,3,11,24.13793103,10,3.303030303,33.00492611,"080161-001","Chloride",11,"ppm","","West Branch Salmon Brook",201489034,2006,52.0353,89.984785003,0.150998968,0.285343611,15.5005986636192,1.037757061072,0.051127336,0.560222789510327,0.071746077083742,0.270364353678348,0.001338879268793,0.040237784958138,0.872163807415606
14484,2012,2012-10-16,"6448.5-25","First",1,"Riffle",20.0908,67.58458728,7,2,10,29.20792079,10,3.695121951,27.72277228,"120280-006","Chloride",17.1,"ppm","","West Branch Salmon Brook",201489034,2010,52.0353,89.984785003,0.150998968,0.285343611,15.5005986636192,1.037757061072,0.05137726,0.556438224110538,0.07219237017334,0.273149222557438,0.001338879268793,0.040219933234554,0.871146259171323
14484,2014,2014-09-25,"620.1-060","First",1,"Riffle",20.0908,58.42222886,5,1,8,49.74874372,8,3.673076923,41.70854271,"140293-007","Chloride",24,"ppm","","West Branch Salmon Brook",201489034,2015,52.0353,89.984785003,0.150998968,0.285343611,15.5005986636192,1.037757061072,0.051412964,0.555813413785101,0.072210221896924,0.274113215630969,0.001338879268793,0.040219933234554,0.871485441919417
14486,2007,2007-10-03,"12076","First",1,"Riffle",19.7326,43.46645196,1,1,5,17.74193548,10,4,33.33333333,"070202-002","Chloride",29.5,"ppm","","Wepawaug River",201496698,2006,51.1074,80.032864154,0.141196834,0.14748113,6.34392708550078,2.44582976242188,0.017270215,0.116673938336242,0.280104712041885,0.359929464805119,0.006671756835369,0.037903577661431,0.521178737638161
14486,2013,2013-10-15,"14354","First",1,"Riffle",19.7326,52.25151939,1,1,9,50,7,3.909090909,26.73267327,"130406-008","Chloride",44.9,"ppm","","Wepawaug River",201496698,2015,51.1074,80.032864154,0.141196834,0.14748113,6.34392708550078,2.44582976242188,0.016561227,0.116546684118674,0.281413612565445,0.359184118673647,0.006508144269924,0.037885398487493,0.520124345549738
14488,2006,2006-10-10,"9973","First",1,"Riffle",25.3744,78.40455737,5,4,10,53.26633166,11,3.617647059,12.06030151,"061253-006","Chloride",16.16,"ppm","","West Aspetuck River",201494840,2006,65.7198,90.990184058,0.033172515,0.138691153,19.1274030340919,0.928182982906217,0.112833922,0.450091872791519,0.073074204946997,0.274473498233216,0.020876325088339,0.05539222614841,0.800833922261484
14488,2016,2016-10-18,"16-B-079","First",1,"Riffle",25.3744,52.76194142,2,3,4,63.36633663,7,3.725,49.5049505,"160389-006","Chloride",33.9,"ppm","NULL","West Aspetuck River",201494840,2015,65.7198,90.990184058,0.033172515,0.138691153,19.1274030340919,0.928182982906217,0.115137809,0.443109540636042,0.073328621908127,0.279194346289753,0.020678445229682,0.055378091872792,0.798360424028269
14489,2007,2007-10-03,"12078","First",1,"Riffle",18.6696,30.57232112,2,NA,5,18.49710983,4,4.527777778,31.21387283,"070202-008","Chloride",20.1,"ppm","","West River",201496199,2006,48.3543,55.466423345,0.075383767,0.430259559,15.4237689157219,1.24084104205831,0.040471203,0.353825162864885,0.167726809769971,0.322616599727117,0.038184368814497,0.031516036666218,0.746142168072717
14490,2007,2007-10-02,"12066","First",1,"Riffle",11.0752,59.63929781,2,1,9,53.40314136,8,3.625,25.65445026,"070195-020","Chloride",12.5,"ppm","","West River",201495835,2006,28.6848,55.276551832,0.076326421,0.110044828,10.5030487568621,0.90640339134315,0.097000907,0.463952584531675,0.091397849462366,0.256963337219847,0.023804897007384,0.052565099106102,0.797285917865008
14490,2013,2013-09-20,"14356","First",1,"Riffle",11.0752,61.21759845,5,1,11,30.63829787,7,3.771428571,18.72340426,"130377-028","Chloride",18.1,"ppm","","West River",201495835,2015,28.6848,55.276551832,0.076326421,0.110044828,10.5030487568621,0.90640339134315,0.096871356,0.462171265707993,0.092563803601503,0.259683896877834,0.023416245627672,0.052565099106102,0.797836507319601
14492,2009,2009-10-14,"15711","First",1,"Riffle",96.605,70.6012328,8,3,7,42.90540541,8,3.5,19.59459459,"090218-013","Chloride",27.8,"ppm","","Willimantic River",201489347,2010,250.2072,444.296791296,0.107585691,0.187787694,13.0295504464888,1.29093007715206,0.035375721,0.483526358198204,0.100416250478075,0.296685220323123,0.02255773108214,0.036586226230835,0.839355535834302
14492,2014,2014-09-16,"620.1-010","First",1,"Riffle",96.605,63.7532927,5,2,8,31.25,10,3.689655172,15,"140292-011","Chloride",48.1,"ppm","","Willimantic River",201489347,2015,250.2072,444.296791296,0.107585691,0.187787694,13.0295504464888,1.29093007715206,0.035245759,0.481680894437245,0.100839556048999,0.297932857795321,0.022301519815528,0.036530528129398,0.838445800177492
14501,2008,2008-10-08,"14011","First",1,"Riffle",10.2913,15.92845518,NA,NA,3,NA,2,4.488095238,39.17050691,"080184-002","Chloride",50.6,"ppm","","Willow Brook",201492855,2006,26.6544,34.386770165,0.134676617,2.11e-05,6.22302231896522,2.13848370250315,0.015127749,0.232841855763533,0.379274286311827,0.166126389905539,0.048241486283942,0.023807034054864,0.471016766007878
14501,2012,2012-09-17,"6448.1-6","First",1,"Riffle",10.2913,31.27492611,1,NA,4,4.819277108,5,4.416666667,16.86746988,"120242-004","Chloride",83.9,"ppm","","Willow Brook",201492855,2010,26.6544,34.386770165,0.134676617,2.11e-05,6.22302231896522,2.13848370250315,0.015127749,0.230401896197149,0.379343999442295,0.165812680818432,0.048694621631984,0.023667607793928,0.468576806441493
14520,2006,2006-10-03,"9937","First",1,"Riffle",9.3989,28.21172722,2,NA,6,8.415841584,4,4.266666667,57.42574257,"061250-005","Chloride",14.72,"ppm","","Factory Brook",201490023,2006,24.3432,35.476132698,0.002053924,0.000398406,7.02489056640877,0.575109270761445,0.083326972,0.426253912512406,0.097717383006336,0.215169096877624,0.066493625467593,0.023055195053058,0.730971829910681
14520,2016,2016-10-07,"16-B-057","First",1,"Riffle",9.3989,33.54306163,1,NA,4,13.36898396,4,4.138888889,21.39037433,"160372-018","Chloride",38.9,"ppm","NULL","Factory Brook",201490023,2015,24.3432,35.476132698,0.002053924,0.000398406,7.02489056640877,0.575109270761445,0.083594167,0.430834414840828,0.098060920680968,0.211810061836781,0.065692037560119,0.023055195053058,0.731391709290786
14523,2015,2015-11-18,"620.2-137","First",1,"Riffle",3.7209,55.2200692,4,3,6,25.48076923,3,3.434782609,40.38461538,"150459-004","Chloride",50.1,"ppm","","Burton Brook",201490239,2015,9.6372,16.461567655,2.6e-05,3.8e-05,14.4270868242789,0.103764578923339,0.030927835,0.691396088255131,0.049234030253396,0.15242316215435,0.011850852683303,0.011369110704307,0.867039213797091
14549,2008,2008-10-08,"14009","First",1,"Riffle",6.0839,35.06411679,2,NA,6,14.57489879,3,4.125,34.41295547,"080186-020","Chloride",29.8,"ppm","","Belcher Brook",201493191,2006,15.7572,18.669303136,0.409860859,0.031734359,6.19861893296008,1.078871880791,0.046658409,0.188108299416033,0.287618710552705,0.246740989795316,0.055801333097387,0.032619595351855,0.523270217660591
14551,2008,2008-09-23,"13896","First",1,"Riffle",4.5417,56.33084198,5,1,6,32.76190476,6,3.806451613,22.47619048,"080161-015","Chloride",9.5,"ppm","","Coginchaug River",201495007,2006,11.763,21.263821745,0.140992742,0.265678831,19.4190191110314,1.10516024823599,0.116146861,0.494354520331623,0.079194630872483,0.229609159099882,0.003079352546388,0.04011054086064,0.767153572838533
14551,2012,2012-09-17,"6448.1-15","First",1,"Riffle",4.5417,58.76337408,8,2,6,7.803468208,8,3.916666667,20.80924855,"120242-011","Chloride",15.4,"ppm","","Coginchaug River",201495007,2010,11.763,21.263821745,0.140992742,0.265678831,19.4190191110314,1.10516024823599,0.103276747,0.493091196210028,0.085195420450059,0.232372680615871,0.003079352546388,0.04011054086064,0.768653770232927
14553,2006,2006-11-29,"10119","First",1,"Riffle",12.4787,51.68695464,4,2,5,51.75879397,4,3.909090909,30.15075377,"061316-005","Chloride",29.76,"ppm","","Norwalk River",201496760,2006,32.3199,58.152330142,0.068332398,0.192931187,17.9545091215733,2.56807725271427,0.003795176,0.167217733820189,0.25870446508151,0.454529772001955,0.012995601046548,0.06474799459475,0.699491101463442
14553,2007,2007-10-15,"12111","First",1,"Riffle",12.4787,53.33390415,3,2,4,52.28426396,4,3.615384615,22.33502538,"070203-004","Chloride",75.5,"mg/L","","Norwalk River",201496760,2006,32.3199,58.152330142,0.068332398,0.192931187,17.9545091215733,2.56807725271427,0.003795176,0.167217733820189,0.25870446508151,0.454529772001955,0.012995601046548,0.06474799459475,0.699491101463442
14553,2013,2013-10-07,"14358","First",1,"Riffle",12.4787,46.07752371,3,1,5,61.11111111,5,4.157894737,41.66666667,"130395-060","Chloride",47.5,"ppm","","Norwalk River",201496760,2015,32.3199,58.152330142,0.068332398,0.192931187,17.9545091215733,2.56807725271427,0.003795176,0.167045225841695,0.258963227049251,0.454932290618441,0.012593082430062,0.064719243265001,0.699289842155199
14554,2007,2007-10-16,"12113","First",1,"Riffle",15.2055,46.47262409,5,1,5,41.62895928,3,3.944444444,33.4841629,"070203-006","Chloride",58,"mg/L","","Norwalk River",201496832,2006,39.3822,71.194952776,0.067543668,0.14513831,20.5963395111786,2.53921822549274,0.003797976,0.17173456629945,0.253025406336251,0.458092519638603,0.011511877521172,0.055459885353023,0.696798848812248
14554,2013,2013-09-25,"14360","First",1,"Riffle",15.2055,44.04969104,3,1,5,49.51456311,5,4.205882353,36.89320388,"130395-008","Chloride",52.6,"ppm","","Norwalk River",201496832,2015,39.3822,71.194952776,0.067543668,0.14513831,20.5963395111786,2.53921822549274,0.003797976,0.172159184732608,0.253308485291689,0.457974570073836,0.011181618739827,0.05543629544007,0.696751668986341
14555,2007,2007-10-16,"12115","First",1,"Riffle",30.0075,45.35784938,4,NA,7,23.16384181,8,4.229166667,27.11864407,"070203-008","Chloride",54.1,"mg/L","","Norwalk River",201496962,2006,77.7195,160.199102415,0.067550659,0.142720056,12.9960103558014,2.50902283210777,0.008055841,0.158738316639973,0.238149307962613,0.443393971266703,0.014043936605073,0.045060120000956,0.661236344512705
14555,2016,2016-10-19,"16-B-087","First",1,"Riffle",30.0075,49.43220175,3,1,9,22.56410256,7,3.892857143,30.25641026,"160389-014","Chloride",102.7,"ppm","NULL","Norwalk River",201496962,2015,77.7195,160.199102415,0.067550659,0.142720056,12.9960103558014,2.50902283210777,0.00757775,0.159252264958287,0.238699113140344,0.4428322138025,0.013876604594459,0.045048167714484,0.66100925106973
14556,2013,2013-09-25,"14364","First",1,"Riffle",22.8958,30.29875105,2,NA,5,29.52380952,1,4.426470588,27.14285714,"130395-011","Chloride",40.6,"ppm","","Silvermine River",201497050,2015,59.3001,121.814213702,0.047801212,0.302429572,14.1257338870762,2.37773629386797,0.002099688,0.115561196508877,0.255268807095066,0.427129851611589,0.030273116156631,0.033438317742365,0.606402482019462
14556,2020,2020-10-28,"7955.8-37","First",1,"Riffle",22.8958,42.10781146,2,1,9,21.67487685,4,4.111111111,29.06403941,"200346-033","Chloride",50.3,"ppm","NULL","Silvermine River",201497050,2015,59.3001,121.814213702,0.047801212,0.302429572,14.1257338870762,2.37773629386797,0.002099688,0.115561196508877,0.255268807095066,0.427129851611589,0.030273116156631,0.033438317742365,0.606402482019462
14576,2006,2006-09-21,"9820","First",1,"Riffle",7.3654,46.55586697,1,1,6,32.12435233,6,3.920634921,23.31606218,"061236-024","Chloride",25.16,"ppm","","Sawmill Brook",201493403,2006,19.0764,35.364890943,0.011383012,5.57e-05,9.06659575300393,2.56861881696756,0.063163534,0.261273984610889,0.196016363105094,0.284065452420376,0.035989091263271,0.039495470926269,0.620823999220805
14576,2008,2008-09-17,"13867","First",1,"Riffle",7.3654,47.34467058,2,1,4,30.54187192,7,3.891666667,23.15270936,"080158-018","Chloride",33.3,"ppm","","Sawmill Brook",201493403,2006,19.0764,35.364890943,0.011383012,5.57e-05,9.06659575300393,2.56861881696756,0.063163534,0.261273984610889,0.196016363105094,0.284065452420376,0.035989091263271,0.039495470926269,0.620823999220805
14576,2012,2012-09-17,"6448.1-10","First",1,"Riffle",7.3654,48.561454,3,1,5,53.87931034,6,4.116666667,36.20689655,"120242-008","Chloride",32.3,"ppm","","Sawmill Brook",201493403,2010,19.0764,35.364890943,0.011383012,5.57e-05,9.06659575300393,2.56861881696756,0.062286939,0.264439466251096,0.197477354631343,0.276809194506672,0.036378689003604,0.039446771208727,0.617074120970099
14580,2003,2003-10-02,"4746","First",1,"Riffle",53.4255,54.9959242,4,1,7,56.39810427,5,3.8125,20.37914692,"03388-03","Chloride",15.7,"ppm","","Willimantic River",201487650,2002,138.3723,234.175457935,0.121653093,0.00038956,21.8273368111178,1.22134271093275,0.033619144,0.51277420047941,0.096479625066305,0.276567315504287,0.026233272679661,0.040158997670093,0.855733786333451
14580,2014,2014-10-07,"620.1-104","First",1,"Riffle",53.4255,58.20633566,3,3,8,40.7960199,8,4.032258065,19.40298507,"140332-006","Chloride",29.6,"ppm","","Willimantic River",201487650,2015,138.3723,234.175457935,0.121653093,0.00038956,21.8273368111178,1.22134271093275,0.033525142,0.494188662015806,0.100709715106793,0.286430811170123,0.025709547246077,0.039970993668294,0.8463000141003
14580,2019,2019-10-01,"7955.6-2","First",1,"Riffle",53.4255,50.42695128,4,1,6,23.33333333,7,3.739130435,22.85714286,"190411-002","Chloride",36.4,"ppm","NULL","Willimantic River",201487650,2015,138.3723,234.175457935,0.121653093,0.00038956,21.8273368111178,1.22134271093275,0.033525142,0.494188662015806,0.100709715106793,0.286430811170123,0.025709547246077,0.039970993668294,0.8463000141003
14581,2003,2003-10-02,"4745","First",1,"Riffle",53.4255,42.91957807,5,NA,4,28.43601896,4,3.9375,21.80094787,"03388-04","Chloride",16.7,"ppm","","Willimantic River",201487650,2002,138.3723,234.175457935,0.121653093,0.00038956,21.8273368111178,1.22134271093275,0.033619144,0.51277420047941,0.096479625066305,0.276567315504287,0.026233272679661,0.040158997670093,0.855733786333451
14581,2007,2007-09-21,"11877","First",1,"Riffle",53.4255,27.59443784,4,NA,4,7.87037037,4,4,68.51851852,"070184-002","Chloride",40.3,"ppm","","Willimantic River",201487650,2006,138.3723,234.175457935,0.121653093,0.00038956,21.8273368111178,1.22134271093275,0.033457998,0.502118402234562,0.099977842385502,0.281354703121538,0.026038554249226,0.040078424526465,0.849590084131791
14581,2014,2014-10-07,"620.1-103","First",1,"Riffle",53.4255,43.84163212,3,1,6,17.56756757,8,4.125,30.18018018,"140332-004","Chloride",44.6,"ppm","","Willimantic River",201487650,2015,138.3723,234.175457935,0.121653093,0.00038956,21.8273368111178,1.22134271093275,0.033525142,0.494188662015806,0.100709715106793,0.286430811170123,0.025709547246077,0.039970993668294,0.8463000141003
14581,2018,2018-10-01,"7955.4-2","First",1,"Riffle",53.4255,45.64487521,4,NA,5,29.33333333,9,4.217391304,25.33333333,"180337-002","Chloride",31.6,"ppm","NULL","Willimantic River",201487650,2015,138.3723,234.175457935,0.121653093,0.00038956,21.8273368111178,1.22134271093275,0.033525142,0.494188662015806,0.100709715106793,0.286430811170123,0.025709547246077,0.039970993668294,0.8463000141003
14581,2019,2019-10-01,"7955.6-3","First",1,"Riffle",53.4255,59.13232984,5,NA,9,46.57534247,10,3.961538462,23.28767123,"190411-003","Chloride",45.6,"ppm","NULL","Willimantic River",201487650,2015,138.3723,234.175457935,0.121653093,0.00038956,21.8273368111178,1.22134271093275,0.033525142,0.494188662015806,0.100709715106793,0.286430811170123,0.025709547246077,0.039970993668294,0.8463000141003
14582,2009,2009-10-14,"15710","First",1,"Riffle",121.5659,71.65846331,7,3,9,50,9,3.722222222,18.98148148,"090218-010","Chloride",29.8,"ppm","","Willimantic River",201490200,2010,314.856,553.915285015,0.106739058,0.485686016,8.86538235799768,1.34664735625175,0.045211911,0.432584916182984,0.114620248869112,0.312727025934439,0.025786900290062,0.036117594639016,0.807216437046501
14582,2014,2014-09-15,"620.1-004","First",1,"Riffle",121.5659,69.08850449,8,1,10,31.83520599,12,3.676470588,19.85018727,"140292-004","Chloride",59.7,"ppm","","Willimantic River",201490200,2015,314.856,553.915285015,0.106739058,0.485686016,8.86538235799768,1.34664735625175,0.044955192,0.431510830852216,0.115390403460679,0.313213905273936,0.025541985228376,0.036070382097004,0.806337103451532
14583,2003,2003-10-02,"4747","First",1,"Riffle",34.1537,56.69594115,5,1,8,43.87755102,7,3.826086957,28.06122449,"03388-01","Chloride",15.8,"ppm","","Middle River",201487365,2002,88.4583,141.617609687,0.148555133,0.178805827,14.0196577295693,1.09656188283067,0.023688219,0.51885077997794,0.095782341509533,0.280277325489784,0.026083302694469,0.051336729870266,0.876548138032459
14583,2014,2014-10-07,"620.1-105","First",1,"Riffle",34.1537,61.44380573,5,3,6,40.86538462,8,3.913793103,16.34615385,"140332-007","Chloride",32.2,"ppm","","Middle River",201487365,2015,88.4583,141.617609687,0.148555133,0.178805827,14.0196577295693,1.09656188283067,0.023604181,0.499952728609696,0.100498975786543,0.291233783286937,0.025589579284626,0.051116130048847,0.867892221230106
14584,2003,2003-10-02,"4744","First",1,"Riffle",21.6674,73.27222186,6,3,9,54.74860335,9,3.392857143,29.05027933,"03388-02","Chloride",15,"ppm","","Roaring Brook",201488020,2002,56.1186,109.706926167,0.03452936,0.341075269,11.388359974524,1.24735827337104,0.046890523,0.549970196701768,0.078862838598583,0.261507384595006,0.021789522484933,0.042088880058282,0.875355983839989
14584,2007,2007-09-21,"11876","First",1,"Riffle",21.6674,75.55936451,6,5,9,65.23809524,6,3.433333333,30,"070184-001","Chloride",42.3,"ppm","","Roaring Brook",201488020,2006,56.1186,109.706926167,0.03452936,0.341075269,11.388359974524,1.24735827337104,0.04684085,0.538081992184913,0.080601364328764,0.269935095039407,0.021574276442149,0.042072322670376,0.871663686336845
14584,2012,2012-10-12,"6448.5-1","First",1,"Riffle",21.6674,66.63928623,4,3,8,36.7768595,10,3.588235294,19.83471074,"120279-003","Chloride",20.8,"ppm","","Roaring Brook",201488020,2010,56.1186,109.706926167,0.03452936,0.341075269,11.388359974524,1.24735827337104,0.046956752,0.537038876746804,0.080667593880389,0.270680177495198,0.021590833830055,0.042022650506656,0.871332538578713
14584,2014,2014-09-16,"620.1-009","First",1,"Riffle",21.6674,71.81956354,7,3,7,51.07296137,8,3.481481481,19.31330472,"140292-010","Chloride",56.1,"ppm","","Roaring Brook",201488020,2015,56.1186,109.706926167,0.03452936,0.341075269,11.388359974524,1.24735827337104,0.046509703,0.535813630041725,0.081147758129678,0.272186899794688,0.021392145175177,0.042055765282469,0.871448440294059
14584,2018,2018-10-01,"7955.4-1","First",1,"Riffle",21.6674,76.98121557,7,3,12,35.32934132,10,3.515151515,17.36526946,"180337-006","Chloride",21.2,"ppm","NULL","Roaring Brook",201488020,2015,56.1186,109.706926167,0.03452936,0.341075269,11.388359974524,1.24735827337104,0.046509703,0.535813630041725,0.081147758129678,0.272186899794688,0.021392145175177,0.042055765282469,0.871448440294059
14585,2009,2009-10-14,"15707","First",1,"Riffle",30.7456,82.68304467,9,3,10,62.88209607,11,3.526315789,17.03056769,"090218-004","Chloride",33.1,"ppm","","Skungamaug River",201490417,2010,79.6311,138.843681562,0.093941332,0.100894964,11.4619947944046,1.44415937994075,0.063702442,0.303414964240296,0.126926532183734,0.393765094328616,0.011480440083537,0.03117452835692,0.739835027009369
14586,2009,2009-10-14,"15708","First",1,"Riffle",79.6812,67.6001062,7,2,9,47.84482759,9,3.727272727,26.29310345,"090218-005","Chloride",28.8,"ppm","","Hop River",201490629,2010,206.3745,294.156241613,0.080311809,0.243483805,11.4432767811785,1.04664093674364,0.076686564,0.324604525115019,0.116675219908345,0.363130126317875,0.026816663515472,0.034883720930233,0.749435035878599
14586,2014,2014-10-09,"620.1-127","First",1,"Riffle",79.6812,70.14282122,6,3,7,48.06866953,10,3.666666667,15.45064378,"140331-012","Chloride",17.5,"ppm","","Hop River",201490629,2015,206.3745,294.156241613,0.080311809,0.243483805,11.4432767811785,1.04664093674364,0.076655052,0.327359569276756,0.117156902466035,0.362202774851669,0.026650100388047,0.034874717517939,0.751087162034411
14587,2009,2009-10-14,"15709","First",1,"Riffle",12.8693,70.30688122,8,3,6,72.04301075,8,3.580645161,44.62365591,"090218-008","Chloride",14.7,"ppm","","Tenmile River",201490963,2010,33.3315,43.801015227,0.026633052,0.080365093,8.03840293527288,0.630034651905855,0.10801549,0.35984732399075,0.081603655308835,0.345526982977182,0.018583010614883,0.057253503468643,0.781210821051458
14587,2014,2014-10-09,"620.1-126","First",1,"Riffle",12.8693,55.36540373,3,1,6,63.7755102,7,3.72,36.73469388,"140331-011","Chloride",16.5,"ppm","","Tenmile River",201490963,2015,33.3315,43.801015227,0.026633052,0.080365093,8.03840293527288,0.630034651905855,0.108154793,0.356894101914022,0.081603655308835,0.3473379210431,0.018555150029254,0.057253503468643,0.780040676455019
14590,2007,2007-09-21,"11881","First",1,"Riffle",29.3539,58.32212317,5,2,4,34.5971564,7,3.45,19.43127962,"070184-007","Chloride",16.2,"ppm","","Bigelow Brook",201487996,2006,76.0266,140.049569213,0.07791268,0.283735655,12.1896225821056,0.986496831372178,0.035000489,0.611231919468335,0.059225957779515,0.227106137607506,0.035415852228303,0.036258795934324,0.910012705238468
14591,2007,2007-09-21,"11879","First",1,"Riffle",35.0934,68.38396389,7,2,5,51.20772947,10,3.538461538,21.73913043,"070184-004","Chloride",18.5,"ppm","","Mount Hope River",201489327,2006,90.8919,191.01965397,0.055023237,0.212083471,10.9390122397635,1.40826630315793,0.074130493,0.488519025906312,0.077504242746437,0.28878279182939,0.023043736070501,0.043051096979982,0.843396650786185
14591,2008,2008-09-22,"13893","First",1,"Riffle",35.0934,62.01980544,6,3,6,26.9058296,10,3.62962963,35.42600897,"080161-013","Chloride",14.9,"ppm","","Mount Hope River",201489327,2006,90.8919,191.01965397,0.055023237,0.212083471,10.9390122397635,1.40826630315793,0.074130493,0.488519025906312,0.077504242746437,0.28878279182939,0.023043736070501,0.043051096979982,0.843396650786185
14591,2008,2008-09-22,"13893","First",1,"Riffle",35.0934,62.01980544,6,3,6,26.9058296,10,3.62962963,35.42600897,"080161-012","Chloride",14.9,"ppm","","Mount Hope River",201489327,2006,90.8919,191.01965397,0.055023237,0.212083471,10.9390122397635,1.40826630315793,0.074130493,0.488519025906312,0.077504242746437,0.28878279182939,0.023043736070501,0.043051096979982,0.843396650786185
14591,2012,2012-09-26,"6448.2-15","First",1,"Riffle",35.0934,75.4709165,9,3,8,59.2760181,10,3.538461538,31.67420814,"120250-009","Chloride",17.7,"ppm","","Mount Hope River",201489327,2010,90.8919,191.01965397,0.055023237,0.212083471,10.9390122397635,1.40826630315793,0.074355409,0.471159547713006,0.077565583658781,0.302216451632691,0.023033512585111,0.043051096979982,0.83946060891079
14591,2014,2014-10-08,"620.1-120","First",1,"Riffle",35.0934,76.36807657,7,3,6,76.27906977,11,3.448275862,30.69767442,"140331-005","Chloride",25.5,"ppm","","Mount Hope River",201489327,2015,90.8919,191.01965397,0.055023237,0.212083471,10.9390122397635,1.40826630315793,0.074334962,0.487333101600998,0.077667818512687,0.291430674545566,0.022685914081829,0.043051096979982,0.844500787208375
14592,2014,2014-10-08,"620.1-122","First",1,"Riffle",27.4646,76.52871752,9,2,7,55.28846154,9,3.25,12.5,"140331-007","Chloride",33.7,"ppm","","Fenton River",201489447,2015,71.1333,147.578101696,0.067581212,0.151478562,13.3674086828532,1.82755474580822,0.059554128,0.453016233723831,0.098238190390367,0.323499066201727,0.01278585328266,0.031200616437462,0.82050176964568
14593,2014,2014-09-30,"620.1-080","First",1,"Riffle",13.9528,72.70715581,6,3,11,49.28909953,9,3.65625,27.96208531,"140304-019","Chloride",23.5,"ppm","","Whetstone Brook",201487907,2015,36.1377,59.890692612,0.091905354,0.263263715,10.443603316684,1.16222117068878,0.049411281,0.423877834335956,0.100699264743689,0.295439354208443,0.060671499820042,0.050002570826264,0.829991259190705
14595,2014,2014-10-07,"620.1-111","First",1,"Riffle",18.8329,73.32263525,9,2,9,34.46808511,9,3.388888889,14.04255319,"140332-016","Chloride",11.2,"ppm","","Quanduck Brook",201489444,2015,48.7773,62.220104605,0.135848349,0.094386488,7.61559062433095,0.676544212164265,0.056303433,0.502427692834974,0.070241246025248,0.296311810963651,0.014432871913022,0.041089891277442,0.854262266989089
14601,2012,2012-10-23,"6448.6-24","First",1,"Riffle",14.0153,72.0025842,6,2,9,51.20967742,10,3.65,16.93548387,"120288-015","Chloride",7.7,"ppm","","Broad Brook",201491977,2010,36.2997,69.334406994,0.185090407,0.518536122,9.74784639069185,0.771356237103888,0.1536473,0.463757358587151,0.057563347837215,0.263808548758638,0.002559508574354,0.0601996416688,0.790325057588943
14601,2014,2014-10-14,"620.1-144","First",1,"Riffle",14.0153,75.21763692,6,3,10,58.59030837,9,3.575,22.46696035,"140330-013","Chloride",13.4,"ppm","","Broad Brook",201491977,2015,36.2997,69.334406994,0.185090407,0.518536122,9.74784639069185,0.771356237103888,0.153109803,0.464627591502432,0.058740721781418,0.265037112874328,0.00253391348861,0.0601996416688,0.79239825953417
14602,2012,2012-10-23,"6448.6-29","First",1,"Riffle",20.5002,84.10593116,6,5,11,56.18556701,9,3.342857143,13.40206186,"120288-018","Chloride",7.5,"ppm","","Merrick Brook",201490979,2010,53.0955,121.062267553,0.161533447,0.041475234,19.0692951553587,1.35604712263751,0.154283714,0.434882296315743,0.063813774393979,0.289384790408681,0.007245996324495,0.043580992386453,0.775094075435372
14602,2014,2014-09-18,"620.1-023","First",1,"Riffle",20.5002,77.1035413,10,2,10,58.60465116,8,3.46875,13.02325581,"140295-006","Chloride",13.4,"ppm","","Merrick Brook",201490979,2015,53.0955,121.062267553,0.161533447,0.041475234,19.0692951553587,1.35604712263751,0.154126192,0.434147195239345,0.06440885621773,0.291345059945743,0.006895948192877,0.043563489979872,0.775951693357837
14605,2006,2006-10-04,"9955","First",1,"Riffle",15.1214,60.36133351,5,2,8,48.8372093,7,3.875,28.48837209,"061250-009","Chloride",29.04,"ppm","","Eightmile River",201493812,2006,39.1644,53.302784047,0.295964336,0.184353723,6.6285681362249,0.842601954836535,0.029548473,0.311326124075128,0.21836463669133,0.271983494593056,0.014987668374123,0.030829064693607,0.629126351735914
14605,2007,2007-09-26,"12033","First",1,"Riffle",15.1214,57.53743072,5,1,9,57.60869565,7,3.903846154,43.47826087,"070183-010","Chloride",30.9,"ppm","","Eightmile River",201493812,2006,39.1644,53.302784047,0.295964336,0.184353723,6.6285681362249,0.842601954836535,0.029548473,0.311326124075128,0.21836463669133,0.271983494593056,0.014987668374123,0.030829064693607,0.629126351735914
14605,2008,2008-10-08,"14005","First",1,"Riffle",15.1214,69.69894729,6,2,10,56.80751174,10,3.837837838,30.04694836,"080186-016","Chloride",31,"ppm","","Eightmile River",201493812,2006,39.1644,53.302784047,0.295964336,0.184353723,6.6285681362249,0.842601954836535,0.029548473,0.311326124075128,0.21836463669133,0.271983494593056,0.014987668374123,0.030829064693607,0.629126351735914
14605,2009,2009-10-15,"15730","First",1,"Riffle",15.1214,49.62977168,2,2,7,63.88888889,4,3.895833333,45.63492063,"090254-006","Chloride",32.5,"ppm","","Eightmile River",201493812,2010,39.1644,53.302784047,0.295964336,0.184353723,6.6285681362249,0.842601954836535,0.025374692,0.309760956175299,0.22322614304686,0.270442041358376,0.014987668374123,0.030805350028458,0.625996015936256
14605,2010,2010-09-24,"22703","First",1,"Riffle",15.1214,58.77574378,5,1,8,61.83574879,8,3.76,49.27536232,"100281-002","Chloride",47.9,"ppm","","Eightmile River",201493812,2010,39.1644,53.302784047,0.295964336,0.184353723,6.6285681362249,0.842601954836535,0.025374692,0.309760956175299,0.22322614304686,0.270442041358376,0.014987668374123,0.030805350028458,0.625996015936256
14605,2013,2013-10-07,"14366","First",1,"Riffle",15.1214,50.06291311,2,2,6,58.85167464,6,3.842105263,48.80382775,"130395-051","Chloride",62.5,"ppm","","Eightmile River",201493812,2015,39.1644,53.302784047,0.295964336,0.184353723,6.6285681362249,0.842601954836535,0.025303548,0.303666287232024,0.229249667994688,0.268544868146462,0.01460823373174,0.030781635363309,0.617601024473535
14605,2016,2016-10-13,"16-B-070","First",1,"Riffle",15.1214,47.04393182,NA,2,7,64.76190476,4,3.8,40.95238095,"160372-032","Chloride",79.9,"ppm","NULL","Eightmile River",201493812,2015,39.1644,53.302784047,0.295964336,0.184353723,6.6285681362249,0.842601954836535,0.025303548,0.303666287232024,0.229249667994688,0.268544868146462,0.01460823373174,0.030781635363309,0.617601024473535
14605,2017,2017-10-17,"7955.02-49","First",1,"Riffle",15.1214,45.92624902,NA,1,10,44.63276836,5,3.962962963,30.50847458,"170306-010","Chloride",88.2,"ppm","","Eightmile River",201493812,2015,39.1644,53.302784047,0.295964336,0.184353723,6.6285681362249,0.842601954836535,0.025303548,0.303666287232024,0.229249667994688,0.268544868146462,0.01460823373174,0.030781635363309,0.617601024473535
14605,2018,2018-10-16,"7955.4-37","First",1,"Riffle",15.1214,43.76656433,NA,2,7,38.80597015,6,4.025,34.82587065,"180362-010","Chloride",82.5,"ppm","NULL","Eightmile River",201493812,2015,39.1644,53.302784047,0.295964336,0.184353723,6.6285681362249,0.842601954836535,0.025303548,0.303666287232024,0.229249667994688,0.268544868146462,0.01460823373174,0.030781635363309,0.617601024473535
14606,2014,2014-10-07,"620.1-106","First",1,"Riffle",12.7873,69.01744113,5,4,7,37.26415094,7,3.441176471,14.1509434,"140332-008","Chloride",27.9,"ppm","","Middle River",201487213,2015,33.1191,54.166251546,0.199350686,0.582175699,7.34798384759694,0.936015773375484,0.042728089,0.485579620693525,0.087840870833801,0.307737627651218,0.025558298731904,0.05731679946134,0.876192346537987
14609,2007,2007-09-18,"11844","First",1,"Riffle",325.5259,45.90419738,6,NA,7,17.56756757,9,4.047619048,45.04504505,"070177-011","Chloride",60.8,"ppm","","Quinebaug River",201486936,2006,843.1128,1581.998421541,0.150644807,0.472909591,10.0435985128726,0.307194956594183,0.079292412,0.363372227547681,0.130514880066991,0.29999338908538,0.044125651450545,0.064036624466995,0.771527892550601
14609,2012,2012-09-25,"6448.2-10","First",1,"Riffle",325.5259,55.09398011,7,NA,8,17.24137931,10,4.016666667,20.11494253,"120250-005","Chloride",45.7,"ppm","","Quinebaug River",201486936,2010,843.1128,1581.998421541,0.150644807,0.472909591,10.0435985128726,0.307194956594183,0.079037892,0.360640817990502,0.131161647880651,0.301600943157152,0.044721735585452,0.063568351348076,0.770531848081182
14609,2014,2014-09-17,"620.1-019","First",1,"Riffle",325.5259,51.42051876,5,1,7,18.91891892,8,3.92,21.32132132,"140292-020","Chloride",71.8,"ppm","","Quinebaug River",201486936,2015,843.1128,1581.998421541,0.150644807,0.472909591,10.0435985128726,0.307194956594183,0.07864344,0.35666104738924,0.132245837878337,0.303903745083132,0.044283211582322,0.063537500413182,0.768385504467876
14628,2006,2006-10-19,"10008","First",1,"Riffle",17.3498,30.8393176,3,NA,5,7.109004739,4,4.194444444,44.07582938,"061270-004","Chloride",36.71,"ppm","","Steele Brook",201494372,2006,44.9361,62.58698778,0.051158809,0.331844538,12.3939536002842,2.18087461973781,0.074804615,0.082599346648472,0.350494148782202,0.267750072364884,0.022247033039739,0.011847165364099,0.384443617417194
14686,2006,2006-10-17,"9991","First",1,"Riffle",40.0892,39.60372125,3,1,7,25.11210762,5,3.916666667,56.05381166,"061260-002","Chloride",10.1,"ppm","","Blackberry River",201489132,2006,103.8312,138.136187254,0.081458159,0.000162999,8.96326016501542,0.626016072240329,0.114163789,0.539694752097908,0.063572438225769,0.208538352806456,0.035436311259819,0.040499919483262,0.824169335647445
14686,2016,2016-10-06,"16-B-053","First",1,"Riffle",40.0892,44.06509732,3,NA,7,11.48648649,8,4.240740741,11.48648649,"160372-014","Chloride",36.7,"ppm","NULL","Blackberry River",201489132,2015,103.8312,138.136187254,0.081458159,0.000162999,8.96326016501542,0.626016072240329,0.11454848,0.540884610567375,0.063706632789995,0.208269963678005,0.034872694090071,0.040687791873177,0.824715060208628
14687,2008,2008-09-25,"13887","First",1,"Riffle",44.3665,46.16242359,5,1,5,10.21276596,8,3.888888889,34.89361702,"080165-006","Chloride",14.5,"ppm","","Blackberry River",201489143,2006,114.9093,150.975120946,0.079585085,0.191340197,17.4952331418202,0.583068559289805,0.117524373,0.534397180320447,0.066635947680717,0.203529449806794,0.032311522853309,0.037137637224944,0.807375790205494
14687,2008,2008-09-25,"13887","First",1,"Riffle",44.3665,46.16242359,5,1,5,10.21276596,8,3.888888889,34.89361702,"080165-007","Chloride",14.2,"ppm","","Blackberry River",201489143,2006,114.9093,150.975120946,0.079585085,0.191340197,17.4952331418202,0.583068559289805,0.117524373,0.534397180320447,0.066635947680717,0.203529449806794,0.032311522853309,0.037137637224944,0.807375790205494
14687,2013,2013-10-08,"14370","First",1,"Riffle",44.3665,56.2509453,7,NA,7,26.43678161,8,3.865384615,16.47509579,"130405-004","Chloride",15.6,"ppm","","Blackberry River",201489143,2015,114.9093,150.975120946,0.079585085,0.191340197,17.4952331418202,0.583068559289805,0.117936654,0.534971140321094,0.066838046272494,0.203626457130847,0.031810318345702,0.037307400042037,0.80771531583968
14687,2016,2016-10-06,"16-B-052","First",1,"Riffle",44.3665,47.00404115,3,2,5,26.44230769,7,4.088235294,25,"160372-013","Chloride",44.3,"ppm","NULL","Blackberry River",201489143,2015,114.9093,150.975120946,0.079585085,0.191340197,17.4952331418202,0.583068559289805,0.117936654,0.534971140321094,0.066838046272494,0.203626457130847,0.031810318345702,0.037307400042037,0.80771531583968
14706,2003,2003-10-09,"4759","First",1,"Riffle",15.325,67.50046387,4,2,12,44.72361809,8,3.635135135,20.10050251,"03401-01","Chloride",13.2,"ppm","","Whitford Brook",201494055,2002,39.6918,73.574359214,0.15700855,0.492941625,10.0466486231067,1.28490015569967,0.06516191,0.415392540214006,0.101149640590976,0.304127935563933,0.018684586386944,0.059097614086024,0.797302676250907
14706,2006,2006-09-18,"9750","First",1,"Riffle",15.325,64.70206271,2,3,12,39.50617284,9,3.903508772,17.90123457,"061236-007","Chloride",11.75,"ppm","","Whitford Brook",201494055,2006,39.6918,73.574359214,0.15700855,0.492941625,10.0466486231067,1.28490015569967,0.064599967,0.387951017349973,0.106441265307078,0.322414479383736,0.01840361516308,0.058886885668126,0.787655997564915
14706,2007,2007-10-22,"12126","First",1,"Riffle",15.325,77.53505205,6,2,13,46.56084656,12,3.658536585,12.16931217,"070203-019","Chloride",17.4,"mg/L","","Whitford Brook",201494055,2006,39.6918,73.574359214,0.15700855,0.492941625,10.0466486231067,1.28490015569967,0.064599967,0.387951017349973,0.106441265307078,0.322414479383736,0.01840361516308,0.058886885668126,0.787655997564915
14706,2008,2008-10-09,"14020","First",1,"Riffle",15.325,73.37171996,4,2,13,57.78894472,12,3.628205128,28.64321608,"080194-001","Chloride",10.6,"ppm","","Whitford Brook",201494055,2006,39.6918,73.574359214,0.15700855,0.492941625,10.0466486231067,1.28490015569967,0.064599967,0.387951017349973,0.106441265307078,0.322414479383736,0.01840361516308,0.058886885668126,0.787655997564915
14706,2009,2009-09-29,"15656","First",1,"Riffle",15.325,62.44854788,4,2,9,49.68152866,7,3.75,21.65605096,"090208-010","Chloride",20.1,"ppm","","Whitford Brook",201494055,2010,39.6918,73.574359214,0.15700855,0.492941625,10.0466486231067,1.28490015569967,0.064599967,0.390526586902058,0.107611978739844,0.321243765950971,0.01840361516308,0.058980542742747,0.789154510758856
14706,2010,2010-10-05,"22825","First",1,"Riffle",15.325,62.10133146,3,2,11,31.73652695,9,3.757575758,21.55688623,"100305-014","Chloride",17.6,"ppm","","Whitford Brook",201494055,2010,39.6918,73.574359214,0.15700855,0.492941625,10.0466486231067,1.28490015569967,0.064599967,0.390526586902058,0.107611978739844,0.321243765950971,0.01840361516308,0.058980542742747,0.789154510758856
14706,2012,2012-10-01,"6448.2-21","First",1,"Riffle",15.325,72.67116315,5,2,15,44.5482866,10,3.663043478,19.62616822,"120264-006","Chloride",17.2,"ppm","","Whitford Brook",201494055,2010,39.6918,73.574359214,0.15700855,0.492941625,10.0466486231067,1.28490015569967,0.064599967,0.390526586902058,0.107611978739844,0.321243765950971,0.01840361516308,0.058980542742747,0.789154510758856
14706,2013,2013-10-01,"14379","First",1,"Riffle",15.325,68.57102116,6,2,13,26.66666667,14,3.795454545,32,"130395-025","Chloride",20.8,"ppm","","Whitford Brook",201494055,2015,39.6918,73.574359214,0.15700855,0.492941625,10.0466486231067,1.28490015569967,0.064810696,0.386710061111241,0.10808026411295,0.325505162846238,0.018380200894425,0.058980542742747,0.789575967594651
14706,2014,2014-09-17,"620.1-016","First",1,"Riffle",15.325,59.75645697,5,1,12,23.88059701,10,3.806451613,40.7960199,"140292-017","Chloride",24.4,"ppm","","Whitford Brook",201494055,2015,39.6918,73.574359214,0.15700855,0.492941625,10.0466486231067,1.28490015569967,0.064810696,0.386710061111241,0.10808026411295,0.325505162846238,0.018380200894425,0.058980542742747,0.789575967594651
14706,2018,2018-10-02,"7955.4-13","First",1,"Riffle",15.325,66.83525279,4,1,13,42.40837696,10,3.693548387,25.13089005,"180337-014","Chloride",20.5,"ppm","NULL","Whitford Brook",201494055,2015,39.6918,73.574359214,0.15700855,0.492941625,10.0466486231067,1.28490015569967,0.064810696,0.386710061111241,0.10808026411295,0.325505162846238,0.018380200894425,0.058980542742747,0.789575967594651
14710,2006,2006-09-28,"9930","First",1,"Riffle",40.7734,61.83802346,6,3,6,34.82587065,8,3.666666667,28.35820896,"061249-015","Chloride",6.67,"ppm","","Shepaug River",201493549,2006,105.6033,168.571906843,0.027555458,0.10947105,20.2616551902318,0.937470704040499,0.084309896,0.526692708333333,0.062192074887387,0.229808910472973,0.052391258445946,0.056640625,0.865533502252252
14710,2012,2012-10-02,"6448.3-1","First",1,"Riffle",40.7734,75.34075261,8,3,9,43.29268293,11,3.782894737,15.85365854,"120264-014","Chloride",9,"ppm","","Shepaug River",201493549,2010,105.6033,168.571906843,0.027555458,0.10947105,20.2616551902318,0.937470704040499,0.084820172,0.511085304054054,0.062236064189189,0.241052576013514,0.05248803490991,0.056667018581081,0.861292933558559
14711,2016,2016-10-31,"16-B-121","First",1,"Riffle",6.8105,32.39207114,NA,1,3,60.25641026,3,4.076923077,60.25641026,"160399-021","Chloride",56.9,"ppm","NULL","Transylvania Brook",201495550,2015,17.6391,27.475874058,0.054024329,5.04e-05,14.6043206184358,1.30392140188558,0.130815026,0.34940203361256,0.122438227701386,0.316210947789895,0.003793266951162,0.003582529898319,0.672988778251936
14711,2020,2020-10-26,"7955.8-21","First",1,"Riffle",6.8105,51.45965236,1,1,9,30.92783505,8,3.951612903,26.80412371,"200346-020","Chloride",65.4,"ppm","NULL","Transylvania Brook",201495550,2015,17.6391,27.475874058,0.054024329,5.04e-05,14.6043206184358,1.30392140188558,0.130815026,0.34940203361256,0.122438227701386,0.316210947789895,0.003793266951162,0.003582529898319,0.672988778251936
14712,2016,2016-10-31,"16-B-122","First",1,"Riffle",6.8105,43.47214534,1,1,4,39.36170213,7,4.02,37.76595745,"160399-022","Chloride",54.7,"ppm","NULL","Transylvania Brook",201495550,2015,17.6391,27.475874058,0.054024329,5.04e-05,14.6043206184358,1.30392140188558,0.130815026,0.34940203361256,0.122438227701386,0.316210947789895,0.003793266951162,0.003582529898319,0.672988778251936
14713,2008,2008-09-17,"13857","First",1,"Riffle",45.0834,49.06584739,6,NA,5,28.85572139,7,4.09375,17.91044776,"080158-006","Chloride",22,"ppm","","Still River",201489398,2006,116.766,156.909337497,0.041261378,0.01421444,9.11671943421932,1.17328674442903,0.026401642,0.481865779715773,0.124592198863727,0.267939271448351,0.035974028040804,0.04189410697519,0.827673186180118
14713,2012,2012-10-10,"6448.4-17","First",1,"Riffle",45.0834,54.64437784,7,1,7,19.67871486,9,4.037037037,28.51405622,"120274-020","Chloride",31.9,"ppm","","Still River",201489398,2010,116.766,156.909337497,0.041261378,0.01421444,9.11671943421932,1.17328674442903,0.026680141,0.47446568104779,0.124958225249455,0.271742763021787,0.036021770612856,0.042013463405319,0.824243678087752
14719,2010,2010-09-15,"22400","First",1,"Riffle",11.4529,59.54916811,6,2,4,46.22641509,5,3.555555556,20.75471698,"100266-002","Chloride",8.1,"ppm","","Wyassup Brook",201493112,2010,29.6631,32.340786331,0.116363175,0.216082303,9.87447456359759,0.438254936267619,0.073936054,0.49462938026493,0.054583033225817,0.28296746312592,0.022390630382363,0.078226286286913,0.878213760060126
14719,2013,2013-10-01,"14373","First",1,"Riffle",11.4529,63.61430083,4,3,7,58.65384615,7,3.844827586,23.07692308,"130395-028","Chloride",10.1,"ppm","","Wyassup Brook",201493112,2015,29.6631,32.340786331,0.116363175,0.216082303,9.87447456359759,0.438254936267619,0.074061316,0.490902827795697,0.054739611060658,0.284345348072527,0.022234052547521,0.078163655152977,0.875645883568722
14720,2003,2003-10-07,"4752","First",1,"Riffle",8.3516,69.87263208,3,2,13,40.35874439,8,3.333333333,21.07623318,"03393-02","Chloride",5.1,"ppm","","Green Fall River",201492935,2002,21.6306,27.559411047,0.09183563,0.380408103,11.8806302450229,0.601000434569545,0.032895302,0.671605256377222,0.03877866529245,0.205058833633943,0.013312720089324,0.049686506914026,0.939663317014515
14720,2007,2007-09-21,"11952","First",1,"Riffle",8.3516,68.40443617,3,4,8,48.97959184,6,3.323529412,20.40816327,"070184-011","Chloride",6.1,"ppm","","Green Fall River",201492935,2006,21.6306,27.559411047,0.09183563,0.380408103,11.8806302450229,0.601000434569545,0.0332818,0.666494889633256,0.03877866529245,0.207420767843339,0.013183887314266,0.049471785622262,0.936571330413123
14720,2008,2008-09-15,"13841","First",1,"Riffle",8.3516,72.3235014,5,2,12,36.5,8,3.423076923,12,"080157-010","Chloride",3.5,"ppm","","Green Fall River",201492935,2006,21.6306,27.559411047,0.09183563,0.380408103,11.8806302450229,0.601000434569545,0.0332818,0.666494889633256,0.03877866529245,0.207420767843339,0.013183887314266,0.049471785622262,0.936571330413123
14720,2009,2009-09-29,"15657","First",1,"Riffle",8.3516,53.72391164,2,1,7,50.98039216,7,3.666666667,36.60130719,"090208-007","Chloride",6.8,"ppm","","Green Fall River",201492935,2010,21.6306,27.559411047,0.09183563,0.380408103,11.8806302450229,0.601000434569545,0.033754187,0.662243408056343,0.03877866529245,0.209439147985914,0.013269775830971,0.04942884136391,0.934381173237138
14720,2012,2012-09-19,"6448.1-24","First",1,"Riffle",8.3516,76.03188188,6,3,12,40.26548673,8,3.5,13.71681416,"120242-019","Chloride",4.3,"ppm","","Green Fall River",201492935,2010,21.6306,27.559411047,0.09183563,0.380408103,11.8806302450229,0.601000434569545,0.033754187,0.662243408056343,0.03877866529245,0.209439147985914,0.013269775830971,0.04942884136391,0.934381173237138
14720,2013,2013-10-01,"14375","First",1,"Riffle",8.3516,82.66373841,7,5,9,51.41509434,8,3.357142857,13.67924528,"130395-027","Chloride",6.8,"ppm","","Green Fall River",201492935,2015,21.6306,27.559411047,0.09183563,0.380408103,11.8806302450229,0.601000434569545,0.033496522,0.660826247530705,0.039079275100919,0.210942197028257,0.012969166022503,0.04942884136391,0.934166451945375
14720,2014,2014-09-16,"620.1-006","First",1,"Riffle",8.3516,70.40009445,3,4,11,36,7,3.485714286,13.2,"140292-007","Chloride",7.5,"ppm","","Green Fall River",201492935,2015,21.6306,27.559411047,0.09183563,0.380408103,11.8806302450229,0.601000434569545,0.033496522,0.660826247530705,0.039079275100919,0.210942197028257,0.012969166022503,0.04942884136391,0.934166451945375
14720,2015,2015-10-05,"620.2-102","First",1,"Riffle",8.3516,82.17065342,4,6,10,48.86363636,9,3.364864865,9.090909091,"150414-004","Chloride",6.3,"ppm","","Green Fall River",201492935,2015,21.6306,27.559411047,0.09183563,0.380408103,11.8806302450229,0.601000434569545,0.033496522,0.660826247530705,0.039079275100919,0.210942197028257,0.012969166022503,0.04942884136391,0.934166451945375
14720,2016,2016-09-20,"16-B-003","First",1,"Riffle",8.3516,78.43182883,5,4,11,39.01098901,10,3.385714286,17.03296703,"160349-004","Chloride",6.2,"ppm","NULL","Green Fall River",201492935,2015,21.6306,27.559411047,0.09183563,0.380408103,11.8806302450229,0.601000434569545,0.033496522,0.660826247530705,0.039079275100919,0.210942197028257,0.012969166022503,0.04942884136391,0.934166451945375
14720,2018,2018-10-02,"7955.4-12","First",1,"Riffle",8.3516,70.8098761,6,1,13,38.5026738,9,3.53030303,25.13368984,"180337-013","Chloride",5.9,"ppm","NULL","Green Fall River",201492935,2015,21.6306,27.559411047,0.09183563,0.380408103,11.8806302450229,0.601000434569545,0.033496522,0.660826247530705,0.039079275100919,0.210942197028257,0.012969166022503,0.04942884136391,0.934166451945375
14720,2019,2019-10-07,"7955.6-43","First",1,"Riffle",8.3516,72.96560438,5,4,11,36.75213675,8,3.614285714,18.37606838,"190432-010","Chloride",6.2,"ppm","NULL","Green Fall River",201492935,2015,21.6306,27.559411047,0.09183563,0.380408103,11.8806302450229,0.601000434569545,0.033496522,0.660826247530705,0.039079275100919,0.210942197028257,0.012969166022503,0.04942884136391,0.934166451945375
14721,2003,2003-10-07,"4751","First",1,"Riffle",16.8974,63.37138602,3,2,11,41.70616114,9,3.833333333,20.37914692,"03393-01","Chloride",14.4,"ppm","","Shunock River",201493578,2002,43.7643,75.025861902,0.19971837,0.451179735,12.2427453936659,0.86828762255994,0.090505711,0.4133794743323,0.088425119952444,0.28344868583075,0.008173750583839,0.087915587448516,0.792917498195405
14721,2007,2007-09-21,"11953","First",1,"Riffle",16.8974,57.15852227,2,2,9,42,6,3.734375,17.5,"070184-009","Chloride",16.8,"ppm","","Shunock River",201493578,2006,43.7643,75.025861902,0.19971837,0.451179735,12.2427453936659,0.86828762255994,0.088552503,0.408751220754957,0.089040805061356,0.285614198972443,0.007600526516921,0.087830665364528,0.789796611608849
14721,2010,2010-10-05,"22823","First",1,"Riffle",16.8974,66.6621676,4,3,11,57.81990521,6,3.7,26.54028436,"100305-013","Chloride",21.3,"ppm","","Shunock River",201493578,2010,43.7643,75.025861902,0.19971837,0.451179735,12.2427453936659,0.86828762255994,0.088552503,0.406543246571271,0.089210649229332,0.285316971678485,0.007642987558915,0.087809434843531,0.787312640652202
14721,2012,2012-09-19,"6448.1-23","First",1,"Riffle",16.8974,64.32933499,5,2,9,46.11872146,9,3.714285714,31.50684932,"120242-018","Chloride",19,"ppm","","Shunock River",201493578,2010,43.7643,75.025861902,0.19971837,0.451179735,12.2427453936659,0.86828762255994,0.088552503,0.406543246571271,0.089210649229332,0.285316971678485,0.007642987558915,0.087809434843531,0.787312640652202
14721,2013,2013-09-30,"14377","First",1,"Riffle",16.8974,58.75733586,4,2,8,47.02970297,7,3.810344828,28.71287129,"130395-020","Chloride",20.6,"ppm","","Shunock River",201493578,2015,43.7643,75.025861902,0.19971837,0.451179735,12.2427453936659,0.86828762255994,0.088318967,0.409430597426861,0.08993248694323,0.286102500955373,0.007664218079912,0.088000509532504,0.79119782599465
14721,2014,2014-09-16,"620.1-007","First",1,"Riffle",16.8974,63.9637151,5,3,7,48.7394958,7,3.810344828,18.90756303,"140292-008","Chloride",29.2,"ppm","","Shunock River",201493578,2015,43.7643,75.025861902,0.19971837,0.451179735,12.2427453936659,0.86828762255994,0.088318967,0.409430597426861,0.08993248694323,0.286102500955373,0.007664218079912,0.088000509532504,0.79119782599465
14724,2010,2010-09-27,"22744","First",1,"Riffle",5.9226,62.52480004,4,3,7,51.12107623,6,3.678571429,30.94170404,"100280-004","Chloride",21.1,"ppm","","Oxoboxo Brook",201493592,2010,15.3396,34.974722663,0.245836944,0.467393185,8.62982692382246,1.36900571070954,0.060822681,0.339492336584479,0.124432059126431,0.331253407645241,0.053128975586115,0.086024110983219,0.809898830799054
14724,2014,2014-10-06,"620.1-100","First",1,"Riffle",5.9226,59.65384744,4,2,6,41.88034188,7,3.86,16.66666667,"140332-001","Chloride",22.7,"ppm","","Oxoboxo Brook",201493592,2015,15.3396,34.974722663,0.245836944,0.467393185,8.62982692382246,1.36900571070954,0.06058036,0.340643363421579,0.126188889562004,0.333191979160356,0.05300781486642,0.086024110983219,0.812867268431574
14727,2013,2013-10-02,"14381","First",1,"Riffle",10.7868,53.48594103,3,1,8,35,9,4.12,25,"130395-041","Chloride",23.2,"ppm","","Latimer Brook",201494497,2015,27.9378,52.701708923,0.121882463,0.126839745,13.5839634865203,1.10960777154966,0.031212605,0.430095731950539,0.094601781677968,0.308502858662412,0.019379071931924,0.053317378008244,0.811295040553119
14731,2010,2010-09-27,"22742","First",1,"Riffle",9.4184,73.12920583,8,2,7,43.92523364,10,3.554054054,14.01869159,"100280-002","Chloride",25.5,"ppm","","Trading Cove Brook",201493122,2010,24.3936,46.422040699,0.106434905,0.257706008,13.5070478021021,1.43480257116621,0.079143815,0.437576173065204,0.098187081048141,0.292314137720902,0.006817489335771,0.047189213893967,0.783897014015844
14731,2014,2014-10-06,"620.1-096","First",1,"Riffle",9.4184,77.87675818,8,2,9,54.58937198,9,3.352941176,14.49275362,"140333-017","Chloride",23.3,"ppm","","Trading Cove Brook",201493122,2015,24.3936,46.422040699,0.106434905,0.257706008,13.5070478021021,1.43480257116621,0.079067642,0.423293723339427,0.098567946374162,0.299855271176112,0.006779402803169,0.047189213893967,0.777117611212675
14732,2014,2014-10-15,"620.1-146","First",1,"Riffle",18.5421,68.24295652,5,2,10,62.55924171,7,3.709677419,19.43127962,"140330-015","Chloride",30.8,"ppm","","Poquetanuck Brook (Hewitt Brook)",201492953,2015,48.024,97.040713337,0.130002368,0.227256511,9.85813030209209,1.18690654672664,0.09879863,0.394788261012555,0.107252713238281,0.30202549766884,0.026871215492059,0.124915362442205,0.848600336615659
14733,2010,2010-09-27,"22743","First",1,"Riffle",12.1024,42.69944204,2,1,4,45.71428571,5,4.1,32.85714286,"100280-003","Chloride",36.8,"ppm","","Oxoboxo Brook",201493830,2010,31.3452,69.473552135,0.204842578,0.438745861,12.9645503128135,1.88226586526805,0.04084052,0.287632257490886,0.174387244005809,0.344269582999911,0.03950683145135,0.065647135532438,0.737055807474585
14733,2014,2014-10-06,"620.1-099","First",1,"Riffle",12.1024,67.25241978,5,1,13,38.67403315,13,3.852380952,28.72928177,"140333-020","Chloride",43,"ppm","","Oxoboxo Brook",201493830,2015,31.3452,69.473552135,0.204842578,0.438745861,12.9645503128135,1.88226586526805,0.040870158,0.282949527281349,0.176284046116001,0.346196022643075,0.039447556385407,0.06567677306541,0.734269879375241
14734,2014,2014-10-09,"620.1-129","First",1,"Riffle",39.142,72.70763895,7,3,7,49.27536232,11,3.693548387,19.80676329,"140331-015","Chloride",19.3,"ppm","","Yantic River",201492335,2015,101.3778,166.106593155,0.117854088,0.068417625,12.1743162864717,0.927224698109448,0.102270853,0.379263576547351,0.092107915910632,0.30573119994135,0.038947233371822,0.059053169846594,0.782995179707117
14735,2007,2007-09-18,"11846","First",1,"Riffle",89.7786,56.78045454,6,2,6,33.33333333,8,3.934782609,25,"070177-015","Chloride",18,"ppm","","Yantic River",201492476,2006,232.5267,412.676096931,0.130540442,0.130669794,13.6118799433714,0.993434302383339,0.158533857,0.313559389759532,0.095971421949797,0.311121944202476,0.029700873484588,0.053376061887142,0.707758269333738
14738,2014,2014-10-09,"620.1-132","First",1,"Riffle",12.1062,72.20892892,6,3,6,67.40088106,9,3.62962963,22.46696035,"140331-019","Chloride",17.9,"ppm","","Gardner Brook",201492694,2015,31.3551,63.268543209,0.204377518,0.271138066,11.9219883986168,1.05246036529942,0.095747518,0.324581419469551,0.091302415172618,0.345088161209068,0.075122240331901,0.05452659653282,0.79931841754334
14739,2014,2014-10-09,"620.1-124","First",1,"Riffle",15.5547,60.18102277,3,1,10,44.59459459,8,3.84,15.31531532,"140331-009","Chloride",20.1,"ppm","","Susquetonscut Brook",201492324,2015,40.2867,73.355497994,0.131701516,0.263400467,13.0299684620127,0.794306805968223,0.293402818,0.185186893259852,0.09016072128577,0.322065164756612,0.003966149376254,0.059146355523785,0.570364562916503
14773,2019,2019-10-07,"7955.6-23","First",1,"Riffle",1.3597,30.159097,NA,NA,3,6.132075472,1,4.222222222,45.75471698,"190432-011","Chloride",106,"ppm","NULL","Fenger Brook",201494955,2015,3.5217,5.621673224,0.001211027,0.001211027,7.48081364589161,1.13581508930346,0,0.129117259552042,0.433728590250329,0.249275362318841,0.000790513833992,0.100922266139657,0.480105401844532
14792,2006,2006-10-06,"9969","First",1,"Riffle",8.2119,32.36797796,2,1,7,9.708737864,2,3.933333333,59.70873786,"061253-015","Chloride",25.93,"ppm","","Long Meadow Pond Brook",201495150,2006,21.2688,30.345080256,0.125149882,0.295925184,14.2889392425092,2.0217407658166,0.079210515,0.208418846338588,0.221562377188769,0.359154622068905,0.027335050871141,0.041046242522161,0.635954761800795
14792,2013,2013-09-23,"14389","First",1,"Riffle",8.2119,45.41626829,3,NA,6,48.92473118,6,4.166666667,37.09677419,"130377-032","Chloride",25.4,"ppm","","Long Meadow Pond Brook",201495150,2015,21.2688,30.345080256,0.125149882,0.295925184,14.2889392425092,2.0217407658166,0.079690843,0.189817038557268,0.231605606742064,0.372036155626392,0.02838304004192,0.037814942578927,0.628051176804507
14792,2014,2014-10-03,"620.1-090","First",1,"Riffle",8.2119,42.52064744,3,NA,5,21.95121951,6,4.090909091,23.7804878,"140333-011","Chloride",43.8,"ppm","","Long Meadow Pond Brook",201495150,2015,21.2688,30.345080256,0.125149882,0.295925184,14.2889392425092,2.0217407658166,0.079690843,0.189817038557268,0.231605606742064,0.372036155626392,0.02838304004192,0.037814942578927,0.628051176804507
14799,2020,2020-10-21,"7955.8-5","First",1,"Riffle",6.6225,32.91520336,2,NA,6,4.910714286,5,4.321428571,38.39285714,"200346-007","Chloride",38.9,"ppm","NULL","Steele Brook",201494161,2015,17.1522,22.896815359,0.033737172,0.1178776,10.9851617940567,1.45753897459218,0.115872156,0.089924160346696,0.239924160346696,0.280390032502709,0.01738894907909,0.010780065005417,0.398483206933912
14800,2006,2006-10-19,"10007","First",1,"Riffle",5.4504,44.73022373,3,NA,7,24.1025641,5,3.8,39.48717949,"061270-003","Chloride",23.54,"ppm","","Steele Brook",201494013,2006,14.1165,20.366428384,0.019453363,0.078792306,10.3123909625485,1.27510360216768,0.141483969,0.107907037988018,0.181315425636974,0.27993942985055,0.020541181117914,0.012509052603858,0.42089670156034
14800,2013,2013-09-16,"14391","First",1,"Riffle",5.4504,44.81261474,1,1,8,22.82608696,5,3.875,34.7826087,"130377-005","Chloride",38.2,"ppm","","Steele Brook",201494013,2015,14.1165,20.366428384,0.019453363,0.078792306,10.3123909625485,1.27510360216768,0.140825597,0.105536901705181,0.184146421752584,0.280531963921259,0.020607018236882,0.012509052603858,0.41918493646718
14800,2016,2016-10-05,"16-B-049","First",1,"Riffle",5.4504,48.07180163,2,NA,10,27.47252747,7,4.025,36.26373626,"160372-010","Chloride",45.3,"ppm","NULL","Steele Brook",201494013,2015,14.1165,20.366428384,0.019453363,0.078792306,10.3123909625485,1.27510360216768,0.140825597,0.105536901705181,0.184146421752584,0.280531963921259,0.020607018236882,0.012509052603858,0.41918493646718
14800,2018,2018-10-17,"7955.4-47","First",1,"Riffle",5.4504,47.31695199,2,1,7,9.289617486,10,3.96875,40.43715847,"180361-002","Chloride",30.4,"ppm","NULL","Steele Brook",201494013,2015,14.1165,20.366428384,0.019453363,0.078792306,10.3123909625485,1.27510360216768,0.140825597,0.105536901705181,0.184146421752584,0.280531963921259,0.020607018236882,0.012509052603858,0.41918493646718
14800,2020,2020-10-21,"7955.8-6","First",1,"Riffle",5.4504,47.81937383,1,1,7,28.5,7,4,26.5,"200346-008","Chloride",36.3,"ppm","NULL","Steele Brook",201494013,2015,14.1165,20.366428384,0.019453363,0.078792306,10.3123909625485,1.27510360216768,0.140825597,0.105536901705181,0.184146421752584,0.280531963921259,0.020607018236882,0.012509052603858,0.41918493646718
14804,2006,2006-10-05,"9963","First",1,"Riffle",3.1997,62.81072268,3,2,6,46.62921348,7,3.805555556,15.16853933,"061250-010","Chloride",8.44,"ppm","","Mill Brook",201491115,2006,8.2872,12.835698695,9.08e-05,0.000291206,18.9668093693862,1.56868423593011,0.244758381,0.391187352842247,0.061217625294316,0.251037111783832,0.037448144410808,0.033860298239713,0.7135329072766
14813,2016,2016-10-06,"16-B-054","First",1,"Riffle",14.4076,54.77409723,4,1,5,37.20930233,7,3.727272727,15.69767442,"160372-015","Chloride",49.7,"ppm","NULL","Blackberry River",201489083,2015,37.3158,45.985086448,0.13760366,0.086118082,22.6031752153887,1.01833539680243,0.057387452,0.521364756240201,0.07916283005251,0.247542493094095,0.03770251101212,0.041684294353334,0.84829405469975
14825,2004,2004-10-06,"6175","First",1,"Riffle",100.893,43.42621206,5,NA,6,17.2,9,4.177083333,39.2,"04333-02","Chloride",23.6,"ppm","","Naugatuck River",201493244,2002,261.3132,442.016066761,0.044051756,0.254068399,16.2966755230921,1.69528366726212,0.077387174,0.41500103102313,0.131437672874137,0.287595014114351,0.023446888087772,0.031136898540214,0.757179831765467
14825,2006,2006-10-25,"10036","First",1,"Riffle",100.893,30.24075197,4,NA,4,3.03030303,5,4.117647059,49.35064935,"061269-008","Chloride",21.39,"ppm","","Naugatuck River",201493244,2006,261.3132,442.016066761,0.044051756,0.254068399,16.2966755230921,1.69528366726212,0.076821889,0.40664263316197,0.134392087430761,0.291438241714485,0.023322454261681,0.0310017989576,0.752405128095736
14825,2007,2007-09-26,"12037","First",1,"Riffle",100.893,37.49964538,4,NA,5,14.77272727,6,4.166666667,33.52272727,"070183-008","Chloride",60.3,"ppm","","Naugatuck River",201493244,2006,261.3132,442.016066761,0.044051756,0.254068399,16.2966755230921,1.69528366726212,0.076821889,0.40664263316197,0.134392087430761,0.291438241714485,0.023322454261681,0.0310017989576,0.752405128095736
14825,2008,2008-10-15,"14041","First",1,"Riffle",100.893,41.5864993,5,1,6,10.90909091,8,4.2,46.90909091,"080191-006","Chloride",31,"ppm","","Naugatuck River",201493244,2006,261.3132,442.016066761,0.044051756,0.254068399,16.2966755230921,1.69528366726212,0.076821889,0.40664263316197,0.134392087430761,0.291438241714485,0.023322454261681,0.0310017989576,0.752405128095736
14825,2009,2009-10-01,"15668","First",1,"Riffle",100.893,42.92102518,6,NA,5,16.50485437,6,4.175,24.27184466,"090205-004","Chloride",35.6,"ppm","","Naugatuck River",201493244,2010,261.3132,442.016066761,0.044051756,0.254068399,16.2966755230921,1.69528366726212,0.077092088,0.399084167039968,0.135266679465574,0.296202279627694,0.023375783044291,0.031012464714122,0.749674694426075
14825,2012,2012-10-04,"6448.3-23","First",1,"Riffle",100.893,46.57855916,6,1,5,21.875,7,4.125,32.03125,"120274-004","Chloride",29.3,"ppm","","Naugatuck River",201493244,2010,261.3132,442.016066761,0.044051756,0.254068399,16.2966755230921,1.69528366726212,0.077092088,0.399084167039968,0.135266679465574,0.296202279627694,0.023375783044291,0.031012464714122,0.749674694426075
14825,2015,2015-09-24,"620.2-068","First",1,"Riffle",100.893,46.52513623,6,NA,5,10.63829787,9,4.026315789,27.30496454,"150384-023","Chloride",103.3,"ppm","","Naugatuck River",201493244,2015,261.3132,442.016066761,0.044051756,0.254068399,16.2966755230921,1.69528366726212,0.077081422,0.403858870709699,0.13561509417863,0.293948249749355,0.023038034087758,0.0310017989576,0.751846953504412
14825,2018,2018-10-22,"7955.4-54","First",1,"Riffle",100.893,49.47865119,3,1,7,12.4600639,10,3.869565217,25.87859425,"180361-009","Chloride",51.2,"ppm","NULL","Naugatuck River",201493244,2015,261.3132,442.016066761,0.044051756,0.254068399,16.2966755230921,1.69528366726212,0.077081422,0.403858870709699,0.13561509417863,0.293948249749355,0.023038034087758,0.0310017989576,0.751846953504412
14825,2019,2019-10-02,"7955.6-12","First",1,"Riffle",100.893,57.37742391,5,NA,8,36.24161074,13,4.076923077,15.77181208,"190411-012","Chloride",106,"ppm","NULL","Naugatuck River",201493244,2015,261.3132,442.016066761,0.044051756,0.254068399,16.2966755230921,1.69528366726212,0.077081422,0.403858870709699,0.13561509417863,0.293948249749355,0.023038034087758,0.0310017989576,0.751846953504412
14840,2012,2012-10-17,"6448.6-3","First",1,"Riffle",2.4345,77.62332706,3,4,10,31.15577889,7,3.258064516,12.06030151,"120280-013","Chloride",4.4,"ppm","","Mountain Brook",201488932,2010,6.3054,10.44375303,0.119974533,0.119974533,11.943791995979,0.475782662479779,0.114273076,0.542317900324388,0.063550575051607,0.247124741964022,0,0.05514597463875,0.84458861692716
14842,2008,2008-09-17,"13854","First",1,"Riffle",4.4388,65.49141094,5,4,7,22.59887006,5,3.576923077,12.99435028,"080158-003","Chloride",11.7,"ppm","","Indian Meadow Brook",201489763,2006,11.4966,16.056817488,0.024442214,0.00017584,19.1764346380645,0.695857905815632,0.058519237,0.548739088263822,0.063692208212092,0.276592305205302,0.002182347235694,0.035321694148076,0.862835434852894
14842,2012,2012-10-10,"6448.4-16","First",1,"Riffle",4.4388,80.56348199,9,4,10,42.68292683,9,3.607142857,9.349593496,"120274-019","Chloride",17.9,"ppm","","Indian Meadow Brook",201489763,2010,11.4966,16.056817488,0.024442214,0.00017584,19.1764346380645,0.695857905815632,0.059893307,0.535483349498868,0.063773035887488,0.285806660200453,0.002182347235694,0.035321694148076,0.858794051083091
14842,2014,2014-09-24,"620.1-052","First",1,"Riffle",4.4388,73.76182887,9,2,9,51.14155251,9,3.633333333,23.74429224,"140294-019","Chloride",26.1,"ppm","","Indian Meadow Brook",201489763,2015,11.4966,16.056817488,0.024442214,0.00017584,19.1764346380645,0.695857905815632,0.05981248,0.551648884578079,0.063853863562884,0.275137407048173,0.001939864209505,0.035321694148076,0.864047849983833
14842,2015,2015-09-23,"620.2-063","First",1,"Riffle",4.4388,89.65271855,9,5,10,57.08154506,13,3.435897436,13.30472103,"150384-018","Chloride",34.4,"ppm","","Indian Meadow Brook",201489763,2015,11.4966,16.056817488,0.024442214,0.00017584,19.1764346380645,0.695857905815632,0.05981248,0.551648884578079,0.063853863562884,0.275137407048173,0.001939864209505,0.035321694148076,0.864047849983833
14843,2012,2012-10-03,"6448.3-11","First",1,"Riffle",35.01,82.51168422,9,4,12,51.63043478,10,3.551282051,22.2826087,"120263-004","Chloride",14.5,"ppm","","Sandy Brook",201488861,2010,90.6759,116.585304176,0.023058496,0.025079286,24.7747296907291,0.518329567172755,0.034667514,0.645118990298423,0.049767961234672,0.212369254095254,0.027752451005501,0.061825781402067,0.947066476801245
14853,2006,2006-11-29,"10117","First",1,"Riffle",18.3992,46.74094542,3,1,6,47.87234043,4,4,29.25531915,"061316-003","Chloride",25.48,"ppm","","Norwalk River",201496896,2006,47.6541,89.665810057,0.074513836,0.13495283,13.9111160145722,2.58110005225154,0.006550474,0.164268725386985,0.248684056614809,0.454731547549421,0.010741997114672,0.050863648769837,0.680605918820915
14863,2009,2009-10-22,"15759","First",1,"Riffle",5.1818,55.36301368,NA,5,8,36.66666667,2,3.375,26.25,"090252-002","Chloride",5.2,"ppm","","Rocky Brook",201484795,2010,13.4208,24.216975651,0.005192041,0.065514104,11.060096782765,0,0.000692281,0.820906888196608,0.044167532017999,0.104880581516096,0.004015230183454,0.086188992731049,1.01599169262721
14863,2015,2015-11-17,"620.2-134","First",1,"Riffle",5.1818,61.02203402,1,5,6,40.82840237,2,3.25,18.34319527,"150459-001","Chloride",9.2,"ppm","","Rocky Brook",201484795,2015,13.4208,24.216975651,0.005192041,0.065514104,11.060096782765,0,0.000692281,0.825406715126341,0.044652128764278,0.100380754586362,0.004153686396677,0.086188992731049,1.01613014884043
14866,2012,2012-10-12,"6448.4-29","First",1,"Riffle",2.2236,84.29393208,8,5,6,44.94949495,8,3.189189189,8.585858586,"120279-002","Chloride",8.8,"ppm","","Stickney Hill Brook",201486633,2010,5.7591,7.996621423,0.008188272,0.000154943,10.0580683035994,0.520914726259311,0.040348612,0.65203357004519,0.04744996772111,0.224338282763073,0.014041316978696,0.036475145255003,0.926888315041962
14866,2014,2014-10-08,"620.1-119","First",1,"Riffle",2.2236,75.95019613,5,2,10,36.31840796,9,3.333333333,31.84079602,"140331-004","Chloride",10.9,"ppm","","Stickney Hill Brook",201486633,2015,5.7591,7.996621423,0.008188272,0.000154943,10.0580683035994,0.520914726259311,0.03954164,0.654293092317624,0.04744996772111,0.224338282763073,0.013718528082634,0.036475145255003,0.928825048418334
14866,2015,2015-10-01,"620.2-095","First",1,"Riffle",2.2236,83.75716407,6,3,10,39.26701571,10,3.333333333,13.61256545,"150413-017","Chloride",10.9,"ppm","","Stickney Hill Brook",201486633,2015,5.7591,7.996621423,0.008188272,0.000154943,10.0580683035994,0.520914726259311,0.03954164,0.654293092317624,0.04744996772111,0.224338282763073,0.013718528082634,0.036475145255003,0.928825048418334
14880,2016,2016-10-07,"16-B-060","First",1,"Riffle",3.5614,67.60195191,4,4,7,50.60240964,3,3.476190476,18.6746988,"160372-021","Chloride",0.9,"ppm","NULL","Sages Ravine Brook",201488953,2015,9.2241,11.744928518,0.02862888,0.050521064,23.0537439111686,0.216823321516462,0.023999193,0.830493092669154,0.036099626903297,0.088635676111727,0.000705858626601,0.010991227185641,0.930825854593123
14888,2014,2014-10-21,"620.1-155","First",1,"Riffle",5.3691,65.08472886,3,3,8,26.66666667,8,3.444444444,17.57575758,"140351-003","Chloride",17.4,"ppm","","Ekonk Brook",201489847,2015,13.9059,11.171997992,0.044875649,0.245095151,10.3434296053862,0.359559611387972,0.15511485,0.44264155982906,0.053685897435897,0.268429487179487,0.003271901709402,0.023571047008547,0.737913995726496
14983,2008,2008-09-16,"13849","First",1,"Riffle",8.6952,34.84644988,3,NA,4,4.347826087,6,4.160493827,36.23188406,"080157-018","Chloride",38.8,"ppm","","Salmon Brook",201491557,2006,22.5207,34.226442195,0.59680695,0.085274258,5.73382195807768,1.19889701474643,0.026608911,0.140800330033003,0.299504950495049,0.338696369636964,0.004290429042904,0.014273927392739,0.49806105610561
14983,2010,2010-09-21,"22590","First",1,"Riffle",8.6952,31.16154637,2,NA,4,4.181184669,6,4.21,43.90243902,"100283-006","Chloride",52,"ppm","","Salmon Brook",201491557,2010,22.5207,34.226442195,0.59680695,0.085274258,5.73382195807768,1.19889701474643,0.026608911,0.136716171617162,0.300577557755776,0.342491749174917,0.004290429042904,0.014273927392739,0.497772277227722
14984,2006,2006-10-11,"9980","First",1,"Riffle",17.9468,30.56891463,1,NA,4,14.22018349,4,4.1,33.94495413,"061253-021","Chloride",29.29,"ppm","","Coppermine Brook",201492749,2006,46.4823,66.346741716,0.324050373,0.488653555,6.70181935012043,1.78562592642791,0.021389305,0.300069965017491,0.273463268365817,0.28287856071964,0.00343828085957,0.018170914542729,0.60455772113943
14997,2012,2012-10-16,"6448.5-20","First",1,"Riffle",5.0435,78.6952289,8,3,6,59.00900901,9,3.333333333,14.86486486,"120280-002","Chloride",14.2,"ppm","","East Branch Salmon Brook",201487925,2010,13.0626,17.866131937,0.168763323,0.438606887,17.4360200060942,0.765544378607628,0.037332006,0.503875417762924,0.097418758444144,0.310175638199531,0.000568868662448,0.008746355685131,0.823366280310034
15005,2006,2006-09-28,"9932","First",1,"Riffle",10.4264,64.46775755,5,3,8,36.89320388,8,3.583333333,32.03883495,"061249-017","Chloride",7.95,"ppm","","Bantam River",201492351,2006,27.0045,52.068174445,0.010308097,0.007285004,10.3482373928202,0.74061730452332,0.168248727,0.443871234007429,0.045948548631174,0.271220250378319,0.016061356445178,0.063970284770945,0.795123125601871
15005,2008,2008-10-08,"14001","First",1,"Riffle",10.4264,72.08276898,8,3,7,72.05240175,6,3.615384615,26.20087336,"080186-012","Chloride",7.3,"ppm","","Bantam River",201492351,2006,27.0045,52.068174445,0.010308097,0.007285004,10.3482373928202,0.74061730452332,0.168248727,0.443871234007429,0.045948548631174,0.271220250378319,0.016061356445178,0.063970284770945,0.795123125601871
15006,2008,2008-10-06,"13984","First",1,"Riffle",48.9739,51.08423078,4,1,6,48.11320755,9,4.166666667,36.32075472,"080185-004","Chloride",34.1,"ppm","","Hockanum River",201490199,2006,126.8424,188.96403521,0.24598045,0.726085636,6.38477420555738,1.44273523679779,0.092610498,0.195373503860297,0.262668659077924,0.273231368757233,0.024209261782329,0.04074920523301,0.533563339632869
15006,2008,2008-10-06,"13984","First",1,"Riffle",48.9739,51.08423078,4,1,6,48.11320755,9,4.166666667,36.32075472,"080185-005","Chloride",34.2,"ppm","","Hockanum River",201490199,2006,126.8424,188.96403521,0.24598045,0.726085636,6.38477420555738,1.44273523679779,0.092610498,0.195373503860297,0.262668659077924,0.273231368757233,0.024209261782329,0.04074920523301,0.533563339632869
15007,2014,2014-10-08,"620.1-121","First",1,"Riffle",3.4704,74.30470566,4,2,12,43.5,8,3.411111111,18.5,"140331-006","Chloride",12.9,"ppm","","Sawmill Brook",201490302,2015,8.9883,18.020944482,0.086465011,0.290461746,9.61764335881202,1.11255743577762,0.073637398,0.404902264970524,0.105181507911883,0.327334781259696,0.006308822008481,0.033302306339849,0.77184817457855
15010,2008,2008-10-16,"14049","First",1,"Riffle",1.7854,66.69019039,2,2,8,17.11229947,6,3.586206897,19.78609626,"080193-001","Chloride",55.7,"ppm","","Cabin Brook",201492873,2006,4.6242,8.054309433,0.409275834,0.368132753,7.95381956317328,3.24380433372259,0.035563593,0.222624070725337,0.283504118947157,0.349608197709464,0.001004621257786,0.090014064697609,0.663250954390196
15010,2009,2009-11-16,"15820","First",1,"Riffle",1.7854,80.65052054,2,4,11,20.37914692,9,3.545454545,14.69194313,"090268-008","Chloride",41.5,"ppm","","Cabin Brook",201492873,2010,4.6242,8.054309433,0.409275834,0.368132753,7.95381956317328,3.24380433372259,0.035563593,0.221619449467551,0.283504118947157,0.349809121961021,0.001004621257786,0.090014064697609,0.662447257383967
15013,2007,2007-10-03,"12074","First",1,"Riffle",22.1104,49.45239551,3,NA,9,36.81818182,6,3.891304348,26.81818182,"070202-007","Chloride",18.6,"ppm","","Mill River",201495433,2006,57.2661,81.751884669,0.255090062,0.563935021,17.966670010229,1.30967535767234,0.033296013,0.274059290269191,0.209884956757371,0.308604715312596,0.005760275195119,0.039267228090672,0.627691508867578
15013,2013,2013-09-24,"14397","First",1,"Riffle",22.1104,58.3550247,5,1,8,30.46875,9,3.956521739,15.625,"130395-003","Chloride",20,"ppm","","Mill River",201495433,2015,57.2661,81.751884669,0.255090062,0.563935021,17.966670010229,1.30967535767234,0.032728099,0.273864576741469,0.211572473997631,0.309870353242792,0.005695370685878,0.039251001963361,0.6286813026335
15013,2016,2016-09-19,"16-B-001","First",1,"Riffle",22.1104,63.29196535,5,NA,14,34.83146067,13,3.909090909,26.12359551,"160349-002","Chloride",27,"ppm","NULL","Mill River",201495433,2015,57.2661,81.751884669,0.255090062,0.563935021,17.966670010229,1.30967535767234,0.032728099,0.273864576741469,0.211572473997631,0.309870353242792,0.005695370685878,0.039251001963361,0.6286813026335
15015,2013,2013-10-01,"14399","First",1,"Riffle",5.3864,37.90022483,3,NA,3,4,6,4.015151515,28.8,"130395-026","Chloride",29.7,"ppm","","Seth Williams Brook",201493547,2015,13.9509,21.288244562,0.132536258,0.110212629,7.86444263835204,0.931839522898164,0.021194348,0.288056518261797,0.157291388962943,0.410623833644362,0.00406558251133,0.053385763796321,0.75613169821381
15018,2013,2013-09-17,"14401","First",1,"Riffle",3.2306,37.32405115,3,NA,4,10.90909091,4,4.279411765,31.81818182,"130377-006","Chloride",46.6,"ppm","","Farm River",201495387,2015,8.3673,11.670819767,0.12123029,0.290346054,15.3563920505613,1.79269298339966,0.07676072,0.23572539435681,0.179515663185959,0.243168184847812,0.08398133748056,0.022328371473006,0.585203288158188
15020,2008,2008-09-24,"13919","First",1,"Riffle",44.445,67.17442358,6,2,7,37.38317757,10,3.602564103,13.08411215,"080168-008","Chloride",8.9,"ppm","","Eightmile River",201494447,2006,115.1127,190.972986342,0.078937677,0.872985782,5.99386453392557,0.999020959459729,0.058817357,0.508216834016724,0.075251025086366,0.279614502954186,0.018362767571756,0.043771994963355,0.849966099506021
15020,2010,2010-10-04,"22809","First",1,"Riffle",44.445,71.25033335,6,2,11,38.24884793,10,3.675675676,11.52073733,"100305-001","Chloride",15.4,"ppm","","Eightmile River",201494447,2010,115.1127,190.972986342,0.078937677,0.872985782,5.99386453392557,0.999020959459729,0.058962645,0.508676912149291,0.075509314564298,0.280970522713331,0.018370839117941,0.043747780324799,0.851766054305362
15020,2012,2012-10-15,"6448.5-13","First",1,"Riffle",44.445,82.52397549,8,4,11,44.73684211,11,3.478723404,18.42105263,"120279-016","Chloride",11.7,"ppm","","Eightmile River",201494447,2010,115.1127,190.972986342,0.078937677,0.872985782,5.99386453392557,0.999020959459729,0.058962645,0.508676912149291,0.075509314564298,0.280970522713331,0.018370839117941,0.043747780324799,0.851766054305362
15020,2014,2014-10-02,"620.1-084","First",1,"Riffle",44.445,82.61273675,8,2,13,48.38709677,12,3.386363636,12.90322581,"140333-005","Chloride",14.4,"ppm","","Eightmile River",201494447,2015,115.1127,190.972986342,0.078937677,0.872985782,5.99386453392557,0.999020959459729,0.058881929,0.509387208213605,0.075759532496045,0.281172311367966,0.017975333354858,0.043739708778614,0.852274561715043
15020,2018,2018-10-02,"7955.4-14","First",1,"Riffle",44.445,76.49682667,9,1,14,35,14,3.545454545,12.5,"180337-015","Chloride",15.3,"ppm","NULL","Eightmile River",201494447,2015,115.1127,190.972986342,0.078937677,0.872985782,5.99386453392557,0.999020959459729,0.058881929,0.509387208213605,0.075759532496045,0.281172311367966,0.017975333354858,0.043739708778614,0.852274561715043
15035,2006,2006-10-19,"10006","First",1,"Riffle",5.7054,77.52396626,7,4,6,50.26737968,9,3.424242424,18.71657754,"061270-002","Chloride",8.49,"ppm","","Spruce Brook",201492341,2006,14.7771,25.52232961,0.016867729,0.228334198,31.4094276135102,1.01508415047607,0.119099994,0.493243667902709,0.062283954496889,0.292502042612029,0.000439947206335,0.008170448117654,0.794356105838727
15035,2016,2016-10-05,"16-B-042","First",1,"Riffle",5.7054,66.03485844,6,2,7,31.08108108,8,3.518518519,20.27027027,"160372-003","Chloride",33.6,"ppm","NULL","Spruce Brook",201492341,2015,14.7771,25.52232961,0.016867729,0.228334198,31.4094276135102,1.01508415047607,0.119099994,0.495820501539815,0.062283954496889,0.291119351392119,0.000439947206335,0.008170448117654,0.795550248255923
15043,2006,2006-10-05,"9965","First",1,"Riffle",13.3926,69.95205455,4,4,8,38.7755102,9,3.48,18.87755102,"061250-012","Chloride",12.74,"ppm","","Furnace Brook",201491966,2006,34.6869,57.176637583,0.08676651,0.059015312,27.8720762291223,1.5279543574087,0.072142302,0.569664336039005,0.063650245117737,0.252243563985105,0.003187870020627,0.033861073160278,0.858956843205015
15043,2016,2016-09-27,"16-B-020","First",1,"Riffle",13.3926,70.01492409,6,2,10,23.11827957,11,3.607142857,14.51612903,"160366-006","Chloride",17.6,"ppm","NULL","Furnace Brook",201491966,2015,34.6869,57.176637583,0.08676651,0.059015312,27.8720762291223,1.5279543574087,0.073722843,0.565860323073214,0.063810978059953,0.255458222829436,0.003080714725816,0.033861073160278,0.858260333788744
15046,2008,2008-10-02,"13965","First",1,"Riffle",8.6848,78.93806608,6,5,10,29.66666667,11,3.523255814,20,"080177-007","Chloride",14.8,"ppm","","Charters Brook",201488403,2006,22.4937,35.959023952,0.074178837,0.426195426,9.19158789187764,1.06696541698342,0.041959197,0.473734203353432,0.097340381597423,0.323036260014867,0.002064921120013,0.089906665565375,0.888742050053687
15046,2012,2012-10-15,"6448.5-10","First",1,"Riffle",8.6848,54.63047091,5,2,5,50,4,3.790322581,31.33333333,"120279-013","Chloride",25.4,"ppm","","Charters Brook",201488403,2010,22.4937,35.959023952,0.074178837,0.426195426,9.19158789187764,1.06696541698342,0.040555051,0.4686957958206,0.098620632691831,0.327083505410093,0.002064921120013,0.089906665565375,0.887750887916081
15047,2008,2008-10-06,"13987","First",1,"Riffle",18.54,11.88736965,NA,NA,3,NA,NA,4.928571429,41.10169492,"080185-016","Chloride",17.9,"ppm","","Hockanum River",201489051,2006,48.0186,68.076038708,0.108321623,0.27207038,9.24804900809578,1.04126317718551,0.070953265,0.328439337666357,0.162623800680904,0.306116527390901,0.050332714329929,0.059791860105231,0.744680439492418
15048,2004,2004-10-05,"6165","First",1,"Riffle",18.54,31.4841884,2,NA,5,27.10843373,4,4.317708333,45.18072289,"04328-02","Chloride",26.5,"ppm","","Hockanum River",201489051,2002,48.0186,68.076038708,0.108321623,0.27207038,9.24804900809578,1.04126317718551,0.075286289,0.343546889507892,0.157265552460539,0.297759981429898,0.050661559888579,0.059811203961622,0.751779634787991
15048,2008,2008-10-06,"13988","First",1,"Riffle",18.54,24.83315817,1,NA,6,4.867256637,4,4.294117647,55.75221239,"080185-017","Chloride",20.6,"ppm","","Hockanum River",201489051,2006,48.0186,68.076038708,0.108321623,0.27207038,9.24804900809578,1.04126317718551,0.070953265,0.328439337666357,0.162623800680904,0.306116527390901,0.050332714329929,0.059791860105231,0.744680439492418
15051,2015,2015-10-06,"620.2-118","First",1,"Riffle",3.9885,55.3284911,3,1,4,47.03389831,7,3.791666667,23.72881356,"150414-019","Chloride",25.8,"ppm","","Durkee Brook",201487564,2015,10.3302,14.519756086,0.076197799,0.101608125,10.7238299494918,1.06483901570154,0.340021594,0.174374662587727,0.100143962569732,0.277487853158179,0.006928198668346,0.044358466798632,0.503149181212884
15065,2006,2006-09-27,"9869","First",1,"Riffle",19.7451,28.18820001,1,NA,4,8.374384236,4,4.270833333,31.5270936,"061241-001","Chloride",28.92,"ppm","","Farm River",201496352,2006,51.1398,75.694072417,0.201297788,0.276809593,15.0266062945678,1.48612235479998,0.110388431,0.204607390719814,0.242287707568766,0.248628320191853,0.022328403764398,0.017041531921078,0.492605646597143
15066,2007,2007-10-04,"12088","First",1,"Riffle",3.0729,39.69585624,2,NA,6,6.818181818,5,4.321428571,25,"070202-016","Chloride",29.9,"ppm","","Patton Brook",201493232,2006,7.9587,4.998227887,0.44279276,0.557469961,9.88575079332195,1.25648661213515,0.149211909,0.033741973146527,0.229655575014594,0.299708114419148,0.005370694687682,0.025102159953298,0.363922942206655
15067,2007,2007-10-11,"12105","First",1,"Riffle",10.6613,30.38797291,2,NA,5,10.85972851,3,4.142857143,41.17647059,"070202-027","Chloride",23.3,"ppm","","Farm River",201495865,2006,27.6129,45.21278502,0.169557371,0.371931973,12.8825224998814,1.41238334256815,0.136585366,0.302270815811606,0.147182506307822,0.234684608915055,0.025904121110177,0.021026072329689,0.583885618166527
15067,2013,2013-09-17,"14408","First",1,"Riffle",10.6613,30.66563262,2,NA,6,10.5,3,4.071428571,48.5,"130377-007","Chloride",41.3,"ppm","","Farm River",201495865,2015,27.6129,45.21278502,0.169557371,0.371931973,12.8825224998814,1.41238334256815,0.136719933,0.300151387720774,0.147956265769554,0.234987384356602,0.026005046257359,0.021026072329689,0.582169890664424
15079,2020,2020-10-28,"7955.8-32","First",1,"Riffle",15.2055,15.67909887,NA,1,2,0.736067298,1,4.412280702,49.106204,"200346-029","Chloride",82.1,"ppm","NULL","Norwalk River",201496832,2015,39.3822,71.194952776,0.067543668,0.14513831,20.5963395111786,2.53921822549274,0.003797976,0.172159184732608,0.253308485291689,0.457974570073836,0.011181618739827,0.05543629544007,0.696751668986341
15087,2006,2006-09-27,"9870","First",1,"Riffle",22.1177,48.57683338,4,NA,5,41.95121951,8,3.932692308,33.65853659,"061241-002","Chloride",20.91,"ppm","","Muddy River",201495854,2006,57.285,76.737523323,0.207371402,0.548425592,7.54349779070525,1.4314392947543,0.162000843,0.132059558179518,0.219888409511143,0.25407921627145,0.023680539786551,0.031141531774094,0.440960846011613
15087,2007,2007-10-03,"12072","First",1,"Riffle",22.1177,37.42534031,1,1,4,26.17801047,5,3.966666667,34.55497382,"070202-003","Chloride",22,"ppm","","Muddy River",201495854,2006,57.285,76.737523323,0.207371402,0.548425592,7.54349779070525,1.4314392947543,0.162000843,0.132059558179518,0.219888409511143,0.25407921627145,0.023680539786551,0.031141531774094,0.440960846011613
15087,2013,2013-09-17,"14410","First",1,"Riffle",22.1177,31.58245019,2,NA,4,21.17117117,5,4.2375,42.79279279,"130377-010","Chloride",31.6,"ppm","","Muddy River",201495854,2015,57.285,76.737523323,0.207371402,0.548425592,7.54349779070525,1.4314392947543,0.15496156,0.1290913809323,0.225386836215006,0.25458202225322,0.023275051091576,0.031125312226295,0.438073766503391
15087,2014,2014-10-14,"620.1-138","First",1,"Riffle",22.1177,35.36286788,1,NA,5,37.16814159,5,4.277777778,34.07079646,"140330-007","Chloride",38.3,"ppm","","Muddy River",201495854,2015,57.285,76.737523323,0.207371402,0.548425592,7.54349779070525,1.4314392947543,0.15496156,0.1290913809323,0.225386836215006,0.25458202225322,0.023275051091576,0.031125312226295,0.438073766503391
15092,2018,2018-10-01,"7955.4-4","First",1,"Riffle",18.1032,68.54362773,6,2,9,28.10810811,11,3.6,19.45945946,"180337-005","Chloride",18.2,"ppm","NULL","Fenton River",201488927,2015,46.8873,93.701858902,0.054003352,0.193194515,11.954943763549,1.79152990255357,0.037039973,0.513109653381954,0.076477932578926,0.308369171010127,0.017023722229929,0.03101527973206,0.86951782635407
15102,2016,2016-10-11,"16-B-064","First",1,"Riffle",5.5644,54.59126036,3,1,7,41.17647059,6,3.942528736,17.15686275,"160372-025","Chloride",29.5,"ppm","NULL","Means Brook",201496420,2015,14.4117,21.097336615,0.101613399,0.010083382,9.70852293451908,1.73470166600748,0.165387839,0.160745373654007,0.1968534399381,0.309949061835063,0.0083177509833,0.02282545618673,0.5018376426591
15121,2013,2013-10-21,"14412","First",1,"Riffle",12.7699,47.59137777,4,1,5,64.92146597,4,4.138888889,40.31413613,"130417-010","Chloride",66.6,"ppm","","Pequonnock River",201496607,2015,33.0741,63.02859,0.154420427,0.124412877,16.5617233108702,2.05598942979552,0.018341151,0.148105496727804,0.297924332219195,0.384574333623571,0.008201556048648,0.042412156278965,0.583293542678988
15136,2019,2019-10-07,"7955.6-24","First",1,"Riffle",11.2437,53.03555901,3,2,7,30.70866142,6,3.827586207,23.62204724,"190432-012","Chloride",19.9,"ppm","NULL","Hunts Brook",201494297,2015,29.1213,63.038690113,0.088482565,0.218982874,15.1291016493852,1.16753029569422,0.016079632,0.44461459928535,0.100912455334354,0.323889739663093,0.00236089841756,0.062436191934661,0.833301429300664
15138,2006,2006-09-28,"9931","First",1,"Riffle",21.3498,71.36370297,6,3,10,27.17948718,11,3.661290323,17.94871795,"061249-016","Chloride",13.57,"ppm","","Bantam River",201492718,2006,55.296,104.428137277,0.011293822,0.240144699,7.52474559261037,0.994646990740741,0.17412927,0.358977805406677,0.076681395856785,0.303331709202104,0.015457248945715,0.076076546984996,0.753843310539492
15151,2012,2012-09-25,"6448.2-12","First",1,"Riffle",38.8577,72.0984295,8,3,6,51.09170306,9,3.666666667,15.72052402,"120250-006","Chloride",17.4,"ppm","","Little River",201486818,2010,100.6416,169.309555152,0.12791257,0.318613975,12.5757337239914,1.0234336497035,0.203197548,0.323548687842116,0.094560290954741,0.285896264296198,0.018304671706682,0.053732473022994,0.68148209686799
15151,2014,2014-09-17,"620.1-020","First",1,"Riffle",38.8577,64.88682989,5,1,11,34.97757848,10,3.75,17.48878924,"140295-001","Chloride",29,"ppm","","Little River",201486818,2015,100.6416,169.309555152,0.12791257,0.318613975,12.5757337239914,1.0234336497035,0.20263447,0.326059464798353,0.095612601884929,0.285462416807436,0.018120055754018,0.053704780630094,0.683346717989901
15169,2006,2006-10-05,"9962","First",1,"Riffle",7.6017,35.68834517,1,1,5,17.80104712,5,4.058823529,45.54973822,"061251-008","Chloride",32.29,"ppm","","Roaring Brook",201491654,2006,19.6884,26.608602354,0.301630042,0.688865765,15.041701204098,1.98086182726885,0.011418865,0.193979144057,0.25333836644175,0.400698343792762,0.013966875855235,0.056764025857595,0.665408389562592
15169,2008,2008-09-15,"13836","First",1,"Riffle",7.6017,53.0172641,5,1,5,36.99421965,8,4.067307692,29.47976879,"080157-005","Chloride",28.8,"ppm","","Roaring Brook",201491654,2006,19.6884,26.608602354,0.301630042,0.688865765,15.041701204098,1.98086182726885,0.011418865,0.193979144057,0.25333836644175,0.400698343792762,0.013966875855235,0.056764025857595,0.665408389562592
15169,2015,2015-09-23,"620.2-061","First",1,"Riffle",7.6017,42.62224,NA,1,5,23.24723247,7,3.909090909,17.34317343,"150384-016","Chloride",105.5,"ppm","","Roaring Brook",201491654,2015,19.6884,26.608602354,0.301630042,0.688865765,15.041701204098,1.98086182726885,0.011418865,0.184164582645213,0.257113197753975,0.404897843627613,0.013683763506818,0.056716840466192,0.659463030245836
15171,2008,2008-09-22,"13870","First",1,"Riffle",38.4689,69.24581289,7,3,8,26.17801047,12,3.743589744,18.32460733,"080161-002","Chloride",14.8,"ppm","","East Branch Salmon Brook",201488786,2006,99.6345,159.850499428,0.288503543,0.143696461,9.8743676864166,1.15421866923606,0.112499534,0.353883024357492,0.122337647804842,0.304058338617628,0.005436607109553,0.053620052967287,0.71699802305196
15176,2007,2007-09-21,"11883","First",1,"Riffle",89.3949,69.10710417,8,2,6,40.96385542,10,3.685714286,11.64658635,"070184-010","Chloride",16.4,"ppm","","Natchaug River",201489845,2006,231.5331,457.101968983,0.118909307,0.671828741,8.33429458546767,1.26979684546184,0.062033077,0.515579486274164,0.070799797783645,0.274071369534341,0.030268257649315,0.053418820565082,0.873337934022902
15176,2008,2008-09-22,"13888","First",1,"Riffle",89.3949,75.71245545,9,2,9,35.15625,11,3.407894737,12.109375,"080161-010","Chloride",10.7,"ppm","","Natchaug River",201489845,2006,231.5331,457.101968983,0.118909307,0.671828741,8.33429458546767,1.26979684546184,0.062033077,0.515579486274164,0.070799797783645,0.274071369534341,0.030268257649315,0.053418820565082,0.873337934022902
15176,2010,2010-09-16,"22503","First",1,"Riffle",89.3949,66.54477974,9,2,4,41.84397163,9,3.560606061,16.66666667,"100266-006","Chloride",17.3,"ppm","","Natchaug River",201489845,2010,231.5331,457.101968983,0.118909307,0.671828741,8.33429458546767,1.26979684546184,0.062085236,0.510881165793338,0.070932201349714,0.277903048491803,0.030296343254239,0.053414808335808,0.872495365875188
15176,2012,2012-09-26,"6448.2-13","First",1,"Riffle",89.3949,59.49641612,6,1,6,36.25,8,3.620689655,17.08333333,"120250-007","Chloride",15.1,"ppm","","Natchaug River",201489845,2010,231.5331,457.101968983,0.118909307,0.671828741,8.33429458546767,1.26979684546184,0.062085236,0.510881165793338,0.070932201349714,0.277903048491803,0.030296343254239,0.053414808335808,0.872495365875188
15176,2014,2014-10-06,"620.1-092","First",1,"Riffle",89.3949,84.7804109,8,3,12,55.55555556,11,3.378378378,13.52657005,"140333-013","Chloride",19.8,"ppm","","Natchaug River",201489845,2015,231.5331,457.101968983,0.118909307,0.671828741,8.33429458546767,1.26979684546184,0.061924747,0.51425545061347,0.071497925677465,0.27608149640103,0.030059621727024,0.053378698272334,0.873775267013858
15176,2015,2015-09-16,"620.2-030","First",1,"Riffle",89.3949,76.92017141,11,2,9,49.62962963,14,3.529411765,14.07407407,"150372-027","Chloride",24.3,"ppm","","Natchaug River",201489845,2015,231.5331,457.101968983,0.118909307,0.671828741,8.33429458546767,1.26979684546184,0.061924747,0.51425545061347,0.071497925677465,0.27608149640103,0.030059621727024,0.053378698272334,0.873775267013858
15179,2008,2008-10-09,"14024","First",1,"Riffle",15.2625,74.06122235,9,2,11,32.84313725,10,3.604651163,16.66666667,"080194-006","Chloride",8.5,"ppm","","Eightmile River",201494064,2006,39.5298,68.800867249,0.045461372,0.090288758,14.3199327455263,0.936002711878127,0.014153383,0.572201062679268,0.075398504725631,0.26197865237222,0.027060704377674,0.046950674754314,0.908191094183476
15179,2012,2012-10-12,"6448.4-27","First",1,"Riffle",15.2625,75.13445635,7,4,7,42.79475983,8,3.414634146,8.296943231,"120279-001","Chloride",10,"ppm","","Eightmile River",201494064,2010,39.5298,68.800867249,0.045461372,0.090288758,14.3199327455263,0.936002711878127,0.013988809,0.568745003996803,0.075986269807683,0.26604598674002,0.027037193774392,0.046950674754314,0.908778859265529
15184,2010,2010-09-21,"22592","First",1,"Riffle",26.3578,53.53595157,5,NA,6,47.91666667,10,3.933333333,40.625,"100283-008","Chloride",49.1,"ppm","","Roaring Brook",201492214,2010,68.2668,89.924797642,0.270514633,0.417959145,14.4134554674477,0.996091804508194,0.046829706,0.453694252779706,0.122007648443773,0.273248138924046,0.008492222267587,0.024279045713741,0.75971365968508
15193,2007,2007-10-04,"12087","First",1,"Riffle",3.1184,30.89126856,1,NA,4,1.048951049,4,4.147058824,45.8041958,"070202-014","Chloride",41.1,"ppm","","Honeypot Brook",201494751,2006,8.0766,9.795850666,0.301307738,0.301307738,8.56292381056075,1.23814476388579,0.070484075,0.067149591813269,0.335747959066345,0.268943313786363,0.003334483155111,0.017707255375417,0.35713464413016
15201,2015,2015-10-02,"620.2-099","First",1,"Riffle",3.4485,33.73140997,NA,NA,6,18.41004184,6,4.5,23.43096234,"150414-001","Chloride",91.5,"ppm","","Spoonshop Brook",201494038,2015,8.9316,12.148784614,0.063155234,0.281267067,6.50072325691398,2.79905056204935,0.060243471,0.131724066174175,0.325772552283841,0.231713661429612,0.036000416189783,0.050150868796171,0.449589012589741
15210,2014,2014-09-18,"620.1-022","First",1,"Riffle",7.7108,82.92647042,8,4,9,52.83018868,10,3.432432432,15.09433962,"140295-005","Chloride",13,"ppm","","Beaver Brook",201490737,2015,19.971,42.214340287,0.165603229,0.364917246,9.87535172427886,0.901306894997747,0.112326599,0.45694069453496,0.062238152872172,0.296992831207523,0.009961828507588,0.070943115166186,0.834838469416257
15221,2008,2008-10-02,"13963","First",1,"Riffle",69.8938,53.10683411,4,1,8,11.5942029,11,4.064814815,18.84057971,"080177-004","Chloride",13.7,"ppm","","Scantic River",201487608,2006,181.0251,280.389564862,0.326053567,0.45385307,9.68609950782587,0.718132457874626,0.141208289,0.340490829030967,0.118103811058536,0.280255986533507,0.004731747872766,0.044115081035031,0.669593644472271
15221,2012,2012-10-17,"6448.5-28","First",1,"Riffle",69.8938,52.64963973,4,1,6,42.73127753,9,4.020114943,29.07488987,"120280-008","Chloride",21.5,"ppm","","Scantic River",201487608,2010,181.0251,280.389564862,0.326053567,0.45385307,9.68609950782587,0.718132457874626,0.139915013,0.336067004013261,0.120428628614245,0.28348404446406,0.004767672205857,0.04408942079711,0.668408141480288
15239,2012,2012-10-01,"6448.2-28","First",1,"Riffle",1.5627,68.27522249,4,3,5,63.58974359,6,3.68,31.28205128,"120264-010","Chloride",26.2,"ppm","","East Branch Byram River",201497182,2010,4.0473,9.957486409,0.047329066,0.047329066,17.0150564137675,1.48246979467793,0,0.262855831037649,0.119834710743802,0.424471992653811,0.026629935720845,0.019054178145087,0.733011937557392
15239,2013,2013-10-03,"14414","First",1,"Riffle",1.5627,67.29204014,4,2,6,78.37837838,7,3.739130435,33.51351351,"130395-046","Chloride",29.3,"ppm","","East Branch Byram River",201497182,2015,4.0473,9.957486409,0.047329066,0.047329066,17.0150564137675,1.48246979467793,0,0.266988062442608,0.120064279155188,0.422176308539945,0.026170798898072,0.019054178145087,0.734389348025712
15239,2016,2016-11-02,"16-B-126","First",1,"Riffle",1.5627,53.94049145,2,1,3,52.22929936,4,3.816666667,49.04458599,"160399-026","Chloride",41.2,"ppm","NULL","East Branch Byram River",201497182,2015,4.0473,9.957486409,0.047329066,0.047329066,17.0150564137675,1.48246979467793,0,0.266988062442608,0.120064279155188,0.422176308539945,0.026170798898072,0.019054178145087,0.734389348025712
15250,2008,2008-10-08,"14013","First",1,"Riffle",38.7993,35.10090368,2,NA,5,23.86831276,6,4.380952381,30.04115226,"080184-004","Chloride",39,"ppm","","Mattabessett River",201492833,2006,100.4904,132.024157802,0.284136154,0.275280087,8.09284916641777,1.52253349573691,0.046218138,0.182422499791977,0.337709525614593,0.210510257856344,0.038618355969342,0.039163839091724,0.470714952709387
15250,2008,2008-10-08,"14013","First",1,"Riffle",38.7993,35.10090368,2,NA,5,23.86831276,6,4.380952381,30.04115226,"080184-005","Chloride",39.1,"ppm","","Mattabessett River",201492833,2006,100.4904,132.024157802,0.284136154,0.275280087,8.09284916641777,1.52253349573691,0.046218138,0.182422499791977,0.337709525614593,0.210510257856344,0.038618355969342,0.039163839091724,0.470714952709387
15250,2012,2012-09-17,"6448.1-1","First",1,"Riffle",38.7993,34.92982554,3,NA,4,42.92035398,4,4.411764706,37.61061947,"120242-001","Chloride",74.1,"ppm","","Mattabesset River",201492833,2010,100.4904,132.024157802,0.284136154,0.275280087,8.09284916641777,1.52253349573691,0.046218138,0.181960225959449,0.337959153484158,0.210658185482753,0.038784774549052,0.039126857185122,0.470530043176376
15254,2013,2013-10-08,"14562","First",1,"Riffle",3.4579,38.30991957,2,1,5,31.72690763,2,4.111111111,48.59437751,"130405-001","Chloride",15.6,"ppm","","West Branch Bantam River",201491795,2015,8.9559,15.55961858,4.67e-05,3.38e-05,7.57614830400981,1.11658236469813,0.125687597,0.325895173845355,0.10275038920602,0.338868707836015,0.040477426050856,0.123715620134925,0.828956927867151
15274,2018,2018-10-19,"7955.4-49","First",1,"Riffle",4.4534,57.41467516,3,2,6,41.88034188,8,3.857142857,32.05128205,"180361-003","Chloride",29.8,"ppm","NULL","Sargent River",201495851,2015,11.5344,13.308039094,5.07e-05,3.75e-05,9.99522068483202,0.520183104452767,0.093953788,0.367925287819016,0.107479268979953,0.315111504709766,0.036792528781902,0.032445052733274,0.752274374043958
15276,2010,2010-09-27,"22741","First",1,"Riffle",11.2437,42.65388196,2,1,4,20.51282051,5,3.921875,17.94871795,"100280-001","Chloride",12.4,"ppm","","Hunts Brook",201494297,2010,29.1213,63.038690113,0.088482565,0.218982874,15.1291016493852,1.16753029569422,0.016079632,0.445603624298111,0.100561510974987,0.322741194486983,0.002424706482899,0.06246809596733,0.833237621235323
15276,2014,2014-10-06,"620.1-098","First",1,"Riffle",11.2437,51.34059661,1,2,8,24.41860465,9,3.903846154,30.81395349,"140333-019","Chloride",27.1,"ppm","","Hunts Brook",201494297,2015,29.1213,63.038690113,0.088482565,0.218982874,15.1291016493852,1.16753029569422,0.016079632,0.44461459928535,0.100912455334354,0.323889739663093,0.00236089841756,0.062436191934661,0.833301429300664
15294,2019,2019-10-08,"7955.6-47","First",1,"Riffle",26.8238,41.9613135,3,1,5,51.5,5,4.166666667,48,"190432-016","Chloride",81,"ppm","NULL","Norwalk River",201496921,2015,69.4737,141.227788496,0.061317752,0.237322925,13.0184025051479,2.38939339634999,0.007915497,0.168792619334136,0.23408209653697,0.441075010028079,0.014079422382672,0.048281855863083,0.67222890760797
15301,2019,2019-10-02,"7955.6-7","First",1,"Riffle",1.473,43.6491817,1,NA,4,9.90990991,3,4.142857143,64.86486486,"190411-007","Chloride",728,"ppm","NULL","Eagleville Brook",201489553,2015,3.8151,5.716489118,0.039787915,0.039787915,8.51361762536858,3.66962858116432,0.055121951,0.097073170731707,0.400243902439024,0.323170731707317,0.001951219512195,0.001463414634146,0.423658536585365
15303,2003,2003-10-24,"4786","First",1,"Riffle",1.473,52.37678591,NA,2,7,38.98305085,4,3.596491228,29.37853107,"03416-03","Chloride",36.7,"ppm","","Eagleville Brook",201489553,2002,3.8151,5.716489118,0.039787915,0.039787915,8.51361762536858,3.66962858116432,0.055121951,0.092926829268293,0.380243902439024,0.323658536585366,0.001951219512195,0.001463414634146,0.42
15304,2003,2003-10-24,"4787","First",1,"Riffle",1.473,68.67042867,1,2,8,35.60209424,5,3.574074074,32.46073298,"03416-04","Chloride",35.4,"ppm","","Eagleville Brook",201489553,2002,3.8151,5.716489118,0.039787915,0.039787915,8.51361762536858,3.66962858116432,0.055121951,0.092926829268293,0.380243902439024,0.323658536585366,0.001951219512195,0.001463414634146,0.42
15304,2007,2007-09-21,"11884","First",1,"Riffle",1.473,73.33323208,1,2,8,23.12138728,7,3.727272727,14.45086705,"070184-012","Chloride",58.8,"ppm","","Eagleville Brook",201489553,2006,3.8151,5.716489118,0.039787915,0.039787915,8.51361762536858,3.66962858116432,0.055121951,0.097804878048781,0.385609756097561,0.328048780487805,0.001951219512195,0.001463414634146,0.429268292682927
15304,2012,2012-10-12,"6448.5-3","First",1,"Riffle",1.473,74.38934499,2,4,9,69.85645933,7,3.535714286,48.32535885,"120279-006","Chloride",185,"ppm","","Eagleville Brook",201489553,2010,3.8151,5.716489118,0.039787915,0.039787915,8.51361762536858,3.66962858116432,0.055121951,0.097073170731707,0.393414634146341,0.326341463414634,0.001951219512195,0.001463414634146,0.426829268292682
15304,2019,2019-10-02,"7955.6-8","First",1,"Riffle",1.473,71.47326182,2,1,10,34.85477178,7,3.714285714,23.65145228,"190411-008","Chloride",526,"ppm","NULL","Eagleville Brook",201489553,2015,3.8151,5.716489118,0.039787915,0.039787915,8.51361762536858,3.66962858116432,0.055121951,0.097073170731707,0.400243902439024,0.323170731707317,0.001951219512195,0.001463414634146,0.423658536585365
15308,2003,2003-11-03,"4811","First",1,"Riffle",44.3665,68.35724124,6,3,6,57.57575758,8,3.513888889,24.24242424,"03425-02","Chloride",6.3,"ppm","","Blackberry River",201489143,2002,114.9093,150.975120946,0.079585085,0.191340197,17.4952331418202,0.583068559289805,0.11598034,0.538899936945239,0.066102407398425,0.201435708395984,0.032376194402677,0.037194224830641,0.809906064574541
15309,2003,2003-11-03,"4812","First",1,"Riffle",44.3665,64.31255705,6,1,6,44.55445545,10,3.573333333,18.31683168,"03425-04","Chloride",6.1,"ppm","","Blackberry River",201489143,2002,114.9093,150.975120946,0.079585085,0.191340197,17.4952331418202,0.583068559289805,0.11598034,0.538899936945239,0.066102407398425,0.201435708395984,0.032376194402677,0.037194224830641,0.809906064574541
15312,2007,2007-09-24,"11958","First",1,"Riffle",8.3815,59.62777431,4,2,5,35.07853403,7,3.551724138,14.65968586,"070184-016","Chloride",4.9,"ppm","","Beaver Brook",201494645,2006,21.708,34.277410888,0.187413579,0.184850554,13.4701853396348,0.783121429887599,0.042977612,0.565129917383674,0.046102478489791,0.270536364025513,0.013612430974701,0.055819528273618,0.905098240657506
15312,2008,2008-09-24,"13920","First",1,"Riffle",8.3815,75.06633648,8,2,8,43.90243902,9,3.382352941,11.70731707,"080168-009","Chloride",3.2,"ppm","","Beaver Brook",201494645,2006,21.708,34.277410888,0.187413579,0.184850554,13.4701853396348,0.783121429887599,0.042977612,0.565129917383674,0.046102478489791,0.270536364025513,0.013612430974701,0.055819528273618,0.905098240657506
15312,2009,2009-09-30,"15659","First",1,"Riffle",8.3815,58.7443059,3,2,7,36.30573248,7,3.592592593,21.01910828,"090208-013","Chloride",6.5,"ppm","","Beaver Brook",201494645,2010,21.708,34.277410888,0.187413579,0.184850554,13.4701853396348,0.783121429887599,0.042977612,0.582594923162536,0.046744574290484,0.258422156585763,0.013569624587989,0.055819528273618,0.910406232609906
15312,2010,2010-10-04,"22810","First",1,"Riffle",8.3815,78.40237362,6,3,10,67.25146199,8,3.515151515,15.78947368,"100305-002","Chloride",5.9,"ppm","","Beaver Brook",201494645,2010,21.708,34.277410888,0.187413579,0.184850554,13.4701853396348,0.783121429887599,0.042977612,0.582594923162536,0.046744574290484,0.258422156585763,0.013569624587989,0.055819528273618,0.910406232609906
15312,2012,2012-10-15,"6448.5-17","First",1,"Riffle",8.3815,55.34190524,4,2,6,19.75308642,7,3.723684211,18.93004115,"120279-020","Chloride",5.4,"ppm","","Beaver Brook",201494645,2010,21.708,34.277410888,0.187413579,0.184850554,13.4701853396348,0.783121429887599,0.042977612,0.582594923162536,0.046744574290484,0.258422156585763,0.013569624587989,0.055819528273618,0.910406232609906
15312,2013,2013-09-19,"14418","First",1,"Riffle",8.3815,36.80173403,3,NA,4,2.777777778,6,3.866666667,39.44444444,"130377-022","Chloride",5.7,"ppm","","Beaver Brook",201494645,2015,21.708,34.277410888,0.187413579,0.184850554,13.4701853396348,0.783121429887599,0.042977612,0.575917126835324,0.04683018706391,0.264072599631865,0.013526818201276,0.055819528273618,0.909336072942083
15312,2014,2014-10-02,"620.1-082","First",1,"Riffle",8.3815,57.10637815,4,2,10,30.06134969,5,3.741935484,28.2208589,"140333-003","Chloride",7.3,"ppm","","Beaver Brook",201494645,2015,21.708,34.277410888,0.187413579,0.184850554,13.4701853396348,0.783121429887599,0.042977612,0.575917126835324,0.04683018706391,0.264072599631865,0.013526818201276,0.055819528273618,0.909336072942083
15312,2015,2015-10-01,"620.2-089","First",1,"Riffle",8.3815,58.34648943,5,1,6,62.00873362,7,3.615384615,46.28820961,"150413-012","Chloride",7,"ppm","","Beaver Brook",201494645,2015,21.708,34.277410888,0.187413579,0.184850554,13.4701853396348,0.783121429887599,0.042977612,0.575917126835324,0.04683018706391,0.264072599631865,0.013526818201276,0.055819528273618,0.909336072942083
15312,2016,2016-10-25,"16-B-097","First",1,"Riffle",8.3815,71.52196229,8,2,5,70.27027027,8,3.571428571,21.08108108,"160390-005","Chloride",7.4,"ppm","NULL","Beaver Brook",201494645,2015,21.708,34.277410888,0.187413579,0.184850554,13.4701853396348,0.783121429887599,0.042977612,0.575917126835324,0.04683018706391,0.264072599631865,0.013526818201276,0.055819528273618,0.909336072942083
15313,2012,2012-10-25,"6448.6-33","First",1,"Riffle",7.478,61.16209856,4,2,7,43.33333333,7,3.774193548,16.66666667,"120289-005","Chloride",14.4,"ppm","","Harris Brook",201493809,2010,19.368,32.355547347,0.081548863,0.125754007,8.68747631154012,0.619578686493185,0.095519094,0.406927653041643,0.078631740548839,0.323930147764345,0.031711763577049,0.052533103051238,0.815102667434275
15315,2012,2012-10-05,"6448.3-28","First",1,"Riffle",1.2499,77.17800718,4,1,11,32.41758242,7,3.47008547,8.791208791,"120274-006","Chloride",7.4,"ppm","","Burnham Brook",201494065,2010,3.2373,3.98598805,0.01908328,0.01908328,11.8509813062769,0.308899391468199,0.04045911,0.675753228120517,0.041606886657102,0.211764705882353,0,0.017503586800574,0.905021520803444
15315,2013,2013-09-19,"14420","First",1,"Riffle",1.2499,82.08169366,3,3,9,33.33333333,9,3.355263158,18.90547264,"130377-023","Chloride",6.6,"ppm","","Burnham Brook",201494065,2015,3.2373,3.98598805,0.01908328,0.01908328,11.8509813062769,0.308899391468199,0.040172166,0.672022955523673,0.041893830703013,0.215494978479197,0,0.017503586800574,0.905021520803444
15315,2014,2014-09-30,"620.1-076","First",1,"Riffle",1.2499,84.91794217,5,4,10,37.62886598,8,3.378378378,14.43298969,"140304-014","Chloride",5.6,"ppm","","Burnham Brook",201494065,2015,3.2373,3.98598805,0.01908328,0.01908328,11.8509813062769,0.308899391468199,0.040172166,0.672022955523673,0.041893830703013,0.215494978479197,0,0.017503586800574,0.905021520803444
15315,2015,2015-10-01,"620.2-088","First",1,"Riffle",1.2499,79.33271541,4,2,10,34.49781659,7,3.257142857,17.90393013,"150413-010","Chloride",12.1,"ppm","","Burnham Brook",201494065,2015,3.2373,3.98598805,0.01908328,0.01908328,11.8509813062769,0.308899391468199,0.040172166,0.672022955523673,0.041893830703013,0.215494978479197,0,0.017503586800574,0.905021520803444
15315,2016,2016-10-24,"16-B-096","First",1,"Riffle",1.2499,86.65741666,5,4,11,43.75,8,3.361111111,7.8125,"160390-004","Chloride",11.5,"ppm","NULL","Burnham Brook",201494065,2015,3.2373,3.98598805,0.01908328,0.01908328,11.8509813062769,0.308899391468199,0.040172166,0.672022955523673,0.041893830703013,0.215494978479197,0,0.017503586800574,0.905021520803444
15319,2006,2006-10-11,"9982","First",1,"Riffle",5.6474,50.7583572,4,NA,8,27.66990291,5,3.789473684,26.21359223,"061253-023","Chloride",64.36,"ppm","","Nod Brook",201490889,2006,14.6268,17.563803328,0.604373053,0.722011545,8.88936492738967,1.8459266551809,0.002795426,0.132401524777637,0.30705209656925,0.441613722998729,0.009339263024142,0.054447268106734,0.637801778907242
15319,2008,2008-09-15,"13838","First",1,"Riffle",5.6474,52.73221419,4,NA,7,30.23255814,8,3.97826087,23.72093023,"080157-007","Chloride",44.4,"ppm","","Nod Brook",201490889,2006,14.6268,17.563803328,0.604373053,0.722011545,8.88936492738967,1.8459266551809,0.002795426,0.132401524777637,0.30705209656925,0.441613722998729,0.009339263024142,0.054447268106734,0.637801778907242
15319,2010,2010-09-20,"22505","First",1,"Riffle",5.6474,52.16046494,4,1,5,26.54867257,8,3.989583333,23.45132743,"100283-001","Chloride",101.1,"ppm","","Nod Brook",201490889,2010,14.6268,17.563803328,0.604373053,0.722011545,8.88936492738967,1.8459266551809,0.002795426,0.125412960609911,0.309212198221093,0.447013977128335,0.009402795425667,0.05438373570521,0.636213468869123
15319,2012,2012-10-22,"6448.6-22","First",1,"Riffle",5.6474,52.94100071,4,1,7,30.88235294,6,3.88,26.96078431,"120288-013","Chloride",54.7,"ppm","","Nod Brook",201490889,2010,14.6268,17.563803328,0.604373053,0.722011545,8.88936492738967,1.8459266551809,0.002795426,0.125412960609911,0.309212198221093,0.447013977128335,0.009402795425667,0.05438373570521,0.636213468869123
15333,2008,2008-10-08,"14012","First",1,"Riffle",6.9157,37.49608682,2,NA,4,36.32286996,5,4.45,27.35426009,"080184-003","Chloride",66.2,"ppm","","Webster Brook",201492832,2006,17.9118,19.317324061,0.410330146,0.296216681,6.56922867690172,1.28406971940285,0.00959444,0.01083912457214,0.55958925422674,0.163105486982678,0.002385644642672,0.04034851156519,0.21667876776268
15333,2012,2012-09-17,"6448.1-4","First",1,"Riffle",6.9157,42.22437664,4,NA,4,58.03571429,4,4.147058824,49.55357143,"120242-003","Chloride",78.4,"ppm","","Webster Brook",201492832,2010,17.9118,19.317324061,0.410330146,0.296216681,6.56922867690172,1.28406971940285,0.00959444,0.010164920651385,0.560626491027902,0.163468519863085,0.002230059122498,0.040296649725132,0.2161601493621
15333,2014,2014-10-08,"620.1-116","First",1,"Riffle",6.9157,48.02505783,3,NA,6,58.01526718,5,4.119047619,30.53435115,"140331-001","Chloride",78.8,"ppm","","Webster Brook",201492832,2015,17.9118,19.317324061,0.410330146,0.296216681,6.56922867690172,1.28406971940285,0.00959444,0.010735400892024,0.567835286795976,0.157400684576289,0.002230059122498,0.040296649725132,0.210662794315943
15357,2006,2006-09-20,"9786","First",1,"Riffle",8.0055,26.5582687,1,NA,6,8.376963351,3,4.333333333,49.21465969,"061236-017","Chloride",21.93,"ppm","","Sasco Brook",201496958,2006,20.7342,43.985677715,0.05050668,0.43550728,6.46380540665157,3.3760646661072,0.042346299,0.070756407958416,0.246997669833303,0.351362251299516,0.002554221186593,0.041405269761606,0.466078150206131
15357,2006,2006-09-20,"9786","First",1,"Riffle",8.0055,26.5582687,1,NA,6,8.376963351,3,4.333333333,49.21465969,"061236-018","Chloride",21.95,"ppm","","Sasco Brook",201496958,2006,20.7342,43.985677715,0.05050668,0.43550728,6.46380540665157,3.3760646661072,0.042346299,0.070756407958416,0.246997669833303,0.351362251299516,0.002554221186593,0.041405269761606,0.466078150206131
15357,2007,2007-10-02,"12057","First",1,"Riffle",8.0055,43.55444137,2,NA,8,26.69683258,5,3.954545455,31.67420814,"070195-014","Chloride",23.2,"ppm","","Sasco Brook",201496958,2006,20.7342,43.985677715,0.05050668,0.43550728,6.46380540665157,3.3760646661072,0.042346299,0.070756407958416,0.246997669833303,0.351362251299516,0.002554221186593,0.041405269761606,0.466078150206131
15357,2013,2013-10-02,"14423","First",1,"Riffle",8.0055,40.23631588,3,NA,5,32.48730964,4,4.2,27.41116751,"130395-033","Chloride",30.2,"ppm","","Sasco Brook",201496958,2015,20.7342,43.985677715,0.05050668,0.43550728,6.46380540665157,3.3760646661072,0.040016132,0.070487542570353,0.247042480731314,0.352527334647786,0.002509410288582,0.041405269761606,0.466929557268327
15357,2016,2016-11-02,"16-B-125","First",1,"Riffle",8.0055,47.92050975,4,1,6,32.37410072,6,4.177419355,28.77697842,"160399-025","Chloride",37.7,"ppm","NULL","Sasco Brook",201496958,2015,20.7342,43.985677715,0.05050668,0.43550728,6.46380540665157,3.3760646661072,0.040016132,0.070487542570353,0.247042480731314,0.352527334647786,0.002509410288582,0.041405269761606,0.466929557268327
15364,2007,2007-10-01,"12054","First",1,"Riffle",12.2841,49.35487637,3,NA,7,64.24870466,7,4.0625,45.07772021,"070195-010","Chloride",25.7,"ppm","","West Branch Saugatuck River",201496923,2006,31.8159,75.332147427,0.057340173,0.394129979,9.27580487884006,2.54589686288931,0.009956495,0.292066921661946,0.195363368273526,0.388887266781512,0.004934450640895,0.049986860930246,0.735875500014599
15364,2013,2013-10-09,"14426","First",1,"Riffle",12.2841,64.77048147,4,1,10,56.65024631,10,4.015625,18.71921182,"130405-008","Chloride",47,"ppm","","West Branch Saugatuck River",201496923,2015,31.8159,75.332147427,0.057340173,0.394129979,9.27580487884006,2.54589686288931,0.009956495,0.286606908230897,0.195626149668603,0.393412946363397,0.004700867178604,0.049986860930246,0.734707582703144
15370,2007,2007-10-01,"12055","First",1,"Riffle",42.9473,52.32103934,4,NA,8,37.5,9,4.115384615,21.73913043,"070195-011","Chloride",16.6,"ppm","","Saugatuck River",201496890,2006,111.2337,210.250595825,0.063754199,0.331873346,11.9256968309729,1.5822542988321,0.019067107,0.352094208042761,0.122019459640038,0.371495385643296,0.047997661502485,0.0408902994112,0.812477554599742
15370,2013,2013-10-17,"14428","First",1,"Riffle",42.9473,58.25747538,4,1,9,48.71794872,6,3.75,17.94871795,"130417-001","Chloride",26.1,"ppm","","Saugatuck River",201496890,2015,111.2337,210.250595825,0.063754199,0.331873346,11.9256968309729,1.5822542988321,0.019108865,0.348527999331858,0.122453752035746,0.374744226834259,0.047830625965674,0.040873595857519,0.81197644798931
15375,2007,2007-10-01,"12053","First",1,"Riffle",21.9297,51.38494728,3,1,7,64.32432432,5,3.85,40,"070195-009","Chloride",19.6,"ppm","","Aspetuck River",201496904,2006,56.7981,119.70478598,0.070554274,0.089581332,11.6373872297661,1.79583471982337,0.037599764,0.335110558681146,0.135336255397095,0.386562867983776,0.011742771163156,0.048737406777443,0.782153604605521
15375,2013,2013-10-09,"14430","First",1,"Riffle",21.9297,56.15588467,2,2,9,42.07920792,7,3.714285714,28.71287129,"130405-012","Chloride",28,"ppm","","Aspetuck River",201496904,2015,56.7981,119.70478598,0.070554274,0.089581332,11.6373872297661,1.79583471982337,0.037534345,0.333066204370012,0.136252126128484,0.388901609315714,0.01131754546644,0.048721051942954,0.78200641109512
15380,2013,2013-10-09,"14434","First",1,"Riffle",18.0782,47.86110009,4,1,6,49.43820225,5,3.958333333,42.41573034,"130405-017","Chloride",22.9,"ppm","","Aspetuck River",201496795,2015,46.8225,95.412320746,0.069472098,0.493914583,7.89001413648829,1.40957872817556,0.04489723,0.390782477581144,0.111280850726133,0.362550591222919,0.012598206491548,0.053745734465519,0.81967700976113
15386,2012,2012-10-12,"6448.5-5","First",1,"Riffle",1.0748,72.64900887,1,1,9,21.89054726,8,3.74,17.41293532,"120279-008","Chloride",185.7,"ppm","","Roberts Brook (Mirror Lake outlet)",201489256,2010,2.7837,3.950319798,0.076447088,0.076447088,9.30659971078017,2.15540467722815,0.247250916,0.120626457847384,0.345884705098301,0.188270576474509,0.006331222925691,0.005998000666445,0.321226257914029
15386,2014,2014-10-08,"620.1-123","First",1,"Riffle",1.0748,74.340208,1,3,8,27.51322751,6,3.684210526,16.93121693,"140331-008","Chloride",244,"ppm","","Roberts Brook (Mirror Lake outlet)",201489256,2015,2.7837,3.950319798,0.076447088,0.076447088,9.30659971078017,2.15540467722815,0.243918694,0.120626457847384,0.350216594468511,0.188603798733755,0.005664778407198,0.005998000666445,0.320893035654782
15386,2015,2015-09-16,"620.2-032","First",1,"Riffle",1.0748,55.34568413,NA,1,8,43.62745098,7,3.76,19.60784314,"150372-029","Chloride",269.6,"ppm","","Roberts Brook (Mirror Lake outlet)",201489256,2015,2.7837,3.950319798,0.076447088,0.076447088,9.30659971078017,2.15540467722815,0.243918694,0.120626457847384,0.350216594468511,0.188603798733755,0.005664778407198,0.005998000666445,0.320893035654782
15397,2020,2020-10-28,"7955.8-35","First",1,"Riffle",21.3341,43.19242395,2,2,6,36.2244898,4,4.020833333,37.75510204,"200346-031","Chloride",42.4,"ppm","NULL","Silvermine River",201497045,2015,55.2555,112.997178696,0.047104916,0.210689655,11.1031968560685,2.17172951108939,0.002253654,0.12368186481441,0.238786390622109,0.437057468171345,0.032005247313275,0.033552531996838,0.626297112295868
15406,2008,2008-10-08,"14014","First",1,"Riffle",0.9893,16.1633213,1,NA,4,1.860465116,2,4.179487179,58.60465116,"080184-006","Chloride",48.2,"ppm","","Little Brook",201492710,2006,2.5623,3.073008075,0.335498825,0.335498825,10.6108168050879,0.780548725754205,0.05865315,0.025706010137582,0.388124547429399,0.317161477190442,0,0.020999275887038,0.363866763215062
15406,2012,2012-09-17,"6448.1-3","First",1,"Riffle",0.9893,26.99161949,1,NA,5,5.18134715,1,3.979166667,11.91709845,"120242-002","Chloride",59.1,"ppm","","Little Brook",201492710,2010,2.5623,3.073008075,0.335498825,0.335498825,10.6108168050879,0.780548725754205,0.05865315,0.025706010137582,0.38848660391021,0.316075307748009,0,0.020999275887038,0.362780593772629
15413,2006,2006-09-21,"9821","First",1,"Riffle",4.1268,52.71130195,3,NA,8,40.96385542,5,3.956521739,19.27710843,"061236-025","Chloride",33.46,"ppm","","Belcher Brook",201493424,2006,10.6884,10.155262413,0.455239585,0.825678206,9.32211085697477,1.02915310055761,0.027727075,0.191395045632334,0.304302477183833,0.244415471534116,0.075706214689266,0.03102998696219,0.542546718817906
15413,2012,2012-09-17,"6448.1-7","First",1,"Riffle",4.1268,48.15124134,3,NA,7,42.3580786,6,4.144444444,35.80786026,"120242-005","Chloride",45,"ppm","","Belcher Brook",201493424,2010,10.6884,10.155262413,0.455239585,0.825678206,9.32211085697477,1.02915310055761,0.027727075,0.189917427205563,0.304476314645806,0.247109952194698,0.076053889613212,0.03102998696219,0.544111255975663
15413,2014,2014-10-08,"620.1-114","First",1,"Riffle",4.1268,42.04473642,2,NA,5,58.88324873,5,4.128787879,57.36040609,"140332-019","Chloride",47.6,"ppm","","Belcher Brook",201493424,2015,10.6884,10.155262413,0.455239585,0.825678206,9.32211085697477,1.02915310055761,0.027727075,0.18522381573229,0.304650152107779,0.247892220773577,0.075966970882225,0.03102998696219,0.540112994350282
15413,2015,2015-10-02,"620.2-100","First",1,"Riffle",4.1268,52.84817143,3,NA,8,36.93693694,7,3.975308642,27.02702703,"150414-002","Chloride",54.4,"ppm","","Belcher Brook",201493424,2015,10.6884,10.155262413,0.455239585,0.825678206,9.32211085697477,1.02915310055761,0.027727075,0.18522381573229,0.304650152107779,0.247892220773577,0.075966970882225,0.03102998696219,0.540112994350282
15479,2007,2007-09-20,"11871","First",1,"Riffle",19.194,24.88592432,1,NA,5,2.285714286,4,4.323529412,45.71428571,"070177-008","Chloride",47.3,"ppm","","Quinnipiac River",201493770,2006,49.7124,51.103295055,0.290344881,0.541055283,7.95817042504995,1.95122343721084,0.046269996,0.068844371355958,0.422073553595455,0.245515024667364,0.010782628195545,0.036795485124832,0.361937509343699
15479,2016,2016-10-13,"16-B-069","First",1,"Riffle",19.194,30.89803544,NA,1,4,31.57894737,2,4.263157895,25.73099415,"160372-031","Chloride",75.7,"ppm","NULL","Quinnipiac River",201493770,2015,49.7124,51.103295055,0.290344881,0.541055283,7.95817042504995,1.95122343721084,0.044812379,0.066714008072956,0.428371206458364,0.240394677829272,0.010782628195545,0.036739422933174,0.354630737030947
15479,2017,2017-10-17,"7955.02-48","First",1,"Riffle",19.194,30.95497323,NA,1,5,6.179775281,5,4.272727273,25.84269663,"170306-008","Chloride",95.1,"ppm","NULL","Quinnipiac River",201493770,2015,49.7124,51.103295055,0.290344881,0.541055283,7.95817042504995,1.95122343721084,0.044812379,0.066714008072956,0.428371206458364,0.240394677829272,0.010782628195545,0.036739422933174,0.354630737030947
15479,2018,2018-10-16,"7955.4-38","First",1,"Riffle",19.194,8.349384761,NA,NA,3,1.554404145,2,4.576923077,78.75647668,"180362-011","Chloride",88,"ppm","NULL","Quinnipiac River",201493770,2015,49.7124,51.103295055,0.290344881,0.541055283,7.95817042504995,1.95122343721084,0.044812379,0.066714008072956,0.428371206458364,0.240394677829272,0.010782628195545,0.036739422933174,0.354630737030947
15499,2012,2012-10-16,"6448.5-24","First",1,"Riffle",17.2748,52.71186072,6,1,6,17.24137931,7,3.548387097,37.06896552,"120280-005","Chloride",17.4,"ppm","","West Branch Salmon Brook",201489026,2010,44.7417,78.153963134,0.125430045,0.25187922,11.3202524410252,1.09517519450535,0.048103473,0.556916561131065,0.07500986152345,0.274856229368655,0.00147403824195,0.04322461436253,0.8764714431042
15499,2013,2013-10-15,"14436","First",1,"Riffle",17.2748,80.91723378,8,5,9,49.35622318,9,3.393939394,26.18025751,"130405-018","Chloride",18.5,"ppm","","West Branch Salmon Brook",201489026,2015,44.7417,78.153963134,0.125430045,0.25187922,11.3202524410252,1.09517519450535,0.048144996,0.555380239583117,0.075030622625449,0.276662445242593,0.00147403824195,0.04322461436253,0.87674133743019
15499,2014,2014-09-25,"620.1-061","First",1,"Riffle",17.2748,67.08205703,8,2,7,43.54066986,8,3.551724138,29.18660287,"140293-008","Chloride",26.8,"ppm","","West Branch Salmon Brook",201489026,2015,44.7417,78.153963134,0.125430045,0.25187922,11.3202524410252,1.09517519450535,0.048144996,0.555380239583117,0.075030622625449,0.276662445242593,0.00147403824195,0.04322461436253,0.87674133743019
15499,2015,2015-09-15,"620.2-020","First",1,"Riffle",17.2748,71.02196207,6,3,11,22.47191011,12,3.590909091,25.46816479,"150372-019","Chloride",26.7,"ppm","","West Branch Salmon Brook",201489026,2015,44.7417,78.153963134,0.125430045,0.25187922,11.3202524410252,1.09517519450535,0.048144996,0.555380239583117,0.075030622625449,0.276662445242593,0.00147403824195,0.04322461436253,0.87674133743019
15499,2016,2016-10-12,"16-B-068","First",1,"Riffle",17.2748,78.68701185,8,3,8,43.82022472,11,3.366666667,16.85393258,"160372-030","Chloride",29.4,"ppm","NULL","West Branch Salmon Brook",201489026,2015,44.7417,78.153963134,0.125430045,0.25187922,11.3202524410252,1.09517519450535,0.048144996,0.555380239583117,0.075030622625449,0.276662445242593,0.00147403824195,0.04322461436253,0.87674133743019
15499,2018,2018-10-02,"7955.4-10","First",1,"Riffle",17.2748,78.27171993,8,4,10,27.41116751,11,3.461538462,21.82741117,"180337-011","Chloride",20.9,"ppm","NULL","West Branch Salmon Brook",201489026,2015,44.7417,78.153963134,0.125430045,0.25187922,11.3202524410252,1.09517519450535,0.048144996,0.555380239583117,0.075030622625449,0.276662445242593,0.00147403824195,0.04322461436253,0.87674133743019
15499,2019,2019-10-15,"7955.6-39","First",1,"Riffle",17.2748,78.70196421,8,5,9,36.23853211,9,3.375,25.68807339,"190448-004","Chloride",29.9,"ppm","NULL","West Branch Salmon Brook",201489026,2015,44.7417,78.153963134,0.125430045,0.25187922,11.3202524410252,1.09517519450535,0.048144996,0.555380239583117,0.075030622625449,0.276662445242593,0.00147403824195,0.04322461436253,0.87674133743019
15520,2012,2012-10-12,"6448.4-30","First",1,"Riffle",2.5857,84.62830145,3,8,11,36.32653061,8,3.186046512,17.55102041,"120279-004","Chloride",10,"ppm","","Bonemill Brook",201487754,2010,6.6969,8.991928836,0.022598447,0.082318047,11.4292139713609,0.597291284026938,0.003051741,0.529615758080178,0.057705645720627,0.338881953114163,0.007074490220558,0.019558884727424,0.895131086142323
15520,2014,2014-10-07,"620.1-102","First",1,"Riffle",2.5857,88.60560082,6,5,11,46.875,8,3.257142857,11.71875,"140332-003","Chloride",10.8,"ppm","","Bonemill Brook",201487754,2015,6.6969,8.991928836,0.022598447,0.082318047,11.4292139713609,0.597291284026938,0.003051741,0.525454293244555,0.057705645720627,0.344708003884034,0.006935774726037,0.019558884727424,0.89665695658205
15529,2006,2006-10-10,"9971","First",1,"Riffle",17.4579,59.75846917,7,2,5,29.03225806,10,3.596153846,45.16129032,"061253-004","Chloride",6.09,"ppm","","Macedonia Brook",201493447,2006,45.216,62.773219809,0.035919458,9.1e-05,32.3748621587054,0.81829440905874,0.044701919,0.715600476601339,0.037326923867045,0.15844940219401,0.019557089444924,0.032129504088089,0.925736472328362
15529,2016,2016-09-27,"16-B-022","First",1,"Riffle",17.4579,43.8078518,3,2,6,13.60946746,6,3.928571429,40.23668639,"160366-010","Chloride",12.5,"ppm","NULL","Macedonia Brook",201493447,2015,45.216,62.773219809,0.035919458,9.1e-05,32.3748621587054,0.81829440905874,0.0453593,0.715251242861252,0.037368010189408,0.159805250831998,0.019516003122561,0.032088417765726,0.926660914581537
15530,2006,2006-09-26,"9867","First",1,"Riffle",27.1411,64.03560201,6,2,8,39.45945946,8,3.828571429,14.59459459,"061249-008","Chloride",14.19,"ppm","","Weekeepeemee River",201494779,2006,70.2954,108.490894607,0.034457452,0.233809001,17.7298804602523,1.09537750692079,0.1846467,0.315657299955061,0.081286843427,0.346929604271855,0.010243464009094,0.015979803854186,0.688810172090196
15530,2012,2012-10-02,"6448.3-4","First",1,"Riffle",27.1411,72.32549582,8,2,10,35.74879227,10,3.7625,13.52657005,"120264-016","Chloride",17,"ppm","","Weekeepeemee River",201494779,2010,70.2954,108.490894607,0.034457452,0.233809001,17.7298804602523,1.09537750692079,0.18509609,0.310304263924502,0.081379365037405,0.348145602580031,0.010269898754924,0.015940151735441,0.684659916994898
15530,2015,2015-09-16,"620.2-033","First",1,"Riffle",27.1411,56.83701262,10,NA,10,20,9,3.866666667,41.39534884,"150372-030","Chloride",29.3,"ppm","","Weekeepeemee River",201494779,2015,70.2954,108.490894607,0.034457452,0.233809001,17.7298804602523,1.09537750692079,0.185320786,0.311136958418145,0.081617277749874,0.349784556821486,0.010045203415369,0.015940151735441,0.686906870390441
15530,2016,2016-09-21,"16-B-011","First",1,"Riffle",27.1411,47.13500502,2,1,7,33.52272727,4,3.782608696,18.75,"160349-012","Chloride",30.9,"ppm","NULL","Weekeepeemee River",201494779,2015,70.2954,108.490894607,0.034457452,0.233809001,17.7298804602523,1.09537750692079,0.185320786,0.311136958418145,0.081617277749874,0.349784556821486,0.010045203415369,0.015940151735441,0.686906870390441
15530,2018,2018-10-17,"7955.4-42","First",1,"Riffle",27.1411,66.41687167,6,2,10,40.22346369,7,3.655172414,16.20111732,"180362-017","Chloride",30,"ppm","NULL","Weekeepeemee River",201494779,2015,70.2954,108.490894607,0.034457452,0.233809001,17.7298804602523,1.09537750692079,0.185320786,0.311136958418145,0.081617277749874,0.349784556821486,0.010045203415369,0.015940151735441,0.686906870390441
15531,2006,2006-10-19,"10005","First",1,"Riffle",23.5831,77.40252351,7,3,9,46.93877551,13,3.4625,18.36734694,"061270-001","Chloride",13.88,"ppm","","Leadmine Brook",201492679,2006,61.0803,108.854655517,0.037606625,0.013463425,19.029928869658,1.45709827882312,0.098548917,0.343103553175955,0.121334266244828,0.332228036018496,0.011499148211244,0.041418228279387,0.728248965685082
15531,2016,2016-10-05,"16-B-044","First",1,"Riffle",23.5831,56.37644045,4,2,5,56.19047619,6,3.653846154,31.9047619,"160372-005","Chloride",46.9,"ppm","NULL","Leadmine Brook",201492679,2015,61.0803,108.854655517,0.037606625,0.013463425,19.029928869658,1.45709827882312,0.098761864,0.333825139936724,0.124863105378438,0.338023241664639,0.011255779995133,0.04140301776588,0.724507179362376
15540,2014,2014-10-03,"620.1-089","First",1,"Riffle",16.5416,49.06942103,2,NA,10,16.66666667,10,4.196428571,19.72789116,"140333-010","Chloride",54.1,"ppm","","Hop Brook",201495005,2015,42.8427,65.99211102,0.060520127,0.119503065,15.2657695600369,2.1007079385753,0.089905431,0.18043987506507,0.221694429984383,0.362593267395454,0.010129272948117,0.036222453583203,0.589384868991844
15567,2014,2014-10-09,"620.1-130","First",1,"Riffle",12.1688,63.3143044,5,1,8,50.17667845,8,3.735632184,17.66784452,"140331-016","Chloride",13.8,"ppm","","Pease Brook",201492270,2015,31.5171,60.430119055,0.083400986,0.014829461,12.0086749601042,0.920135418550565,0.244876294,0.251068974668986,0.07289670018578,0.303795228686857,0.003243785202442,0.042700008846687,0.600807997404972
15570,2012,2012-10-11,"6448.4-22","First",1,"Riffle",3.4613,73.08470428,4,3,12,50,5,3.542857143,16.98113208,"120275-006","Chloride",17.5,"ppm","","Ratlum Brook",201490308,2010,8.9649,17.835749085,0.002518163,0.007564638,23.1268984590194,1.22700755167375,0.002486016,0.621089703749741,0.065257924176507,0.276258545680547,0.001346592086182,0.021027553345763,0.919722394862233
15571,2008,2008-09-15,"13840","First",1,"Riffle",13.7717,64.65797014,7,1,6,46.89265537,8,3.68,15.25423729,"080157-009","Chloride",9.9,"ppm","","Cherry Brook",201490704,2006,35.6688,59.611164659,0.046322516,0.265005559,17.8227837770545,0.953214013367425,0.060258847,0.504622275461577,0.079268769042473,0.304939975521471,0.00197911512721,0.019452618421395,0.830993984531653
15571,2012,2012-09-24,"6448.2-1","First",1,"Riffle",13.7717,74.14826984,6,2,11,51.2605042,11,3.651515152,23.94957983,"120249-015","Chloride",20.3,"ppm","","Cherry Brook",201490704,2010,35.6688,59.611164659,0.046322516,0.265005559,17.8227837770545,0.953214013367425,0.060258847,0.501184864977474,0.079425014973568,0.306554516809458,0.00197911512721,0.019426577432879,0.829145074347021
15571,2014,2014-09-24,"620.1-047","First",1,"Riffle",13.7717,79.80143289,8,2,9,63.05418719,11,3.444444444,20.19704433,"140294-013","Chloride",40.3,"ppm","","Cherry Brook",201490704,2015,35.6688,59.611164659,0.046322516,0.265005559,17.8227837770545,0.953214013367425,0.060258847,0.500742168172704,0.079451055962084,0.308064894143382,0.001900992161662,0.019426577432879,0.830134631910627
15581,2016,2016-10-26,"16-B-107","First",1,"Riffle",13.1209,71.70536277,6,1,8,58.75706215,11,3.636363636,15.81920904,"160399-006","Chloride",69.3,"ppm","NULL","Pond Brook",201495754,2015,33.9831,67.214377316,0.074862271,0.483754513,13.9025255484437,2.44239048232798,0.038527795,0.176232533975008,0.188318613108747,0.417981460720243,0.021793224139345,0.028027672199284,0.64403489103388
15670,2006,2006-10-16,"9989","First",1,"Riffle",7.2792,32.94815203,2,NA,6,3.465346535,5,4.307692308,36.13861386,"061260-005","Chloride",45.84,"ppm","","Sympaug Brook",201496333,2006,18.8532,27.306758669,0.159822759,0.226931733,12.5685646142351,2.17469713364309,0.008967726,0.194333579699433,0.331608770633161,0.312835673811284,0.026656812022666,0.031731953683173,0.565558019216556
15678,2008,2008-09-17,"13858","First",1,"Riffle",22.1598,75.85210111,8,4,10,37.32057416,8,3.526315789,20.09569378,"080158-007","Chloride",6.2,"ppm","","Sandy Brook",201488629,2006,57.3939,72.106928473,0.030658161,0.000596659,15.8065171596714,0.365892542587278,0.021931954,0.692402317827199,0.043750606972905,0.181849082256968,0.039509889611861,0.054692305202162,0.96845359489819
15678,2012,2012-10-03,"6448.3-13","First",1,"Riffle",22.1598,83.05381328,8,4,11,55.49132948,10,3.541666667,19.07514451,"120263-006","Chloride",10.3,"ppm","","Sandy Brook",201488629,2010,57.3939,72.106928473,0.030658161,0.000596659,15.8065171596714,0.365892542587278,0.022320417,0.6783367323816,0.043815350749409,0.19306594153637,0.039574633388366,0.055258813246577,0.966236120552913
15679,2012,2012-10-03,"6448.3-12","First",1,"Riffle",7.8585,73.02201728,5,4,9,51.28205128,6,3.352941176,21.15384615,"120263-005","Chloride",21,"ppm","","Center Brook",201488869,2010,20.3535,28.015622339,0.004066577,9.93e-05,22.0810992626608,0.835237182794114,0.060343254,0.537429249589191,0.067874748950155,0.270357860142414,0.007531495344167,0.111557421946321,0.926876027022093
15689,2016,2016-10-24,"16-B-092","First",1,"Riffle",14.7291,67.99939109,3,3,8,57.31707317,9,3.637931034,17.68292683,"160389-020","Chloride",41.8,"ppm","NULL","Moodus River",201493910,2015,38.1483,60.547492152,0.060957433,0.448871182,18.9725235837514,1.28446090651484,0.070697969,0.334859480785154,0.119429155910574,0.302737324046564,0.091666260776387,0.065218450148556,0.794481515756661
15703,2015,2015-09-14,"620.2-007","First",1,"Riffle",12.4419,79.7097598,6,6,6,50,8,3.225806452,16.52892562,"150372-008","Chloride",26.5,"ppm","","West Branch Salmon Brook",201488899,2015,32.2245,54.160049854,0.134097171,0.240858297,18.4465218295488,1.27232385296901,0.040012684,0.512813860301537,0.086742194932111,0.31110726743348,0.001758482516071,0.042232407967944,0.867912018219032
15711,2014,2014-09-18,"620.1-025","First",1,"Riffle",16.3261,76.68855219,8,2,8,49.44444444,11,3.46875,15.55555556,"140295-008","Chloride",17,"ppm","","Little River",201489524,2015,42.2847,92.797702113,0.135540132,0.620611552,6.67440383045684,1.56084825007627,0.113973012,0.397345171640807,0.076194452991077,0.32820535361083,0.017493736539053,0.075139554305305,0.818183816095995
15719,2015,2015-10-06,"620.2-121","First",1,"Riffle",13.2606,77.30420178,8,3,6,72.69372694,10,3.40625,30.62730627,"150412-002","Chloride",15.5,"ppm","","Blackwell Brook",201488882,2015,34.3449,59.040836927,0.052900779,0.000984252,8.51458285506168,1.048190561044,0.09928042,0.478683114213061,0.062922685711194,0.291700481523562,0.016393442622951,0.072228534328843,0.859005572688417
15720,2014,2014-10-07,"620.1-107","First",1,"Riffle",12.0996,71.22853715,5,1,10,59.11111111,9,3.393939394,20.44444444,"140332-010","Chloride",12,"ppm","","Blackwell Brook",201488837,2015,31.338,54.335145731,0.057965988,4.8e-05,12.595091547108,1.02112451337035,0.10021935,0.500207493478776,0.056705003557031,0.28038297367797,0.016925539483045,0.074638368508418,0.872154375148209
15749,2012,2012-10-12,"6448.5-4","First",1,"Riffle",1.473,45.958654,NA,1,8,3.448275862,5,4.02173913,27.5862069,"120279-007","Chloride",197.9,"ppm","","Eagleville Brook",201489553,2010,3.8151,5.716489118,0.039787915,0.039787915,8.51361762536858,3.66962858116432,0.055121951,0.097073170731707,0.393414634146341,0.326341463414634,0.001951219512195,0.001463414634146,0.426829268292682
15768,2008,2008-09-17,"13862","First",1,"Riffle",3.0489,64.41675615,6,NA,9,62.68656716,7,3.85,35.32338308,"080158-011","Chloride",11.8,"ppm","","Mallory Brook",201489951,2006,7.8966,7.039758311,5.3e-05,5.28e-05,19.3482985553945,0.759820682318973,0.063146754,0.436853245531515,0.101716839134525,0.315145813734713,0.000470366886171,0.017873941674506,0.770343367826905
15768,2012,2012-10-11,"6448.4-23","First",1,"Riffle",3.0489,71.20200797,7,2,9,73.50746269,7,3.75,29.85074627,"120275-007","Chloride",22,"ppm","","Mallory Brook",201489951,2010,7.8966,7.039758311,5.3e-05,5.28e-05,19.3482985553945,0.759820682318973,0.063852305,0.444026340545626,0.101716839134525,0.299858889934149,0.000470366886171,0.017873941674506,0.762229539040452
15783,2012,2012-10-12,"6448.5-2","First",1,"Riffle",2.4536,78.70673293,3,3,10,48.93617021,11,3.583333333,21.80851064,"120279-005","Chloride",126.9,"ppm","","Eagleville Brook",201489732,2010,6.3549,9.964496839,0.090195098,0.434071792,10.5453490952263,2.83245999150262,0.074052393,0.106688131128348,0.336455436850578,0.369383872384019,0.002487926240304,0.009951704961218,0.488511634713889
15783,2019,2019-10-02,"7955.6-9","First",1,"Riffle",2.4536,55.49912567,2,NA,8,25.65445026,10,3.946428571,37.17277487,"190411-009","Chloride",387.7,"ppm","NULL","Eagleville Brook",201489732,2015,6.3549,9.964496839,0.090195098,0.434071792,10.5453490952263,2.83245999150262,0.074052393,0.108151617152056,0.340699546319333,0.36616420313186,0.002487926240304,0.009951704961218,0.486755451485438
15796,2010,2010-09-15,"22402","First",1,"Riffle",4.7551,74.8321498,4,4,10,62.73584906,6,3.375,27.35849057,"100266-003","Chloride",7.2,"ppm","","PENDLETON HILL BROOK",201492977,2010,12.3156,14.531762519,0.116796101,0.267369021,8.07404894780541,0.405989151969859,0.034566038,0.500981132075472,0.056830188679245,0.312377358490566,0.003924528301887,0.063169811320755,0.88045283018868
15796,2012,2012-09-19,"6448.1-25","First",1,"Riffle",4.7551,69.92479906,3,3,9,57.73195876,6,3.387096774,20.6185567,"120242-020","Chloride",5.2,"ppm","","PENDLETON HILL BROOK",201492977,2010,12.3156,14.531762519,0.116796101,0.267369021,8.07404894780541,0.405989151969859,0.034566038,0.500981132075472,0.056830188679245,0.312377358490566,0.003924528301887,0.063169811320755,0.88045283018868
15796,2013,2013-10-01,"14440","First",1,"Riffle",4.7551,75.16500142,4,4,9,57.2972973,8,3.384615385,27.56756757,"130395-029","Chloride",10.2,"ppm","","PENDLETON HILL BROOK",201492977,2015,12.3156,14.531762519,0.116796101,0.267369021,8.07404894780541,0.405989151969859,0.034867925,0.492150943396226,0.057207547169811,0.31388679245283,0.003924528301887,0.063094339622642,0.873056603773585
15796,2014,2014-09-16,"620.1-005","First",1,"Riffle",4.7551,71.31191847,3,5,8,41.81818182,6,3.405405405,15.90909091,"140292-006","Chloride",13,"ppm","","PENDLETON HILL BROOK",201492977,2015,12.3156,14.531762519,0.116796101,0.267369021,8.07404894780541,0.405989151969859,0.034867925,0.492150943396226,0.057207547169811,0.31388679245283,0.003924528301887,0.063094339622642,0.873056603773585
15796,2015,2015-10-05,"620.2-104","First",1,"Riffle",4.7551,71.03526345,3,4,9,43.51464435,7,3.444444444,17.15481172,"150414-006","Chloride",7.7,"ppm","","PENDLETON HILL BROOK",201492977,2015,12.3156,14.531762519,0.116796101,0.267369021,8.07404894780541,0.405989151969859,0.034867925,0.492150943396226,0.057207547169811,0.31388679245283,0.003924528301887,0.063094339622642,0.873056603773585
15796,2016,2016-09-20,"16-B-002","First",1,"Riffle",4.7551,60.58440355,2,3,8,47.28682171,7,3.806451613,30.23255814,"160349-003","Chloride",10.2,"ppm","NULL","Pendleton Hill Brook",201492977,2015,12.3156,14.531762519,0.116796101,0.267369021,8.07404894780541,0.405989151969859,0.034867925,0.492150943396226,0.057207547169811,0.31388679245283,0.003924528301887,0.063094339622642,0.873056603773585
15796,2018,2018-10-02,"7955.4-11","First",1,"Riffle",4.7551,64.33763891,2,3,8,34.46327684,9,3.609375,21.46892655,"180337-012","Chloride",9.2,"ppm","NULL","Pendleton Hill Brook",201492977,2015,12.3156,14.531762519,0.116796101,0.267369021,8.07404894780541,0.405989151969859,0.034867925,0.492150943396226,0.057207547169811,0.31388679245283,0.003924528301887,0.063094339622642,0.873056603773585
15796,2019,2019-10-07,"7955.6-22","First",1,"Riffle",4.7551,65.5156472,3,3,10,42.80442804,6,3.810810811,13.65313653,"190432-009","Chloride",10,"ppm","NULL","Pendleton Hill Brook",201492977,2015,12.3156,14.531762519,0.116796101,0.267369021,8.07404894780541,0.405989151969859,0.034867925,0.492150943396226,0.057207547169811,0.31388679245283,0.003924528301887,0.063094339622642,0.873056603773585
15854,2006,2006-09-27,"9871","First",1,"Riffle",13.0399,50.81574864,4,2,7,16.51376147,7,3.72,40.36697248,"061241-003","Chloride",18.91,"ppm","","Muddy River",201495523,2006,33.7734,44.091991664,0.136562491,0.14417446,11.6722627158205,1.30280042873978,0.18442623,0.180685443943228,0.166024865221697,0.249807459566509,0.035097370447794,0.036417647706018,0.502007921663549
15854,2007,2007-10-03,"12071","First",1,"Riffle",13.0399,49.19848323,2,2,8,26.97674419,5,3.739130435,33.02325581,"070202-001","Chloride",17.5,"ppm","","Muddy River",201495523,2006,33.7734,44.091991664,0.136562491,0.14417446,11.6722627158205,1.30280042873978,0.18442623,0.180685443943228,0.166024865221697,0.249807459566509,0.035097370447794,0.036417647706018,0.502007921663549
15854,2010,2010-09-24,"22706","First",1,"Riffle",13.0399,41.62911719,2,NA,5,32.27848101,6,4.088235294,25.3164557,"100281-005","Chloride",23.5,"ppm","","Muddy River",201495523,2010,33.7734,44.091991664,0.136562491,0.14417446,11.6722627158205,1.30280042873978,0.178292441,0.180960501705358,0.168610408185719,0.250935196391242,0.03515238200022,0.036417647706018,0.503465727802838
15854,2012,2012-10-01,"6448.2-22","First",1,"Riffle",13.0399,52.15621402,3,1,9,22.07207207,7,3.796296296,25.67567568,"120264-007","Chloride",23.4,"ppm","","Muddy River",201495523,2010,33.7734,44.091991664,0.136562491,0.14417446,11.6722627158205,1.30280042873978,0.178292441,0.180960501705358,0.168610408185719,0.250935196391242,0.03515238200022,0.036417647706018,0.503465727802838
15854,2013,2013-09-24,"14442","First",1,"Riffle",13.0399,34.8841143,2,1,5,10.25641026,6,4.105263158,49.74358974,"130395-006","Chloride",27.8,"ppm","","Muddy River",201495523,2015,33.7734,44.091991664,0.136562491,0.14417446,11.6722627158205,1.30280042873978,0.174826714,0.180492903509737,0.171195951149741,0.250797667510177,0.034712289580812,0.036390141929805,0.502393002530531
15854,2014,2014-10-14,"620.1-141","First",1,"Riffle",13.0399,51.95463431,2,1,9,24.28571429,7,3.840909091,18.0952381,"140330-010","Chloride",38.9,"ppm","","Muddy River",201495523,2015,33.7734,44.091991664,0.136562491,0.14417446,11.6722627158205,1.30280042873978,0.174826714,0.180492903509737,0.171195951149741,0.250797667510177,0.034712289580812,0.036390141929805,0.502393002530531
15855,2006,2006-09-27,"9872","First",1,"Riffle",13.1004,48.87551625,2,1,6,24.52830189,8,3.903846154,20.75471698,"061241-004","Chloride",19.07,"ppm","","Willow Brook (Hamden)-01",201495256,2006,33.93,50.776074941,0.321849023,0.833769253,9.16623497792238,1.3852048334807,0.014460207,0.305608807580654,0.21347976118749,0.323108944514433,0.0046831352358,0.038724872651586,0.672125759982473
15856,2006,2006-10-11,"9977","First",1,"Riffle",5.4215,44.94110017,2,NA,5,36.19047619,6,4.0625,24.28571429,"061253-017","Chloride",26.61,"ppm","","Misery Brook",201493949,2006,14.0418,16.570652231,0.201489782,0.001926287,7.97113199803324,1.49553476050079,0.040354591,0.118748346123313,0.276329716856311,0.322175178618682,0.011047896268854,0.063641174913998,0.515612595924847
15856,2006,2006-10-11,"9977","First",1,"Riffle",5.4215,44.94110017,2,NA,5,36.19047619,6,4.0625,24.28571429,"061253-018","Chloride",26.52,"ppm","","Misery Brook",201493949,2006,14.0418,16.570652231,0.201489782,0.001926287,7.97113199803324,1.49553476050079,0.040354591,0.118748346123313,0.276329716856311,0.322175178618682,0.011047896268854,0.063641174913998,0.515612595924847
15856,2007,2007-10-09,"12094","First",1,"Riffle",5.4215,34.55217914,1,NA,5,18.69565217,5,4.088235294,43.91304348,"070202-022","Chloride",27.8,"ppm","","Misery Brook",201493949,2006,14.0418,16.570652231,0.201489782,0.001926287,7.97113199803324,1.49553476050079,0.040354591,0.118748346123313,0.276329716856311,0.322175178618682,0.011047896268854,0.063641174913998,0.515612595924847
15857,2006,2006-09-20,"9785","First",1,"Riffle",33.023,27.62312671,1,NA,4,24.65753425,2,4.384615385,28.76712329,"061236-016","Chloride",23.45,"ppm","","Mill River",201496934,2006,85.5297,158.387835521,0.083668326,0.338570442,8.88396909678502,2.77096727803324,0.031426523,0.163998001216651,0.243818979751456,0.336219257843052,0.055477100895107,0.023746415225515,0.579440775180325
15858,2006,2006-09-20,"9787","First",1,"Riffle",7.2938,40.55933527,1,NA,5,51.03092784,4,4.125,31.44329897,"061236-019","Chloride",26.37,"ppm","","Cricker Brook",201496831,2006,18.891,39.741908662,0.019761971,0.255559318,14.4743905084847,2.38208670795617,0.040259549,0.224991397532321,0.167772698225434,0.348080420783562,0.098952956791034,0.028904291402448,0.700929066509365
15859,2006,2006-10-11,"9978","First",1,"Riffle",8.5872,45.35509444,3,NA,6,16.66666667,7,4.106060606,15.15151515,"061253-019","Chloride",39.01,"ppm","","Means Brook",201496485,2006,22.2408,31.073435688,0.100054514,0.2521658,10.0684366968178,1.84345886838603,0.122739612,0.111087909793276,0.248277302150762,0.323574859051994,0.00701607851326,0.017414909166841,0.459093756525371
15860,2006,2006-10-05,"9957","First",1,"Riffle",34.1148,36.7337183,4,1,5,6.25,5,4.142857143,39.42307692,"061251-002","Chloride",15.06,"ppm","","West Branch Naugatuck River",201491669,2006,88.3575,147.571722166,0.02262649,0.411824154,8.64002417094832,1.10913052089523,0.069245815,0.551968537057289,0.085461007823673,0.221996719104905,0.02991713636746,0.036615630520737,0.840498023050391
15892,2007,2007-09-20,"11866","First",1,"Riffle",451.9107,53.93364257,8,1,5,20.2020202,8,3.982758621,20.70707071,"070177-002","Chloride",21.5,"ppm","","Shetucket River",201491517,2006,1170.45,2106.530011485,0.126463815,0.179315164,16.0508055928386,1.27301465248409,0.073392384,0.415219184160415,0.103551984353457,0.308985887789711,0.026397985126577,0.04067370941023,0.791276766486933
15892,2014,2014-09-18,"620.1-024","First",1,"Riffle",451.9107,65.15651694,9,1,7,39.52380952,10,3.766666667,21.42857143,"140295-007","Chloride",93.1,"ppm","","Shetucket River",201491517,2015,1170.45,2106.530011485,0.126463815,0.179315164,16.0508055928386,1.27301465248409,0.073405877,0.412323557683531,0.10474023896856,0.311661643506153,0.026169383036296,0.040611796344113,0.790766380570093
15901,2013,2013-10-16,"14446","First",1,"Riffle",6.4744,80.092696,7,2,11,65.03067485,9,3.514705882,17.17791411,"130406-016","Chloride",16.2,"ppm","","Pond Meadow Brook",201495357,2015,16.7688,30.159982551,0.05174374,0.030128859,10.6626702057273,1.13305662897763,0.026471728,0.402890845655424,0.108268261615994,0.369995015783353,0.019216924184527,0.100681176275129,0.892783961898433
15901,2016,2016-10-25,"16-B-100","First",1,"Riffle",6.4744,69.86216023,6,2,7,71.25,9,3.4,45.625,"160390-008","Chloride",23.6,"ppm","NULL","Pond Meadow Brook",201495357,2015,16.7688,30.159982551,0.05174374,0.030128859,10.6626702057273,1.13305662897763,0.026471728,0.402890845655424,0.108268261615994,0.369995015783353,0.019216924184527,0.100681176275129,0.892783961898433
15964,2006,2006-10-11,"9981","First",1,"Riffle",4.3141,49.04956172,2,1,9,16.90140845,6,4.037878788,25.35211268,"061253-022","Chloride",36.2,"ppm","","Thompson Brook",201491415,2006,11.1735,15.605124008,0.469297655,0.747355712,8.50269504619337,1.52145701883922,0.044649539,0.173609378897481,0.21426789723123,0.379645796956847,0.005653945289765,0.042321443418974,0.601230564563067
15964,2008,2008-09-15,"13837","First",1,"Riffle",4.3141,51.26378823,3,NA,8,13.22957198,8,3.961111111,18.28793774,"080157-006","Chloride",40.9,"ppm","","Thompson Brook",201491415,2006,11.1735,15.605124008,0.469297655,0.747355712,8.50269504619337,1.52145701883922,0.044649539,0.173609378897481,0.21426789723123,0.379645796956847,0.005653945289765,0.042321443418974,0.601230564563067
15964,2012,2012-09-24,"6448.2-3","First",1,"Riffle",4.3141,52.55427063,5,1,7,7.633587786,9,4,34.73282443,"120249-017","Chloride",55.3,"ppm","","Thompson Brook",201491415,2010,11.1735,15.605124008,0.469297655,0.747355712,8.50269504619337,1.52145701883922,0.044732685,0.172445331337823,0.218009478672986,0.376985116820487,0.005737091544026,0.042238297164713,0.597405836867049
15965,2006,2006-09-21,"9819","First",1,"Riffle",11.3167,55.49034456,3,1,8,25.90673575,9,3.828125,19.68911917,"061236-023","Chloride",31.88,"ppm","","Meadow Brook",201492658,2006,29.3103,40.501686519,0.224564607,0.034038149,10.3347523694294,1.67176726270287,0.04547183,0.20894860257304,0.255941441155967,0.350465808986628,0.006495975663857,0.061505798846568,0.627416186070093
15966,2006,2006-09-21,"9822","First",1,"Riffle",7.086,29.17431329,1,NA,5,6.542056075,3,4.25,34.11214953,"061236-026","Chloride",72.78,"ppm","","Mill Brook",201489684,2006,18.3528,27.873709586,0.0763862,0.048411169,8.38299344825083,1.47116516280894,0.12205123,0.102156525260707,0.307482028956161,0.24005264756505,0.010630758327427,0.036245823630657,0.389085754783841
15990,2006,2006-09-15,"9714","First",1,"Riffle",2.2993,72.1669995,3,1,10,43.75,9,3.592592593,16.796875,"061236-002","Chloride",63.01,"ppm","","Spice Brook",201489120,2006,5.9553,6.759174473,0.088084138,0.096497969,9.01353903830961,1.17542357228015,0.008261886,0.344349181605612,0.157911145752143,0.406858924395947,0.003117692907249,0.032891660171473,0.787217459080281
15990,2014,2014-09-16,"620.1-011","First",1,"Riffle",2.2993,49.28147893,2,1,5,7.589285714,6,3.814814815,31.25,"140292-012","Chloride",96.2,"ppm","","Spice Brook",201489120,2015,5.9553,6.759174473,0.088084138,0.096497969,9.01353903830961,1.17542357228015,0.008261886,0.336866718628215,0.162431800467654,0.412782540919719,0.003117692907249,0.032891660171473,0.785658612626656
15993,2015,2015-09-24,"620.2-069","First",1,"Riffle",69.4858,27.13807534,3,NA,3,3.03030303,5,4.359375,40.25974026,"150384-024","Chloride",109.7,"ppm","","Naugatuck River",201492618,2015,179.9685,303.312024614,0.040514291,0.080818966,16.6314422610101,1.71141060796751,0.070594915,0.445332300942057,0.134334752871338,0.268628210091625,0.026516969931604,0.029216673119112,0.769694154084398
15994,2012,2012-10-22,"6448.6-16","First",1,"Riffle",17.935,82.40937376,7,3,9,79.6875,11,3.5,16.14583333,"120288-009","Chloride",18.9,"ppm","","Eightmile Brook",201496076,2010,46.4517,80.62188238,0.09368902,0.145650745,22.8649338274153,1.57152483116872,0.050110022,0.268813762752551,0.158391678335667,0.390498099619924,0.032326465293059,0.054010802160432,0.745649129825966
15994,2013,2013-09-26,"14449","First",1,"Riffle",17.935,80.06310605,8,2,11,47.64397906,11,3.448275862,14.13612565,"130395-014","Chloride",26.2,"ppm","","Eightmile Brook",201496076,2015,46.4517,80.62188238,0.09368902,0.145650745,22.8649338274153,1.57152483116872,0.05005001,0.273494698939788,0.159111822364473,0.386897379475895,0.031926385277055,0.054330866173235,0.746649329865973
15994,2016,2016-10-28,"16-B-116","First",1,"Riffle",17.935,80.04129214,6,3,10,68.64864865,9,3.428571429,12.97297297,"160399-015","Chloride",50.2,"ppm","NULL","Eightmile Brook",201496076,2015,46.4517,80.62188238,0.09368902,0.145650745,22.8649338274153,1.57152483116872,0.05005001,0.273494698939788,0.159111822364473,0.386897379475895,0.031926385277055,0.054330866173235,0.746649329865973
15996,2020,2020-10-26,"7955.8-17","First",1,"Riffle",1.883,68.87064169,2,2,9,26.53061224,7,3.75,14.28571429,"200346-018","Chloride",65.6,"ppm","NULL","Fenn Brook",201494942,2015,4.8771,7.273994323,0.094469019,0.094469019,12.423066998165,1.43527916179697,0.24890497,0.228337459531518,0.105503713578366,0.366787278613597,0.000571319748619,0.007427156732051,0.603123214625785
15997,2006,2006-09-27,"9875","First",1,"Riffle",3.2713,48.7592681,2,NA,7,23.60248447,7,4.018518519,26.08695652,"061249-012","Chloride",37.54,"ppm","","Town Farm Brook",201495161,2006,8.4726,10.720260525,0.010461696,0.027400808,17.4009904262921,1.29830276420461,0.117434211,0.159429824561404,0.152631578947368,0.375877192982456,0.014473684210526,0.009210526315789,0.558991228070175
15997,2007,2007-09-26,"12031","First",1,"Riffle",3.2713,42.34310089,1,NA,6,22.47191011,6,3.934782609,41.01123596,"070183-005","Chloride",40.6,"ppm","","Town Farm Brook",201495161,2006,8.4726,10.720260525,0.010461696,0.027400808,17.4009904262921,1.29830276420461,0.117434211,0.159429824561404,0.152631578947368,0.375877192982456,0.014473684210526,0.009210526315789,0.558991228070175
15999,2006,2006-09-25,"9862","First",1,"Riffle",2.8598,37.63153877,NA,NA,6,27.72277228,5,4.079545455,29.7029703,"061249-002","Chloride",28.82,"ppm","","Silver Brook",201496532,2006,7.407,14.307881032,0.109913307,0.491690457,9.50851638202688,3.10517078439314,0.011286682,0.079884625031352,0.416102332580888,0.257587158264359,0.000752445447705,0.033860045146727,0.372084273890143
15999,2013,2013-10-15,"14452","First",1,"Riffle",2.8598,50.16298077,2,1,5,21.08433735,7,4,24.09638554,"130406-007","Chloride",38.9,"ppm","","Silver Brook",201496532,2015,7.407,14.307881032,0.109913307,0.491690457,9.50851638202688,3.10517078439314,0.011286682,0.079884625031352,0.423626787057938,0.255831452219714,0.000627037873088,0.033860045146727,0.370203160270881
16002,2006,2006-09-25,"9861","First",1,"Riffle",1.4084,48.10997468,2,NA,5,37.74509804,2,4.379166667,37.25490196,"061249-001","Chloride",28.1,"ppm","","Pemberwick Brook",201497249,2006,3.6477,7.261239538,0.001100009,0.001100009,14.8687411075445,3.56388957425227,0,0.062244897959184,0.26734693877551,0.352295918367347,0.0125,0.060969387755102,0.488010204081633
16003,2006,2006-10-05,"9960","First",1,"Riffle",5.7645,55.26029573,4,4,4,39.79591837,4,3.8,33.67346939,"061251-006","Chloride",14.53,"ppm","","Nickelmine Brook",201491449,2006,14.9301,30.759779183,5.04e-05,0.000881834,20.9769831540991,1.27259696854006,0.177466542,0.405291005291005,0.079925303454715,0.293930905695612,0.005602240896359,0.038219732337379,0.743043884220355
16015,2014,2014-10-06,"620.1-091","First",1,"Riffle",1.8438,86.77439172,5,5,6,45.85635359,11,3.212121212,22.6519337,"140333-012","Chloride",8.2,"ppm","","Murphy Brook",201489149,2015,4.7754,10.430074973,0.110041145,0.895031752,8.63238375090816,0.418813083720735,0.024133904,0.693460490463215,0.030556636823667,0.224601012066952,0.007395873880888,0.014597119501752,0.940054495912807
16022,2006,2006-09-28,"9929","First",1,"Riffle",12.2077,69.17558528,7,3,8,36.51685393,9,3.703125,24.15730337,"061249-014","Chloride",14.93,"ppm","","Weekeepeemee River",201494535,2006,31.6179,52.57036007,0.037732057,0.103305091,12.045993601906,1.29673381217601,0.182087973,0.277554138630153,0.08956013281227,0.352540181588458,0.019157876179003,0.012811095113566,0.66206329151118
16022,2015,2015-09-16,"620.2-036","First",1,"Riffle",12.2077,80.22536411,9,3,10,41.07744108,12,3.487804878,12.79461279,"150372-032","Chloride",32.7,"ppm","","Weekeepeemee River",201494535,2015,31.6179,52.57036007,0.037732057,0.103305091,12.045993601906,1.29673381217601,0.182558105,0.273704933446949,0.089971498251697,0.355449122910117,0.018834660476596,0.01275232862222,0.660741045455882
16025,2006,2006-09-25,"9863","First",1,"Riffle",3.1361,35.62365649,1,NA,4,1.818181818,5,4.33974359,19.39393939,"061249-004","Chloride",48.61,"ppm","","Muddy Brook",201497038,2006,8.1225,18.515047719,0.010170783,0.037699705,8.05675656949675,4.92459218220991,0.001029866,0.005950337567227,0.428424304840371,0.231262158141664,0.023114772857306,0.031124842659343,0.29145211122554
16028,2006,2006-10-03,"9939","First",1,"Riffle",5.3809,63.23132306,4,3,7,25.78947368,7,3.409090909,24.21052632,"061250-003","Chloride",4.53,"ppm","","Carse Brook",201491526,2006,13.9365,18.136236602,0.029821193,0.106160086,26.7058672446702,0.717540271947763,0.045908849,0.668376865671642,0.047907782515992,0.203025053304904,0.017457356076759,0.030450426439232,0.919309701492537
16028,2007,2007-09-19,"11854","First",1,"Riffle",5.3809,66.5104411,4,3,6,49.38271605,9,3.454545455,35.80246914,"070177-005","Chloride",10,"ppm","","Carse Brook",201491526,2006,13.9365,18.136236602,0.029821193,0.106160086,26.7058672446702,0.717540271947763,0.045908849,0.668376865671642,0.047907782515992,0.203025053304904,0.017457356076759,0.030450426439232,0.919309701492537
16029,2006,2006-10-16,"9990","First",1,"Riffle",13.845,28.43305741,2,NA,5,11.91709845,4,4.464285714,40.93264249,"061260-007","Chloride",53.76,"ppm","","padanaram brook",201496286,2006,35.8587,52.485492428,0.027673238,0.060732113,7.36456040278061,2.31464051959497,0.00536464,0.096459855906287,0.291401026278961,0.31215985072306,0.079769864717773,0.019540766080962,0.507930337428082
16035,2006,2006-10-05,"9961","First",1,"Riffle",1.8782,82.98470662,3,4,9,34.92063492,10,3.560606061,12.6984127,"061251-007","Chloride",8.79,"ppm","","Nickelmine Brook",201491345,2006,4.8645,11.341076913,5.16e-05,8.37e-05,11.1617181737318,0.616712920135677,0.180810398,0.526567278287462,0.059441896024465,0.204510703363914,0.00401376146789,0.043577981651376,0.778669724770642
16044,2008,2008-09-24,"13923","First",1,"Riffle",7.2375,55.12233598,5,1,7,28.57142857,5,3.714285714,19.7044335,"080168-012","Chloride",8,"ppm","","Chatfield Hollow Brook",201495396,2006,18.7452,34.858761303,0.046745647,0.000165728,16.8841299370011,1.22698077374475,0.02392866,0.41436710428536,0.102501857815209,0.366955660143671,0.016497399058707,0.096556849145405,0.894377012633143
16044,2013,2013-10-16,"14456","First",1,"Riffle",7.2375,68.60997829,6,2,6,70.07874016,8,3.729166667,22.83464567,"130406-014","Chloride",12,"ppm","","Chatfield Hollow Brook",201495396,2015,18.7452,34.858761303,0.046745647,0.000165728,16.8841299370011,1.22698077374475,0.02392866,0.423086450334407,0.104433985632896,0.362447361902403,0.017190983403518,0.09630914045083,0.899033936091158
16049,2006,2006-10-27,"10082","First",1,"Riffle",65.0606,38.00315251,4,2,4,13.27433628,5,4.027777778,49.55752212,"061317-002","Chloride",22.32,"ppm","","Naugatuck River",201492438,2006,168.507,284.475779456,0.036375626,0.281534028,25.0498818237262,1.66758650975924,0.071382892,0.454451231613999,0.134237104990407,0.257707235318764,0.027609323659779,0.030101219485302,0.769869010077844
16049,2015,2015-09-24,"620.2-071","First",1,"Riffle",65.0606,31.03771362,2,NA,3,29.64285714,3,4.173076923,33.57142857,"150384-025","Chloride",110.6,"ppm","","Naugatuck River",201492438,2015,168.507,284.475779456,0.036375626,0.281534028,25.0498818237262,1.66758650975924,0.071724701,0.454054292455951,0.134782896332723,0.258876000617461,0.027284054071934,0.030106732529164,0.77032107967451
16050,2006,2006-10-27,"10081","First",1,"Riffle",58.9183,28.72290413,3,NA,4,2.766798419,5,4.076923077,51.77865613,"061317-001","Chloride",22.69,"ppm","","Naugatuck River",201492329,2006,152.5986,256.696058199,0.036446781,0.008378302,30.1864312360116,1.73002897798538,0.067289253,0.451013935139808,0.141116881061238,0.253608586335162,0.030007122810649,0.032387480899301,0.76701712518492
16050,2018,2018-10-22,"7955.4-55","First",1,"Riffle",58.9183,39.44530917,3,NA,5,9.950248756,7,4.1375,19.90049751,"180361-010","Chloride",55.2,"ppm","NULL","Naugatuck River",201492329,2015,152.5986,256.696058199,0.036446781,0.008378302,30.1864312360116,1.73002897798538,0.067666701,0.450301654074917,0.141719580423838,0.255014884847895,0.029672289831427,0.03239356877165,0.767382397525889
16063,2007,2007-09-27,"12046","First",1,"Riffle",10.7944,51.98035631,4,NA,7,38.27751196,8,4.05,23.44497608,"070195-006","Chloride",10.1,"ppm","","Marshepaug River",201492403,2006,27.9576,42.88538496,0.014445983,0.03156238,9.63768794541245,1.39496952528114,0.120638086,0.339581256231306,0.099435028248588,0.277234961781323,0.101429046194749,0.05460285809239,0.772848122299768
16063,2010,2010-10-12,"22859","First",1,"Riffle",10.7944,62.97210688,5,1,7,73.19587629,8,3.896551724,25.77319588,"100314-010","Chloride",24.3,"ppm","","Marshepaug River",201492403,2010,27.9576,42.88538496,0.014445983,0.03156238,9.63768794541245,1.39496952528114,0.123030907,0.311166500498504,0.099567962778332,0.297141907610502,0.101429046194749,0.054702558989698,0.764440013293453
16064,2007,2007-09-25,"12000","First",1,"Riffle",2.2427,59.8605539,3,1,8,71.2195122,5,3.826086957,38.53658537,"070184-019","Chloride",16.9,"ppm","","Umpawaug Pond Brook",201496612,2006,5.8086,8.863295189,0.15385169,0.20198793,12.5762913777613,1.54942671211652,0,0.29952,0.11472,0.464,0.03952,0.07392,0.87696
16070,2008,2008-10-15,"14045","First",1,"Riffle",15.5689,66.62684807,5,2,10,52.22222222,7,3.514285714,28.33333333,"080194-016","Chloride",17.9,"ppm","","Pine Brook",201493933,2006,40.3236,64.221933439,0.032401475,0.239231331,16.0598839713349,1.38876489202353,0.026246054,0.387584395234694,0.150102541650345,0.30746364956103,0.060948913519368,0.034541558172224,0.790538516487316
16071,2008,2008-10-06,"13983","First",1,"Riffle",55.3312,34.51324116,1,NA,6,20.70484581,6,4.302631579,29.5154185,"080185-003","Chloride",38.5,"ppm","","Hockanum River",201490463,2006,143.3079,207.938288133,0.271857456,0.689548326,7.40259301009484,1.44444235104973,0.082756877,0.192677977529547,0.283454459406018,0.267434698892037,0.022788125538908,0.03803639616978,0.520937198130272
16079,2013,2013-10-01,"14466","First",1,"Riffle",4.7551,59.14973648,2,2,8,54.4600939,4,3.454545455,29.57746479,"130395-030","Chloride",8.2,"ppm","","Pendleton Hill Brook",201492977,2015,12.3156,14.531762519,0.116796101,0.267369021,8.07404894780541,0.405989151969859,0.034867925,0.492150943396226,0.057207547169811,0.31388679245283,0.003924528301887,0.063094339622642,0.873056603773585
16080,2012,2012-10-16,"6448.5-23","First",1,"Riffle",2.4825,85.03648558,9,6,9,53.33333333,5,3.272727273,17.77777778,"120280-004","Chloride",18.3,"ppm","","West Branch Salmon Brook",201488641,2010,6.4296,13.509943578,0.162096093,0.29936852,15.1256183813704,2.17742938907553,0.02770163,0.452459962487376,0.104602510460251,0.344971865531669,0.007646804212956,0.035492713894099,0.8405713461261
16080,2014,2014-09-29,"620.1-062","First",1,"Riffle",2.4825,72.70839242,5,2,8,42.77456647,6,3.451612903,12.71676301,"140304-001","Chloride",13.5,"ppm","","West Branch Salmon Brook",201488641,2015,6.4296,13.509943578,0.162096093,0.29936852,15.1256183813704,2.17742938907553,0.02770163,0.446977348146011,0.104602510460251,0.349444524599625,0.007646804212956,0.035492713894099,0.839561390852691
16082,2008,2008-09-15,"13835","First",1,"Riffle",9.4653,74.57385145,7,4,7,50.29239766,7,3.482758621,16.37426901,"080157-004","Chloride",17.8,"ppm","","Bunnell Brook",201491410,2006,24.5151,41.597197636,0.395617102,0.000599161,24.411211821985,1.55006506194142,0.039408867,0.325918908677529,0.140507768093975,0.381242895035999,0.004206138688897,0.026600985221675,0.7379689276241
16082,2012,2012-10-18,"6448.6-8","First",1,"Riffle",9.4653,84.61589576,6,5,11,67.31707317,8,3.35483871,20.48780488,"120288-005","Chloride",38.9,"ppm","","Bunnell Brook (""Burlington Brook"")",201491410,2010,24.5151,41.597197636,0.395617102,0.000599161,24.411211821985,1.55006506194142,0.039408867,0.326525198938992,0.141265630920803,0.386434255399773,0.004206138688897,0.026487305797651,0.743652898825313
16089,2008,2008-09-17,"13861","First",1,"Riffle",7.0391,65.59239543,6,3,6,38.0733945,6,3.5,20.18348624,"080158-010","Chloride",9.6,"ppm","","Morgan Brook",201489944,2006,18.2313,21.012735847,0.001362223,0.005797277,17.2955525210911,1.0421637513507,0.035521354,0.459433289165223,0.099633064927123,0.289420038732035,0.058913464478646,0.022831515645704,0.830598308021608
16089,2012,2012-10-11,"6448.4-24","First",1,"Riffle",7.0391,80.33465066,8,4,7,60.64516129,8,3.333333333,16.77419355,"120275-008","Chloride",18.9,"ppm","","Morgan Brook",201489944,2010,18.2313,21.012735847,0.001362223,0.005797277,17.2955525210911,1.0421637513507,0.035827133,0.468453776373458,0.100295586586485,0.280093772296402,0.058913464478646,0.022831515645704,0.83029252879421
16090,2008,2008-10-08,"14006","First",1,"Riffle",29.1471,33.30604512,1,NA,4,40.65420561,4,4.435185185,26.63551402,"080186-017","Chloride",49.7,"ppm","","North Branch Park River",201491153,2006,75.4911,108.713916587,0.044123804,0.049692652,7.16063348094823,1.72205730211906,0.068530574,0.108155002891845,0.327246102162116,0.239235568462892,0.01357321290132,0.021941104807846,0.382904889063903
16106,2009,2009-10-26,"15768","First",1,"Riffle",5.0685,82.51263725,7,6,10,29.41176471,9,3.348837209,24.78991597,"090232-002","Chloride",4.6,"ppm","","Branch Brook",201487443,2010,13.1274,25.451092393,0.023757357,0.11200064,10.0056832699595,0.609412374118256,0.029559437,0.675411922777739,0.042571246729369,0.202248780142847,0.019022699950499,0.041086203238809,0.937769606109894
16106,2010,2010-09-29,"22807","First",1,"Riffle",5.0685,53.21760285,2,2,7,10.98484848,7,3.5390625,26.51515152,"100290-003","Chloride",9,"ppm","","Branch Brook",201487443,2010,13.1274,25.451092393,0.023757357,0.11200064,10.0056832699595,0.609412374118256,0.029559437,0.675411922777739,0.042571246729369,0.202248780142847,0.019022699950499,0.041086203238809,0.937769606109894
16110,2012,2012-10-18,"6448.6-9","First",1,"Riffle",2.8529,68.51267317,5,1,10,27.77777778,7,3.564102564,11.11111111,"120288-006","Chloride",7.7,"ppm","","Mott Hill Brook",201492240,2010,7.389,7.298874877,0.072081551,0.183328056,13.2317337340576,0.676681553660847,0,0.740563663814796,0.041016607951686,0.148087569199799,0.012455963764469,0.036612984398591,0.937720181177655
16110,2013,2013-10-03,"14468","First",1,"Riffle",2.8529,59.76616015,3,2,8,17.89473684,7,3.592592593,29.47368421,"130395-045","Chloride",8.7,"ppm","","Mott Hill Brook",201492240,2015,7.389,7.298874877,0.072081551,0.183328056,13.2317337340576,0.676681553660847,0,0.738550578761953,0.041519879214897,0.14859084046301,0.012455963764469,0.036612984398591,0.936210367388023
16110,2014,2014-09-30,"620.1-071","First",1,"Riffle",2.8529,52.42618906,2,NA,8,14.89361702,7,3.740740741,23.93617021,"140304-010","Chloride",6.8,"ppm","","Mott Hill Brook",201492240,2015,7.389,7.298874877,0.072081551,0.183328056,13.2317337340576,0.676681553660847,0,0.738550578761953,0.041519879214897,0.14859084046301,0.012455963764469,0.036612984398591,0.936210367388023
16110,2015,2015-10-05,"620.2-111","First",1,"Riffle",2.8529,58.90769625,4,NA,9,23.44497608,7,3.620689655,27.75119617,"150414-012","Chloride",9,"ppm","","Mott Hill Brook",201492240,2015,7.389,7.298874877,0.072081551,0.183328056,13.2317337340576,0.676681553660847,0,0.738550578761953,0.041519879214897,0.14859084046301,0.012455963764469,0.036612984398591,0.936210367388023
16110,2016,2016-09-30,"16-B-039","First",1,"Riffle",2.8529,61.98592732,3,1,8,20.7253886,9,3.714285714,16.06217617,"160365-005","Chloride",6.4,"ppm","NULL","Mott Hill Brook",201492240,2015,7.389,7.298874877,0.072081551,0.183328056,13.2317337340576,0.676681553660847,0,0.738550578761953,0.041519879214897,0.14859084046301,0.012455963764469,0.036612984398591,0.936210367388023
16110,2018,2018-10-09,"7955.4-25","First",1,"Riffle",2.8529,60.62211587,3,NA,10,18.57923497,10,3.576923077,33.33333333,"180337-025","Chloride",9.2,"ppm","NULL","Mott Hill Brook",201492240,2015,7.389,7.298874877,0.072081551,0.183328056,13.2317337340576,0.676681553660847,0,0.738550578761953,0.041519879214897,0.14859084046301,0.012455963764469,0.036612984398591,0.936210367388023
16112,2012,2012-09-21,"6448.1-47","First",1,"Riffle",3.1941,77.53438626,8,2,10,40.08810573,10,3.285714286,27.31277533,"120249-008","Chloride",12.4,"ppm","","Hemlock Valley Brook",201494712,2010,8.2728,15.152907419,0.052933209,0.071999855,11.4919413999678,0.725268349289237,0.078894134,0.386940885592268,0.076084513373792,0.353113059114408,0.018318723308609,0.07316250842886,0.831535176444145
16112,2013,2013-09-19,"14470","First",1,"Riffle",3.1941,65.47628846,5,2,8,28.20512821,6,3.444444444,23.07692308,"130377-021","Chloride",16.5,"ppm","","Hemlock Valley Brook",201494712,2015,8.2728,15.152907419,0.052933209,0.071999855,11.4919413999678,0.725268349289237,0.079006518,0.389300966509328,0.076421667790515,0.353562598336705,0.018318723308609,0.07316250842886,0.834344796583502
16112,2014,2014-10-02,"620.1-081","First",1,"Riffle",3.1941,76.29497465,7,2,10,48.4375,8,3.4,22.91666667,"140333-001","Chloride",14.7,"ppm","","Hemlock Valley Brook",201494712,2015,8.2728,15.152907419,0.052933209,0.071999855,11.4919413999678,0.725268349289237,0.079006518,0.389300966509328,0.076421667790515,0.353562598336705,0.018318723308609,0.07316250842886,0.834344796583502
16112,2015,2015-10-01,"620.2-086","First",1,"Riffle",3.1941,75.97171667,5,2,8,51.20772947,8,3.3,12.07729469,"150413-008","Chloride",15.8,"ppm","","Hemlock Valley Brook",201494712,2015,8.2728,15.152907419,0.052933209,0.071999855,11.4919413999678,0.725268349289237,0.079006518,0.389300966509328,0.076421667790515,0.353562598336705,0.018318723308609,0.07316250842886,0.834344796583502
16114,2012,2012-10-10,"6448.4-15","First",1,"Riffle",2.5012,79.48553901,10,3,9,44.3877551,9,3.5,16.32653061,"120274-018","Chloride",8.3,"ppm","","Rugg Brook",201489974,2010,6.4782,9.121623648,0.004956693,0.012451514,17.8886385573554,0.617455466024513,0.018672795,0.70496983625395,0.042660155127837,0.174662453318012,0.036914679689744,0.07885665038782,0.995403619649526
16114,2013,2013-10-08,"14473","First",1,"Riffle",2.5012,84.59083393,5,5,9,61.84971098,7,3.206896552,22.5433526,"130405-003","Chloride",9,"ppm","","Rugg Brook",201489974,2015,6.4782,9.121623648,0.004956693,0.012451514,17.8886385573554,0.617455466024513,0.018672795,0.707411663315139,0.042660155127837,0.174231542660155,0.036340132145935,0.078425739729963,0.996409077851192
16114,2014,2014-09-24,"620.1-053","First",1,"Riffle",2.5012,71.10107255,7,1,8,35.43307087,8,3.518518519,12.99212598,"140294-020","Chloride",7.2,"ppm","","Rugg Brook",201489974,2015,6.4782,9.121623648,0.004956693,0.012451514,17.8886385573554,0.617455466024513,0.018672795,0.707411663315139,0.042660155127837,0.174231542660155,0.036340132145935,0.078425739729963,0.996409077851192
16114,2015,2015-09-23,"620.2-064","First",1,"Riffle",2.5012,78.25366489,5,5,9,40.4,5,3.375,20.8,"150384-019","Chloride",9.5,"ppm","","Rugg Brook",201489974,2015,6.4782,9.121623648,0.004956693,0.012451514,17.8886385573554,0.617455466024513,0.018672795,0.707411663315139,0.042660155127837,0.174231542660155,0.036340132145935,0.078425739729963,0.996409077851192
16114,2016,2016-10-06,"16-B-055","First",1,"Riffle",2.5012,54.60893163,5,NA,5,14.47368421,6,3.625,27.63157895,"160372-016","Chloride",6.2,"ppm","NULL","Rugg Brook",201489974,2015,6.4782,9.121623648,0.004956693,0.012451514,17.8886385573554,0.617455466024513,0.018672795,0.707411663315139,0.042660155127837,0.174231542660155,0.036340132145935,0.078425739729963,0.996409077851192
16119,2012,2012-09-18,"6448.1-19","First",1,"Riffle",1.4174,81.80520981,6,2,12,27.90697674,11,3.510869565,30.69767442,"120242-015","Chloride",25.1,"ppm","","Day Pond Brook",201493154,2010,3.6711,4.530610736,0.020133464,0.020133464,11.1310661796824,0.817193756639699,0.002275025,0.614762386248736,0.066228513650152,0.257330637007078,0.008341759352882,0.045247724974722,0.925682507583418
16119,2013,2013-09-19,"14476","First",1,"Riffle",1.4174,85.58584273,6,7,9,34.28571429,8,3.314285714,32.85714286,"130377-026","Chloride",6.1,"ppm","","Day Pond Brook",201493154,2015,3.6711,4.530610736,0.020133464,0.020133464,11.1310661796824,0.817193756639699,0.002275025,0.614762386248736,0.066228513650152,0.257077856420627,0.008341759352882,0.045247724974722,0.925429726996967
16119,2014,2014-09-30,"620.1-073","First",1,"Riffle",1.4174,91.71632278,5,7,12,36.2745098,8,3.369565217,15.68627451,"140304-012","Chloride",7.8,"ppm","","Day Pond Brook",201493154,2015,3.6711,4.530610736,0.020133464,0.020133464,11.1310661796824,0.817193756639699,0.002275025,0.614762386248736,0.066228513650152,0.257077856420627,0.008341759352882,0.045247724974722,0.925429726996967
16119,2015,2015-09-15,"620.2-017","First",1,"Riffle",1.4174,85.09112105,3,5,9,24.18604651,7,3.272727273,18.60465116,"150372-016","Chloride",8.5,"ppm","","Day Pond Brook",201493154,2015,3.6711,4.530610736,0.020133464,0.020133464,11.1310661796824,0.817193756639699,0.002275025,0.614762386248736,0.066228513650152,0.257077856420627,0.008341759352882,0.045247724974722,0.925429726996967
16119,2016,2016-09-30,"16-B-036","First",1,"Riffle",1.4174,73.80463049,3,3,8,32.57142857,7,3.379310345,41.14285714,"160365-002","Chloride",5.1,"ppm","NULL","Day Pond Brook",201493154,2015,3.6711,4.530610736,0.020133464,0.020133464,11.1310661796824,0.817193756639699,0.002275025,0.614762386248736,0.066228513650152,0.257077856420627,0.008341759352882,0.045247724974722,0.925429726996967
16119,2018,2018-10-09,"7955.4-21","First",1,"Riffle",1.4174,89.6048573,7,6,10,43.71584699,8,3.2,23.49726776,"180337-023","Chloride",13.4,"ppm","NULL","Day Pond Brook",201493154,2015,3.6711,4.530610736,0.020133464,0.020133464,11.1310661796824,0.817193756639699,0.002275025,0.614762386248736,0.066228513650152,0.257077856420627,0.008341759352882,0.045247724974722,0.925429726996967
16121,2012,2012-09-19,"6448.1-31","First",1,"Riffle",2.4144,71.2853628,4,1,8,58.73015873,8,3.275862069,32.27513228,"120243-004","Chloride",14.7,"ppm","","Flat Brook",201493246,2010,6.2532,8.651105177,0.029862123,0.060326453,15.0241210803912,0.799590609607881,0.012630015,0.518127786032689,0.077711738484398,0.34591381872214,0.002674591381872,0.026151560178306,0.892867756315007
16121,2014,2014-09-30,"620.1-074","First",1,"Riffle",2.4144,77.09484624,5,1,10,50.48543689,8,3.428571429,13.10679612,"140304-015","Chloride",33.6,"ppm","","Flat Brook",201493246,2015,6.2532,8.651105177,0.029862123,0.060326453,15.0241210803912,0.799590609607881,0.012630015,0.523774145616642,0.077711738484398,0.337741456166419,0.002377414561664,0.026151560178306,0.890044576523031
16122,2015,2015-10-01,"620.2-087","First",1,"Riffle",2.2684,71.18816821,4,2,9,34.41860465,7,3.3125,29.30232558,"150413-009","Chloride",13,"ppm","","Early Brook",201493654,2015,5.8752,9.447862513,0.046682697,0.046682697,9.23168984319259,0.68082788671024,0.020727848,0.523892405063291,0.07753164556962,0.319936708860759,0.000949367088608,0.030379746835443,0.875158227848101
16124,2012,2012-10-11,"6448.4-19","First",1,"Riffle",2.9776,79.70249141,5,5,8,76.60818713,7,3.153846154,39.18128655,"120275-002","Chloride",3.6,"ppm","","Flat Brook",201490398,2010,7.7121,12.3651492,3.25e-05,3.08e-05,21.3737123262631,1.16699731590617,0.071523179,0.649969897652017,0.049849488260084,0.201926550270921,0.008669476219145,0.033835039133052,0.894400963275135
16124,2013,2013-10-08,"14478","First",1,"Riffle",2.9776,88.9611586,6,6,9,60.37735849,8,3.363636364,13.20754717,"130405-005","Chloride",3.4,"ppm","","Flat Brook",201490398,2015,7.7121,12.3651492,3.25e-05,3.08e-05,21.3737123262631,1.16699731590617,0.071523179,0.658157736303432,0.049849488260084,0.195665261890427,0.008549066827213,0.033835039133052,0.896207104154124
16124,2014,2014-09-29,"620.1-064","First",1,"Riffle",2.9776,89.71761483,7,5,9,64.89361702,10,3.228571429,17.0212766,"140304-003","Chloride",3.8,"ppm","","Flat Brook",201490398,2015,7.7121,12.3651492,3.25e-05,3.08e-05,21.3737123262631,1.16699731590617,0.071523179,0.658157736303432,0.049849488260084,0.195665261890427,0.008549066827213,0.033835039133052,0.896207104154124
16124,2015,2015-09-25,"620.2-073","First",1,"Riffle",2.9776,88.44809542,6,4,10,53.26633166,11,3.090909091,25.6281407,"150384-027","Chloride",3.8,"ppm","","Flat Brook",201490398,2015,7.7121,12.3651492,3.25e-05,3.08e-05,21.3737123262631,1.16699731590617,0.071523179,0.658157736303432,0.049849488260084,0.195665261890427,0.008549066827213,0.033835039133052,0.896207104154124
16124,2016,2016-10-28,"16-B-110","First",1,"Riffle",2.9776,67.91144103,5,4,5,39.18918919,6,3.291666667,39.18918919,"160399-009","Chloride",6.1,"ppm","NULL","Flat Brook",201490398,2015,7.7121,12.3651492,3.25e-05,3.08e-05,21.3737123262631,1.16699731590617,0.071523179,0.658157736303432,0.049849488260084,0.195665261890427,0.008549066827213,0.033835039133052,0.896207104154124
16124,2018,2018-10-05,"7955.4-17","First",1,"Riffle",2.9776,71.15400974,4,1,9,47.93814433,8,3.272727273,22.68041237,"180362-012","Chloride",5.8,"ppm","NULL","Flat Brook",201490398,2015,7.7121,12.3651492,3.25e-05,3.08e-05,21.3737123262631,1.16699731590617,0.071523179,0.658157736303432,0.049849488260084,0.195665261890427,0.008549066827213,0.033835039133052,0.896207104154124
16127,2012,2012-10-11,"6448.4-21","First",1,"Riffle",1.6909,87.00358465,5,6,8,65.92178771,6,3.205882353,10.61452514,"120275-004","Chloride",4.8,"ppm","","Jakes Brook",201490956,2010,4.3794,8.535831781,5.73e-05,4.28e-05,11.7957361891778,0.456683563958533,0.057288351,0.734563971992362,0.033948652662847,0.161256100148525,0.004880118820284,0.046679397411415,0.947379588372586
16127,2013,2013-09-16,"14480","First",1,"Riffle",1.6909,84.89068142,6,5,9,50.72463768,6,3.212121212,15.94202899,"130377-001","Chloride",4.2,"ppm","","Jakes Brook",201490956,2015,4.3794,8.535831781,5.73e-05,4.28e-05,11.7957361891778,0.456683563958533,0.058349247,0.734351792913219,0.033948652662847,0.161256100148525,0.004880118820284,0.046679397411415,0.947167409293443
16127,2014,2014-09-29,"620.1-066","First",1,"Riffle",1.6909,86.07536608,6,6,7,55.02645503,7,3.324324324,10.05291005,"140304-005","Chloride",3,"ppm","","Jakes Brook",201490956,2015,4.3794,8.535831781,5.73e-05,4.28e-05,11.7957361891778,0.456683563958533,0.058349247,0.734351792913219,0.033948652662847,0.161256100148525,0.004880118820284,0.046679397411415,0.947167409293443
16127,2015,2015-09-23,"620.2-066","First",1,"Riffle",1.6909,82.26059899,8,4,8,49.23076923,7,3.28125,14.87179487,"150384-021","Chloride",3.6,"ppm","","Jakes Brook",201490956,2015,4.3794,8.535831781,5.73e-05,4.28e-05,11.7957361891778,0.456683563958533,0.058349247,0.734351792913219,0.033948652662847,0.161256100148525,0.004880118820284,0.046679397411415,0.947167409293443
16127,2016,2016-09-29,"16-B-033","First",1,"Riffle",1.6909,77.63579304,2,3,10,46.98795181,7,3.5,24.09638554,"160366-019","Chloride",2.6,"ppm","NULL","Jakes Brook",201490956,2015,4.3794,8.535831781,5.73e-05,4.28e-05,11.7957361891778,0.456683563958533,0.058349247,0.734351792913219,0.033948652662847,0.161256100148525,0.004880118820284,0.046679397411415,0.947167409293443
16127,2017,2017-10-18,"7955.02-62","First",1,"Riffle",1.6909,82.19829937,6,4,10,57.46268657,6,3.411764706,13.43283582,"170306-019","Chloride",4.9,"ppm","","Jakes Brook",201490956,2015,4.3794,8.535831781,5.73e-05,4.28e-05,11.7957361891778,0.456683563958533,0.058349247,0.734351792913219,0.033948652662847,0.161256100148525,0.004880118820284,0.046679397411415,0.947167409293443
16127,2018,2018-10-09,"7955.4-19","First",1,"Riffle",1.6909,79.61758658,4,3,8,66.4556962,7,3.185185185,20.88607595,"180337-020","Chloride",4.7,"ppm","NULL","Jakes Brook",201490956,2015,4.3794,8.535831781,5.73e-05,4.28e-05,11.7957361891778,0.456683563958533,0.058349247,0.734351792913219,0.033948652662847,0.161256100148525,0.004880118820284,0.046679397411415,0.947167409293443
16128,2007,2007-09-21,"11880","First",1,"Riffle",5.4226,54.70999279,2,2,4,44.02173913,6,3.652173913,20.65217391,"070184-005","Chloride",10,"ppm","","Stonehouse Brook",201489426,2006,14.0445,27.975484722,0.118708248,0.180387012,8.85639076132902,0.996831499875396,0.03957382,0.549401098537489,0.054397458804844,0.278141751042287,0.016279531467143,0.053669512275826,0.897491893322745
16128,2008,2008-09-22,"13892","First",1,"Riffle",5.4226,62.26743985,4,3,5,34.18181818,8,3.771428571,14.90909091,"080161-011","Chloride",5.5,"ppm","","Stonehouse Brook",201489426,2006,14.0445,27.975484722,0.118708248,0.180387012,8.85639076132902,0.996831499875396,0.03957382,0.549401098537489,0.054397458804844,0.278141751042287,0.016279531467143,0.053669512275826,0.897491893322745
16128,2010,2010-09-16,"22504","First",1,"Riffle",5.4226,64.6361211,5,3,5,47.26368159,8,3.806451613,22.3880597,"100266-007","Chloride",8.5,"ppm","","Stonehouse Brook",201489426,2010,14.0445,27.975484722,0.118708248,0.180387012,8.85639076132902,0.996831499875396,0.03805175,0.513069949043743,0.054397458804844,0.306002250016544,0.016610416253061,0.053272450532725,0.888955065846073
16128,2012,2012-09-26,"6448.2-14","First",1,"Riffle",5.4226,58.34530538,4,2,5,36.18677043,7,3.6875,22.17898833,"120250-008","Chloride",7,"ppm","","Stonehouse Brook",201489426,2010,14.0445,27.975484722,0.118708248,0.180387012,8.85639076132902,0.996831499875396,0.03805175,0.513069949043743,0.054397458804844,0.306002250016544,0.016610416253061,0.053272450532725,0.888955065846073
16128,2013,2013-10-03,"14482","First",1,"Riffle",5.4226,65.85203146,5,3,7,55.17241379,6,3.75862069,24.13793103,"130395-044","Chloride",7.8,"ppm","","Stonehouse Brook",201489426,2015,14.0445,27.975484722,0.118708248,0.180387012,8.85639076132902,0.996831499875396,0.03805175,0.537820131030375,0.054926874462312,0.287935940705446,0.016544239295877,0.053272450532725,0.895572761564423
16128,2014,2014-10-06,"620.1-093","First",1,"Riffle",5.4226,79.45608555,8,3,8,46.02272727,11,3.487179487,14.77272727,"140333-014","Chloride",8.3,"ppm","","Stonehouse Brook",201489426,2015,14.0445,27.975484722,0.118708248,0.180387012,8.85639076132902,0.996831499875396,0.03805175,0.537820131030375,0.054926874462312,0.287935940705446,0.016544239295877,0.053272450532725,0.895572761564423
16128,2015,2015-09-16,"620.2-031","First",1,"Riffle",5.4226,65.35850431,7,2,5,33.86454183,10,3.641025641,31.87250996,"150372-028","Chloride",8.6,"ppm","","Stonehouse Brook",201489426,2015,14.0445,27.975484722,0.118708248,0.180387012,8.85639076132902,0.996831499875396,0.03805175,0.537820131030375,0.054926874462312,0.287935940705446,0.016544239295877,0.053272450532725,0.895572761564423
16130,2013,2013-10-16,"14484","First",1,"Riffle",11.6413,62.52275368,3,2,8,44.44444444,9,3.5,29.62962963,"130406-012","Chloride",15.9,"ppm","","Menunketesuck River",201495814,2015,30.1509,63.524860745,0.094741717,0.240355799,10.8317555211484,1.09449469170075,0.032392283,0.394717376564137,0.120384639092646,0.357517105344264,0.023300252727609,0.044288972446527,0.819823707082537
16131,2007,2007-10-02,"12064","First",1,"Riffle",11.4303,66.63862632,4,2,9,62.43654822,6,3.62962963,14.21319797,"070195-015","Chloride",12,"ppm","","Chatfield Hollow Brook",201495725,2006,29.6046,56.017468131,0.052097043,0.114154412,18.4282074568158,1.28358430784405,0.016191283,0.468354827575387,0.093413662179548,0.337694938655119,0.020835294486805,0.076939973014528,0.903825033731839
16131,2008,2008-09-24,"13922","First",1,"Riffle",11.4303,63.17401212,4,3,10,27.45901639,7,3.424242424,32.37704918,"080168-011","Chloride",7.2,"ppm","","Chatfield Hollow Brook",201495725,2006,29.6046,56.017468131,0.052097043,0.114154412,18.4282074568158,1.28358430784405,0.016191283,0.468354827575387,0.093413662179548,0.337694938655119,0.020835294486805,0.076939973014528,0.903825033731839
16131,2013,2013-10-16,"14486","First",1,"Riffle",11.4303,69.99748474,4,3,9,70.66666667,7,3.716666667,18.66666667,"130406-017","Chloride",13.1,"ppm","","Chatfield Hollow Brook",201495725,2015,29.6046,56.017468131,0.052097043,0.114154412,18.4282074568158,1.28358430784405,0.016191283,0.473092974363802,0.094888449590511,0.336502557344128,0.021180457497882,0.076783080736766,0.907559069942578
16131,2016,2016-10-25,"16-B-099","First",1,"Riffle",11.4303,69.37191988,6,2,8,61.9047619,8,3.681818182,22.02380952,"160390-007","Chloride",18.4,"ppm","NULL","Chatfield Hollow Brook",201495725,2015,29.6046,56.017468131,0.052097043,0.114154412,18.4282074568158,1.28358430784405,0.016191283,0.473092974363802,0.094888449590511,0.336502557344128,0.021180457497882,0.076783080736766,0.907559069942578
16133,2007,2007-10-04,"12080","First",1,"Riffle",5.8701,49.18059703,1,NA,8,51.35135135,4,3.72,27.56756757,"070202-009","Chloride",32.7,"ppm","","Wharton Brook",201495315,2006,15.2037,21.106952337,0.060228773,0.049065421,9.51965782952941,2.17052428027388,0.09638407,0.014598094307354,0.377229416076228,0.189653066210603,0.016919130222331,0.014537014414855,0.235707305155143
16135,2013,2013-09-24,"14488","First",1,"Riffle",1.5085,76.50473057,4,2,9,31.79723502,8,3.592592593,17.05069124,"130395-001","Chloride",29.9,"ppm","","Sargent River",201495669,2015,3.9069,3.937913549,2.14e-05,2.14e-05,10.7527208674652,0.511914817374389,0.023045854,0.420052268947493,0.1416013304823,0.318602993585175,0.002851033499644,0.010453789498693,0.751960085531005
16136,2007,2007-10-09,"12090","First",1,"Riffle",1.9275,53.20174514,2,NA,8,42.32804233,2,4.025,30.15873016,"070202-017","Chloride",16.5,"ppm","","Wintergreen Brook",201496082,2006,4.9923,7.241186454,0.007354912,0.007354912,16.0265021358002,1.40215932536106,0.027922561,0.447505584512286,0.127513030528667,0.301377513030529,0.033693224125093,0.020476545048399,0.803052866716307
16136,2013,2013-10-15,"14490","First",1,"Riffle",1.9275,64.6146117,3,1,9,35.7615894,5,3.953333333,15.23178808,"130406-003","Chloride",17.6,"ppm","","Wintergreen Brook",201496082,2015,4.9923,7.241186454,0.007354912,0.007354912,16.0265021358002,1.40215932536106,0.027922561,0.454020848845867,0.127513030528667,0.296537602382725,0.033693224125093,0.020476545048399,0.804728220402084
16137,2007,2007-10-03,"12079","First",1,"Riffle",2.4085,51.85397713,4,NA,6,26.66666667,5,4.1,23.33333333,"070202-004","Chloride",23.9,"ppm","","Indian River",201496531,2006,6.2379,8.707298477,0.137854289,0.137854289,7.46304203481838,1.76341396944485,0.035011919,0.017878426698451,0.341030989272944,0.266984505363528,0.001489868891538,0.028903456495828,0.315256257449345
16137,2013,2013-10-15,"14492","First",1,"Riffle",2.4085,59.56007421,3,1,8,35.6,8,4.045454545,30,"130406-005","Chloride",41.7,"ppm","","Indian River",201496531,2015,6.2379,8.707298477,0.137854289,0.137854289,7.46304203481838,1.76341396944485,0.014898689,0.015941597139452,0.346692491060787,0.264600715137068,0.001489868891538,0.028903456495828,0.310935637663886
16138,2007,2007-10-03,"12077","First",1,"Riffle",5.8479,54.30607306,1,2,7,36.31840796,9,3.913043478,29.35323383,"070202-006","Chloride",30.9,"ppm","","Wepawaug River",201496249,2006,15.1461,23.43166647,0.096827079,0.2526631,7.81016897203495,1.91468430817174,0.018713953,0.141796539452694,0.231500797643883,0.46674438581421,0.002392931648055,0.033071542520555,0.644005399435514
16138,2013,2013-10-15,"14496","First",1,"Riffle",5.8479,56.30470953,3,1,7,47.12041885,7,3.857142857,24.08376963,"130406-004","Chloride",43,"ppm","","Wepawaug River",201496249,2015,15.1461,23.43166647,0.096827079,0.2526631,7.81016897203495,1.91468430817174,0.017118665,0.142532826113634,0.232175727083078,0.465578598601055,0.002392931648055,0.033071542520555,0.643575898883299
16139,2007,2007-10-09,"12095","First",1,"Riffle",5.6029,71.97572162,4,4,7,60.71428571,7,3.344827586,27.97619048,"070202-018","Chloride",1.5,"ppm","","Brown Brook",201490357,2006,14.5116,24.932638754,0.027092745,0.371198854,18.5663928920595,0.068910388930235,0.003200615,0.926961976699526,0.004864934067341,0.040647804378441,0.011650236845474,0.07399820765587,1.05325822557931
16139,2008,2008-09-25,"13885","First",1,"Riffle",5.6029,84.90498825,8,6,8,40.10152284,11,3.511363636,16.24365482,"080165-004","Chloride",0.7,"ppm","","Brown Brook",201490357,2006,14.5116,24.932638754,0.027092745,0.371198854,18.5663928920595,0.068910388930235,0.003200615,0.926961976699526,0.004864934067341,0.040647804378441,0.011650236845474,0.07399820765587,1.05325822557931
16139,2009,2009-10-13,"15701","First",1,"Riffle",5.6029,82.19504578,9,5,6,62.02531646,8,3.430555556,11.39240506,"090219-005","Chloride",1.1,"ppm","","Brown Brook",201490357,2010,14.5116,24.932638754,0.027092745,0.371198854,18.5663928920595,0.068910388930235,0.003200615,0.91838432979132,0.004864934067341,0.04845730380233,0.011842273716554,0.07399820765587,1.05268211496607
16139,2010,2010-10-12,"22858","First",1,"Riffle",5.6029,88.17781222,7,7,7,57.54189944,9,3.181818182,13.40782123,"100314-009","Chloride",2.1,"ppm","","Brown Brook",201490357,2010,14.5116,24.932638754,0.027092745,0.371198854,18.5663928920595,0.068910388930235,0.003200615,0.91838432979132,0.004864934067341,0.04845730380233,0.011842273716554,0.07399820765587,1.05268211496607
16139,2012,2012-10-11,"6448.4-20","First",1,"Riffle",5.6029,68.61145013,5,3,8,55.05050505,6,3.660714286,19.6969697,"120275-003","Chloride",1.1,"ppm","","Brown Brook",201490357,2010,14.5116,24.932638754,0.027092745,0.371198854,18.5663928920595,0.068910388930235,0.003200615,0.91838432979132,0.004864934067341,0.04845730380233,0.011842273716554,0.07399820765587,1.05268211496607
16139,2013,2013-10-08,"14498","First",1,"Riffle",5.6029,76.9925459,8,4,7,32.44680851,10,3.454545455,15.42553191,"130405-007","Chloride",1.1,"ppm","","Brown Brook",201490357,2015,14.5116,24.932638754,0.027092745,0.371198854,18.5663928920595,0.068910388930235,0.003200615,0.924849571117655,0.004864934067341,0.042952246831392,0.011394187684035,0.074126232236589,1.05332223786967
16139,2014,2014-09-29,"620.1-065","First",1,"Riffle",5.6029,73.5448678,8,2,8,47,9,3.65625,10.5,"140304-004","Chloride",1.1,"ppm","","Brown Brook",201490357,2015,14.5116,24.932638754,0.027092745,0.371198854,18.5663928920595,0.068910388930235,0.003200615,0.924849571117655,0.004864934067341,0.042952246831392,0.011394187684035,0.074126232236589,1.05332223786967
16139,2015,2015-09-25,"620.2-075","First",1,"Riffle",5.6029,65.3515704,6,2,7,30.70175439,8,3.672413793,16.22807018,"150384-029","Chloride",2.7,"ppm","","Brown Brook",201490357,2015,14.5116,24.932638754,0.027092745,0.371198854,18.5663928920595,0.068910388930235,0.003200615,0.924849571117655,0.004864934067341,0.042952246831392,0.011394187684035,0.074126232236589,1.05332223786967
16139,2016,2016-10-28,"16-B-109","First",1,"Riffle",5.6029,72.96358218,8,4,3,50.57471264,7,3.366666667,15.51724138,"160399-008","Chloride",1.5,"ppm","NULL","Brown Brook",201490357,2015,14.5116,24.932638754,0.027092745,0.371198854,18.5663928920595,0.068910388930235,0.003200615,0.924849571117655,0.004864934067341,0.042952246831392,0.011394187684035,0.074126232236589,1.05332223786967
16139,2018,2018-10-05,"7955.4-16","First",1,"Riffle",5.6029,74.63819941,7,3,8,47.84946237,9,3.542857143,24.7311828,"180362-013","Chloride",1.5,"ppm","NULL","Brown Brook",201490357,2015,14.5116,24.932638754,0.027092745,0.371198854,18.5663928920595,0.068910388930235,0.003200615,0.924849571117655,0.004864934067341,0.042952246831392,0.011394187684035,0.074126232236589,1.05332223786967
16139,2019,2019-10-03,"7955.6-15","First",1,"Riffle",5.6029,69.26842078,6,3,7,41.70854271,8,3.764705882,14.57286432,"190411-016","Chloride",1.2,"ppm","NULL","Brown Brook",201490357,2015,14.5116,24.932638754,0.027092745,0.371198854,18.5663928920595,0.068910388930235,0.003200615,0.924849571117655,0.004864934067341,0.042952246831392,0.011394187684035,0.074126232236589,1.05332223786967
16140,2008,2008-10-02,"13970","First",1,"Riffle",4.0149,14.61853259,1,NA,2,0.591715976,2,4.454545455,80.47337278,"080177-010","Chloride",40.1,"ppm","","Bruce Brook",201496858,2006,10.3986,7.395278519,0.195361629,0.195361629,6.14903163833187,2.3080030004039,0,0.002593453764979,0.790287962797353,0.050974780897872,0.015381863709533,0.008674655696655,0.077624754069039
16140,2008,2008-10-02,"13970","First",1,"Riffle",4.0149,14.61853259,1,NA,2,0.591715976,2,4.454545455,80.47337278,"080177-011","Chloride",45.8,"ppm","","Bruce Brook",201496858,2006,10.3986,7.395278519,0.195361629,0.195361629,6.14903163833187,2.3080030004039,0,0.002593453764979,0.790287962797353,0.050974780897872,0.015381863709533,0.008674655696655,0.077624754069039
16141,2007,2007-10-02,"12060","First",1,"Riffle",14.4917,44.73600588,2,1,7,31.25,4,3.869047619,28.40909091,"070195-019","Chloride",64.6,"ppm","","Pequonnock River",201496673,2006,37.5336,69.59735332,0.140757028,0.028423122,16.695487144029,1.94492401474945,0.01769583,0.155500556861775,0.291795569855216,0.373765623066452,0.00744957307264,0.038163593614652,0.574879346615519
16141,2013,2013-10-21,"14500","First",1,"Riffle",14.4917,52.23282956,3,2,6,51.17647059,6,4.090909091,27.05882353,"130417-009","Chloride",59.9,"ppm","","Pequonnock River",201496673,2015,37.5336,69.59735332,0.140757028,0.028423122,16.695487144029,1.94492401474945,0.017646331,0.149783442643237,0.29865115703502,0.372453904219775,0.007226828362826,0.037990347729241,0.567454522955079
16141,2014,2014-09-29,"620.1-067","First",1,"Riffle",14.4917,55.86146171,4,2,8,43.5483871,6,3.935483871,28.49462366,"140304-006","Chloride",80,"ppm","","Pequonnock River",201496673,2015,37.5336,69.59735332,0.140757028,0.028423122,16.695487144029,1.94492401474945,0.017646331,0.149783442643237,0.29865115703502,0.372453904219775,0.007226828362826,0.037990347729241,0.567454522955079
16141,2016,2016-10-11,"16-B-063","First",1,"Riffle",14.4917,42.27711119,1,2,5,26.66666667,4,3.956521739,24.61538462,"160372-024","Chloride",83,"ppm","NULL","Pequonnock River",201496673,2015,37.5336,69.59735332,0.140757028,0.028423122,16.695487144029,1.94492401474945,0.017646331,0.149783442643237,0.29865115703502,0.372453904219775,0.007226828362826,0.037990347729241,0.567454522955079
16142,2013,2013-10-17,"14502","First",1,"Riffle",6.5519,54.94863885,2,1,7,66.06060606,6,3.973684211,26.66666667,"130417-004","Chloride",30,"ppm","","Saugatuck River",201496574,2015,16.9695,25.97702692,0.108304139,0.104955558,18.7732768801111,1.1196558531483,0.011875445,0.425326985169376,0.127510534668637,0.324960323975264,0.044929677666503,0.0468450719641,0.842062058775243
16143,2007,2007-09-25,"12002","First",1,"Riffle",6.17,63.61318602,4,2,8,49.48979592,7,3.620689655,26.02040816,"070183-001","Chloride",16.6,"ppm","","Little River",201496681,2006,15.9804,27.411551981,0.01123378,4.33e-05,13.5606347618922,1.50183975369828,0.060146444,0.320548582054858,0.113784286378429,0.38662250116225,0.021559739655974,0.012959088795909,0.741689911668991
16143,2008,2008-10-02,"13973","First",1,"Riffle",6.17,80.59471963,5,2,13,53.91705069,11,3.484848485,13.3640553,"080177-013","Chloride",13.5,"ppm","","Little River",201496681,2006,15.9804,27.411551981,0.01123378,4.33e-05,13.5606347618922,1.50183975369828,0.060146444,0.320548582054858,0.113784286378429,0.38662250116225,0.021559739655974,0.012959088795909,0.741689911668991
16143,2009,2009-10-05,"15687","First",1,"Riffle",6.17,69.73613479,5,2,9,49.77973568,8,3.62962963,15.4185022,"090206-002","Chloride",22.3,"ppm","","Little River",201496681,2010,15.9804,27.411551981,0.01123378,4.33e-05,13.5606347618922,1.50183975369828,0.060146444,0.318921431892143,0.113784286378429,0.389063226406323,0.021617852161785,0.012900976290098,0.742503486750349
16143,2013,2013-10-17,"14504","First",1,"Riffle",6.17,79.6476957,7,3,9,50.99601594,11,3.671875,13.14741036,"130417-002","Chloride",25.3,"ppm","","Little River",201496681,2015,15.9804,27.411551981,0.01123378,4.33e-05,13.5606347618922,1.50183975369828,0.060146444,0.318456531845653,0.114132961413296,0.389121338912134,0.021443514644352,0.012900976290098,0.741922361692237
16143,2014,2014-09-29,"620.1-069","First",1,"Riffle",6.17,64.71938147,3,2,9,37.60683761,7,3.407407407,16.23931624,"140304-008","Chloride",28,"ppm","","Little River",201496681,2015,15.9804,27.411551981,0.01123378,4.33e-05,13.5606347618922,1.50183975369828,0.060146444,0.318456531845653,0.114132961413296,0.389121338912134,0.021443514644352,0.012900976290098,0.741922361692237
16144,2013,2013-10-09,"14506","First",1,"Riffle",8.0065,78.06955372,7,5,8,60.56338028,7,3.647058824,20.18779343,"130405-014","Chloride",21.9,"ppm","","Aspetuck River",201496625,2015,20.7369,41.382765499,0.045318914,0.076928191,15.9136528492714,1.15735717489114,0.057147976,0.463006091006808,0.085901110713006,0.326764600501612,0.007613758509495,0.055490863489789,0.852875313507704
16145,2007,2007-10-18,"12124","First",1,"Riffle",7.9009,25.37031754,1,NA,3,0.505050505,6,4.382352941,48.48484848,"070203-017","Chloride",53.3,"mg/L","","Horseneck Brook",201497254,2006,20.4633,34.0580575,0.026326327,0.022949623,11.3298286775642,2.59000259000259,0.020699986,0.085296654410096,0.294702437695765,0.276317581370012,0.06536837804712,0.040991420400381,0.467974034227609
16146,2007,2007-10-18,"12122","First",1,"Riffle",11.299,41.9413257,2,NA,4,60.66350711,3,4,31.27962085,"070203-015","Chloride",26.9,"mg/L","","East Branch Byram River",201497230,2006,29.2644,68.163572942,0.028948574,0.220850878,15.5239024242573,3.00706660652533,0.014035756,0.141532501349592,0.177002953224731,0.394811215902956,0.032040900574767,0.029976818773618,0.598361436600933
16146,2013,2013-10-03,"14509","First",1,"Riffle",11.299,49.00424491,4,NA,4,50.41666667,7,3.944444444,31.66666667,"130395-049","Chloride",40.11,"ppm","","East Branch Byram River",201497230,2015,29.2644,68.163572942,0.028948574,0.220850878,15.5239024242573,3.00706660652533,0.014035756,0.14213584833762,0.177288749166429,0.39474770569369,0.031247022958941,0.029976818773618,0.598107395763869
16191,2015,2015-09-23,"620.2-065","First",1,"Riffle",3.8936,87.44776595,7,6,9,42.5,10,3.432432432,12,"150384-020","Chloride",51.8,"ppm","","Hall Meadow Brook",201490289,2015,10.0845,16.564315145,0.015430794,0.104649253,15.9252294293617,1.38826912588626,0.042088782,0.63197642291398,0.053232639528458,0.221864063363419,0.01344630687051,0.036931294897771,0.90421808804568
16202,2015,2015-09-17,"620.2-045","First",1,"Riffle",38.6336,27.14195375,1,NA,3,10.55276382,8,4.380952381,51.25628141,"150372-039","Chloride",52.7,"ppm","","Coginchaug River",201493624,2015,100.0611,171.589944737,0.130767855,0.015997065,9.90229157084729,1.59902299694886,0.153644044,0.240163401726859,0.158871042614428,0.254210379723331,0.011902330331446,0.058471822486306,0.564747934267942
16205,2007,2007-10-17,"12117","First",1,"Riffle",58.0513,22.15819809,2,NA,5,5.714285714,2,4.5,44.76190476,"070203-012","Chloride",50.8,"mg/L","","Norwalk River",201497068,2006,150.3531,301.889258258,0.077341856,0.571741224,11.615173370577,2.60719599396354,0.005091606,0.129125343714277,0.27792504711589,0.415837118052337,0.019668180554268,0.037686532579479,0.602317174900361
16240,2007,2007-10-11,"12107","First",1,"Riffle",19.7451,25.51311124,1,NA,3,20.49180328,3,4.65,28.68852459,"070202-029","Chloride",25.8,"ppm","","Farm River",201496352,2006,51.1398,75.694072417,0.201297788,0.276809593,15.0266062945678,1.48612235479998,0.110388431,0.204607390719814,0.242287707568766,0.248628320191853,0.022328403764398,0.017041531921078,0.492605646597143
16243,2009,2009-10-22,"15761","First",1,"Riffle",37.1449,59.86559896,2,4,9,42.43902439,6,3.822580645,20,"090252-004","Chloride",14.4,"ppm","","Fivemile River",201486563,2010,96.2055,154.859292648,0.196856985,0.577405119,6.96621185753438,0.748397960615557,0.039329098,0.530252409184836,0.071995519592128,0.222079527239721,0.054305633340414,0.081458450010622,0.888096019775593
16246,2014,2014-09-24,"620.1-055","First",1,"Riffle",10.7461,63.7980034,4,3,5,66.90647482,8,3.428571429,46.4028777,"140293-002","Chloride",23.9,"ppm","","Fivemile River",201485363,2015,27.8325,47.366956782,0.23151915,0.600316957,9.85033019121764,0.574867511003323,0.020992557,0.582985682341555,0.080065414010613,0.197443513666856,0.021559923906151,0.11110369455662,0.913092814471182
16254,2015,2015-09-14,"620.2-013","First",1,"Riffle",97.2075,60.58355127,6,2,8,33.53846154,9,3.866071429,26.76923077,"150372-013","Chloride",18.3,"ppm","","Shepaug River",201493868,2015,251.7678,440.510955589,0.041398112,0.050603136,19.4148853523265,1.15582691670658,0.128666364,0.4092047924254,0.078317854256838,0.275748954839471,0.045872676754818,0.065927213286546,0.796753637306235
16259,2013,2013-10-09,"14513","First",1,"Riffle",19.1915,62.46422023,4,2,8,36.4640884,12,3.795454545,25.96685083,"130405-016","Chloride",29.5,"ppm","","Aspetuck River",201496817,2015,49.7061,103.584043188,0.069642536,0.116182793,7.98962284022063,1.54910564296937,0.042893188,0.369610316792823,0.117764694888328,0.368040370058873,0.012185777030184,0.05150920474722,0.8013456686291
16260,2013,2013-10-09,"14515","First",1,"Riffle",14.1884,79.79208185,7,3,10,44.44444444,11,3.451612903,13.13131313,"130405-009","Chloride",14.4,"ppm","","Aspetuck River",201496713,2015,36.7479,72.202031007,0.056220833,0.175087394,15.4386861831007,1.30619708881324,0.041053643,0.422063805045756,0.106729359421609,0.346251074371808,0.007255169624349,0.058142474341473,0.833712523383386
16261,2013,2013-10-09,"14517","First",1,"Riffle",14.1884,79.27563146,8,3,11,45.50898204,8,3.363636364,13.17365269,"130405-010","Chloride",16.1,"ppm","","Aspetuck River",201496713,2015,36.7479,72.202031007,0.056220833,0.175087394,15.4386861831007,1.30619708881324,0.041053643,0.422063805045756,0.106729359421609,0.346251074371808,0.007255169624349,0.058142474341473,0.833712523383386
16261,2016,2016-10-17,"16-B-075","First",1,"Riffle",14.1884,68.60066489,7,3,7,40,6,3.533333333,11.17647059,"160389-002","Chloride",12.6,"ppm","NULL","Aspetuck River",201496713,2015,36.7479,72.202031007,0.056220833,0.175087394,15.4386861831007,1.30619708881324,0.041053643,0.422063805045756,0.106729359421609,0.346251074371808,0.007255169624349,0.058142474341473,0.833712523383386
16268,2015,2015-09-28,"620.2-081","First",1,"Riffle",9.5796,36.91654586,2,NA,5,66.13545817,2,4.055555556,60.15936255,"150413-003","Chloride",45.4,"ppm","","Farmill River",201496520,2015,24.8112,44.001567167,0.098066638,0.12428286,10.2622341132933,2.7003933707358,0.009319909,0.068832578508066,0.318785791817944,0.408129655275667,0.003930081970281,0.032114384100011,0.513006699854025
16276,2013,2013-10-16,"14519","First",1,"Riffle",6.1502,51.96061454,6,NA,5,52.44755245,5,3.954545455,34.96503497,"130406-011","Chloride",9.7,"ppm","","Latimer Brook",201494100,2015,15.9291,28.197427931,0.145746842,0.478910838,8.92982259590525,0.565003672523871,0.01755102,0.467172011661808,0.077725947521866,0.270087463556851,0.031545189504373,0.042507288629738,0.81131195335277
16288,2009,2009-10-26,"15769","First",1,"Riffle",5.0685,92.37679472,8,6,9,59.44444444,11,3.225,17.22222222,"090232-003","Chloride",4.5,"ppm","","Branch Brook",201487443,2010,13.1274,25.451092393,0.023757357,0.11200064,10.0056832699595,0.609412374118256,0.029559437,0.675411922777739,0.042571246729369,0.202248780142847,0.019022699950499,0.041086203238809,0.937769606109894
16288,2010,2010-09-29,"22808","First",1,"Riffle",5.0685,70.4661625,5,3,6,40.13157895,9,3.344827586,21.71052632,"100290-004","Chloride",5.3,"ppm","","Branch Brook",201487443,2010,13.1274,25.451092393,0.023757357,0.11200064,10.0056832699595,0.609412374118256,0.029559437,0.675411922777739,0.042571246729369,0.202248780142847,0.019022699950499,0.041086203238809,0.937769606109894
16289,2008,2008-09-16,"13848","First",1,"Riffle",4.4958,51.90323409,3,2,5,23.89380531,5,3.770114943,21.23893805,"080157-017","Chloride",8.2,"ppm","","Staddle Brook",201490815,2006,11.6442,16.059295642,0.008487843,0.015630483,8.69165863752103,1.03055598495388,0.078941073,0.36296946017064,0.081094011641815,0.350450522286899,0.03325093692688,0.064269197033729,0.810940116418148
16295,2012,2012-10-01,"6448.2-16","First",1,"Riffle",16.8508,60.59276389,5,2,7,61.71171171,7,3.701149425,41.89189189,"120264-002","Chloride",13.8,"ppm","","Latimer Brook",201494812,2010,43.6437,86.961564059,0.125748101,0.315618567,12.274545185633,1.30603042363503,0.046698736,0.414243752926653,0.107615682601848,0.300647056319441,0.019432974330595,0.046890298412158,0.781214081988847
16295,2013,2013-10-02,"14521","First",1,"Riffle",16.8508,66.25440646,5,3,7,57.69230769,9,3.777777778,30.76923077,"130395-040","Chloride",33.1,"ppm","","Latimer Brook",201494812,2015,43.6437,86.961564059,0.125748101,0.315618567,12.274545185633,1.30603042363503,0.046996722,0.412434549401899,0.108147801285599,0.304669873568601,0.019411689583245,0.046890298412158,0.783406410965903
16295,2014,2014-09-17,"620.1-012","First",1,"Riffle",16.8508,59.89168597,3,2,8,45.45454545,8,3.666666667,26.44628099,"140292-013","Chloride",40.4,"ppm","","Latimer Brook",201494812,2015,43.6437,86.961564059,0.125748101,0.315618567,12.274545185633,1.30603042363503,0.046996722,0.412434549401899,0.108147801285599,0.304669873568601,0.019411689583245,0.046890298412158,0.783406410965903
16296,2013,2013-10-16,"14523","First",1,"Riffle",6.7184,55.57625388,4,2,5,49.10179641,6,3.891304348,28.74251497,"130406-010","Chloride",26,"ppm","","fourmile river",201495455,2015,17.4006,28.133286548,0.149834457,0.274988034,10.7716804509058,0.91950852269462,0.021777422,0.474246063517481,0.106378436082199,0.275473712303176,0.01772084334134,0.077181745396317,0.844622364558314
16298,2010,2010-09-27,"22745","First",1,"Riffle",7.7772,73.46737394,7,2,7,54.34782609,8,3.357142857,16.66666667,"100280-005","Chloride",16.3,"ppm","","Stony Brook",201493599,2010,20.1429,42.473436181,0.086991539,0.150119597,13.7325253661628,1.43971324883706,0.046678967,0.447140221402214,0.115221402214022,0.283625461254613,0.016512915129151,0.040544280442804,0.787822878228782
16298,2014,2014-10-06,"620.1-097","First",1,"Riffle",7.7772,80.18853069,7,4,9,51.86915888,8,3.310344828,17.75700935,"140333-018","Chloride",24.5,"ppm","","Stony Brook",201493599,2015,20.1429,42.473436181,0.086991539,0.150119597,13.7325253661628,1.43971324883706,0.046632841,0.398385608856089,0.116236162361624,0.318680811808118,0.016143911439114,0.040544280442804,0.773754612546125
16299,2014,2014-10-06,"620.1-101","First",1,"Riffle",2.7869,77.17477378,3,4,8,35.8974359,8,3.088235294,14.1025641,"140332-002","Chloride",23.1,"ppm","","Hunts brook",201494104,2015,7.218,19.571477079,0.061169165,0.164397221,16.9336131247733,0.831255195344971,0.013656274,0.561324400927596,0.049987116722494,0.300309198660139,0.002705488276217,0.071759855707292,0.936098943571244
16300,2008,2008-09-16,"13846","First",1,"Riffle",8.1949,55.37570618,4,2,6,9.550561798,8,3.689655172,17.41573034,"080157-016","Chloride",25.3,"ppm","","Hop River",201490315,2006,21.2247,21.128069166,0.067979026,0.12902611,10.5396962640469,0.659608851950793,0.094987962,0.25874370759466,0.149967170059094,0.347734734077479,0.074458305975049,0.04600569052309,0.726942438170278
16300,2008,2008-09-16,"13846","First",1,"Riffle",8.1949,55.37570618,4,2,6,9.550561798,8,3.689655172,17.41573034,"080157-015","Chloride",25.2,"ppm","","Hop River",201490315,2006,21.2247,21.128069166,0.067979026,0.12902611,10.5396962640469,0.659608851950793,0.094987962,0.25874370759466,0.149967170059094,0.347734734077479,0.074458305975049,0.04600569052309,0.726942438170278
16301,2008,2008-10-07,"13996","First",1,"Riffle",25.5808,32.63608587,3,NA,5,3.51758794,5,4.279411765,31.65829146,"080186-006","Chloride",36.6,"ppm","","Pequabuck River",201492869,2006,66.2544,108.437247331,0.245372743,0.424243549,11.2248926133553,2.11306720761187,0.049676723,0.266588126393739,0.270795641014853,0.240697886425155,0.028246448156407,0.018863690551325,0.554396151526626
16304,2012,2012-09-24,"6448.1-48","First",1,"Riffle",465.5018,60.45469842,6,1,7,24.58100559,11,3.821428571,13.40782123,"120249-009","Chloride",38.5,"ppm","","Quinebaug River",201488745,2010,1205.6508,2137.993439256,0.15666698,0.702856838,9.43798452932204,0.505121383405543,0.081145035,0.375689236961902,0.123281338129097,0.292876780304081,0.041939048182634,0.063202528563459,0.773707594012076
16304,2014,2014-09-30,"620.1-079","First",1,"Riffle",465.5018,48.71092252,3,1,8,15.52511416,8,3.857142857,22.83105023,"140304-018","Chloride",71.6,"ppm","","Quinebaug River",201488745,2015,1205.6508,2137.993439256,0.15666698,0.702856838,9.43798452932204,0.505121383405543,0.080814479,0.372365951308818,0.124410161101916,0.29488554582636,0.041520651681445,0.063173248513652,0.771945397330275
16307,2012,2012-09-17,"6448.1-12","First",1,"Riffle",4.6209,43.1820401,3,NA,4,27.17391304,6,4.181818182,25,"120242-010","Chloride",28.3,"ppm","","Long Hill Brook",201493840,2010,11.9682,13.920034587,0.065614084,0.076417722,6.69314939189673,1.50398556173861,0.119008778,0.06478676299231,0.283539190553872,0.247417074497009,0.020585722053911,0.01468189233279,0.34747145187602
16307,2014,2014-10-02,"620.1-087","First",1,"Riffle",4.6209,49.0095302,1,NA,7,36.84210526,8,4.1,21.53110048,"140333-008","Chloride",33.6,"ppm","","Long Hill Brook",201493840,2015,11.9682,13.920034587,0.065614084,0.076417722,6.69314939189673,1.50398556173861,0.11908646,0.060747300551542,0.283539190553872,0.248582304047231,0.019731220383749,0.01468189233279,0.343742717315312
16308,2008,2008-09-22,"13873","First",1,"Riffle",39.2202,28.50709317,1,NA,2,1.587301587,6,4.102941176,30.15873016,"080161-005","Chloride",25.5,"ppm","","Stony Brook",201488077,2006,101.5803,190.188353459,0.260598921,0.000104559,7.45069229974251,0.797398708214093,0.290270651,0.177610697984981,0.116062526868443,0.244573717860769,0.003951376121615,0.068591133185157,0.494726925152522
16310,2008,2008-10-02,"13962","First",1,"Riffle",9.5883,39.04163625,1,1,6,51.72413793,1,3.962962963,42.36453202,"080177-003","Chloride",27.6,"ppm","","Broad Brook",201488389,2006,24.8337,39.790816042,0.356459612,0.722149572,7.9130446128032,1.20803585450416,0.285243939,0.203457048787788,0.135662975157139,0.22751421730021,0.00175845555223,0.01728524393894,0.450014965579168
16311,2008,2008-10-14,"14034","First",1,"Riffle",6.4327,41.02684953,1,NA,8,14.51612903,4,3.692307692,33.33333333,"080194-012","Chloride",5.2,"ppm","","Reservoir Brook",201492892,2006,16.6608,24.002191267,0.027945775,0.100642501,11.7925037812823,0.54019014693172,0.024300524,0.668933229294393,0.046037231077918,0.195630364507859,0.012763348567607,0.058187493033107,0.935514435402966
16311,2012,2012-09-20,"6448.1-41","First",1,"Riffle",6.4327,45.77496771,3,1,9,13.98963731,4,4.15,21.24352332,"120249-003","Chloride",8.7,"ppm","","Reservoir Brook",201492892,2010,16.6608,24.002191267,0.027945775,0.100642501,11.7925037812823,0.54019014693172,0.02469067,0.658677962323041,0.046037231077918,0.201092408873035,0.015828781629696,0.055233530264185,0.930832683089957
16311,2014,2014-10-02,"620.1-085","First",1,"Riffle",6.4327,53.72413631,4,NA,10,41.40969163,5,3.761904762,34.80176211,"140333-006","Chloride",10.2,"ppm","","Reservoir Brook",201492892,2015,16.6608,24.002191267,0.027945775,0.100642501,11.7925037812823,0.54019014693172,0.024634935,0.66157618994538,0.046204436517668,0.198361386690447,0.014992754430944,0.056069557462936,0.930999888529707
16312,2008,2008-09-17,"13853","First",1,"Riffle",8.6184,80.86879048,6,5,7,60.20942408,8,3.2,18.84816754,"080158-002","Chloride",5.1,"ppm","","Mad River",201489657,2006,22.3218,31.156023977,0.019315837,9.37e-05,17.3874855052718,0.671988818106067,0.026555671,0.685161290322581,0.037502601456816,0.19891779396462,0.019438085327784,0.077544224765869,0.981061394380854
16312,2012,2012-10-10,"6448.4-13","First",1,"Riffle",8.6184,76.06529336,5,4,9,52.10526316,8,3.442307692,14.21052632,"120274-017","Chloride",10.2,"ppm","","Mad River",201489657,2010,22.3218,31.156023977,0.019315837,9.37e-05,17.3874855052718,0.671988818106067,0.026805411,0.689947970863684,0.037502601456816,0.195213319458897,0.01952133194589,0.078335067637877,0.983017689906348
16313,2008,2008-09-17,"13851","First",1,"Riffle",7.4686,68.52363356,5,3,8,40.51282051,7,3.513513514,15.38461538,"080158-001","Chloride",4.9,"ppm","","Mad River",201489714,2006,19.3437,28.214133085,0.022271397,0.000219635,17.4426946984179,0.672053433417599,0.027723058,0.691442848219863,0.036515639263922,0.193148512948638,0.020660164320377,0.086628549464277,0.991880074953155
16313,2012,2012-10-10,"6448.4-12","First",1,"Riffle",7.4686,68.97943753,4,4,7,53.39805825,6,3.451612903,19.90291262,"120274-016","Chloride",11,"ppm","","Mad River",201489714,2010,19.3437,28.214133085,0.022271397,0.000219635,17.4426946984179,0.672053433417599,0.028011339,0.700187382885696,0.036515639263922,0.186614135396147,0.020756258107913,0.087541440445875,0.995099216835631
16316,2008,2008-09-15,"13839","First",1,"Riffle",4.0441,63.32525221,3,2,10,35.59322034,5,3.606060606,12.99435028,"080157-008","Chloride",7.8,"ppm","","Jim Brook",201491183,2006,10.4742,15.50984789,0.25169047,0.25169047,13.2584555822652,1.71850833476542,0.013653693,0.258622218281763,0.2210302331767,0.389041581700505,0.01640216331235,0.082808759641812,0.74687472293643
16316,2012,2012-09-24,"6448.2-2","First",1,"Riffle",4.0441,67.73057069,4,2,9,51.41509434,5,3.428571429,17.45283019,"120249-016","Chloride",16.7,"ppm","","Jim Brook",201491183,2010,10.4742,15.50984789,0.25169047,0.25169047,13.2584555822652,1.71850833476542,0.013653693,0.258622218281763,0.221118893518929,0.385495168011349,0.01640216331235,0.082808759641812,0.743328309247274
16317,2008,2008-10-07,"13998","First",1,"Riffle",7.3115,65.60277798,5,1,11,28.06122449,9,3.65625,17.34693878,"080186-008","Chloride",10.4,"ppm","","Coppermine Brook",201492318,2006,18.9369,29.27844015,0.292038134,0.606305082,11.3775368455728,0.897718211534095,0.032778841,0.501398498454291,0.111978016585701,0.292605132734678,0.002698856666176,0.021541783208205,0.81824427106335
16319,2010,2010-09-20,"22509","First",1,"Riffle",15.5067,38.1904026,3,NA,7,13.65461847,5,4.206349206,30.92369478,"100283-005","Chloride",88,"ppm","","Pequabuck River",201493039,2010,40.1625,67.581091392,0.163525037,0.577495252,18.7426540957426,1.24494242141301,0.034150856,0.377741786210088,0.160735770476631,0.257542804257288,0.041577973160574,0.028875520592318,0.705738084220268
16320,2008,2008-10-14,"14032","First",1,"Riffle",7.4015,42.10278642,1,NA,6,37.99126638,7,4.151515152,34.93449782,"080194-010","Chloride",22.9,"ppm","","Sumner Brook",201493835,2006,19.17,36.256654713,0.045495389,0.033147818,9.2631597495135,2.34741784037559,0.098125636,0.269675981982855,0.219983532716617,0.256356855717538,0.01743594711096,0.01239889572335,0.555867680534703
16321,2008,2008-09-17,"13866","First",1,"Riffle",8.4923,42.24168239,2,NA,6,31.14035088,6,4.11,29.8245614,"080158-016","Chloride",60.4,"ppm","","Bass Brook",201492236,2006,21.9951,27.079725111,0.025632935,0.000196502,13.9852970728331,2.04591022545931,0,0.15181852743632,0.407468423942889,0.223799264985426,0.031301482701812,0.054407975330545,0.461327250454103
16321,2008,2008-09-17,"13866","First",1,"Riffle",8.4923,42.24168239,2,NA,6,31.14035088,6,4.11,29.8245614,"080158-017","Chloride",60.5,"ppm","","Bass Brook",201492236,2006,21.9951,27.079725111,0.025632935,0.000196502,13.9852970728331,2.04591022545931,0,0.15181852743632,0.407468423942889,0.223799264985426,0.031301482701812,0.054407975330545,0.461327250454103
16322,2008,2008-10-02,"13966","First",1,"Riffle",1.7586,56.28944313,3,NA,6,10.42471042,6,4,20.07722008,"080177-008","Chloride",36.6,"ppm","","Ogden Brook",201489384,2006,4.5549,6.486133005,0.174427145,0.496420048,4.89124546673974,1.75635030406815,0.068993672,0.010002041232905,0.406001224739743,0.254745866503368,0.002041232904674,0.00959379465197,0.276382935292917
16323,2008,2008-09-23,"13897","First",1,"Riffle",36.1046,44.75217452,3,1,6,24.47257384,6,3.903225806,31.22362869,"080161-016","Chloride",20.2,"ppm","","Coginchaug River",201493911,2006,93.5109,161.383334067,0.132744463,0.242648346,9.3633967685725,1.59339713338231,0.164732879,0.249577811773588,0.140822124649832,0.259501718554427,0.011930542586375,0.058281842926112,0.579291915840502
16324,2008,2008-10-15,"14047","First",1,"Riffle",14.99,77.79393631,7,3,11,44.44444444,10,3.5,19.55555556,"080194-018","Chloride",18.5,"ppm","","Dickinson Creek",201493175,2006,38.8242,54.45717863,0.058860015,0.041606824,16.5798935651506,0.978770972743804,0.019674015,0.503673918766904,0.123788324836648,0.284124362748618,0.01560517938776,0.028721189057227,0.832124649960509
16324,2012,2012-09-18,"6448.1-20","First",1,"Riffle",14.99,71.24147543,7,2,12,27.52293578,11,3.5,36.69724771,"120242-016","Chloride",25.7,"ppm","","Dickinson Creek",201493175,2010,38.8242,54.45717863,0.058860015,0.041606824,16.5798935651506,0.978770972743804,0.019674015,0.499964098513678,0.125655202125368,0.288073526243987,0.015653048036189,0.028601517436155,0.832292190230009
16325,2009,2009-10-15,"15727","First",1,"Riffle",3.0621,42.30183878,2,NA,5,38.5,4,4.174242424,37.5,"090254-003","Chloride",89.4,"ppm","","Willow Brook",201494495,2010,7.9308,5.3756302,0.291721585,0.291721585,8.5210700895331,2.143541635144,0.076598735,0.038650737877723,0.497423284141485,0.166549543218552,0.008550011712345,0.056102131646756,0.269852424455376
16331,2008,2008-10-14,"14033","First",1,"Riffle",1.5707,80.60366364,2,6,6,63.36633663,4,3.142857143,23.26732673,"080194-011","Chloride",2.9,"ppm","","Sumner Brook",201494530,2006,4.068,6.623378623,0.023367655,0.023367655,16.4866271503792,1.2291052114061,0.013708019,0.525017135023989,0.068768562942655,0.31117203564085,0.034726981951108,0.017820424948595,0.888736577564542
16331,2012,2012-09-17,"6448.1-16","First",1,"Riffle",1.5707,80.27371869,2,4,7,26.86567164,7,3.352941176,15.92039801,"120242-012","Chloride",4.2,"ppm","","Sumner Brook",201494530,2010,4.068,6.623378623,0.023367655,0.023367655,16.4866271503792,1.2291052114061,0.013708019,0.517249257482294,0.072880968700023,0.313913639479095,0.034726981951108,0.017820424948595,0.883710303861092
16333,2016,2016-10-31,"16-B-120","First",1,"Riffle",3.5215,47.41295602,1,1,7,29.49640288,4,3.891304348,25.89928058,"160399-020","Chloride",101.2,"ppm","NULL","Bullet Hill Brook",201495451,2015,9.1206,15.670019222,0.330314253,0.883795583,7.33743392028798,4.27603447141635,0.002240554,0.119156736938588,0.284550361543945,0.487014970974641,0.001833180568286,0.007638252367858,0.615643140849373
16334,2009,2009-10-13,"15700","First",1,"Riffle",2.0592,58.52552845,4,1,6,77.43902439,2,3.647058824,35.97560976,"090219-004","Chloride",19.9,"ppm","","Nonewaug River",201493939,2010,5.3334,11.72622082,1.57e-05,1.57e-05,9.75962769867788,1.49998125023437,0.215792226,0.237232002788914,0.112079484050898,0.27976294230434,0.038870489803033,0.031026668990762,0.586892103887049
16335,2012,2012-10-02,"6448.3-6","First",1,"Riffle",16.5141,67.84158618,7,2,8,41.66666667,9,3.77027027,18.22916667,"120264-018","Chloride",24.2,"ppm","","Nonewaug River (Nonnewaug River)",201494501,2010,42.7716,84.862366604,0.009588506,0.15111759,12.6822391664816,1.70673998634608,0.322944268,0.149472221015594,0.106793796967986,0.28917075713479,0.013444246557491,0.017549194213979,0.469636418921854
16335,2014,2014-09-23,"620.1-045","First",1,"Riffle",16.5141,71.13421951,7,2,10,33.33333333,10,3.639534884,17.54385965,"140294-012","Chloride",31.4,"ppm","","Nonewaug River (Nonnewaug River)",201494501,2015,42.7716,84.862366604,0.009588506,0.15111759,12.6822391664816,1.70673998634608,0.323139742,0.150623343903393,0.107488814560619,0.290973459015681,0.012814386864168,0.017549194213979,0.471960383997221
16335,2015,2015-09-16,"620.2-037","First",1,"Riffle",16.5141,52.32766323,4,1,6,28.50877193,6,3.75862069,16.22807018,"150372-033","Chloride",35.6,"ppm","","Nonewaug River (Nonnewaug River)",201494501,2015,42.7716,84.862366604,0.009588506,0.15111759,12.6822391664816,1.70673998634608,0.323139742,0.150623343903393,0.107488814560619,0.290973459015681,0.012814386864168,0.017549194213979,0.471960383997221
16335,2016,2016-09-21,"16-B-014","First",1,"Riffle",16.5141,49.99791952,4,NA,8,15,8,3.827586207,24,"160349-015","Chloride",37.8,"ppm","NULL","Nonewaug River (Nonnewaug River)",201494501,2015,42.7716,84.862366604,0.009588506,0.15111759,12.6822391664816,1.70673998634608,0.323139742,0.150623343903393,0.107488814560619,0.290973459015681,0.012814386864168,0.017549194213979,0.471960383997221
16335,2018,2018-10-17,"7955.4-43","First",1,"Riffle",16.5141,58.29517118,4,1,7,38.1443299,9,3.875,14.94845361,"180362-019","Chloride",37.5,"ppm","NULL","Nonewaug River (Nonnewaug River)",201494501,2015,42.7716,84.862366604,0.009588506,0.15111759,12.6822391664816,1.70673998634608,0.323139742,0.150623343903393,0.107488814560619,0.290973459015681,0.012814386864168,0.017549194213979,0.471960383997221
16336,2008,2008-10-08,"14010","First",1,"Riffle",3.3091,46.57320189,4,1,5,13.26530612,3,3.766666667,30.6122449,"080184-001","Chloride",10,"ppm","","Hatchery Brook",201493590,2006,8.5707,10.16989342,0.506092742,0.506092742,12.5007795731778,0.70005950505793,0.126327194,0.193932827735645,0.188299024918743,0.286782231852654,0.006608884073673,0.061863488624052,0.549187432286024
16336,2012,2012-09-17,"6448.1-8","First",1,"Riffle",3.3091,43.79970137,3,1,6,7.843137255,4,3.979166667,32.84313725,"120242-006","Chloride",16.1,"ppm","","Hatchery Brook",201493590,2010,8.5707,10.16989342,0.506092742,0.506092742,12.5007795731778,0.70005950505793,0.126327194,0.198266522210184,0.18851570964247,0.284290357529794,0.006608884073673,0.061863488624052,0.551029252437703
16336,2014,2014-10-08,"620.1-115","First",1,"Riffle",3.3091,41.47222767,2,NA,5,16.04278075,4,4.047619048,22.99465241,"140332-020","Chloride",18.6,"ppm","","Hatchery Brook",201493590,2015,8.5707,10.16989342,0.506092742,0.506092742,12.5007795731778,0.70005950505793,0.126327194,0.196316359696641,0.188624052004334,0.285590465872156,0.006500541711809,0.062080173347779,0.550487540628385
16338,2009,2009-10-01,"15673","First",1,"Riffle",19.3795,64.5812143,6,4,5,63.63636364,6,3.8,32.72727273,"090205-005","Chloride",13.4,"ppm","","West Branch Naugatuck River",201490987,2010,50.193,77.304079114,0.019048936,0.021379589,18.6501956406814,0.777000777000777,0.040501268,0.689484108620402,0.037613609018381,0.171001240212502,0.036243822075783,0.042889139810821,0.939618310719508
16340,2009,2009-10-05,"15689","First",1,"Riffle",15.8184,65.93549679,6,3,7,45,10,3.867647059,31.36363636,"090206-005","Chloride",27.4,"ppm","","Saugatuck River",201496597,2010,40.9698,70.610722679,0.119405117,0.16006056,17.168860309086,1.36686046795444,0.015554497,0.397592000544181,0.113620388635694,0.361585379679387,0.032469446522912,0.056753508831599,0.848400335578079
16341,2010,2010-09-20,"22506","First",1,"Riffle",1.4716,70.15063148,3,3,6,23.61809045,6,3.735294118,24.62311558,"100283-002","Chloride",28.5,"ppm","","Nod Brook",201490653,2010,3.8115,6.193929884,0.46230781,0.46230781,14.35921946736,2.36127508854782,0,0.285574810837198,0.172565291676837,0.46326580424701,0.002196729314132,0.094459360507689,0.845496704906029
16342,2008,2008-10-16,"14052","First",1,"Riffle",7.8522,66.9096511,4,3,11,53.88601036,6,3.647058824,31.0880829,"080193-004","Chloride",14.3,"ppm","","Blackledge River",201491666,2006,20.3373,32.020510109,0.041404573,0.072266692,9.95874878853977,0.688390297630462,0.086879109,0.41649926953981,0.121575967859752,0.282322863403944,0.013741782322863,0.052273557341125,0.764837472607742
16342,2012,2012-09-19,"6448.1-26","First",1,"Riffle",7.8522,71.34652761,5,4,11,43.33333333,5,3.527777778,18.0952381,"120243-001","Chloride",14.9,"ppm","","Blackledge River",201491666,2010,20.3373,32.020510109,0.041404573,0.072266692,9.95874878853977,0.688390297630462,0.087107378,0.414947041636231,0.121895544192841,0.283783783783784,0.013741782322863,0.052273557341125,0.764746165084003
16343,2008,2008-10-09,"14021","First",1,"Riffle",20.332,65.7874895,4,3,9,51.70940171,7,3.657894737,21.36752137,"080194-003","Chloride",5.6,"ppm","","Green Fall River",201492972,2006,52.6599,62.751261664,0.105929626,0.279311368,7.81155338606503,0.550703666357133,0.059287352,0.562391956253308,0.04880931381196,0.254101252425472,0.018045510672076,0.065179043923091,0.899717763273947
16343,2008,2008-10-09,"14021","First",1,"Riffle",20.332,65.7874895,4,3,9,51.70940171,7,3.657894737,21.36752137,"080194-002","Chloride",5.6,"ppm","","Green Fall River",201492972,2006,52.6599,62.751261664,0.105929626,0.279311368,7.81155338606503,0.550703666357133,0.059287352,0.562391956253308,0.04880931381196,0.254101252425472,0.018045510672076,0.065179043923091,0.899717763273947
16343,2010,2010-09-15,"22403","First",1,"Riffle",20.332,40.84711867,1,1,6,16.04095563,6,3.924242424,27.64505119,"100266-004","Chloride",14,"ppm","","Green Fall River",201492972,2010,52.6599,62.751261664,0.105929626,0.279311368,7.81155338606503,0.550703666357133,0.059587229,0.5598694655142,0.04880931381196,0.254489327923796,0.018080790262833,0.065196683718469,0.897636267419298
16345,2008,2008-10-02,"13971","First",1,"Riffle",2.0425,67.86001958,4,1,9,39.9103139,8,3.784946237,32.73542601,"080177-012","Chloride",13.9,"ppm","","Sasco Brook, tributary to",201496880,2006,5.2902,12.917317942,4.74e-05,0.000124735,9.14810768504921,3.21348909303996,0.02266737,0.128096995255667,0.188016165875944,0.424178527499561,0.00333860481462,0.082059392022492,0.63767351959234
16352,2008,2008-09-16,"13845","First",1,"Riffle",3.69,24.84884848,1,NA,2,NA,4,4.325396825,36.09467456,"080157-014","Chloride",38,"ppm","","Lydall Brook",201490260,2006,9.5571,13.91261758,0.410399314,0.512249443,7.75931173661855,1.88341651756286,0.011846961,0.281705185472907,0.306758593901728,0.25393280248592,0.01641095358322,0.020100990483589,0.572149932025636
16370,2008,2008-09-15,"13834","First",1,"Riffle",4.0955,58.9017525,5,NA,8,46.93877551,6,3.875,21.42857143,"080157-003","Chloride",13.2,"ppm","","Bunnell Brook",201491607,2006,10.6074,19.307662805,0.266429658,0.549672137,13.2317837543865,1.79120236815808,0.078283713,0.313134851138354,0.125394045534151,0.346847635726795,0.0069176882662,0.034500875656743,0.701401050788092
16370,2012,2012-10-18,"6448.6-6","First",1,"Riffle",4.0955,65.19911973,4,2,9,57.57575758,4,3.586206897,21.71717172,"120288-003","Chloride",22.7,"ppm","","Bunnell Brook",201491607,2010,10.6074,19.307662805,0.266429658,0.549672137,13.2317837543865,1.79120236815808,0.078283713,0.314623467600701,0.125481611208406,0.350175131348511,0.0069176882662,0.034500875656743,0.706217162872155
16370,2013,2013-10-15,"14529","First",1,"Riffle",4.0955,74.95889389,6,2,9,60.60606061,8,3.555555556,20,"130406-001","Chloride",27.6,"ppm","","Bunnell Brook",201491607,2015,10.6074,19.307662805,0.266429658,0.549672137,13.2317837543865,1.79120236815808,0.078633975,0.311208406304729,0.127583187390543,0.351401050788091,0.006830122591944,0.034500875656743,0.703940455341507
16370,2015,2015-09-23,"620.2-060","First",1,"Riffle",4.0955,74.84694913,6,3,9,42.53393665,7,3.484848485,11.76470588,"150384-015","Chloride",34.5,"ppm","","Bunnell Brook",201491607,2015,10.6074,19.307662805,0.266429658,0.549672137,13.2317837543865,1.79120236815808,0.078633975,0.311208406304729,0.127583187390543,0.351401050788091,0.006830122591944,0.034500875656743,0.703940455341507
16370,2016,2016-10-13,"16-B-073","First",1,"Riffle",4.0955,80.30597303,8,3,9,59.27419355,9,3.5,17.74193548,"160372-035","Chloride",30.2,"ppm","NULL","Bunnell Brook",201491607,2015,10.6074,19.307662805,0.266429658,0.549672137,13.2317837543865,1.79120236815808,0.078633975,0.311208406304729,0.127583187390543,0.351401050788091,0.006830122591944,0.034500875656743,0.703940455341507
16370,2018,2018-10-05,"7955.4-15","First",1,"Riffle",4.0955,70.12108688,6,NA,9,50.53763441,9,3.545454545,17.74193548,"180337-016","Chloride",29.2,"ppm","NULL","Bunnell Brook",201491607,2015,10.6074,19.307662805,0.266429658,0.549672137,13.2317837543865,1.79120236815808,0.078633975,0.311208406304729,0.127583187390543,0.351401050788091,0.006830122591944,0.034500875656743,0.703940455341507
16373,2012,2012-10-03,"6448.3-14","First",1,"Riffle",3.0385,78.88783102,7,4,9,64.67661692,7,3.371428571,33.33333333,"120263-007","Chloride",15,"ppm","","East Mountain Brook",201490300,2010,7.8696,12.14848964,0.086364795,0.049450549,26.2233847013784,1.77899766188879,0.077777778,0.417612293144208,0.10177304964539,0.343498817966903,0.00354609929078,0.01016548463357,0.774822695035461
16385,2012,2012-10-11,"6448.4-25","First",1,"Riffle",6.34,89.49463193,9,6,10,62.3255814,8,3.342105263,13.02325581,"120275-009","Chloride",11.1,"ppm","","Beaver Brook",201489853,2010,16.4205,21.74626376,0.026735436,0.092486466,14.7689917528586,0.852592795590877,0.015896363,0.541381456129434,0.074616733608644,0.298297222379363,0.027493352944504,0.033206992136675,0.900379023589976
16387,2012,2012-10-11,"6448.4-26","First",1,"Riffle",1.8156,73.77639321,5,3,8,78.28571429,3,3.153846154,25.71428571,"120275-010","Chloride",19.6,"ppm","","Hurricane Brook",201487966,2010,4.7025,7.530308842,0.032068261,0.058347364,22.5528503180766,1.48856990962254,0,0.597510373443983,0.078245406046236,0.285121517486663,0.026081802015412,0.019956530329974,0.928670223276032
16387,2014,2014-09-29,"620.1-063","First",1,"Riffle",1.8156,78.56694523,3,5,7,60.77348066,3,3.222222222,15.46961326,"140304-002","Chloride",4.9,"ppm","","Hurricane Brook",201487966,2015,4.7025,7.530308842,0.032068261,0.058347364,22.5528503180766,1.48856990962254,0,0.591582691167753,0.078245406046236,0.290851610353685,0.026872159652243,0.019166172693144,0.928472633866825
16400,2008,2008-09-17,"13863","First",1,"Riffle",23.8757,30.23106482,2,NA,4,16.52542373,4,4.359375,32.20338983,"080158-012","Chloride",42.7,"ppm","","North Branch Park River",201490706,2006,61.8381,96.017757441,0.046545714,0.000370508,9.09119432524872,1.74649609221499,0.082404375,0.128782188035215,0.264174754364352,0.259532465971575,0.015789789970253,0.025254649800186,0.429359093777229
16400,2008,2008-09-17,"13863","First",1,"Riffle",23.8757,30.23106482,2,NA,4,16.52542373,4,4.359375,32.20338983,"080158-013","Chloride",42.7,"ppm","","North Branch Park River",201490706,2006,61.8381,96.017757441,0.046545714,0.000370508,9.09119432524872,1.74649609221499,0.082404375,0.128782188035215,0.264174754364352,0.259532465971575,0.015789789970253,0.025254649800186,0.429359093777229
16400,2012,2012-10-22,"6448.6-21","First",1,"Riffle",23.8757,32.79558547,1,1,4,27.80269058,4,4.35,34.08071749,"120288-012","Chloride",44.1,"ppm","","North Branch Park River",201490706,2010,61.8381,96.017757441,0.046545714,0.000370508,9.09119432524872,1.74649609221499,0.078378054,0.123193413659445,0.269763528740122,0.262627324900093,0.015834860731348,0.02510441392987,0.426760013220756
16400,2014,2014-09-25,"620.1-059","First",1,"Riffle",23.8757,37.03014655,1,NA,4,39.02439024,4,4.118421053,22.43902439,"140293-006","Chloride",49.2,"ppm","","North Branch Park River",201490706,2015,61.8381,96.017757441,0.046545714,0.000370508,9.09119432524872,1.74649609221499,0.077822181,0.124440371383071,0.271341005378444,0.261665815330068,0.015684624861032,0.025074366755807,0.426865178329978
16410,2008,2008-10-09,"14025","First",1,"Riffle",8.1261,76.9794089,6,4,10,57.69230769,6,3.4375,16.82692308,"080194-007","Chloride",8.8,"ppm","","Roaring Brook",201494648,2006,21.0465,37.324684882,0.105251031,0.532191376,11.9664094839813,1.04530444491958,0.02428685,0.469840148370573,0.078203656274839,0.365318378521593,0.007860107745297,0.039565486178575,0.882584120816038
16410,2012,2012-10-15,"6448.5-12","First",1,"Riffle",8.1261,83.76151699,7,4,10,60.22727273,8,3.324324324,11.74242424,"120279-015","Chloride",11.9,"ppm","","Roaring Brook No 2",201494648,2010,21.0465,37.324684882,0.105251031,0.532191376,11.9664094839813,1.04530444491958,0.025479113,0.473858518060585,0.07824781418352,0.363772851717743,0.007904265653979,0.039565486178575,0.885101121610882
16413,2013,2013-09-24,"14533","First",1,"Riffle",29.2013,43.32911887,4,1,4,27.83018868,6,4.222222222,24.52830189,"130395-004","Chloride",23.4,"ppm","","Mill River",201495824,2015,75.6315,99.937964333,0.257858597,0.37891713,11.5104030064162,1.30897840185637,0.026858336,0.240115493303846,0.249428676741614,0.317557439488881,0.005344636933284,0.034795429413933,0.597812999139944
16428,2015,2015-10-07,"620.2-125","First",1,"Riffle",4.8169,28.71387529,NA,NA,2,NA,5,3.6,31.35135135,"150412-006","Chloride",28.4,"ppm","","Little River",201496620,2015,12.4758,21.337378723,0.014376387,0.042665583,12.6626227642482,1.52294842815691,0.056817336,0.311787921662075,0.114379328319309,0.410901779730434,0.009755007818899,0.013925087497208,0.746369796708616
16431,2016,2016-09-21,"16-B-010","First",1,"Riffle",11.1485,60.30759011,5,NA,11,26.24113475,9,3.864864865,15.60283688,"160349-011","Chloride",32.9,"ppm","NULL","Sprain Brook",201494699,2015,28.8747,39.211894677,0.022310247,0.152765529,18.6502807976772,1.00433943902447,0.177593254,0.346239258472531,0.074345853046249,0.358855524444015,0.002220720285797,0.017186443950951,0.724501947153294
16440,2015,2015-10-05,"620.2-109","First",1,"Riffle",5.2113,79.90874794,6,2,12,46.56862745,10,3.425,11.2745098,"150414-010","Chloride",20.8,"ppm","","Fawn Brook",201491962,2015,13.4973,15.881907016,0.026736543,0.025251485,11.9533181027606,0.444533351114667,0.14521793,0.349445706809888,0.095021689733526,0.335054740756042,0.015217241616746,0.059422984231908,0.759140673414584
16501,2012,2012-10-17,"6448.6-2","First",1,"Riffle",2.4919,76.24157992,3,6,9,39.21568627,7,3.697368421,22.74509804,"120280-012","Chloride",14.8,"ppm","","BELDEN BROOK",201488089,2010,6.4539,8.425240218,0.05893248,0.105733793,16.4951410085565,1.23956057577589,0.002303484,0.682119205298013,0.058882810250504,0.235675208753239,0.00230348401958,0.020587388424993,0.940685286495825
16502,2016,2016-10-12,"16-B-067","First",1,"Riffle",3.8519,82.68989458,7,5,8,69.23076923,6,3.28,18.26923077,"160372-029","Chloride",8.9,"ppm","NULL","Belden Brook",201488090,2015,9.9765,12.715184731,0.1634476,0.822962063,12.8819140054843,0.9021199819576,0.011728567,0.668621427906544,0.057525830773527,0.23447826491669,0.002140928977008,0.013776412547706,0.919017034347948
16528,2013,2013-09-20,"14537","First",1,"Riffle",4.5177,64.77159802,5,2,6,50,5,3.480769231,17.58241758,"130377-029","Chloride",6.4,"ppm","","BRANCH BROOK",201495579,2015,11.7009,25.16777555,0.011118654,0.028674128,15.413857391375,0.598244579476792,0.075756373,0.706662431509569,0.03160485984277,0.136027952036846,0.017946478202176,0.065591995553085,0.926228857301676
16535,2012,2012-09-20,"6448.1-44","First",1,"Riffle",1.5609,70.70376373,3,2,6,23.63636364,6,3.5,18.90909091,"120249-004","Chloride",2.3,"ppm","","BUCK BROOK",201492640,2010,4.0428,5.228280014,0.013547333,0.031556565,12.0966927310779,0.742059958444642,0,0.7140560404226,0.041570969223702,0.206476802939825,0,0.011483693155719,0.932016536518144
16583,2013,2013-09-25,"14539","First",1,"Riffle",3.7237,73.34600293,4,2,10,51.97368421,9,3.5,20.39473684,"130395-009","Chloride",20.7,"ppm","","COMSTOCK BROOK",201496877,2015,9.6444,23.919294959,0.001742644,0.004921801,13.900014106542,1.55530670648252,0.006456587,0.229064276765925,0.171340464488773,0.421605473643635,0.00587838488966,0.074973499084514,0.731521634383734
16583,2015,2015-09-21,"620.2-051","First",1,"Riffle",3.7237,66.10863583,3,3,8,43.15789474,8,3.636363636,27.89473684,"150384-007","Chloride",83.8,"ppm","","COMSTOCK BROOK",201496877,2015,9.6444,23.919294959,0.001742644,0.004921801,13.900014106542,1.55530670648252,0.006456587,0.229064276765925,0.171340464488773,0.421605473643635,0.00587838488966,0.074973499084514,0.731521634383734
16588,2015,2015-10-07,"620.2-124","First",1,"Riffle",0.9876,20.87262354,NA,NA,2,NA,4,4.145833333,38.21989529,"150412-005","Chloride",92,"ppm","","COOPER POND BROOK",201496741,2015,2.5578,3.517482271,0.00395567,0.00395567,13.2047193259924,1.95480491046994,0,0.031272727272727,0.307636363636364,0.520363636363636,0.013818181818182,0.002545454545455,0.568
16594,2013,2013-10-02,"14541","First",1,"Riffle",2.61,64.83539774,5,NA,9,22.68370607,9,3.647058824,22.04472843,"130395-042","Chloride",12.9,"ppm","","Cranberry Meadow Brook",201494496,2015,6.7599,14.297367292,0.035613558,0.072649681,11.7537939383245,1.18344945931153,0.129369667,0.454720616570328,0.061381778144784,0.280071566198734,0.002752546105147,0.040049545829893,0.777594274704102
16599,2015,2015-09-14,"620.2-010","First",1,"Riffle",1.0234,79.10861658,4,5,4,30.16528926,8,3.307692308,26.03305785,"150372-010","Chloride",35.1,"ppm","","CROSS BROOK",201494769,2015,2.6505,4.716056947,0.016122417,0.016122417,13.3068564631585,0.377287304282211,0.044040545,0.213561691716183,0.114994757077945,0.363159734358616,0.023767913317022,0.00349528137015,0.603984620761971
16656,2020,2020-10-26,"7955.8-18","First",1,"Riffle",1.883,73.56158033,2,3,7,27.04918033,9,3.482758621,18.03278689,"200346-019","Chloride",69.4,"ppm","NULL","Fenn Brook",201494942,2015,4.8771,7.273994323,0.094469019,0.094469019,12.423066998165,1.43527916179697,0.24890497,0.228337459531518,0.105503713578366,0.366787278613597,0.000571319748619,0.007427156732051,0.603123214625785
16679,2014,2014-10-15,"620.1-149","First",1,"Riffle",0.3881,43.07120808,2,1,7,26.06382979,8,3.666666667,14.89361702,"140330-018","Chloride",43.3,"ppm","","Fry Brook",201490337,2015,1.0053,1.411249944,0.107018127,0.107018127,8.47845164419301,1.98945588381578,0.073351903,0.062209842154132,0.394614670380687,0.324048282265552,0,0.033426183844011,0.419684308263695
16679,2014,2014-10-21,"620.1-156","First",1,"Riffle",0.3881,44.42333356,2,1,8,31.66666667,7,3.464285714,18.88888889,"140351-004","Chloride",15.7,"ppm","","Fry Brook",201490337,2015,1.0053,1.411249944,0.107018127,0.107018127,8.47845164419301,1.98945588381578,0.073351903,0.062209842154132,0.394614670380687,0.324048282265552,0,0.033426183844011,0.419684308263695
16704,2014,2014-10-14,"620.1-142","First",1,"Riffle",6.8681,68.8880315,2,3,13,39.24731183,6,3.454545455,11.29032258,"140330-011","Chloride",9.4,"ppm","","Great Meadow Brook",201491285,2015,17.7885,13.063650641,0.09244444,0.028687566,6.30816905154995,0.337296568007421,0.089181287,0.578947368421053,0.049864243943191,0.212667084377611,0.004124895572264,0.155649540517962,0.95138888888889
16734,2012,2012-10-01,"6448.2-18","First",1,"Riffle",2.7903,51.24862404,1,1,8,11.06870229,6,3.784946237,22.13740458,"120264-004","Chloride",44.2,"ppm","","Hempstead Brook",201494449,2010,7.227,11.350031651,0.175596719,0.536970455,11.0649087820878,1.6604400166044,0,0.244761537472683,0.389124566139607,0.240133693276771,0.015940352230364,0.084458156575395,0.585293739555213
16734,2014,2014-09-17,"620.1-014","First",1,"Riffle",2.7903,44.40693999,NA,1,7,14.61187215,7,4,17.80821918,"140292-015","Chloride",78.2,"ppm","","Hempstead Brook",201494449,2015,7.227,11.350031651,0.175596719,0.536970455,11.0649087820878,1.6604400166044,0,0.248103869391953,0.390024424733256,0.233449029438231,0.015940352230364,0.084458156575395,0.581951407635943
16758,2012,2012-10-03,"6448.3-15","First",1,"Riffle",4.5003,76.59072461,5,5,5,68.50828729,6,3.214285714,20.99447514,"120263-008","Chloride",3,"ppm","","HOWELL'S BROOK",201488481,2010,11.6559,16.081938251,9.33e-05,4.91e-05,12.6697694838801,0.772141147401745,0,0.669032618231119,0.049525480500837,0.222824786665603,0.033814498763857,0.077039636334636,1.00271153999522
16788,2019,2019-10-08,"7955.6-26","First",1,"Riffle",1.9793,19.426547,NA,NA,3,6.310679612,NA,4.333333333,51.45631068,"190432-013","Chloride",54.3,"ppm","NULL","Keeler Brook",201497140,2015,5.1264,8.983116341,0.129100667,0.129100667,10.9083408109947,4.29151061173533,0,0,0.623731884057971,0.167572463768116,0.003442028985507,0.010507246376812,0.181521739130435
16860,2016,2016-10-24,"16-B-095","First",1,"Riffle",12.1316,70.61210803,4,3,9,63.48314607,9,3.758064516,20.2247191,"160390-003","Chloride",39.8,"ppm","NULL","Moodus River",201493742,2015,31.4208,45.690617293,0.059100925,0.047806961,9.31370303009185,0.922955494449537,0.072938533,0.367294444608698,0.100966797741182,0.28522011648878,0.111048694675221,0.068976731809715,0.832539987582414
16873,2018,2018-10-01,"7955.4-3","First",1,"Riffle",6.6742,89.21155073,7,5,13,43.28358209,11,3.444444444,13.43283582,"180337-003","Chloride",28.5,"ppm","NULL","Mount Hope River",201487984,2015,17.2863,35.492880408,0.027226777,0.000119318,8.24130655175741,1.85117694359117,0.086755536,0.396581380348312,0.103311115889056,0.335895506342722,0.024725865405289,0.018920662223178,0.776123414319501
16881,2015,2015-09-17,"620.2-042","First",1,"Riffle",2.8004,47.58810366,1,1,5,45,4,3.970588235,34.44444444,"150372-037","Chloride",58.2,"ppm","","MUNGER BROOK",201495858,2015,7.2531,10.317990507,0.142830798,0.265288544,10.6670153761596,1.10297665825647,0.029343926,0.136340338288057,0.247821629933368,0.43990261404408,0.047796002050231,0.063813429010764,0.687852383393132
16885,2015,2015-09-16,"620.2-028","First",1,"Riffle",176.0857,56.99818467,8,NA,6,35.79335793,8,4,14.39114391,"150372-026","Chloride",29.2,"ppm","","Natchaug River",201490531,2015,456.0624,910.342774116,0.124663325,0.506137327,6.568688239661,1.41208746873235,0.068118437,0.466484686134509,0.090897238717037,0.290110919850477,0.029026573910918,0.044740728669064,0.830362908564968
16928,2015,2015-09-16,"620.2-027","First",1,"Riffle",3.2386,47.94204001,1,2,5,2.212389381,6,3.596153846,28.31858407,"150372-025","Chloride",16.3,"ppm","","Obwebetuck Brook",201490768,2015,8.388,13.86550065,0.084389826,0.191619826,12.4732234429638,1.43061516452074,0.123061586,0.341160832964112,0.084514842711564,0.380372175454143,0.001993797075764,0.032011519716438,0.755538325210457
16930,2012,2012-10-01,"6448.2-17","First",1,"Riffle",5.687,76.01482688,7,3,9,60.25641026,6,3.310344828,26.4957265,"120264-003","Chloride",12.7,"ppm","","Oil Mill Brook",201494764,2010,14.7294,27.065130451,0.139880783,0.282994091,10.536270428345,1.35782856056594,0.02284344,0.444563639805641,0.096800656275636,0.280557834290402,0.082223764750426,0.072632043919985,0.879977282766454
16930,2013,2013-10-02,"14545","First",1,"Riffle",5.687,80.73969535,6,3,10,69.34673367,10,3.333333333,30.15075377,"130395-039","Chloride",19.1,"ppm","","Oil Mill Brook",201494764,2015,14.7294,27.065130451,0.139880783,0.282994091,10.536270428345,1.35782856056594,0.02284344,0.447781914557961,0.100649965293115,0.276834732125954,0.081908247617846,0.072758250773017,0.879283145074778
16930,2014,2014-09-17,"620.1-013","First",1,"Riffle",5.687,67.2679086,4,4,10,26.17801047,7,3.484848485,28.27225131,"140292-014","Chloride",20.6,"ppm","","Oil Mill Brook",201494764,2015,14.7294,27.065130451,0.139880783,0.282994091,10.536270428345,1.35782856056594,0.02284344,0.447781914557961,0.100649965293115,0.276834732125954,0.081908247617846,0.072758250773017,0.879283145074778
16944,2015,2015-11-17,"620.2-136","First",1,"Riffle",3.0134,52.80976445,4,2,3,55.15151515,4,3.863636364,46.06060606,"150459-003","Chloride",24.7,"ppm","","PEAKE BROOK",201486746,2015,7.8048,13.791047143,0.107970005,0.793070053,7.67349990685304,0.896883968839688,0.252558915,0.239466793620567,0.081409188288503,0.307307783860986,0.01713877648179,0.04165674839324,0.605570102356583
16972,2015,2015-10-06,"620.2-113","First",1,"Riffle",1.0612,90.13954722,3,5,9,49.53271028,9,3.0625,14.48598131,"150414-014","Chloride",5,"ppm","","PITCH BROOK",201492941,2015,2.7486,5.22891614,3.04e-05,3.04e-05,12.5555294967365,0.363821581896238,0.070679743,0.510990869124112,0.044301657084883,0.272573554277984,0,0.008116334122421,0.791680757524517
16984,2015,2015-09-16,"620.2-038","First",1,"Riffle",1.7694,68.73419209,4,2,7,17.80821918,7,3.545454545,21.91780822,"150372-034","Chloride",33.8,"ppm","","PURCHASE BROOK",201495651,2015,4.5828,11.46491855,0.000510762,0.000510762,12.4043419420032,2.18207209566204,0.230738037,0.193836171938362,0.078872668288727,0.382603406326034,0.009935117599351,0.009124087591241,0.595498783454988
17012,2020,2020-10-28,"7955.8-33","First",1,"Riffle",1.1898,61.6798938,1,1,6,40.6779661,4,3.87037037,23.72881356,"200346-030","Chloride",72.2,"ppm","NULL","Rockwood Lake outflow; downstream of Rte 15",201497193,2015,3.0816,4.894543465,0.067073667,0.067073667,11.0975413491319,2.92056074766355,0,0.010843373493976,0.25933734939759,0.422590361445783,0.012951807228916,0.021084337349398,0.467469879518073
17061,2015,2015-10-02,"620.2-101","First",1,"Riffle",2.29,16.6483978,NA,NA,1,NA,3,4,54.65116279,"150414-003","Chloride",17.4,"ppm","","SPRING LOT BROOK",201495731,2015,5.931,5.649663497,0.078779676,0.171950994,11.9752075642466,0.505816894284269,0.036659878,0.248002506658311,0.123766254112486,0.486448378505405,0.011749960833464,0.127369575434749,0.873570421431929
17169,2014,2014-10-15,"620.1-152","First",1,"Riffle",2.3904,79.91785992,8,2,9,52.42290749,9,3.474358974,10.13215859,"140329-001","Chloride",11.6,"ppm","","Waldo Brook",201491048,2015,6.1911,10.549298087,0.181425194,0.283936201,9.90645234756893,1.77674403579332,0.182595649,0.460165041260315,0.06496624156039,0.251162790697674,0.00735183795949,0.030307576894224,0.748987246811703
17181,2015,2015-10-06,"620.2-116","First",1,"Riffle",8.5,62.27910304,6,2,4,56.08856089,8,3.75,29.88929889,"150414-017","Chloride",40.7,"ppm","","WEST BRANCH BANTAM RIVER",201492360,2015,22.0149,42.762365917,0.001936836,3.17e-05,9.94975272883355,1.1355945291598,0.17872969,0.307026798902722,0.092002532179785,0.342139691918126,0.017472040514877,0.105676303017514,0.772314834353239
17186,2012,2012-10-22,"6448.6-13","First",1,"Riffle",3.4763,74.09595031,7,4,5,48.75,7,3.46875,19.375,"120288-008","Chloride",27,"ppm","","WEWAKA BROOK",201495637,2010,9.0036,12.551626032,4.64e-05,5.13e-05,20.1310525316602,1.44386689768537,0.256500206,0.2214197276104,0.095026826248452,0.35740817168799,0.00732562938506,0.010936855138258,0.597090383821708
17201,2013,2013-10-01,"14547","First",1,"Riffle",1.0699,67.14869803,5,1,7,38.12154696,4,3.592592593,14.91712707,"130395-023","Chloride",7.5,"ppm","","Willys Meadow Brook",201494660,2015,2.7711,5.739718547,0.000905332,0.000905332,10.7465933174044,0,0.00201005,0.854941373534338,0.015075376884422,0.089447236180905,0.003350083752094,0.108877721943049,1.05661641541039
17211,2013,2013-10-02,"14549","First",1,"Riffle",4.4739,16.22712108,2,NA,NA,0.487804878,2,4.261904762,76.09756098,"130395-038","Chloride",8.8,"ppm","","Wyassup Brook",201493085,2015,11.5875,12.893459048,0.061468962,0.191219011,9.68091493851466,0.345199568500539,0.107426099,0.493310902827846,0.049667547865097,0.25859168469118,0.039413602499399,0.045742209404791,0.837058399423216
17271,2015,2015-09-15,"620.2-024","First",1,"Riffle",8.2404,84.04381384,10,4,7,54.71698113,12,3.243243243,15.47169811,"150372-022","Chloride",24.5,"ppm","","Cherry Brook",201490206,2015,21.3426,38.960214657,0.000289904,0.001477651,11.1967485982074,0.890238302737248,0.057328168,0.548426413615984,0.068776389674836,0.28037261132634,0.002785879075436,0.023767030862317,0.855351934880077
17295,2015,2015-10-01,"620.2-092","First",1,"Riffle",17.1969,71.05841909,8,2,5,46.74556213,9,3.457142857,11.83431953,"150413-014","Chloride",31.2,"ppm","","Bigelow Brook",201487396,2015,44.5401,74.737192506,0.077763741,0.030053272,12.5718844033076,1.07768056201041,0.025883285,0.618299753889793,0.064426646644141,0.21878780294498,0.046740082592917,0.024777875109498,0.908605514537188
17299,2009,2009-10-09,"15699","First",1,"Riffle",1.0432,57.17617238,3,NA,7,10.25641026,4,4.116666667,28.20512821,"090220-001","Chloride",62.8,"ppm","","Cuff Brook",201494453,2010,2.7018,4.027712778,0.043518633,0.043518633,12.9331229333427,3.70123621289511,0.000688705,0.261019283746556,0.307506887052342,0.370523415977961,0.005853994490358,0.014462809917355,0.65185950413223
17299,2010,2010-09-29,"22806","First",1,"Riffle",1.0432,55.09952982,2,1,5,25.74850299,2,4.070175439,28.74251497,"100290-002","Chloride",69,"ppm","","Cuff Brook",201494453,2010,2.7018,4.027712778,0.043518633,0.043518633,12.9331229333427,3.70123621289511,0.000688705,0.261019283746556,0.307506887052342,0.370523415977961,0.005853994490358,0.014462809917355,0.65185950413223
17300,2009,2009-11-16,"15819","First",1,"Riffle",1.2423,81.33201094,2,4,7,27.36842105,8,3.272727273,21.05263158,"090268-002","Chloride",26.9,"ppm","","Cabin Brook",201492868,2010,3.2175,5.261631117,0.388940859,0.388940859,6.40196099878295,2.7972027972028,0.05021645,0.236940836940837,0.262914862914863,0.338528138528139,0.0002886002886,0.094083694083694,0.66984126984127
17324,2019,2019-10-09,"7955.6-29","First",1,"Riffle",10.7868,71.08588459,4,2,10,41.99134199,11,3.606060606,12.12121212,"190432-019","Chloride",25.3,"ppm","NULL","Latimer Brook",201494497,2015,27.9378,52.701708923,0.121882463,0.126839745,13.5839634865203,1.10960777154966,0.031212605,0.430095731950539,0.094601781677968,0.308502858662412,0.019379071931924,0.053317378008244,0.811295040553119
17342,2015,2015-10-07,"620.2-123","First",1,"Riffle",7.8102,36.81556419,2,NA,4,62.55924171,4,4.2,60.18957346,"150412-004","Chloride",67.5,"ppm","","Ball Pond Brook",201495920,2015,20.2284,30.63620212,0.001442697,0.029575375,19.3007241956125,1.53249886298471,0.003445108,0.257648139641709,0.188194763435921,0.413780431786863,0.035829122645843,0.042214056040423,0.749471750114838
17366,2019,2019-10-04,"7955.6-17","First",1,"Riffle",3.8919,75.31472356,6,3,7,53.91304348,11,3.708333333,26.52173913,"190432-001","Chloride",29.8,"ppm","NULL","Fawn Hill Brook",201492560,2015,10.08,18.365088663,0.02646161,0.036799382,9.55244495426422,1.28968253968254,0.037565602,0.515422152656293,0.10081944572323,0.293711444618359,0.008286529785471,0.03830218211951,0.855722309179633
17398,2015,2015-09-23,"620.2-057","First",1,"Riffle",2.3542,83.41850628,5,6,7,40.19138756,8,3.375,18.66028708,"150384-013","Chloride",2.6,"ppm","","Negro Hill Brook",201492280,2015,6.0975,9.685777312,0.326349851,0.326349851,14.5325060237923,0.820008200082001,0.036247335,0.495431008224185,0.082698751142248,0.293481571733171,0.004568991775815,0.066402680475175,0.859884252208346
17405,2014,2014-10-07,"620.1-158","First",1,"Riffle",4.1129,42.59293876,4,NA,4,16.29834254,5,3.992753623,31.49171271,"140332-009","Chloride",10.5,"ppm","","Roaring Brook",201486665,2015,10.6524,17.703051781,0.0044427,0.000239521,10.5102973747898,0.751004468476587,0.056898508,0.583558774762196,0.051138842830963,0.244698490269657,0.034819792302993,0.026616633214068,0.889693690548914
17427,2014,2014-10-06,"620.1-095","First",1,"Riffle",1.4699,52.95903531,4,1,4,8.383233533,4,4.073333333,38.32335329,"140333-016","Chloride",7.7,"ppm","","East Branch Stonehouse Brook",201488910,2015,3.807,7.590200277,0.056903784,0.094782846,10.7413311864963,0.788022064617809,0.015876893,0.606741573033708,0.032242305813385,0.284562774792379,0.013678553981436,0.047874938935027,0.95285784074255
17448,2013,2013-10-21,"14552","First",1,"Riffle",2.8605,55.40616982,2,2,4,46.75925926,5,3.947368421,18.05555556,"130417-012","Chloride",32.5,"ppm","","Pequonnock River",201496478,2015,7.4088,13.319718985,0.133471779,0.173736984,10.4863997343729,1.07979699816435,0.020316027,0.164910960622022,0.245171808377226,0.385126661650364,0.013042387760221,0.065086531226486,0.628166541259093
17455,2013,2013-10-21,"14555","First",1,"Riffle",5.0358,36.88625788,1,1,3,45.74468085,2,4.083333333,40.95744681,"130417-011","Chloride",39.6,"ppm","","West Branch Pequonnock River",201496518,2015,13.0428,26.167784872,0.208083036,0.18482806,13.3439138269433,1.99343699205692,0.022146265,0.199458805098626,0.246599729402549,0.424125899024425,0.004486220892972,0.058961760307627,0.68703268532365
17530,2012,2012-10-01,"6448.2-20","First",1,"Riffle",4.9962,60.50647165,3,2,9,24.09090909,7,3.629032258,17.72727273,"120264-005","Chloride",25.6,"ppm","","Haleys Brook",201494151,2010,12.9402,22.768071586,0.104244609,0.187744001,12.0977840167369,1.46829260753311,0.087493715,0.301989799583363,0.142662165074348,0.372674376840744,0.002873356799081,0.097334961568853,0.774872494792041
17530,2014,2014-09-17,"620.1-015","First",1,"Riffle",4.9962,66.92379593,4,2,11,32.65306122,8,3.677419355,17.34693878,"140292-016","Chloride",63.7,"ppm","","Haleys Brook",201494151,2015,12.9402,22.768071586,0.104244609,0.187744001,12.0977840167369,1.46829260753311,0.086847209,0.298972774944329,0.144458013073773,0.374973062280009,0.002873356799081,0.097263127648876,0.774082321672295
17565,2015,2015-09-29,"620.2-083","First",1,"Riffle",3.4499,52.56532089,2,1,6,49.5,5,3.681818182,39.5,"150413-005","Chloride",68.4,"ppm","","Long Branch Brook",201485081,2015,8.9352,15.581869029,0.112686337,0.333363587,9.85434176517302,0.67150147730325,0.010917031,0.34570596797671,0.201289249324184,0.326991058432106,0.013828238719068,0.079330422125182,0.765855687253066
17568,2012,2012-09-19,"6448.1-27","First",1,"Riffle",3.331,54.51018557,5,1,4,20.12195122,5,3.551724138,23.17073171,"120243-002","Chloride",25.1,"ppm","","Sherman Brook",201492562,2010,8.6274,13.155543396,0.019092477,0.078850724,9.98789741798107,1.04318798247444,0.011412575,0.453703703703704,0.123169681309216,0.290590008613264,0.013781223083549,0.074397071490095,0.832472006890612
17568,2015,2015-09-15,"620.2-019","First",1,"Riffle",3.331,51.02102203,2,NA,7,12.04819277,6,3.47826087,22.28915663,"150372-018","Chloride",40.5,"ppm","","Sherman Brook",201492562,2015,8.6274,13.155543396,0.019092477,0.078850724,9.98789741798107,1.04318798247444,0.011412575,0.404285099052541,0.127476313522825,0.316752799310939,0.013781223083549,0.074074074074074,0.808893195521103
17746,2013,2013-09-30,"14557","First",1,"Riffle",8.3495,36.05390804,3,NA,4,19.6969697,2,4.097222222,21.96969697,"130395-018","Chloride",20.2,"ppm","","Anguilla Brook",201494202,2015,21.6252,33.273573993,0.190945156,0.330005705,9.28242613940996,0.693635203373842,0.163209208,0.212386719924408,0.113731048404415,0.34553107417429,0.006614267920801,0.124167847785938,0.688699909805437
17781,2013,2013-10-01,"14559","First",1,"Riffle",2.0151,19.99844687,NA,NA,NA,NA,NA,3.476190476,37.5,"130395-031","Chloride",4.7,"ppm","","Hetchel Swamp Brook",201492654,2015,5.2191,4.884554508,0.036271588,0.036271588,12.0388822495225,0.191603916384051,0.003205128,0.641203703703704,0.022970085470086,0.224358974358974,0.000356125356125,0.088675213675214,0.954594017094017
17816,2015,2015-10-01,"620.2-094","First",1,"Riffle",1.2145,56.01490196,NA,NA,8,13.46153846,7,3.53968254,14.74358974,"150413-016","Chloride",18.4,"ppm","","INDIAN HUT BROOK",201487488,2015,3.1455,4.661856982,0.000132929,0.000132929,6.90115008267212,1.58957240502305,0.127063679,0.413325471698113,0.064858490566038,0.365271226415094,0.001179245283019,0.135318396226415,0.915094339622641
17852,2015,2015-10-06,"620.2-117","First",1,"Riffle",1.1526,70.95977082,1,3,6,23.07692308,4,3.346153846,26.15384615,"150414-018","Chloride",11.6,"ppm","","Shady Oak School House Brook",201486965,2015,2.9853,4.579587333,0.066567716,0.066567716,12.3969534834304,0.669949418818879,0.004677268,0.680386654193951,0.052697224820705,0.200498908637356,0.002806361085126,0.071406298721547,0.95509822263798
17990,2016,2016-10-24,"16-B-093","First",1,"Riffle",13.3353,67.5959823,4,4,10,46.34146341,5,3.651515152,14.63414634,"160390-001","Chloride",38.4,"ppm","NULL","Moodus River",201493892,2015,34.5384,50.001190683,0.054291511,0.018603049,10.09788200569,1.04231811548885,0.076664425,0.34221923335575,0.114297242770679,0.29030262273033,0.101089441829186,0.062784129119032,0.796395427034298
18429,2015,2015-10-06,"620.2-115","First",1,"Riffle",2.4759,77.20151845,4,3,9,66.37554585,9,3.466666667,28.38427948,"150414-016","Chloride",22.6,"ppm","","Still Brook",201492947,2015,6.4125,11.128840214,0.003482094,0.000113045,11.4105238058941,1.24756335282651,0.200173938,0.424554283229454,0.058849108566459,0.283084505000725,0.003768662124946,0.041600231917669,0.753007682272794
18447,2018,2018-10-09,"7955.4-20","First",1,"Riffle",12.6532,63.55493346,5,1,9,31.96721311,9,3.517241379,21.31147541,"180337-022","Chloride",27.6,"ppm","NULL","West River",201495968,2015,32.7717,65.599956333,0.081188174,0.145402933,11.9434064195348,1.03748050909779,0.087241282,0.427190246668557,0.107314998582365,0.286107173235044,0.020924298270485,0.049503827615537,0.783725545789623
18463,2015,2015-09-21,"620.2-052","First",1,"Riffle",6.3827,36.75111611,2,NA,6,24.64454976,3,4.138888889,34.12322275,"150384-008","Chloride",115.5,"ppm","","Fivemile River",201497080,2015,16.5312,27.485100266,0.081233782,0.253966412,9.16437354497449,2.6011420828494,0.005787492,0.02191380569759,0.361015901556442,0.289767938416587,0.009046468505928,0.017924369275721,0.338652581895826
18468,2013,2013-10-16,"14560","First",1,"Riffle",3.5239,71.75785109,6,2,9,35.40669856,8,3.5,19.13875598,"130406-009","Chloride",25.9,"ppm","","Joe Clark Brook",201493180,2015,9.1269,13.997775037,0.197137412,0.323288765,8.62084612783542,1.31479472767314,0.086191106,0.277399002747532,0.133000915844103,0.374885519487127,0.004579220514908,0.072351684135545,0.729215426885112
18496,2013,2013-10-02,"14564","First",1,"Riffle",3.0447,73.94569167,5,3,7,58.24175824,8,3.655172414,20.32967033,"130395-037","Chloride",21.5,"ppm","","Mill River",201496555,2015,7.8858,13.704283761,0.111510448,0.183322047,14.6754316385298,2.28258388495777,0.008368694,0.336515794436587,0.151343705799151,0.428453559641678,0.001885902876002,0.055987741631306,0.822842998585573
18498,2013,2013-10-08,"14566","First",1,"Riffle",6.235,31.5973607,5,NA,NA,2.112676056,4,4.348484848,27.46478873,"130405-002","Chloride",24,"ppm","","West Branch Bantam River",201492057,2015,16.1487,31.756417519,0.000165673,0.000885668,9.99116944177136,1.30041427483327,0.192635213,0.295281933256617,0.089240506329114,0.338032220943613,0.023590333716916,0.128365937859609,0.785270425776755
18509,2013,2013-11-06,"14569","First",1,"Riffle",6.2274,53.4417317,2,1,9,43.50282486,6,3.954545455,25.42372881,"130429-003","Chloride",72.2,"ppm","","South Fork Hockanum River (""Hop Brook"")",201490699,2015,16.1289,20.425906653,0.499854838,0.888623519,6.00533570469119,1.42601169329588,0.019531025,0.174569338019243,0.387624589502794,0.298496283920032,0.013827274298554,0.012386933225788,0.499279829463617
18515,2013,2013-10-16,"14571","First",1,"Riffle",1.5866,53.24527427,5,NA,4,30.06329114,2,3.833333333,31.96202532,"130406-013","Chloride",6.5,"ppm","","Menunketesuck River Unnamed Tributary to",201495464,2015,4.1094,7.029969843,6.1e-05,7.97e-05,9.73765953435018,0.730033581544751,0.010185604,0.592123132639203,0.057718424626528,0.224988682661838,0.094160253508375,0.032141240380263,0.943413309189679
18671,2019,2019-10-07,"7955.6-21","First",1,"Riffle",0.6505,55.4592901,5,3,12,38.88888889,8,3.43902439,15.07936508,"190432-006","Chloride",4,"ppm","NULL","Strongs Brook",201494237,2015,1.6848,2.649665686,0.031465581,0.031465581,12.4938132881757,0,0.076457646,0.712871287128713,0.02035203520352,0.183718371837184,0,0.015401540154015,0.911991199119912
18685,2014,2014-09-25,"620.1-058","First",1,"Riffle",16.6364,34.77598558,2,NA,5,16.06217617,4,4.236842105,22.27979275,"140293-005","Chloride",38.1,"ppm","","Wash Brook",201490519,2015,43.0884,70.231793069,0.065561873,0.044391635,6.57382988578826,1.99589680749343,0.066073122,0.15754074329568,0.238380615676468,0.277701129602483,0.022117789083384,0.029986203328447,0.487345865309994
18789,2014,2014-10-14,"620.1-140","First",1,"Riffle",13.0399,65.55455393,4,2,10,54.72636816,7,3.803571429,14.92537313,"140330-009","Chloride",36.4,"ppm","","Muddy River",201495523,2015,33.7734,44.091991664,0.136562491,0.14417446,11.6722627158205,1.30280042873978,0.174826714,0.180492903509737,0.171195951149741,0.250797667510177,0.034712289580812,0.036390141929805,0.502393002530531
18867,2016,2016-09-30,"16-B-037","First",1,"Riffle",19.2812,67.08395767,5,2,7,46.28571429,10,3.6,17.71428571,"160365-003","Chloride",25.6,"ppm","NULL","Blackledge River",201492502,2015,49.9383,76.056269162,0.043235985,0.118789903,14.6124602949276,0.640790735767938,0.069972472,0.42788854995908,0.118741165091883,0.274700543114352,0.011066884904397,0.032010267093222,0.745666245071051
18871,2016,2016-10-24,"16-B-094","First",1,"Riffle",13.3353,67.86517694,4,3,8,39.56521739,14,3.777777778,16.95652174,"160390-002","Chloride",39.5,"ppm","NULL","Moodus River",201493892,2015,34.5384,50.001190683,0.054291511,0.018603049,10.09788200569,1.04231811548885,0.076664425,0.34221923335575,0.114297242770679,0.29030262273033,0.101089441829186,0.062784129119032,0.796395427034298
18874,2015,2015-09-16,"620.2-035","First",1,"Riffle",27.1411,57.45600894,6,1,9,33.08823529,7,3.9,25.36764706,"150372-031","Chloride",30.7,"ppm","","Weekeepeemee River",201494779,2015,70.2954,108.490894607,0.034457452,0.233809001,17.7298804602523,1.09537750692079,0.185320786,0.311136958418145,0.081617277749874,0.349784556821486,0.010045203415369,0.015940151735441,0.686906870390441
18875,2015,2015-09-14,"620.2-011","First",1,"Riffle",4.198,75.21280325,7,3,7,44.14414414,9,3.444444444,20.27027027,"150372-011","Chloride",27.7,"ppm","","Walker Brook",201494673,2015,10.8729,15.868428354,6.92e-05,0.000103799,19.1782834374561,1.28760496279741,0.284884714,0.162852263023057,0.084116140051238,0.343894107600342,8.5397096498719e-05,0.00333048676345,0.510162254483348
18876,2015,2015-09-28,"620.2-082","First",1,"Riffle",1.596,58.04211501,1,1,7,21.7877095,5,4.175,29.05027933,"150413-004","Chloride",87.1,"ppm","","Curtiss Brook",201496385,2015,4.1337,9.650265577,0.041969216,0.150497784,14.0966275309806,3.14488230882744,0.008783784,0.133333333333333,0.321171171171171,0.371171171171171,0.029279279279279,0.061036036036036,0.594819819819819
18877,2015,2015-09-24,"620.2-072","First",1,"Riffle",20.9839,66.38579318,6,3,7,36.36363636,8,3.658333333,15.78947368,"150384-026","Chloride",48.5,"ppm","","Leadmine Brook",201492557,2015,54.3483,97.3013748,0.040129112,0.054504164,19.4737020222023,1.50878684337873,0.103039212,0.311391063553383,0.133739017469488,0.346073638508085,0.011965402892209,0.044425831595501,0.713855936549178
18881,2015,2015-09-25,"620.2-077","First",1,"Riffle",46.9546,56.26490742,3,2,7,41.34615385,9,3.760869565,32.37179487,"150384-030","Chloride",39.5,"ppm","","Bantam River",201493308,2015,121.6125,230.694425109,0.034406228,0.077447998,14.962546711051,1.35676842429849,0.165030745,0.308490241759921,0.093702020394913,0.311408165603636,0.044043845243097,0.082328228239698,0.746270480846352
18883,2015,2015-09-23,"620.2-067","First",1,"Riffle",5.7468,65.20399169,7,1,7,31.66666667,8,3.641025641,15.41666667,"150384-022","Chloride",27.3,"ppm","","East Branch Naugatuck River",201490898,2015,14.8842,22.823377166,0.003106427,2.34e-05,13.880293980768,1.2093360744951,0.086940252,0.410066109517276,0.074840962953723,0.287015092927529,0.101347137333167,0.032119246600973,0.830547586378945
18884,2015,2015-09-14,"620.2-012","First",1,"Riffle",110.44,59.80285914,6,2,5,43.47826087,10,3.81,32.60869565,"150372-012","Chloride",20.7,"ppm","","Shepaug River",201494283,2015,286.0398,496.499659032,0.043972234,0.006701747,20.1643148800041,1.21661391177032,0.136777148,0.394056415336397,0.080514461098751,0.283616167849429,0.041702528459377,0.061943194920346,0.781318306565549
18903,2015,2015-09-23,"620.2-059","First",1,"Riffle",2.6121,70.30557982,4,2,8,54.46428571,7,3.516129032,28.125,"150384-014","Chloride",19.4,"ppm","","Rock Brook",201491841,2015,6.7653,12.430433935,0.003176055,0.008154781,9.77588363440856,1.18250484087919,0.189508377,0.35017852238396,0.062070859653941,0.314611370502609,0.009475418840978,0.08981049162318,0.764075803350727
18921,2019,2019-10-01,"7955.6-5","First",1,"Riffle",0.3454,44.31340138,3,2,7,24.85549133,8,3.272727273,39.88439306,"190411-005","Chloride",48.5,"ppm","NULL","Shepaug River, Unnamed Tributary to",201494520,2015,0.8946,2.047557072,9.35e-05,9.35e-05,19.055927201536,2.23563603845294,0.391666667,0.317708333333333,0.06875,0.209375,0.003125,0,0.530208333333333
18931,2015,2015-09-28,"620.2-079","First",1,"Riffle",269.9059,30.26824262,5,NA,5,3.501945525,6,4.357142857,56.80933852,"150413-002","Chloride",75.5,"ppm","","Naugatuck River",201495805,2015,699.057,1085.631667294,0.08611315,0.197251817,20.2550945392756,1.78383164749083,0.062707907,0.302339984131646,0.215147765738443,0.299299214157655,0.02489763316991,0.024017829969393,0.650554661428604
18932,2015,2015-09-29,"620.2-084","First",1,"Riffle",109.0778,63.15882069,8,1,8,35.52631579,8,3.803571429,16.66666667,"150413-007","Chloride",80.2,"ppm","","French River",201486242,2015,282.5118,516.410721099,0.179821622,0.186453624,9.22295247222163,0.138047331120328,0.046763607,0.278723726093705,0.173463683476705,0.324882277115724,0.063840002104543,0.069551863836056,0.736997869150028
18935,2015,2015-09-22,"620.2-056","First",1,"Riffle",39.544,59.25943664,4,2,7,36.86635945,9,3.9375,13.3640553,"150384-011","Chloride",35.2,"ppm","","Saugatuck River",201496825,2015,102.4191,193.681877488,0.061490042,0.160472169,14.0154938875904,1.50362578854921,0.020752458,0.372319776511991,0.112251931937743,0.360256503283387,0.05099227224903,0.040797445851322,0.82436599789573
19016,2016,2016-10-13,"16-B-074","First",1,"Riffle",13.6901,30.23361913,NA,NA,5,6.586826347,8,4.44,30.53892216,"160372-036","Chloride",53.2,"ppm","NULL","Trout Brook",201491342,2015,35.4573,53.117070752,0.159623716,0.009972913,6.56813831252522,3.46896125762537,0.003353068,0.132996280190706,0.401922774663383,0.237491486351967,0.030282391156284,0.017001100225284,0.417771257924241
19017,2016,2016-10-13,"16-B-072","First",1,"Riffle",2.6774,41.22435503,1,1,3,14.68926554,3,4.086956522,16.38418079,"160372-034","Chloride",40.7,"ppm","NULL","Todd Hollow Brook",201493364,2015,6.9345,11.583903188,0.031265072,0.105678233,16.4893751765797,1.73047804455981,0.089326369,0.31190571849471,0.128699611624481,0.379938395607339,0.010981652604794,0.003481987411276,0.706307754118119
19018,2016,2016-10-05,"16-B-045","First",1,"Riffle",6.3956,59.10716257,3,2,6,47.30290456,8,3.833333333,22.82157676,"160372-006","Chloride",50.5,"ppm","NULL","Long Meadow Pond Brook",201495129,2015,16.5645,24.232753402,0.087539436,0.120226033,15.9386439048284,1.44888164448067,0.102236422,0.219606524297965,0.157390280813856,0.397399248921025,0.035087719298246,0.046017599910319,0.698111092427555
19019,2016,2016-10-07,"16-B-058","First",1,"Riffle",5.6478,82.38556353,6,6,7,56.71641791,6,3.153846154,14.92537313,"160372-019","Chloride",1,"ppm","NULL","Wachocastinook Creek",201489922,2015,14.6277,15.103090464,0.012541186,0.045175348,23.2306134597048,0.341817237159635,0.018993775,0.667704230720366,0.058887053741583,0.154745267437429,0.091729132257655,0.009338076483293,0.923516706898743
19020,2016,2016-10-18,"16-B-083","First",1,"Riffle",1.9122,66.77334117,3,3,8,17.97752809,6,3.545454545,33.14606742,"160389-010","Chloride",31.1,"ppm","NULL","Moosehorn Brook",201494875,2015,4.9527,6.051772916,0.062605524,0.062605524,17.269826159381,0.403820138510308,0.119159317,0.492400075060987,0.070744980296491,0.293676111840871,0.00168887220867,0.008256708575718,0.796021767686246
19021,2016,2016-09-20,"16-B-006","First",1,"Riffle",1.2864,58.83726579,1,NA,6,6.201550388,5,3.9375,29.45736434,"160349-007","Chloride",87.4,"ppm","NULL","Farm Brook",201490010,2015,3.3318,3.935276175,0.455822588,0.455822588,7.35306723839828,2.1009664445645,0.160490387,0.001671774867651,0.426023962106436,0.127054889941488,0.004179437169128,0.00195040401226,0.134856505990527
19024,2016,2016-09-20,"16-B-004","First",1,"Riffle",6.4758,69.52138521,6,3,11,22.22222222,10,3.804878049,25.73099415,"160349-005","Chloride",37.8,"ppm","NULL","Crystal Lake Brook",201487410,2015,16.7724,22.21933478,0.064735003,7.22e-05,12.5873753652117,1.19243519114736,0.017902672,0.445017182130584,0.118445848575546,0.315541514244541,0.05758785057089,0.039906883937479,0.858053430883494
19025,2016,2016-10-25,"16-B-101","First",1,"Riffle",1.3823,66.66399731,4,NA,3,10.09174312,8,3.52,12.8440367,"160390-009","Chloride",27.2,"ppm","NULL","Menunketesuck River",201495305,2015,3.5802,6.688900216,7.01e-05,6.45e-05,9.38614445822935,1.396570024021,0.040800416,0.454781704781705,0.091995841995842,0.369282744282744,0.001039501039501,0.026247401247401,0.851351351351351
19026,2016,2016-09-28,"16-B-025","First",1,"Riffle",7.9009,30.55730642,NA,NA,5,15.19607843,5,4.391304348,22.05882353,"160366-011","Chloride",92.6,"ppm","NULL","Horseneck Brook",201497254,2015,20.4633,34.0580575,0.026326327,0.022949623,11.3298286775642,2.59000259000259,0.020790776,0.084888102047301,0.295337963593445,0.277588633165373,0.063870352716873,0.040991420400381,0.467338508329928
19049,2016,2016-10-31,"16-B-119","First",1,"Riffle",1.6124,61.42793194,2,1,7,7.333333333,8,4,29.33333333,"160399-019","Chloride",107,"ppm","NULL","Bullet Hill Brook",201495452,2015,4.176,7.817188718,0.151941553,1.001257862,7.02067289613151,3.11302681992337,0,0.145685053380783,0.244884341637011,0.528024911032028,0.004003558718861,0.016236654804271,0.693950177935943
19120,2016,2016-10-31,"16-B-118","First",1,"Riffle",1.6124,62.22815937,1,2,8,8.108108108,9,4.053571429,42.16216216,"160399-018","Chloride",101.6,"ppm","NULL","Bullet Hill Brook",201495452,2015,4.176,7.817188718,0.151941553,1.001257862,7.02067289613151,3.11302681992337,0,0.145685053380783,0.244884341637011,0.528024911032028,0.004003558718861,0.016236654804271,0.693950177935943
19121,2016,2016-10-31,"16-B-117","First",1,"Riffle",1.1307,55.20539342,NA,2,7,25.94936709,4,3.5,19.62025316,"160399-017","Chloride",91.8,"ppm","NULL","Bullet Hill Brook",201495444,2015,2.9286,5.332406124,0.15004995,0.15004995,13.3657878248007,3.07314074984634,0,0.145985401459854,0.254839733417963,0.52745160266582,0.005712472231038,0.017772135829895,0.696921612186607
19931,2018,2018-10-01,"7955.4-5","First",1,"Riffle",8.6848,75.88469146,6,3,11,27.09359606,11,3.484848485,16.25615764,"180337-007","Chloride",37,"ppm","NULL","Charters Brook",201488403,2015,22.4937,35.959023952,0.074178837,0.426195426,9.19158789187764,1.06696541698342,0.040348559,0.467415544726191,0.099157512183035,0.327537788056496,0.002023622697613,0.089906665565375,0.886883621045675
19933,2018,2018-10-10,"7955.4-28","First",1,"Riffle",1.071,64.98975707,3,1,7,47.61904762,5,3.653333333,29.62962963,"180337-029","Chloride",24.7,"ppm","NULL","Thompson Brook",201494128,2015,2.7738,3.74571244,0.056292189,0.271260358,9.26746255737641,0.721032518566587,0.045926919,0.179349648005364,0.16325846463292,0.499832383506537,0.000670465973852,0.002011397921555,0.681863895407308
19938,2018,2018-10-01,"7955.4-8","First",1,"Riffle",1.5429,44.71771355,2,NA,3,5.128205128,2,4.020833333,42.05128205,"180337-009","Chloride",6.2,"ppm","NULL","Mint Brook",201491867,2015,3.996,6.203651192,0.003201507,0.003201507,9.15447488093442,0.25025025025025,0.069286213,0.587770285980005,0.041618228318996,0.223668914205999,0.036503138804929,0.078818879330388,0.926761218321321
19940,2018,2018-10-09,"7955.4-18","First",1,"Riffle",2.291,67.7203166,2,4,8,27.71084337,5,3.454545455,21.08433735,"180337-019","Chloride",14.3,"ppm","NULL","Gunn Brook",201492296,2015,5.9337,8.91954898,0.039997746,0.094365354,22.812890337877,1.68528911134705,0.04828343,0.594607305220254,0.067095155980561,0.265402100642734,0.000940586298793,0.016146731462612,0.877096723624393
19955,2018,2018-10-15,"7955.4-32","First",1,"Riffle",1.088,51.72199061,NA,1,8,51.05263158,5,3.740740741,25.78947368,"180362-004","Chloride",64.9,"ppm","NULL","NNT to Saugatuck River",201496624,2015,2.8179,5.729201332,0.000207746,0.002331002,14.9089278514496,4.61336456226268,0.032608696,0.047760210803689,0.225296442687747,0.50395256916996,0.005928853754941,0.018774703557312,0.576416337285902
19956,2018,2018-10-15,"7955.4-33","First",1,"Riffle",6.4108,58.38542436,4,1,8,36.89320388,8,3.818181818,24.75728155,"180362-005","Chloride",39.9,"ppm","NULL","Limekiln Brook",201496267,2015,16.6041,29.624286654,0.246066997,0.511556503,13.6101255977097,2.22836528327341,0.063580903,0.096378798903006,0.230536743717468,0.412268427827839,0.002854424357755,0.049084905132367,0.560586556220967
19957,2018,2018-10-11,"7955.4-30","First",1,"Riffle",3.0576,59.61432816,3,1,6,58.58585859,6,3.857142857,23.23232323,"180362-002","Chloride",17.4,"ppm","NULL","Merryall Brook",201494218,2015,7.9191,8.001039621,0.027895092,0.116533139,14.938766020135,0.505107903675923,0.134263602,0.523803939962477,0.047021575984991,0.249179174484053,0.014774859287054,0.048194183864916,0.8359521575985
20122,2019,2019-10-15,"7955.6-37","First",1,"Riffle",1.2312,83.3596182,4,5,7,37.5,8,3.357142857,18.75,"190448-002","Chloride",1.1,"ppm","NULL","Deming Brook",201489964,2015,3.1887,5.215499877,2.62e-05,2.62e-05,16.9188285013029,0.313607426223853,0.105324411,0.729706139074775,0.009310445155659,0.128018620890311,0.017457084666861,0.019784695955775,0.894966540587722
20123,2019,2019-10-01,"7955.6-4","First",1,"Riffle",1.1078,81.84814733,4,3,10,24.01960784,8,3.394736842,17.15686275,"190411-004","Chloride",21.7,"ppm","NULL","Labonte Brook",201488169,2015,2.8692,3.448486551,0.000203998,0.000203998,8.27510206383983,0.697058413495051,0,0.600517966979605,0.075105212042732,0.296536095823891,0,0.000647458724506,0.897701521528002
20124,2019,2019-10-15,"7955.6-38","First",1,"Riffle",0.9504,42.12161367,2,2,8,21.39534884,6,3.448275862,34.88372093,"190448-003","Chloride",24.5,"ppm","NULL","NNT to Sucker Brook",201490096,2015,2.4615,3.530877795,3.4e-05,3.4e-05,14.8335208955086,2.03128173877717,0.009803922,0.46342383107089,0.107088989441931,0.333333333333333,0.043363499245852,0.019607843137255,0.85972850678733
20127,2019,2019-10-02,"7955.6-11","First",1,"Riffle",16.1955,45.66601227,3,NA,6,34.95145631,7,3.944444444,33.49514563,"190411-011","Chloride",94.1,"ppm","NULL","Pequabuck River",201492974,2015,41.9463,69.774399359,0.186834588,0.480157927,19.597923469508,1.28736026777094,0.033917455,0.367664325749352,0.169897427944793,0.256828906267308,0.039566671835885,0.027670085735174,0.691729989587719
20128,2019,2019-10-09,"7955.6-34","First",1,"Riffle",14.1446,67.53842087,8,1,8,41.28440367,9,3.724137931,16.97247706,"190433-003","Chloride",16.5,"ppm","NULL","Susquetonscut Brook",201492181,2015,36.6345,66.81914243,0.128219701,0.329981268,11.2466850954777,0.709713521407417,0.306834031,0.181513883605934,0.082414099150501,0.322809686826423,0.003829085837454,0.063877266387727,0.572029922657538
20129,2019,2019-10-03,"7955.6-16","First",1,"Riffle",2.3066,74.50037935,4,3,8,39.33649289,8,3.5,19.90521327,"190411-017","Chloride",16.4,"ppm","NULL","Ocain Brook",201490713,2015,5.9742,10.243280187,0.018277749,0.033784134,14.7188346455713,0.334772856616786,0.095289911,0.624747396238147,0.034975905487331,0.205658324265506,0.013990362194932,0.03248872998601,0.876884812684595
20206,2019,2019-10-04,"7955.6-18","First",1,"Riffle",2.4783,94.8397601,8,6,11,58.70445344,12,3.25,19.83805668,"190432-002","Chloride",32.3,"ppm","NULL","Gillette Brook",201493069,2015,6.4188,7.902963089,0.156701837,0.156701837,7.32418507495728,0.623169439770674,0.079328315,0.317168500289519,0.120874348581355,0.385929357266937,0.002605674580197,0.065141864504922,0.770845396641575
20232,2020,2020-10-27,"7955.8-25","First",1,"Riffle",11.9544,32.55933246,1,NA,6,7.067137809,7,4.233333333,44.5229682,"200346-023","Chloride",99.7,"ppm","NULL","Harbor Brook",201494376,2015,30.9618,33.81591537,0.148274177,0.119372103,9.74526138382021,2.80991415227797,0.055365502,0.094526467410875,0.471912135397911,0.168527187612532,0.019205377505702,0.036130116432601,0.31838914896171
20236,2019,2019-10-09,"7955.6-31","First",1,"Riffle",1.7051,86.98032801,8,3,10,49.6969697,12,3.368421053,12.12121212,"190432-020","Chloride",9.8,"ppm","NULL","Goshen Brook",201492503,2015,4.4163,9.378330851,0.003693252,0.003693252,7.07408162843875,0.452867785250096,0.20126183,0.353522607781283,0.071503680336488,0.288748685594111,0.001472134595163,0.022292323869611,0.666035751840168
20249,2019,2019-10-04,"7955.6-19","First",1,"Riffle",2.4783,73.73782024,5,2,9,60.43956044,9,3.515151515,40.10989011,"190432-003","Chloride",29.4,"ppm","NULL","Gillette Brook",201493069,2015,6.4188,7.902963089,0.156701837,0.156701837,7.32418507495728,0.623169439770674,0.079328315,0.317168500289519,0.120874348581355,0.385929357266937,0.002605674580197,0.065141864504922,0.770845396641575
20252,2019,2019-10-07,"7955.6-41","First",1,"Riffle",0.8816,56.02008171,6,3,10,63.20754717,10,3.441176471,14.1509434,"190432-007","Chloride",35.8,"ppm","NULL","Shady Brook",201493853,2015,2.2833,6.423174992,0.146561195,0.146561195,9.93635318278752,2.62777558796479,0.010154346,0.324532900081235,0.121852152721365,0.448822095857027,0,0.107636068237206,0.880991064175468
20318,2020,2020-10-22,"7955.8-11","First",1,"Riffle",1.5707,73.89146371,1,3,7,43.58974359,6,3.35483871,27.69230769,"200346-013","Chloride",108.3,"ppm","NULL","Pickett Brook",201492179,2015,4.068,8.27580115,6.17e-05,3.73e-05,16.1890830799987,3.44149459193707,0.032191781,0.353196347031963,0.136529680365297,0.411872146118721,0.000228310502283,0.021461187214612,0.786757990867579
20319,2020,2020-10-22,"7955.8-10","First",1,"Riffle",0.6373,48.72056872,6,1,10,28.97727273,8,3.387096774,16.47727273,"200346-012","Chloride",9.2,"ppm","NULL","East Branch Shepaug River, Unnamed tributary to",201491706,2015,1.6506,2.106089001,0.010033953,0.010033953,16.2128579118687,0.605840300496789,0.003368894,0.735541830432341,0.058394160583942,0.186973610331275,0,0.0078607523863,0.930376193149916
20320,2020,2020-10-22,"7955.8-9","First",1,"Riffle",1.8021,78.59985873,3,4,6,39.26940639,7,3.260869565,22.83105023,"200346-011","Chloride",48.2,"ppm","NULL","North Brook",201489059,2015,4.6674,5.011389524,0.013542077,0.011471664,21.2223615027489,1.0712602305352,0.041161265,0.53867568104991,0.067806721018095,0.288327699343806,0.000596540067608,0.027639689799165,0.855239610260489
20324,2020,2020-10-26,"7955.8-15","First",1,"Riffle",4.198,56.24600082,4,1,7,28.90995261,6,3.692307692,23.69668246,"200346-017","Chloride",31.8,"ppm","NULL","Walker Brook",201494673,2015,10.8729,15.868428354,6.92e-05,0.000103799,19.1782834374561,1.28760496279741,0.284884714,0.162852263023057,0.084116140051238,0.343894107600342,8.5397096498719e-05,0.00333048676345,0.510162254483348
20325,2020,2020-10-20,"7955.8-1","First",1,"Riffle",2.5954,23.54237217,1,NA,5,2.339181287,1,4,86.5497076,"200346-002","Chloride",65.5,"ppm","NULL","Quinnipiac River",201492644,2015,6.7221,7.852460683,0.148874238,0.148874238,12.5423778632187,2.67773463649752,0,0.168486523842433,0.4356599861783,0.209536973047685,0.008984105044921,0.122736696613683,0.509744298548722
