DATE_TIME,TEMP,UOM,PROBEID,SID,COLLECTOR,PROBE_TYPE
2/24/2017 23:00,7.13,deg C,10678300,19754,VOL,U24
2/25/2017 0:00,7.17,deg C,10678300,19754,VOL,U24
2/25/2017 1:00,7.25,deg C,10678300,19754,VOL,U24
2/25/2017 2:00,7.38,deg C,10678300,19754,VOL,U24
2/25/2017 3:00,7.46,deg C,10678300,19754,VOL,U24
2/25/2017 4:00,7.43,deg C,10678300,19754,VOL,U24
2/25/2017 5:00,7.47,deg C,10678300,19754,VOL,U24
2/25/2017 6:00,7.49,deg C,10678300,19754,VOL,U24
2/25/2017 7:00,7.54,deg C,10678300,19754,VOL,U24
2/25/2017 8:00,7.66,deg C,10678300,19754,VOL,U24
2/25/2017 9:00,7.78,deg C,10678300,19754,VOL,U24
2/25/2017 10:00,7.92,deg C,10678300,19754,VOL,U24
2/25/2017 11:00,8.03,deg C,10678300,19754,VOL,U24
2/25/2017 12:00,8.36,deg C,10678300,19754,VOL,U24
2/25/2017 13:00,8.73,deg C,10678300,19754,VOL,U24
2/25/2017 14:00,9,deg C,10678300,19754,VOL,U24
2/25/2017 15:00,9.11,deg C,10678300,19754,VOL,U24
2/25/2017 16:00,9.26,deg C,10678300,19754,VOL,U24
2/25/2017 17:00,9.3,deg C,10678300,19754,VOL,U24
2/25/2017 18:00,9.31,deg C,10678300,19754,VOL,U24
2/25/2017 19:00,9.17,deg C,10678300,19754,VOL,U24
2/25/2017 20:00,8.72,deg C,10678300,19754,VOL,U24
2/25/2017 21:00,8.27,deg C,10678300,19754,VOL,U24
2/25/2017 22:00,7.69,deg C,10678300,19754,VOL,U24
2/25/2017 23:00,7.28,deg C,10678300,19754,VOL,U24
2/26/2017 0:00,6.85,deg C,10678300,19754,VOL,U24
2/26/2017 1:00,6.47,deg C,10678300,19754,VOL,U24
2/26/2017 2:00,6.11,deg C,10678300,19754,VOL,U24
2/26/2017 3:00,5.79,deg C,10678300,19754,VOL,U24
2/26/2017 4:00,5.42,deg C,10678300,19754,VOL,U24
2/26/2017 5:00,5.17,deg C,10678300,19754,VOL,U24
2/26/2017 6:00,4.93,deg C,10678300,19754,VOL,U24
2/26/2017 7:00,4.66,deg C,10678300,19754,VOL,U24
2/26/2017 8:00,4.51,deg C,10678300,19754,VOL,U24
2/26/2017 9:00,4.46,deg C,10678300,19754,VOL,U24
2/26/2017 10:00,4.51,deg C,10678300,19754,VOL,U24
2/26/2017 11:00,4.62,deg C,10678300,19754,VOL,U24
2/26/2017 12:00,4.8,deg C,10678300,19754,VOL,U24
2/26/2017 13:00,5.03,deg C,10678300,19754,VOL,U24
2/26/2017 14:00,5.09,deg C,10678300,19754,VOL,U24
2/26/2017 15:00,5.16,deg C,10678300,19754,VOL,U24
2/26/2017 16:00,5.13,deg C,10678300,19754,VOL,U24
2/26/2017 17:00,5.07,deg C,10678300,19754,VOL,U24
2/26/2017 18:00,4.91,deg C,10678300,19754,VOL,U24
2/26/2017 19:00,4.71,deg C,10678300,19754,VOL,U24
2/26/2017 20:00,4.54,deg C,10678300,19754,VOL,U24
2/26/2017 21:00,4.31,deg C,10678300,19754,VOL,U24
2/26/2017 22:00,4.1,deg C,10678300,19754,VOL,U24
2/26/2017 23:00,3.86,deg C,10678300,19754,VOL,U24
2/27/2017 0:00,3.6,deg C,10678300,19754,VOL,U24
2/27/2017 1:00,3.41,deg C,10678300,19754,VOL,U24
2/27/2017 2:00,3.28,deg C,10678300,19754,VOL,U24
2/27/2017 3:00,3.12,deg C,10678300,19754,VOL,U24
2/27/2017 4:00,2.99,deg C,10678300,19754,VOL,U24
2/27/2017 5:00,2.83,deg C,10678300,19754,VOL,U24
2/27/2017 6:00,2.72,deg C,10678300,19754,VOL,U24
2/27/2017 7:00,2.63,deg C,10678300,19754,VOL,U24
2/27/2017 8:00,2.67,deg C,10678300,19754,VOL,U24
2/27/2017 9:00,2.88,deg C,10678300,19754,VOL,U24
2/27/2017 10:00,3.25,deg C,10678300,19754,VOL,U24
2/27/2017 11:00,3.68,deg C,10678300,19754,VOL,U24
2/27/2017 12:00,4.13,deg C,10678300,19754,VOL,U24
2/27/2017 13:00,4.59,deg C,10678300,19754,VOL,U24
2/27/2017 14:00,4.97,deg C,10678300,19754,VOL,U24
2/27/2017 15:00,5.25,deg C,10678300,19754,VOL,U24
2/27/2017 16:00,5.4,deg C,10678300,19754,VOL,U24
2/27/2017 17:00,5.5,deg C,10678300,19754,VOL,U24
2/27/2017 18:00,5.53,deg C,10678300,19754,VOL,U24
2/27/2017 19:00,5.41,deg C,10678300,19754,VOL,U24
2/27/2017 20:00,5.25,deg C,10678300,19754,VOL,U24
2/27/2017 21:00,5.09,deg C,10678300,19754,VOL,U24
2/27/2017 22:00,4.91,deg C,10678300,19754,VOL,U24
2/27/2017 23:00,4.71,deg C,10678300,19754,VOL,U24
2/28/2017 0:00,4.54,deg C,10678300,19754,VOL,U24
2/28/2017 1:00,4.46,deg C,10678300,19754,VOL,U24
2/28/2017 2:00,4.44,deg C,10678300,19754,VOL,U24
2/28/2017 3:00,4.46,deg C,10678300,19754,VOL,U24
2/28/2017 4:00,4.5,deg C,10678300,19754,VOL,U24
2/28/2017 5:00,4.54,deg C,10678300,19754,VOL,U24
2/28/2017 6:00,4.59,deg C,10678300,19754,VOL,U24
2/28/2017 7:00,4.59,deg C,10678300,19754,VOL,U24
2/28/2017 8:00,4.66,deg C,10678300,19754,VOL,U24
2/28/2017 9:00,4.75,deg C,10678300,19754,VOL,U24
2/28/2017 10:00,5.01,deg C,10678300,19754,VOL,U24
2/28/2017 11:00,5.37,deg C,10678300,19754,VOL,U24
2/28/2017 12:00,5.73,deg C,10678300,19754,VOL,U24
2/28/2017 13:00,6.11,deg C,10678300,19754,VOL,U24
2/28/2017 14:00,6.47,deg C,10678300,19754,VOL,U24
2/28/2017 15:00,6.8,deg C,10678300,19754,VOL,U24
2/28/2017 16:00,7.13,deg C,10678300,19754,VOL,U24
2/28/2017 17:00,7.37,deg C,10678300,19754,VOL,U24
2/28/2017 18:00,7.46,deg C,10678300,19754,VOL,U24
2/28/2017 19:00,7.49,deg C,10678300,19754,VOL,U24
2/28/2017 20:00,7.43,deg C,10678300,19754,VOL,U24
2/28/2017 21:00,7.41,deg C,10678300,19754,VOL,U24
2/28/2017 22:00,7.36,deg C,10678300,19754,VOL,U24
2/28/2017 23:00,7.32,deg C,10678300,19754,VOL,U24
3/1/2017 0:00,7.22,deg C,10678300,19754,VOL,U24
3/1/2017 1:00,7.17,deg C,10678300,19754,VOL,U24
3/1/2017 2:00,7.13,deg C,10678300,19754,VOL,U24
3/1/2017 3:00,7.13,deg C,10678300,19754,VOL,U24
3/1/2017 4:00,7.08,deg C,10678300,19754,VOL,U24
3/1/2017 5:00,7.02,deg C,10678300,19754,VOL,U24
3/1/2017 6:00,7.01,deg C,10678300,19754,VOL,U24
3/1/2017 7:00,7.02,deg C,10678300,19754,VOL,U24
3/1/2017 8:00,7.05,deg C,10678300,19754,VOL,U24
3/1/2017 9:00,7.1,deg C,10678300,19754,VOL,U24
3/1/2017 10:00,7.21,deg C,10678300,19754,VOL,U24
3/1/2017 11:00,7.42,deg C,10678300,19754,VOL,U24
3/1/2017 12:00,7.65,deg C,10678300,19754,VOL,U24
3/1/2017 13:00,7.88,deg C,10678300,19754,VOL,U24
3/1/2017 14:00,8.12,deg C,10678300,19754,VOL,U24
3/1/2017 15:00,8.37,deg C,10678300,19754,VOL,U24
3/1/2017 16:00,8.56,deg C,10678300,19754,VOL,U24
3/1/2017 17:00,8.72,deg C,10678300,19754,VOL,U24
3/1/2017 18:00,8.76,deg C,10678300,19754,VOL,U24
3/1/2017 19:00,8.8,deg C,10678300,19754,VOL,U24
3/1/2017 20:00,8.8,deg C,10678300,19754,VOL,U24
3/1/2017 21:00,8.76,deg C,10678300,19754,VOL,U24
3/1/2017 22:00,8.69,deg C,10678300,19754,VOL,U24
3/1/2017 23:00,8.59,deg C,10678300,19754,VOL,U24
3/2/2017 0:00,8.49,deg C,10678300,19754,VOL,U24
3/2/2017 1:00,8.41,deg C,10678300,19754,VOL,U24
3/2/2017 2:00,8.32,deg C,10678300,19754,VOL,U24
3/2/2017 3:00,8.08,deg C,10678300,19754,VOL,U24
3/2/2017 4:00,7.79,deg C,10678300,19754,VOL,U24
3/2/2017 5:00,7.46,deg C,10678300,19754,VOL,U24
3/2/2017 6:00,7.1,deg C,10678300,19754,VOL,U24
3/2/2017 7:00,6.8,deg C,10678300,19754,VOL,U24
3/2/2017 8:00,6.53,deg C,10678300,19754,VOL,U24
3/2/2017 9:00,6.27,deg C,10678300,19754,VOL,U24
3/2/2017 10:00,6.1,deg C,10678300,19754,VOL,U24
3/2/2017 11:00,5.99,deg C,10678300,19754,VOL,U24
3/2/2017 12:00,5.91,deg C,10678300,19754,VOL,U24
3/2/2017 13:00,5.87,deg C,10678300,19754,VOL,U24
3/2/2017 14:00,5.79,deg C,10678300,19754,VOL,U24
3/2/2017 15:00,5.73,deg C,10678300,19754,VOL,U24
3/2/2017 16:00,5.65,deg C,10678300,19754,VOL,U24
3/2/2017 17:00,5.54,deg C,10678300,19754,VOL,U24
3/2/2017 18:00,5.36,deg C,10678300,19754,VOL,U24
3/2/2017 19:00,5.13,deg C,10678300,19754,VOL,U24
3/2/2017 20:00,4.85,deg C,10678300,19754,VOL,U24
3/2/2017 21:00,4.56,deg C,10678300,19754,VOL,U24
3/2/2017 22:00,4.3,deg C,10678300,19754,VOL,U24
3/2/2017 23:00,4.03,deg C,10678300,19754,VOL,U24
3/3/2017 0:00,3.84,deg C,10678300,19754,VOL,U24
3/3/2017 1:00,3.64,deg C,10678300,19754,VOL,U24
3/3/2017 2:00,3.48,deg C,10678300,19754,VOL,U24
3/3/2017 3:00,3.35,deg C,10678300,19754,VOL,U24
3/3/2017 4:00,3.25,deg C,10678300,19754,VOL,U24
3/3/2017 5:00,3.12,deg C,10678300,19754,VOL,U24
3/3/2017 6:00,2.92,deg C,10678300,19754,VOL,U24
3/3/2017 7:00,2.75,deg C,10678300,19754,VOL,U24
3/3/2017 8:00,2.71,deg C,10678300,19754,VOL,U24
3/3/2017 9:00,2.71,deg C,10678300,19754,VOL,U24
3/3/2017 10:00,2.78,deg C,10678300,19754,VOL,U24
3/3/2017 11:00,2.9,deg C,10678300,19754,VOL,U24
3/3/2017 12:00,3.04,deg C,10678300,19754,VOL,U24
3/3/2017 13:00,3.23,deg C,10678300,19754,VOL,U24
3/3/2017 14:00,3.4,deg C,10678300,19754,VOL,U24
3/3/2017 15:00,3.53,deg C,10678300,19754,VOL,U24
3/3/2017 16:00,3.64,deg C,10678300,19754,VOL,U24
3/3/2017 17:00,3.65,deg C,10678300,19754,VOL,U24
3/3/2017 18:00,3.57,deg C,10678300,19754,VOL,U24
3/3/2017 19:00,3.41,deg C,10678300,19754,VOL,U24
3/3/2017 20:00,3.11,deg C,10678300,19754,VOL,U24
3/3/2017 21:00,2.79,deg C,10678300,19754,VOL,U24
3/3/2017 22:00,2.46,deg C,10678300,19754,VOL,U24
3/3/2017 23:00,2.12,deg C,10678300,19754,VOL,U24
3/4/2017 0:00,1.83,deg C,10678300,19754,VOL,U24
3/4/2017 1:00,1.53,deg C,10678300,19754,VOL,U24
3/4/2017 2:00,1.31,deg C,10678300,19754,VOL,U24
3/4/2017 3:00,1.1,deg C,10678300,19754,VOL,U24
3/4/2017 4:00,0.9,deg C,10678300,19754,VOL,U24
3/4/2017 5:00,0.75,deg C,10678300,19754,VOL,U24
3/4/2017 6:00,0.54,deg C,10678300,19754,VOL,U24
3/4/2017 7:00,0.42,deg C,10678300,19754,VOL,U24
3/4/2017 8:00,0.38,deg C,10678300,19754,VOL,U24
3/4/2017 9:00,0.42,deg C,10678300,19754,VOL,U24
3/4/2017 10:00,0.54,deg C,10678300,19754,VOL,U24
3/4/2017 11:00,0.71,deg C,10678300,19754,VOL,U24
3/4/2017 12:00,0.91,deg C,10678300,19754,VOL,U24
3/4/2017 13:00,1.11,deg C,10678300,19754,VOL,U24
3/4/2017 14:00,1.11,deg C,10678300,19754,VOL,U24
3/4/2017 15:00,1.06,deg C,10678300,19754,VOL,U24
3/4/2017 16:00,1.01,deg C,10678300,19754,VOL,U24
3/4/2017 17:00,0.97,deg C,10678300,19754,VOL,U24
3/4/2017 18:00,0.83,deg C,10678300,19754,VOL,U24
3/4/2017 19:00,0.67,deg C,10678300,19754,VOL,U24
3/4/2017 20:00,0.49,deg C,10678300,19754,VOL,U24
3/4/2017 21:00,0.33,deg C,10678300,19754,VOL,U24
3/4/2017 22:00,0.32,deg C,10678300,19754,VOL,U24
3/4/2017 23:00,0.33,deg C,10678300,19754,VOL,U24
3/5/2017 0:00,0.33,deg C,10678300,19754,VOL,U24
3/5/2017 1:00,0.33,deg C,10678300,19754,VOL,U24
3/5/2017 2:00,0.34,deg C,10678300,19754,VOL,U24
3/5/2017 3:00,0.36,deg C,10678300,19754,VOL,U24
3/5/2017 4:00,0.34,deg C,10678300,19754,VOL,U24
3/5/2017 5:00,0.33,deg C,10678300,19754,VOL,U24
3/5/2017 6:00,0.33,deg C,10678300,19754,VOL,U24
3/5/2017 7:00,0.33,deg C,10678300,19754,VOL,U24
3/5/2017 8:00,0.34,deg C,10678300,19754,VOL,U24
3/5/2017 9:00,0.36,deg C,10678300,19754,VOL,U24
3/5/2017 10:00,0.36,deg C,10678300,19754,VOL,U24
3/5/2017 11:00,0.34,deg C,10678300,19754,VOL,U24
3/5/2017 12:00,0.4,deg C,10678300,19754,VOL,U24
3/5/2017 13:00,0.4,deg C,10678300,19754,VOL,U24
3/5/2017 14:00,0.36,deg C,10678300,19754,VOL,U24
3/5/2017 15:00,0.36,deg C,10678300,19754,VOL,U24
3/5/2017 16:00,0.36,deg C,10678300,19754,VOL,U24
3/5/2017 17:00,0.34,deg C,10678300,19754,VOL,U24
3/5/2017 18:00,0.34,deg C,10678300,19754,VOL,U24
3/5/2017 19:00,0.34,deg C,10678300,19754,VOL,U24
3/5/2017 20:00,0.33,deg C,10678300,19754,VOL,U24
3/5/2017 21:00,0.34,deg C,10678300,19754,VOL,U24
3/5/2017 22:00,0.34,deg C,10678300,19754,VOL,U24
3/5/2017 23:00,0.33,deg C,10678300,19754,VOL,U24
3/6/2017 0:00,0.34,deg C,10678300,19754,VOL,U24
3/6/2017 1:00,0.36,deg C,10678300,19754,VOL,U24
3/6/2017 2:00,0.36,deg C,10678300,19754,VOL,U24
3/6/2017 3:00,0.36,deg C,10678300,19754,VOL,U24
3/6/2017 4:00,0.37,deg C,10678300,19754,VOL,U24
3/6/2017 5:00,0.4,deg C,10678300,19754,VOL,U24
3/6/2017 6:00,0.38,deg C,10678300,19754,VOL,U24
3/6/2017 7:00,0.4,deg C,10678300,19754,VOL,U24
3/6/2017 8:00,0.4,deg C,10678300,19754,VOL,U24
3/6/2017 9:00,0.4,deg C,10678300,19754,VOL,U24
3/6/2017 10:00,0.38,deg C,10678300,19754,VOL,U24
3/6/2017 11:00,0.37,deg C,10678300,19754,VOL,U24
3/6/2017 12:00,0.34,deg C,10678300,19754,VOL,U24
3/6/2017 13:00,0.34,deg C,10678300,19754,VOL,U24
3/6/2017 14:00,0.36,deg C,10678300,19754,VOL,U24
3/6/2017 15:00,0.36,deg C,10678300,19754,VOL,U24
3/6/2017 16:00,1.19,deg C,10678300,19754,VOL,U24
3/6/2017 17:00,1.93,deg C,10678300,19754,VOL,U24
3/6/2017 18:00,2.2,deg C,10678300,19754,VOL,U24
3/6/2017 19:00,2.06,deg C,10678300,19754,VOL,U24
3/6/2017 20:00,2.05,deg C,10678300,19754,VOL,U24
3/6/2017 21:00,1.98,deg C,10678300,19754,VOL,U24
3/6/2017 22:00,1.94,deg C,10678300,19754,VOL,U24
3/6/2017 23:00,1.98,deg C,10678300,19754,VOL,U24
3/7/2017 0:00,2.1,deg C,10678300,19754,VOL,U24
3/7/2017 1:00,2.18,deg C,10678300,19754,VOL,U24
3/7/2017 2:00,2.25,deg C,10678300,19754,VOL,U24
3/7/2017 3:00,2.31,deg C,10678300,19754,VOL,U24
3/7/2017 4:00,2.42,deg C,10678300,19754,VOL,U24
3/7/2017 5:00,2.49,deg C,10678300,19754,VOL,U24
3/7/2017 6:00,2.53,deg C,10678300,19754,VOL,U24
3/7/2017 7:00,2.59,deg C,10678300,19754,VOL,U24
3/7/2017 8:00,2.69,deg C,10678300,19754,VOL,U24
3/7/2017 9:00,2.78,deg C,10678300,19754,VOL,U24
3/7/2017 10:00,2.86,deg C,10678300,19754,VOL,U24
3/7/2017 11:00,3.03,deg C,10678300,19754,VOL,U24
3/7/2017 12:00,3.13,deg C,10678300,19754,VOL,U24
3/7/2017 13:00,3.32,deg C,10678300,19754,VOL,U24
3/7/2017 14:00,3.45,deg C,10678300,19754,VOL,U24
3/7/2017 15:00,3.55,deg C,10678300,19754,VOL,U24
3/7/2017 16:00,3.62,deg C,10678300,19754,VOL,U24
3/7/2017 17:00,3.74,deg C,10678300,19754,VOL,U24
3/7/2017 18:00,3.85,deg C,10678300,19754,VOL,U24
3/7/2017 19:00,3.88,deg C,10678300,19754,VOL,U24
3/7/2017 20:00,3.98,deg C,10678300,19754,VOL,U24
3/7/2017 21:00,3.97,deg C,10678300,19754,VOL,U24
3/7/2017 22:00,4.03,deg C,10678300,19754,VOL,U24
3/7/2017 23:00,4.06,deg C,10678300,19754,VOL,U24
3/8/2017 0:00,4.1,deg C,10678300,19754,VOL,U24
3/8/2017 1:00,4.15,deg C,10678300,19754,VOL,U24
3/8/2017 2:00,4.21,deg C,10678300,19754,VOL,U24
3/8/2017 3:00,4.26,deg C,10678300,19754,VOL,U24
3/8/2017 4:00,4.27,deg C,10678300,19754,VOL,U24
3/8/2017 5:00,4.34,deg C,10678300,19754,VOL,U24
3/8/2017 6:00,4.41,deg C,10678300,19754,VOL,U24
3/8/2017 7:00,4.47,deg C,10678300,19754,VOL,U24
3/8/2017 8:00,4.51,deg C,10678300,19754,VOL,U24
3/8/2017 9:00,4.62,deg C,10678300,19754,VOL,U24
3/8/2017 10:00,4.78,deg C,10678300,19754,VOL,U24
3/8/2017 11:00,5,deg C,10678300,19754,VOL,U24
3/8/2017 12:00,5.21,deg C,10678300,19754,VOL,U24
3/8/2017 13:00,5.38,deg C,10678300,19754,VOL,U24
3/8/2017 14:00,5.57,deg C,10678300,19754,VOL,U24
3/8/2017 15:00,5.77,deg C,10678300,19754,VOL,U24
3/8/2017 16:00,5.91,deg C,10678300,19754,VOL,U24
3/8/2017 17:00,6.06,deg C,10678300,19754,VOL,U24
3/8/2017 18:00,6.07,deg C,10678300,19754,VOL,U24
3/8/2017 19:00,5.94,deg C,10678300,19754,VOL,U24
3/8/2017 20:00,5.74,deg C,10678300,19754,VOL,U24
3/8/2017 21:00,5.52,deg C,10678300,19754,VOL,U24
3/8/2017 22:00,5.34,deg C,10678300,19754,VOL,U24
3/8/2017 23:00,5.23,deg C,10678300,19754,VOL,U24
3/9/2017 0:00,5.09,deg C,10678300,19754,VOL,U24
3/9/2017 1:00,4.93,deg C,10678300,19754,VOL,U24
3/9/2017 2:00,4.75,deg C,10678300,19754,VOL,U24
3/9/2017 3:00,4.64,deg C,10678300,19754,VOL,U24
3/9/2017 4:00,4.5,deg C,10678300,19754,VOL,U24
3/9/2017 5:00,4.38,deg C,10678300,19754,VOL,U24
3/9/2017 6:00,4.25,deg C,10678300,19754,VOL,U24
3/9/2017 7:00,4.18,deg C,10678300,19754,VOL,U24
3/9/2017 8:00,4.21,deg C,10678300,19754,VOL,U24
3/9/2017 9:00,4.31,deg C,10678300,19754,VOL,U24
3/9/2017 10:00,4.43,deg C,10678300,19754,VOL,U24
3/9/2017 11:00,4.59,deg C,10678300,19754,VOL,U24
3/9/2017 12:00,4.76,deg C,10678300,19754,VOL,U24
3/9/2017 13:00,4.95,deg C,10678300,19754,VOL,U24
3/9/2017 14:00,5.11,deg C,10678300,19754,VOL,U24
3/9/2017 15:00,5.28,deg C,10678300,19754,VOL,U24
3/9/2017 16:00,5.36,deg C,10678300,19754,VOL,U24
3/9/2017 17:00,5.48,deg C,10678300,19754,VOL,U24
3/9/2017 18:00,5.49,deg C,10678300,19754,VOL,U24
3/9/2017 19:00,5.42,deg C,10678300,19754,VOL,U24
3/9/2017 20:00,5.37,deg C,10678300,19754,VOL,U24
3/9/2017 21:00,5.25,deg C,10678300,19754,VOL,U24
3/9/2017 22:00,5.07,deg C,10678300,19754,VOL,U24
3/9/2017 23:00,4.87,deg C,10678300,19754,VOL,U24
3/10/2017 0:00,4.7,deg C,10678300,19754,VOL,U24
3/10/2017 1:00,4.5,deg C,10678300,19754,VOL,U24
3/10/2017 2:00,4.33,deg C,10678300,19754,VOL,U24
3/10/2017 3:00,4.18,deg C,10678300,19754,VOL,U24
3/10/2017 4:00,4.02,deg C,10678300,19754,VOL,U24
3/10/2017 5:00,3.81,deg C,10678300,19754,VOL,U24
3/10/2017 6:00,3.66,deg C,10678300,19754,VOL,U24
3/10/2017 7:00,3.39,deg C,10678300,19754,VOL,U24
3/10/2017 8:00,3.19,deg C,10678300,19754,VOL,U24
3/10/2017 9:00,3.02,deg C,10678300,19754,VOL,U24
3/10/2017 10:00,2.63,deg C,10678300,19754,VOL,U24
3/10/2017 11:00,2.46,deg C,10678300,19754,VOL,U24
3/10/2017 12:00,2.28,deg C,10678300,19754,VOL,U24
3/10/2017 13:00,2.25,deg C,10678300,19754,VOL,U24
3/10/2017 14:00,2.34,deg C,10678300,19754,VOL,U24
3/10/2017 15:00,2.47,deg C,10678300,19754,VOL,U24
3/10/2017 16:00,2.59,deg C,10678300,19754,VOL,U24
3/10/2017 17:00,2.54,deg C,10678300,19754,VOL,U24
3/10/2017 18:00,2.45,deg C,10678300,19754,VOL,U24
3/10/2017 19:00,2.26,deg C,10678300,19754,VOL,U24
3/10/2017 20:00,2.05,deg C,10678300,19754,VOL,U24
3/10/2017 21:00,1.85,deg C,10678300,19754,VOL,U24
3/10/2017 22:00,1.57,deg C,10678300,19754,VOL,U24
3/10/2017 23:00,1.26,deg C,10678300,19754,VOL,U24
3/11/2017 0:00,0.98,deg C,10678300,19754,VOL,U24
3/11/2017 1:00,0.71,deg C,10678300,19754,VOL,U24
3/11/2017 2:00,0.46,deg C,10678300,19754,VOL,U24
3/11/2017 3:00,0.33,deg C,10678300,19754,VOL,U24
3/11/2017 4:00,0.34,deg C,10678300,19754,VOL,U24
3/11/2017 5:00,0.34,deg C,10678300,19754,VOL,U24
3/11/2017 6:00,0.37,deg C,10678300,19754,VOL,U24
3/11/2017 7:00,0.44,deg C,10678300,19754,VOL,U24
3/11/2017 8:00,0.45,deg C,10678300,19754,VOL,U24
3/11/2017 9:00,0.46,deg C,10678300,19754,VOL,U24
3/11/2017 10:00,0.45,deg C,10678300,19754,VOL,U24
3/11/2017 11:00,0.41,deg C,10678300,19754,VOL,U24
3/11/2017 12:00,0.37,deg C,10678300,19754,VOL,U24
3/11/2017 13:00,0.42,deg C,10678300,19754,VOL,U24
3/11/2017 14:00,0.4,deg C,10678300,19754,VOL,U24
3/11/2017 15:00,0.36,deg C,10678300,19754,VOL,U24
3/11/2017 16:00,0.34,deg C,10678300,19754,VOL,U24
3/11/2017 17:00,0.33,deg C,10678300,19754,VOL,U24
3/11/2017 18:00,0.36,deg C,10678300,19754,VOL,U24
3/11/2017 19:00,0.36,deg C,10678300,19754,VOL,U24
3/11/2017 20:00,0.37,deg C,10678300,19754,VOL,U24
3/11/2017 21:00,0.38,deg C,10678300,19754,VOL,U24
3/11/2017 22:00,0.38,deg C,10678300,19754,VOL,U24
3/11/2017 23:00,0.37,deg C,10678300,19754,VOL,U24
3/12/2017 0:00,0.37,deg C,10678300,19754,VOL,U24
3/12/2017 1:00,0.37,deg C,10678300,19754,VOL,U24
3/12/2017 2:00,0.38,deg C,10678300,19754,VOL,U24
3/12/2017 3:00,0.4,deg C,10678300,19754,VOL,U24
3/12/2017 4:00,0.38,deg C,10678300,19754,VOL,U24
3/12/2017 5:00,0.38,deg C,10678300,19754,VOL,U24
3/12/2017 6:00,0.42,deg C,10678300,19754,VOL,U24
3/12/2017 7:00,0.44,deg C,10678300,19754,VOL,U24
3/12/2017 8:00,0.45,deg C,10678300,19754,VOL,U24
3/12/2017 9:00,0.41,deg C,10678300,19754,VOL,U24
3/12/2017 10:00,0.37,deg C,10678300,19754,VOL,U24
3/12/2017 11:00,0.37,deg C,10678300,19754,VOL,U24
3/12/2017 12:00,0.37,deg C,10678300,19754,VOL,U24
3/12/2017 13:00,0.38,deg C,10678300,19754,VOL,U24
3/12/2017 14:00,0.34,deg C,10678300,19754,VOL,U24
3/12/2017 15:00,0.34,deg C,10678300,19754,VOL,U24
3/12/2017 16:00,0.34,deg C,10678300,19754,VOL,U24
3/12/2017 17:00,0.32,deg C,10678300,19754,VOL,U24
3/12/2017 18:00,0.32,deg C,10678300,19754,VOL,U24
3/12/2017 19:00,0.32,deg C,10678300,19754,VOL,U24
3/12/2017 20:00,0.33,deg C,10678300,19754,VOL,U24
3/12/2017 21:00,0.33,deg C,10678300,19754,VOL,U24
3/12/2017 22:00,0.32,deg C,10678300,19754,VOL,U24
3/12/2017 23:00,0.34,deg C,10678300,19754,VOL,U24
3/13/2017 0:00,0.34,deg C,10678300,19754,VOL,U24
3/13/2017 1:00,0.33,deg C,10678300,19754,VOL,U24
3/13/2017 2:00,0.34,deg C,10678300,19754,VOL,U24
3/13/2017 3:00,0.37,deg C,10678300,19754,VOL,U24
3/13/2017 4:00,0.37,deg C,10678300,19754,VOL,U24
3/13/2017 5:00,0.38,deg C,10678300,19754,VOL,U24
3/13/2017 6:00,0.37,deg C,10678300,19754,VOL,U24
3/13/2017 7:00,0.36,deg C,10678300,19754,VOL,U24
3/13/2017 8:00,0.37,deg C,10678300,19754,VOL,U24
3/13/2017 9:00,0.38,deg C,10678300,19754,VOL,U24
3/13/2017 10:00,0.37,deg C,10678300,19754,VOL,U24
3/13/2017 11:00,0.34,deg C,10678300,19754,VOL,U24
3/13/2017 12:00,0.36,deg C,10678300,19754,VOL,U24
3/13/2017 13:00,0.34,deg C,10678300,19754,VOL,U24
3/13/2017 14:00,0.34,deg C,10678300,19754,VOL,U24
3/13/2017 15:00,0.33,deg C,10678300,19754,VOL,U24
3/13/2017 16:00,0.33,deg C,10678300,19754,VOL,U24
3/13/2017 17:00,0.34,deg C,10678300,19754,VOL,U24
3/13/2017 18:00,0.33,deg C,10678300,19754,VOL,U24
3/13/2017 19:00,0.32,deg C,10678300,19754,VOL,U24
3/13/2017 20:00,0.32,deg C,10678300,19754,VOL,U24
3/13/2017 21:00,0.32,deg C,10678300,19754,VOL,U24
3/13/2017 22:00,0.33,deg C,10678300,19754,VOL,U24
3/13/2017 23:00,0.32,deg C,10678300,19754,VOL,U24
3/14/2017 0:00,0.33,deg C,10678300,19754,VOL,U24
3/14/2017 1:00,0.34,deg C,10678300,19754,VOL,U24
3/14/2017 2:00,0.34,deg C,10678300,19754,VOL,U24
3/14/2017 3:00,0.33,deg C,10678300,19754,VOL,U24
3/14/2017 4:00,0.32,deg C,10678300,19754,VOL,U24
3/14/2017 5:00,0.3,deg C,10678300,19754,VOL,U24
3/14/2017 6:00,0.3,deg C,10678300,19754,VOL,U24
3/14/2017 7:00,0.32,deg C,10678300,19754,VOL,U24
3/14/2017 8:00,0.32,deg C,10678300,19754,VOL,U24
3/14/2017 9:00,0.32,deg C,10678300,19754,VOL,U24
3/14/2017 10:00,0.32,deg C,10678300,19754,VOL,U24
3/14/2017 11:00,0.29,deg C,10678300,19754,VOL,U24
3/14/2017 12:00,0.33,deg C,10678300,19754,VOL,U24
3/14/2017 13:00,0.33,deg C,10678300,19754,VOL,U24
3/14/2017 14:00,0.33,deg C,10678300,19754,VOL,U24
3/14/2017 15:00,0.32,deg C,10678300,19754,VOL,U24
3/14/2017 16:00,0.32,deg C,10678300,19754,VOL,U24
3/14/2017 17:00,0.33,deg C,10678300,19754,VOL,U24
3/14/2017 18:00,0.32,deg C,10678300,19754,VOL,U24
3/14/2017 19:00,0.32,deg C,10678300,19754,VOL,U24
3/14/2017 20:00,0.33,deg C,10678300,19754,VOL,U24
3/14/2017 21:00,0.33,deg C,10678300,19754,VOL,U24
3/14/2017 22:00,0.32,deg C,10678300,19754,VOL,U24
3/14/2017 23:00,0.32,deg C,10678300,19754,VOL,U24
3/15/2017 0:00,0.32,deg C,10678300,19754,VOL,U24
3/15/2017 1:00,0.33,deg C,10678300,19754,VOL,U24
3/15/2017 2:00,0.33,deg C,10678300,19754,VOL,U24
3/15/2017 3:00,0.33,deg C,10678300,19754,VOL,U24
3/15/2017 4:00,0.33,deg C,10678300,19754,VOL,U24
3/15/2017 5:00,0.33,deg C,10678300,19754,VOL,U24
3/15/2017 6:00,0.33,deg C,10678300,19754,VOL,U24
3/15/2017 7:00,0.34,deg C,10678300,19754,VOL,U24
3/15/2017 8:00,0.34,deg C,10678300,19754,VOL,U24
3/15/2017 9:00,0.33,deg C,10678300,19754,VOL,U24
3/15/2017 10:00,0.33,deg C,10678300,19754,VOL,U24
3/15/2017 11:00,0.33,deg C,10678300,19754,VOL,U24
3/15/2017 12:00,0.33,deg C,10678300,19754,VOL,U24
3/15/2017 13:00,0.32,deg C,10678300,19754,VOL,U24
3/15/2017 14:00,0.33,deg C,10678300,19754,VOL,U24
3/15/2017 15:00,0.32,deg C,10678300,19754,VOL,U24
3/15/2017 16:00,0.33,deg C,10678300,19754,VOL,U24
3/15/2017 17:00,0.33,deg C,10678300,19754,VOL,U24
3/15/2017 18:00,0.33,deg C,10678300,19754,VOL,U24
3/15/2017 19:00,0.32,deg C,10678300,19754,VOL,U24
3/15/2017 20:00,0.33,deg C,10678300,19754,VOL,U24
3/15/2017 21:00,0.33,deg C,10678300,19754,VOL,U24
3/15/2017 22:00,0.33,deg C,10678300,19754,VOL,U24
3/15/2017 23:00,0.33,deg C,10678300,19754,VOL,U24
3/16/2017 0:00,0.33,deg C,10678300,19754,VOL,U24
3/16/2017 1:00,0.33,deg C,10678300,19754,VOL,U24
3/16/2017 2:00,0.34,deg C,10678300,19754,VOL,U24
3/16/2017 3:00,0.34,deg C,10678300,19754,VOL,U24
3/16/2017 4:00,0.33,deg C,10678300,19754,VOL,U24
3/16/2017 5:00,0.33,deg C,10678300,19754,VOL,U24
3/16/2017 6:00,0.33,deg C,10678300,19754,VOL,U24
3/16/2017 7:00,0.33,deg C,10678300,19754,VOL,U24
3/16/2017 8:00,0.33,deg C,10678300,19754,VOL,U24
3/16/2017 9:00,0.33,deg C,10678300,19754,VOL,U24
3/16/2017 10:00,0.34,deg C,10678300,19754,VOL,U24
3/16/2017 11:00,0.34,deg C,10678300,19754,VOL,U24
3/16/2017 12:00,0.34,deg C,10678300,19754,VOL,U24
3/16/2017 13:00,0.36,deg C,10678300,19754,VOL,U24
3/16/2017 14:00,0.34,deg C,10678300,19754,VOL,U24
3/16/2017 15:00,0.36,deg C,10678300,19754,VOL,U24
3/16/2017 16:00,0.33,deg C,10678300,19754,VOL,U24
3/16/2017 17:00,0.34,deg C,10678300,19754,VOL,U24
3/16/2017 18:00,0.34,deg C,10678300,19754,VOL,U24
3/16/2017 19:00,0.36,deg C,10678300,19754,VOL,U24
3/16/2017 20:00,0.36,deg C,10678300,19754,VOL,U24
3/16/2017 21:00,0.38,deg C,10678300,19754,VOL,U24
3/16/2017 22:00,0.4,deg C,10678300,19754,VOL,U24
3/16/2017 23:00,0.41,deg C,10678300,19754,VOL,U24
3/17/2017 0:00,0.41,deg C,10678300,19754,VOL,U24
3/17/2017 1:00,0.41,deg C,10678300,19754,VOL,U24
3/17/2017 2:00,0.41,deg C,10678300,19754,VOL,U24
3/17/2017 3:00,0.42,deg C,10678300,19754,VOL,U24
3/17/2017 4:00,0.42,deg C,10678300,19754,VOL,U24
3/17/2017 5:00,0.42,deg C,10678300,19754,VOL,U24
3/17/2017 6:00,0.42,deg C,10678300,19754,VOL,U24
3/17/2017 7:00,0.44,deg C,10678300,19754,VOL,U24
3/17/2017 8:00,0.45,deg C,10678300,19754,VOL,U24
3/17/2017 9:00,0.52,deg C,10678300,19754,VOL,U24
3/17/2017 10:00,0.61,deg C,10678300,19754,VOL,U24
3/17/2017 11:00,0.71,deg C,10678300,19754,VOL,U24
3/17/2017 12:00,0.83,deg C,10678300,19754,VOL,U24
3/17/2017 13:00,1.01,deg C,10678300,19754,VOL,U24
3/17/2017 14:00,1.19,deg C,10678300,19754,VOL,U24
3/17/2017 15:00,1.24,deg C,10678300,19754,VOL,U24
3/17/2017 16:00,1.47,deg C,10678300,19754,VOL,U24
3/17/2017 17:00,1.64,deg C,10678300,19754,VOL,U24
3/17/2017 18:00,1.72,deg C,10678300,19754,VOL,U24
3/17/2017 19:00,1.61,deg C,10678300,19754,VOL,U24
3/17/2017 20:00,1.56,deg C,10678300,19754,VOL,U24
3/17/2017 21:00,1.49,deg C,10678300,19754,VOL,U24
3/17/2017 22:00,1.43,deg C,10678300,19754,VOL,U24
3/17/2017 23:00,1.32,deg C,10678300,19754,VOL,U24
3/18/2017 0:00,1.2,deg C,10678300,19754,VOL,U24
3/18/2017 1:00,1.1,deg C,10678300,19754,VOL,U24
3/18/2017 2:00,1.01,deg C,10678300,19754,VOL,U24
3/18/2017 3:00,0.9,deg C,10678300,19754,VOL,U24
3/18/2017 4:00,0.78,deg C,10678300,19754,VOL,U24
3/18/2017 5:00,0.69,deg C,10678300,19754,VOL,U24
3/18/2017 6:00,0.58,deg C,10678300,19754,VOL,U24
3/18/2017 7:00,0.49,deg C,10678300,19754,VOL,U24
3/18/2017 8:00,0.46,deg C,10678300,19754,VOL,U24
3/18/2017 9:00,0.49,deg C,10678300,19754,VOL,U24
3/18/2017 10:00,0.62,deg C,10678300,19754,VOL,U24
3/18/2017 11:00,0.83,deg C,10678300,19754,VOL,U24
3/18/2017 12:00,1.07,deg C,10678300,19754,VOL,U24
3/18/2017 13:00,1.34,deg C,10678300,19754,VOL,U24
3/18/2017 14:00,1.6,deg C,10678300,19754,VOL,U24
3/18/2017 15:00,1.81,deg C,10678300,19754,VOL,U24
3/18/2017 16:00,1.96,deg C,10678300,19754,VOL,U24
3/18/2017 17:00,2,deg C,10678300,19754,VOL,U24
3/18/2017 18:00,2.04,deg C,10678300,19754,VOL,U24
3/18/2017 19:00,2.04,deg C,10678300,19754,VOL,U24
3/18/2017 20:00,2.01,deg C,10678300,19754,VOL,U24
3/18/2017 21:00,1.77,deg C,10678300,19754,VOL,U24
3/18/2017 22:00,1.93,deg C,10678300,19754,VOL,U24
3/18/2017 23:00,1.92,deg C,10678300,19754,VOL,U24
3/19/2017 0:00,1.88,deg C,10678300,19754,VOL,U24
3/19/2017 1:00,1.84,deg C,10678300,19754,VOL,U24
3/19/2017 2:00,1.77,deg C,10678300,19754,VOL,U24
3/19/2017 3:00,1.73,deg C,10678300,19754,VOL,U24
3/19/2017 4:00,1.67,deg C,10678300,19754,VOL,U24
3/19/2017 5:00,1.69,deg C,10678300,19754,VOL,U24
3/19/2017 6:00,1.64,deg C,10678300,19754,VOL,U24
3/19/2017 7:00,1.65,deg C,10678300,19754,VOL,U24
3/19/2017 8:00,1.72,deg C,10678300,19754,VOL,U24
3/19/2017 9:00,1.83,deg C,10678300,19754,VOL,U24
3/19/2017 10:00,1.9,deg C,10678300,19754,VOL,U24
3/19/2017 11:00,2.06,deg C,10678300,19754,VOL,U24
3/19/2017 12:00,2.2,deg C,10678300,19754,VOL,U24
3/19/2017 13:00,2.37,deg C,10678300,19754,VOL,U24
3/19/2017 14:00,2.43,deg C,10678300,19754,VOL,U24
3/19/2017 15:00,2.5,deg C,10678300,19754,VOL,U24
3/19/2017 16:00,2.58,deg C,10678300,19754,VOL,U24
3/19/2017 17:00,2.63,deg C,10678300,19754,VOL,U24
3/19/2017 18:00,2.65,deg C,10678300,19754,VOL,U24
3/19/2017 19:00,2.66,deg C,10678300,19754,VOL,U24
3/19/2017 20:00,2.62,deg C,10678300,19754,VOL,U24
3/19/2017 21:00,2.51,deg C,10678300,19754,VOL,U24
3/19/2017 22:00,2.38,deg C,10678300,19754,VOL,U24
3/19/2017 23:00,2.24,deg C,10678300,19754,VOL,U24
3/20/2017 0:00,2.12,deg C,10678300,19754,VOL,U24
3/20/2017 1:00,2,deg C,10678300,19754,VOL,U24
3/20/2017 2:00,1.9,deg C,10678300,19754,VOL,U24
3/20/2017 3:00,1.81,deg C,10678300,19754,VOL,U24
3/20/2017 4:00,1.71,deg C,10678300,19754,VOL,U24
3/20/2017 5:00,1.63,deg C,10678300,19754,VOL,U24
3/20/2017 6:00,1.55,deg C,10678300,19754,VOL,U24
3/20/2017 7:00,1.51,deg C,10678300,19754,VOL,U24
3/20/2017 8:00,1.55,deg C,10678300,19754,VOL,U24
3/20/2017 9:00,1.64,deg C,10678300,19754,VOL,U24
3/20/2017 10:00,1.77,deg C,10678300,19754,VOL,U24
3/20/2017 11:00,1.98,deg C,10678300,19754,VOL,U24
3/20/2017 12:00,2.21,deg C,10678300,19754,VOL,U24
3/20/2017 13:00,2.46,deg C,10678300,19754,VOL,U24
3/20/2017 14:00,2.63,deg C,10678300,19754,VOL,U24
3/20/2017 15:00,2.75,deg C,10678300,19754,VOL,U24
3/20/2017 16:00,2.9,deg C,10678300,19754,VOL,U24
3/20/2017 17:00,3.03,deg C,10678300,19754,VOL,U24
3/20/2017 18:00,3.13,deg C,10678300,19754,VOL,U24
3/20/2017 19:00,3.13,deg C,10678300,19754,VOL,U24
3/20/2017 20:00,3.1,deg C,10678300,19754,VOL,U24
3/20/2017 21:00,2.88,deg C,10678300,19754,VOL,U24
3/20/2017 22:00,2.8,deg C,10678300,19754,VOL,U24
3/20/2017 23:00,2.7,deg C,10678300,19754,VOL,U24
3/21/2017 0:00,2.65,deg C,10678300,19754,VOL,U24
3/21/2017 1:00,2.62,deg C,10678300,19754,VOL,U24
3/21/2017 2:00,2.61,deg C,10678300,19754,VOL,U24
3/21/2017 3:00,2.61,deg C,10678300,19754,VOL,U24
3/21/2017 4:00,2.57,deg C,10678300,19754,VOL,U24
3/21/2017 5:00,2.57,deg C,10678300,19754,VOL,U24
3/21/2017 6:00,2.54,deg C,10678300,19754,VOL,U24
3/21/2017 7:00,2.47,deg C,10678300,19754,VOL,U24
3/21/2017 8:00,2.59,deg C,10678300,19754,VOL,U24
3/21/2017 9:00,2.67,deg C,10678300,19754,VOL,U24
3/21/2017 10:00,2.79,deg C,10678300,19754,VOL,U24
3/21/2017 11:00,2.99,deg C,10678300,19754,VOL,U24
3/21/2017 12:00,3.35,deg C,10678300,19754,VOL,U24
3/21/2017 13:00,3.64,deg C,10678300,19754,VOL,U24
3/21/2017 14:00,3.84,deg C,10678300,19754,VOL,U24
3/21/2017 15:00,4.01,deg C,10678300,19754,VOL,U24
3/21/2017 16:00,3.98,deg C,10678300,19754,VOL,U24
3/21/2017 17:00,3.92,deg C,10678300,19754,VOL,U24
3/21/2017 18:00,3.77,deg C,10678300,19754,VOL,U24
3/21/2017 19:00,3.64,deg C,10678300,19754,VOL,U24
3/21/2017 20:00,3.44,deg C,10678300,19754,VOL,U24
3/21/2017 21:00,3.23,deg C,10678300,19754,VOL,U24
3/21/2017 22:00,3.15,deg C,10678300,19754,VOL,U24
3/21/2017 23:00,3.03,deg C,10678300,19754,VOL,U24
3/22/2017 0:00,2.92,deg C,10678300,19754,VOL,U24
3/22/2017 1:00,2.79,deg C,10678300,19754,VOL,U24
3/22/2017 2:00,2.66,deg C,10678300,19754,VOL,U24
3/22/2017 3:00,2.54,deg C,10678300,19754,VOL,U24
3/22/2017 4:00,2.42,deg C,10678300,19754,VOL,U24
3/22/2017 5:00,2.31,deg C,10678300,19754,VOL,U24
3/22/2017 6:00,2.26,deg C,10678300,19754,VOL,U24
3/22/2017 7:00,2.14,deg C,10678300,19754,VOL,U24
3/22/2017 8:00,2.08,deg C,10678300,19754,VOL,U24
3/22/2017 9:00,1.88,deg C,10678300,19754,VOL,U24
3/22/2017 10:00,1.88,deg C,10678300,19754,VOL,U24
3/22/2017 11:00,1.88,deg C,10678300,19754,VOL,U24
3/22/2017 12:00,1.98,deg C,10678300,19754,VOL,U24
3/22/2017 13:00,2.05,deg C,10678300,19754,VOL,U24
3/22/2017 14:00,2.06,deg C,10678300,19754,VOL,U24
3/22/2017 15:00,2.04,deg C,10678300,19754,VOL,U24
3/22/2017 16:00,1.94,deg C,10678300,19754,VOL,U24
3/22/2017 17:00,1.85,deg C,10678300,19754,VOL,U24
3/22/2017 18:00,1.73,deg C,10678300,19754,VOL,U24
3/22/2017 19:00,1.59,deg C,10678300,19754,VOL,U24
3/22/2017 20:00,1.38,deg C,10678300,19754,VOL,U24
3/22/2017 21:00,1.11,deg C,10678300,19754,VOL,U24
3/22/2017 22:00,0.87,deg C,10678300,19754,VOL,U24
3/22/2017 23:00,0.63,deg C,10678300,19754,VOL,U24
3/23/2017 0:00,0.44,deg C,10678300,19754,VOL,U24
3/23/2017 1:00,0.3,deg C,10678300,19754,VOL,U24
3/23/2017 2:00,0.3,deg C,10678300,19754,VOL,U24
3/23/2017 3:00,0.32,deg C,10678300,19754,VOL,U24
3/23/2017 4:00,0.33,deg C,10678300,19754,VOL,U24
3/23/2017 5:00,0.34,deg C,10678300,19754,VOL,U24
3/23/2017 6:00,0.34,deg C,10678300,19754,VOL,U24
3/23/2017 7:00,0.36,deg C,10678300,19754,VOL,U24
3/23/2017 8:00,0.34,deg C,10678300,19754,VOL,U24
3/23/2017 9:00,0.33,deg C,10678300,19754,VOL,U24
3/23/2017 10:00,0.33,deg C,10678300,19754,VOL,U24
3/23/2017 11:00,0.34,deg C,10678300,19754,VOL,U24
3/23/2017 12:00,0.37,deg C,10678300,19754,VOL,U24
3/23/2017 13:00,0.4,deg C,10678300,19754,VOL,U24
3/23/2017 14:00,1.2,deg C,10678300,19754,VOL,U24
3/23/2017 15:00,1.68,deg C,10678300,19754,VOL,U24
3/23/2017 16:00,1.86,deg C,10678300,19754,VOL,U24
3/23/2017 17:00,1.96,deg C,10678300,19754,VOL,U24
3/23/2017 18:00,2.04,deg C,10678300,19754,VOL,U24
3/23/2017 19:00,2.01,deg C,10678300,19754,VOL,U24
3/23/2017 20:00,1.93,deg C,10678300,19754,VOL,U24
3/23/2017 21:00,1.8,deg C,10678300,19754,VOL,U24
3/23/2017 22:00,1.65,deg C,10678300,19754,VOL,U24
3/23/2017 23:00,1.48,deg C,10678300,19754,VOL,U24
3/24/2017 0:00,1.31,deg C,10678300,19754,VOL,U24
3/24/2017 1:00,1.19,deg C,10678300,19754,VOL,U24
3/24/2017 2:00,1.07,deg C,10678300,19754,VOL,U24
3/24/2017 3:00,1.01,deg C,10678300,19754,VOL,U24
3/24/2017 4:00,0.99,deg C,10678300,19754,VOL,U24
3/24/2017 5:00,1.04,deg C,10678300,19754,VOL,U24
3/24/2017 6:00,1.1,deg C,10678300,19754,VOL,U24
3/24/2017 7:00,1.2,deg C,10678300,19754,VOL,U24
3/24/2017 8:00,1.35,deg C,10678300,19754,VOL,U24
3/24/2017 9:00,1.55,deg C,10678300,19754,VOL,U24
3/24/2017 10:00,1.75,deg C,10678300,19754,VOL,U24
3/24/2017 11:00,1.96,deg C,10678300,19754,VOL,U24
3/24/2017 12:00,2.16,deg C,10678300,19754,VOL,U24
3/24/2017 13:00,2.34,deg C,10678300,19754,VOL,U24
3/24/2017 14:00,2.55,deg C,10678300,19754,VOL,U24
3/24/2017 15:00,2.78,deg C,10678300,19754,VOL,U24
3/24/2017 16:00,2.94,deg C,10678300,19754,VOL,U24
3/24/2017 17:00,3.13,deg C,10678300,19754,VOL,U24
3/24/2017 18:00,3.08,deg C,10678300,19754,VOL,U24
3/24/2017 19:00,3.16,deg C,10678300,19754,VOL,U24
3/24/2017 20:00,3.19,deg C,10678300,19754,VOL,U24
3/24/2017 21:00,3.13,deg C,10678300,19754,VOL,U24
3/24/2017 22:00,3.1,deg C,10678300,19754,VOL,U24
3/24/2017 23:00,3.06,deg C,10678300,19754,VOL,U24
3/25/2017 0:00,3.02,deg C,10678300,19754,VOL,U24
3/25/2017 1:00,3.03,deg C,10678300,19754,VOL,U24
3/25/2017 2:00,3.06,deg C,10678300,19754,VOL,U24
3/25/2017 3:00,3.04,deg C,10678300,19754,VOL,U24
3/25/2017 4:00,3.04,deg C,10678300,19754,VOL,U24
3/25/2017 5:00,3.04,deg C,10678300,19754,VOL,U24
3/25/2017 6:00,3.07,deg C,10678300,19754,VOL,U24
3/25/2017 7:00,3.1,deg C,10678300,19754,VOL,U24
3/25/2017 8:00,3.17,deg C,10678300,19754,VOL,U24
3/25/2017 9:00,3.29,deg C,10678300,19754,VOL,U24
3/25/2017 10:00,3.41,deg C,10678300,19754,VOL,U24
3/25/2017 11:00,3.52,deg C,10678300,19754,VOL,U24
3/25/2017 12:00,3.61,deg C,10678300,19754,VOL,U24
3/25/2017 13:00,3.7,deg C,10678300,19754,VOL,U24
3/25/2017 14:00,3.74,deg C,10678300,19754,VOL,U24
3/25/2017 15:00,3.77,deg C,10678300,19754,VOL,U24
3/25/2017 16:00,3.8,deg C,10678300,19754,VOL,U24
3/25/2017 17:00,3.81,deg C,10678300,19754,VOL,U24
3/25/2017 18:00,3.74,deg C,10678300,19754,VOL,U24
3/25/2017 19:00,3.66,deg C,10678300,19754,VOL,U24
3/25/2017 20:00,3.6,deg C,10678300,19754,VOL,U24
3/25/2017 21:00,3.52,deg C,10678300,19754,VOL,U24
3/25/2017 22:00,3.44,deg C,10678300,19754,VOL,U24
3/25/2017 23:00,3.37,deg C,10678300,19754,VOL,U24
3/26/2017 0:00,3.31,deg C,10678300,19754,VOL,U24
3/26/2017 1:00,3.25,deg C,10678300,19754,VOL,U24
3/26/2017 2:00,3.21,deg C,10678300,19754,VOL,U24
3/26/2017 3:00,3.16,deg C,10678300,19754,VOL,U24
3/26/2017 4:00,3.08,deg C,10678300,19754,VOL,U24
3/26/2017 5:00,3.07,deg C,10678300,19754,VOL,U24
3/26/2017 6:00,3.03,deg C,10678300,19754,VOL,U24
3/26/2017 7:00,3,deg C,10678300,19754,VOL,U24
3/26/2017 8:00,2.96,deg C,10678300,19754,VOL,U24
3/26/2017 9:00,2.98,deg C,10678300,19754,VOL,U24
3/26/2017 10:00,2.99,deg C,10678300,19754,VOL,U24
3/26/2017 11:00,3.04,deg C,10678300,19754,VOL,U24
3/26/2017 12:00,3.15,deg C,10678300,19754,VOL,U24
3/26/2017 13:00,3.24,deg C,10678300,19754,VOL,U24
3/26/2017 14:00,3.31,deg C,10678300,19754,VOL,U24
3/26/2017 15:00,3.36,deg C,10678300,19754,VOL,U24
3/26/2017 16:00,3.41,deg C,10678300,19754,VOL,U24
3/26/2017 17:00,3.39,deg C,10678300,19754,VOL,U24
3/26/2017 18:00,3.44,deg C,10678300,19754,VOL,U24
3/26/2017 19:00,3.4,deg C,10678300,19754,VOL,U24
3/26/2017 20:00,3.35,deg C,10678300,19754,VOL,U24
3/26/2017 21:00,3.32,deg C,10678300,19754,VOL,U24
3/26/2017 22:00,3.27,deg C,10678300,19754,VOL,U24
3/26/2017 23:00,3.24,deg C,10678300,19754,VOL,U24
3/27/2017 0:00,3.2,deg C,10678300,19754,VOL,U24
3/27/2017 1:00,3.17,deg C,10678300,19754,VOL,U24
3/27/2017 2:00,3.15,deg C,10678300,19754,VOL,U24
3/27/2017 3:00,3.11,deg C,10678300,19754,VOL,U24
3/27/2017 4:00,3.11,deg C,10678300,19754,VOL,U24
3/27/2017 5:00,3.1,deg C,10678300,19754,VOL,U24
3/27/2017 6:00,3.08,deg C,10678300,19754,VOL,U24
3/27/2017 7:00,3.11,deg C,10678300,19754,VOL,U24
3/27/2017 8:00,3.1,deg C,10678300,19754,VOL,U24
3/27/2017 9:00,3.15,deg C,10678300,19754,VOL,U24
3/27/2017 10:00,3.21,deg C,10678300,19754,VOL,U24
3/27/2017 11:00,3.35,deg C,10678300,19754,VOL,U24
3/27/2017 12:00,3.44,deg C,10678300,19754,VOL,U24
3/27/2017 13:00,3.58,deg C,10678300,19754,VOL,U24
3/27/2017 14:00,3.77,deg C,10678300,19754,VOL,U24
3/27/2017 15:00,3.9,deg C,10678300,19754,VOL,U24
3/27/2017 16:00,4.19,deg C,10678300,19754,VOL,U24
3/27/2017 17:00,4.34,deg C,10678300,19754,VOL,U24
3/27/2017 18:00,4.25,deg C,10678300,19754,VOL,U24
3/27/2017 19:00,4.07,deg C,10678300,19754,VOL,U24
3/27/2017 20:00,3.86,deg C,10678300,19754,VOL,U24
3/27/2017 21:00,3.68,deg C,10678300,19754,VOL,U24
3/27/2017 22:00,3.57,deg C,10678300,19754,VOL,U24
3/27/2017 23:00,3.52,deg C,10678300,19754,VOL,U24
3/28/2017 0:00,3.51,deg C,10678300,19754,VOL,U24
3/28/2017 1:00,3.49,deg C,10678300,19754,VOL,U24
3/28/2017 2:00,3.49,deg C,10678300,19754,VOL,U24
3/28/2017 3:00,3.49,deg C,10678300,19754,VOL,U24
3/28/2017 4:00,3.51,deg C,10678300,19754,VOL,U24
3/28/2017 5:00,3.52,deg C,10678300,19754,VOL,U24
3/28/2017 6:00,3.52,deg C,10678300,19754,VOL,U24
3/28/2017 7:00,3.55,deg C,10678300,19754,VOL,U24
3/28/2017 8:00,3.66,deg C,10678300,19754,VOL,U24
3/28/2017 9:00,3.78,deg C,10678300,19754,VOL,U24
3/28/2017 10:00,3.89,deg C,10678300,19754,VOL,U24
3/28/2017 11:00,3.97,deg C,10678300,19754,VOL,U24
3/28/2017 12:00,4.01,deg C,10678300,19754,VOL,U24
3/28/2017 13:00,4.1,deg C,10678300,19754,VOL,U24
3/28/2017 14:00,4.09,deg C,10678300,19754,VOL,U24
3/28/2017 15:00,4.14,deg C,10678300,19754,VOL,U24
3/28/2017 16:00,4.19,deg C,10678300,19754,VOL,U24
3/28/2017 17:00,4.17,deg C,10678300,19754,VOL,U24
3/28/2017 18:00,3.89,deg C,10678300,19754,VOL,U24
3/28/2017 19:00,3.76,deg C,10678300,19754,VOL,U24
3/28/2017 20:00,3.61,deg C,10678300,19754,VOL,U24
3/28/2017 21:00,3.37,deg C,10678300,19754,VOL,U24
3/28/2017 22:00,3.27,deg C,10678300,19754,VOL,U24
3/28/2017 23:00,3.27,deg C,10678300,19754,VOL,U24
3/29/2017 0:00,3.33,deg C,10678300,19754,VOL,U24
3/29/2017 1:00,3.49,deg C,10678300,19754,VOL,U24
3/29/2017 2:00,3.56,deg C,10678300,19754,VOL,U24
3/29/2017 3:00,3.58,deg C,10678300,19754,VOL,U24
3/29/2017 4:00,3.6,deg C,10678300,19754,VOL,U24
3/29/2017 5:00,3.57,deg C,10678300,19754,VOL,U24
3/29/2017 6:00,3.53,deg C,10678300,19754,VOL,U24
3/29/2017 7:00,3.55,deg C,10678300,19754,VOL,U24
3/29/2017 8:00,3.65,deg C,10678300,19754,VOL,U24
3/29/2017 9:00,3.73,deg C,10678300,19754,VOL,U24
3/29/2017 10:00,3.89,deg C,10678300,19754,VOL,U24
3/29/2017 11:00,4.18,deg C,10678300,19754,VOL,U24
3/29/2017 12:00,4.6,deg C,10678300,19754,VOL,U24
3/29/2017 13:00,5.16,deg C,10678300,19754,VOL,U24
3/29/2017 14:00,5.75,deg C,10678300,19754,VOL,U24
3/29/2017 15:00,6.12,deg C,10678300,19754,VOL,U24
3/29/2017 16:00,6.26,deg C,10678300,19754,VOL,U24
3/29/2017 17:00,6.09,deg C,10678300,19754,VOL,U24
3/29/2017 18:00,5.71,deg C,10678300,19754,VOL,U24
3/29/2017 19:00,5.28,deg C,10678300,19754,VOL,U24
3/29/2017 20:00,4.85,deg C,10678300,19754,VOL,U24
3/29/2017 21:00,4.5,deg C,10678300,19754,VOL,U24
3/29/2017 22:00,4.21,deg C,10678300,19754,VOL,U24
3/29/2017 23:00,3.96,deg C,10678300,19754,VOL,U24
3/30/2017 0:00,3.74,deg C,10678300,19754,VOL,U24
3/30/2017 1:00,3.56,deg C,10678300,19754,VOL,U24
3/30/2017 2:00,3.39,deg C,10678300,19754,VOL,U24
3/30/2017 3:00,3.27,deg C,10678300,19754,VOL,U24
3/30/2017 4:00,3.15,deg C,10678300,19754,VOL,U24
3/30/2017 5:00,3.04,deg C,10678300,19754,VOL,U24
3/30/2017 6:00,2.94,deg C,10678300,19754,VOL,U24
3/30/2017 7:00,2.95,deg C,10678300,19754,VOL,U24
3/30/2017 8:00,3.02,deg C,10678300,19754,VOL,U24
3/30/2017 9:00,3.2,deg C,10678300,19754,VOL,U24
3/30/2017 10:00,3.52,deg C,10678300,19754,VOL,U24
3/30/2017 11:00,4.03,deg C,10678300,19754,VOL,U24
3/30/2017 12:00,4.6,deg C,10678300,19754,VOL,U24
3/30/2017 13:00,5.16,deg C,10678300,19754,VOL,U24
3/30/2017 14:00,5.66,deg C,10678300,19754,VOL,U24
3/30/2017 15:00,6.09,deg C,10678300,19754,VOL,U24
3/30/2017 16:00,6.46,deg C,10678300,19754,VOL,U24
3/30/2017 17:00,6.5,deg C,10678300,19754,VOL,U24
3/30/2017 18:00,6.35,deg C,10678300,19754,VOL,U24
3/30/2017 19:00,6.1,deg C,10678300,19754,VOL,U24
3/30/2017 20:00,5.85,deg C,10678300,19754,VOL,U24
3/30/2017 21:00,5.6,deg C,10678300,19754,VOL,U24
3/30/2017 22:00,5.38,deg C,10678300,19754,VOL,U24
3/30/2017 23:00,5.2,deg C,10678300,19754,VOL,U24
3/31/2017 0:00,5.01,deg C,10678300,19754,VOL,U24
3/31/2017 1:00,4.88,deg C,10678300,19754,VOL,U24
3/31/2017 2:00,4.79,deg C,10678300,19754,VOL,U24
3/31/2017 3:00,4.7,deg C,10678300,19754,VOL,U24
3/31/2017 4:00,4.62,deg C,10678300,19754,VOL,U24
3/31/2017 5:00,4.54,deg C,10678300,19754,VOL,U24
3/31/2017 6:00,4.46,deg C,10678300,19754,VOL,U24
3/31/2017 7:00,4.42,deg C,10678300,19754,VOL,U24
3/31/2017 8:00,4.37,deg C,10678300,19754,VOL,U24
3/31/2017 9:00,4.38,deg C,10678300,19754,VOL,U24
3/31/2017 10:00,4.38,deg C,10678300,19754,VOL,U24
3/31/2017 11:00,4.41,deg C,10678300,19754,VOL,U24
3/31/2017 12:00,4.44,deg C,10678300,19754,VOL,U24
3/31/2017 13:00,4.43,deg C,10678300,19754,VOL,U24
3/31/2017 14:00,4.34,deg C,10678300,19754,VOL,U24
3/31/2017 15:00,4.22,deg C,10678300,19754,VOL,U24
3/31/2017 16:00,4.11,deg C,10678300,19754,VOL,U24
3/31/2017 17:00,3.98,deg C,10678300,19754,VOL,U24
3/31/2017 18:00,3.88,deg C,10678300,19754,VOL,U24
3/31/2017 19:00,3.77,deg C,10678300,19754,VOL,U24
3/31/2017 20:00,3.69,deg C,10678300,19754,VOL,U24
3/31/2017 21:00,3.62,deg C,10678300,19754,VOL,U24
3/31/2017 22:00,3.4,deg C,10678300,19754,VOL,U24
3/31/2017 23:00,3.15,deg C,10678300,19754,VOL,U24
4/1/2017 0:00,3.03,deg C,10678300,19754,VOL,U24
4/1/2017 1:00,3,deg C,10678300,19754,VOL,U24
4/1/2017 2:00,3.06,deg C,10678300,19754,VOL,U24
4/1/2017 3:00,3.11,deg C,10678300,19754,VOL,U24
4/1/2017 4:00,3.17,deg C,10678300,19754,VOL,U24
4/1/2017 5:00,3.2,deg C,10678300,19754,VOL,U24
4/1/2017 6:00,3.21,deg C,10678300,19754,VOL,U24
4/1/2017 7:00,3.25,deg C,10678300,19754,VOL,U24
4/1/2017 8:00,3.32,deg C,10678300,19754,VOL,U24
4/1/2017 9:00,3.45,deg C,10678300,19754,VOL,U24
4/1/2017 10:00,3.66,deg C,10678300,19754,VOL,U24
4/1/2017 11:00,3.98,deg C,10678300,19754,VOL,U24
4/1/2017 12:00,4.3,deg C,10678300,19754,VOL,U24
4/1/2017 13:00,4.63,deg C,10678300,19754,VOL,U24
4/1/2017 14:00,4.95,deg C,10678300,19754,VOL,U24
4/1/2017 15:00,5.19,deg C,10678300,19754,VOL,U24
4/1/2017 16:00,5.3,deg C,10678300,19754,VOL,U24
4/1/2017 17:00,5.38,deg C,10678300,19754,VOL,U24
4/1/2017 18:00,5.32,deg C,10678300,19754,VOL,U24
4/1/2017 19:00,5.19,deg C,10678300,19754,VOL,U24
4/1/2017 20:00,5,deg C,10678300,19754,VOL,U24
4/1/2017 21:00,4.84,deg C,10678300,19754,VOL,U24
4/1/2017 22:00,4.71,deg C,10678300,19754,VOL,U24
4/1/2017 23:00,4.6,deg C,10678300,19754,VOL,U24
4/2/2017 0:00,4.54,deg C,10678300,19754,VOL,U24
4/2/2017 1:00,4.48,deg C,10678300,19754,VOL,U24
4/2/2017 2:00,4.44,deg C,10678300,19754,VOL,U24
4/2/2017 3:00,4.39,deg C,10678300,19754,VOL,U24
4/2/2017 4:00,4.29,deg C,10678300,19754,VOL,U24
4/2/2017 5:00,4.17,deg C,10678300,19754,VOL,U24
4/2/2017 6:00,4.01,deg C,10678300,19754,VOL,U24
4/2/2017 7:00,3.99,deg C,10678300,19754,VOL,U24
4/2/2017 8:00,4.1,deg C,10678300,19754,VOL,U24
4/2/2017 9:00,4.27,deg C,10678300,19754,VOL,U24
4/2/2017 10:00,4.72,deg C,10678300,19754,VOL,U24
4/2/2017 11:00,5.36,deg C,10678300,19754,VOL,U24
4/2/2017 12:00,6.02,deg C,10678300,19754,VOL,U24
4/2/2017 13:00,6.6,deg C,10678300,19754,VOL,U24
4/2/2017 14:00,7.17,deg C,10678300,19754,VOL,U24
4/2/2017 15:00,7.63,deg C,10678300,19754,VOL,U24
4/2/2017 16:00,7.86,deg C,10678300,19754,VOL,U24
4/2/2017 17:00,7.82,deg C,10678300,19754,VOL,U24
4/2/2017 18:00,7.65,deg C,10678300,19754,VOL,U24
4/2/2017 19:00,7.33,deg C,10678300,19754,VOL,U24
4/2/2017 20:00,6.92,deg C,10678300,19754,VOL,U24
4/2/2017 21:00,6.48,deg C,10678300,19754,VOL,U24
4/2/2017 22:00,6.14,deg C,10678300,19754,VOL,U24
4/2/2017 23:00,5.83,deg C,10678300,19754,VOL,U24
4/3/2017 0:00,5.54,deg C,10678300,19754,VOL,U24
4/3/2017 1:00,5.23,deg C,10678300,19754,VOL,U24
4/3/2017 2:00,4.95,deg C,10678300,19754,VOL,U24
4/3/2017 3:00,4.7,deg C,10678300,19754,VOL,U24
4/3/2017 4:00,4.48,deg C,10678300,19754,VOL,U24
4/3/2017 5:00,4.31,deg C,10678300,19754,VOL,U24
4/3/2017 6:00,4.21,deg C,10678300,19754,VOL,U24
4/3/2017 7:00,4.19,deg C,10678300,19754,VOL,U24
4/3/2017 8:00,4.37,deg C,10678300,19754,VOL,U24
4/3/2017 9:00,4.68,deg C,10678300,19754,VOL,U24
4/3/2017 10:00,5.13,deg C,10678300,19754,VOL,U24
4/3/2017 11:00,5.73,deg C,10678300,19754,VOL,U24
4/3/2017 12:00,6.39,deg C,10678300,19754,VOL,U24
4/3/2017 13:00,6.95,deg C,10678300,19754,VOL,U24
4/3/2017 14:00,7.51,deg C,10678300,19754,VOL,U24
4/3/2017 15:00,7.92,deg C,10678300,19754,VOL,U24
4/3/2017 16:00,8.22,deg C,10678300,19754,VOL,U24
4/3/2017 17:00,8.37,deg C,10678300,19754,VOL,U24
4/3/2017 18:00,8.29,deg C,10678300,19754,VOL,U24
4/3/2017 19:00,8.12,deg C,10678300,19754,VOL,U24
4/3/2017 20:00,7.79,deg C,10678300,19754,VOL,U24
4/3/2017 21:00,7.47,deg C,10678300,19754,VOL,U24
4/3/2017 22:00,7.22,deg C,10678300,19754,VOL,U24
4/3/2017 23:00,7.04,deg C,10678300,19754,VOL,U24
4/4/2017 0:00,6.85,deg C,10678300,19754,VOL,U24
4/4/2017 1:00,6.65,deg C,10678300,19754,VOL,U24
4/4/2017 2:00,6.52,deg C,10678300,19754,VOL,U24
4/4/2017 3:00,6.46,deg C,10678300,19754,VOL,U24
4/4/2017 4:00,6.43,deg C,10678300,19754,VOL,U24
4/4/2017 5:00,6.42,deg C,10678300,19754,VOL,U24
4/4/2017 6:00,6.47,deg C,10678300,19754,VOL,U24
4/4/2017 7:00,6.53,deg C,10678300,19754,VOL,U24
4/4/2017 8:00,6.55,deg C,10678300,19754,VOL,U24
4/4/2017 9:00,6.55,deg C,10678300,19754,VOL,U24
4/4/2017 10:00,6.59,deg C,10678300,19754,VOL,U24
4/4/2017 11:00,6.68,deg C,10678300,19754,VOL,U24
4/4/2017 12:00,6.77,deg C,10678300,19754,VOL,U24
4/4/2017 13:00,6.83,deg C,10678300,19754,VOL,U24
4/4/2017 14:00,6.84,deg C,10678300,19754,VOL,U24
4/4/2017 15:00,6.84,deg C,10678300,19754,VOL,U24
4/4/2017 16:00,6.83,deg C,10678300,19754,VOL,U24
4/4/2017 17:00,6.81,deg C,10678300,19754,VOL,U24
4/4/2017 18:00,6.76,deg C,10678300,19754,VOL,U24
4/4/2017 19:00,6.64,deg C,10678300,19754,VOL,U24
4/4/2017 20:00,6.5,deg C,10678300,19754,VOL,U24
4/4/2017 21:00,6.38,deg C,10678300,19754,VOL,U24
4/4/2017 22:00,6.27,deg C,10678300,19754,VOL,U24
4/4/2017 23:00,6.16,deg C,10678300,19754,VOL,U24
4/5/2017 0:00,6.06,deg C,10678300,19754,VOL,U24
4/5/2017 1:00,6.01,deg C,10678300,19754,VOL,U24
4/5/2017 2:00,5.95,deg C,10678300,19754,VOL,U24
4/5/2017 3:00,5.91,deg C,10678300,19754,VOL,U24
4/5/2017 4:00,5.87,deg C,10678300,19754,VOL,U24
4/5/2017 5:00,5.85,deg C,10678300,19754,VOL,U24
4/5/2017 6:00,5.82,deg C,10678300,19754,VOL,U24
4/5/2017 7:00,5.85,deg C,10678300,19754,VOL,U24
4/5/2017 8:00,5.9,deg C,10678300,19754,VOL,U24
4/5/2017 9:00,6.03,deg C,10678300,19754,VOL,U24
4/5/2017 10:00,6.27,deg C,10678300,19754,VOL,U24
4/5/2017 11:00,6.55,deg C,10678300,19754,VOL,U24
4/5/2017 12:00,6.87,deg C,10678300,19754,VOL,U24
4/5/2017 13:00,7.1,deg C,10678300,19754,VOL,U24
4/5/2017 14:00,7.42,deg C,10678300,19754,VOL,U24
4/5/2017 15:00,7.62,deg C,10678300,19754,VOL,U24
4/5/2017 16:00,7.82,deg C,10678300,19754,VOL,U24
4/5/2017 17:00,7.88,deg C,10678300,19754,VOL,U24
4/5/2017 18:00,7.95,deg C,10678300,19754,VOL,U24
4/5/2017 19:00,7.84,deg C,10678300,19754,VOL,U24
4/5/2017 20:00,7.63,deg C,10678300,19754,VOL,U24
4/5/2017 21:00,7.38,deg C,10678300,19754,VOL,U24
4/5/2017 22:00,7.16,deg C,10678300,19754,VOL,U24
4/5/2017 23:00,6.98,deg C,10678300,19754,VOL,U24
4/6/2017 0:00,6.8,deg C,10678300,19754,VOL,U24
4/6/2017 1:00,6.63,deg C,10678300,19754,VOL,U24
4/6/2017 2:00,6.47,deg C,10678300,19754,VOL,U24
4/6/2017 3:00,6.35,deg C,10678300,19754,VOL,U24
4/6/2017 4:00,6.23,deg C,10678300,19754,VOL,U24
4/6/2017 5:00,6.12,deg C,10678300,19754,VOL,U24
4/6/2017 6:00,6.02,deg C,10678300,19754,VOL,U24
4/6/2017 7:00,5.91,deg C,10678300,19754,VOL,U24
4/6/2017 8:00,5.79,deg C,10678300,19754,VOL,U24
4/6/2017 9:00,5.74,deg C,10678300,19754,VOL,U24
4/6/2017 10:00,5.7,deg C,10678300,19754,VOL,U24
4/6/2017 11:00,5.7,deg C,10678300,19754,VOL,U24
4/6/2017 12:00,5.73,deg C,10678300,19754,VOL,U24
4/6/2017 13:00,5.78,deg C,10678300,19754,VOL,U24
4/6/2017 14:00,5.87,deg C,10678300,19754,VOL,U24
4/6/2017 15:00,5.97,deg C,10678300,19754,VOL,U24
4/6/2017 16:00,6.05,deg C,10678300,19754,VOL,U24
4/6/2017 17:00,6.09,deg C,10678300,19754,VOL,U24
4/6/2017 18:00,6.15,deg C,10678300,19754,VOL,U24
4/6/2017 19:00,6.22,deg C,10678300,19754,VOL,U24
4/6/2017 20:00,6.3,deg C,10678300,19754,VOL,U24
4/6/2017 21:00,6.36,deg C,10678300,19754,VOL,U24
4/6/2017 22:00,6.38,deg C,10678300,19754,VOL,U24
4/6/2017 23:00,6.34,deg C,10678300,19754,VOL,U24
4/7/2017 0:00,6.32,deg C,10678300,19754,VOL,U24
4/7/2017 1:00,6.36,deg C,10678300,19754,VOL,U24
4/7/2017 2:00,6.39,deg C,10678300,19754,VOL,U24
4/7/2017 3:00,6.39,deg C,10678300,19754,VOL,U24
4/7/2017 4:00,6.31,deg C,10678300,19754,VOL,U24
4/7/2017 5:00,6.22,deg C,10678300,19754,VOL,U24
4/7/2017 6:00,6.12,deg C,10678300,19754,VOL,U24
4/7/2017 7:00,6.09,deg C,10678300,19754,VOL,U24
4/7/2017 8:00,6.06,deg C,10678300,19754,VOL,U24
4/7/2017 9:00,6.05,deg C,10678300,19754,VOL,U24
4/7/2017 10:00,6.07,deg C,10678300,19754,VOL,U24
4/7/2017 11:00,6.19,deg C,10678300,19754,VOL,U24
4/7/2017 12:00,6.4,deg C,10678300,19754,VOL,U24
4/7/2017 13:00,6.67,deg C,10678300,19754,VOL,U24
4/7/2017 14:00,6.88,deg C,10678300,19754,VOL,U24
4/7/2017 15:00,6.98,deg C,10678300,19754,VOL,U24
4/7/2017 16:00,6.97,deg C,10678300,19754,VOL,U24
4/7/2017 17:00,6.91,deg C,10678300,19754,VOL,U24
4/7/2017 18:00,6.67,deg C,10678300,19754,VOL,U24
4/7/2017 19:00,6.38,deg C,10678300,19754,VOL,U24
4/7/2017 20:00,6.07,deg C,10678300,19754,VOL,U24
4/7/2017 21:00,5.77,deg C,10678300,19754,VOL,U24
4/7/2017 22:00,5.53,deg C,10678300,19754,VOL,U24
4/7/2017 23:00,5.32,deg C,10678300,19754,VOL,U24
4/8/2017 0:00,5.19,deg C,10678300,19754,VOL,U24
4/8/2017 1:00,5.07,deg C,10678300,19754,VOL,U24
4/8/2017 2:00,4.99,deg C,10678300,19754,VOL,U24
4/8/2017 3:00,4.92,deg C,10678300,19754,VOL,U24
4/8/2017 4:00,4.85,deg C,10678300,19754,VOL,U24
4/8/2017 5:00,4.75,deg C,10678300,19754,VOL,U24
4/8/2017 6:00,4.68,deg C,10678300,19754,VOL,U24
4/8/2017 7:00,4.68,deg C,10678300,19754,VOL,U24
4/8/2017 8:00,4.67,deg C,10678300,19754,VOL,U24
4/8/2017 9:00,4.78,deg C,10678300,19754,VOL,U24
4/8/2017 10:00,5.01,deg C,10678300,19754,VOL,U24
4/8/2017 11:00,5.45,deg C,10678300,19754,VOL,U24
4/8/2017 12:00,5.94,deg C,10678300,19754,VOL,U24
4/8/2017 13:00,6.52,deg C,10678300,19754,VOL,U24
4/8/2017 14:00,6.91,deg C,10678300,19754,VOL,U24
4/8/2017 15:00,7.25,deg C,10678300,19754,VOL,U24
4/8/2017 16:00,7.46,deg C,10678300,19754,VOL,U24
4/8/2017 17:00,7.49,deg C,10678300,19754,VOL,U24
4/8/2017 18:00,7.41,deg C,10678300,19754,VOL,U24
4/8/2017 19:00,7.17,deg C,10678300,19754,VOL,U24
4/8/2017 20:00,6.79,deg C,10678300,19754,VOL,U24
4/8/2017 21:00,6.39,deg C,10678300,19754,VOL,U24
4/8/2017 22:00,5.99,deg C,10678300,19754,VOL,U24
4/8/2017 23:00,5.62,deg C,10678300,19754,VOL,U24
4/9/2017 0:00,5.26,deg C,10678300,19754,VOL,U24
4/9/2017 1:00,4.96,deg C,10678300,19754,VOL,U24
4/9/2017 2:00,4.72,deg C,10678300,19754,VOL,U24
4/9/2017 3:00,4.51,deg C,10678300,19754,VOL,U24
4/9/2017 4:00,4.31,deg C,10678300,19754,VOL,U24
4/9/2017 5:00,4.17,deg C,10678300,19754,VOL,U24
4/9/2017 6:00,4.06,deg C,10678300,19754,VOL,U24
4/9/2017 7:00,4.11,deg C,10678300,19754,VOL,U24
4/9/2017 8:00,4.39,deg C,10678300,19754,VOL,U24
4/9/2017 9:00,4.88,deg C,10678300,19754,VOL,U24
4/9/2017 10:00,5.58,deg C,10678300,19754,VOL,U24
4/9/2017 11:00,6.32,deg C,10678300,19754,VOL,U24
4/9/2017 12:00,7.05,deg C,10678300,19754,VOL,U24
4/9/2017 13:00,7.73,deg C,10678300,19754,VOL,U24
4/9/2017 14:00,8.23,deg C,10678300,19754,VOL,U24
4/9/2017 15:00,8.64,deg C,10678300,19754,VOL,U24
4/9/2017 16:00,8.92,deg C,10678300,19754,VOL,U24
4/9/2017 17:00,9.05,deg C,10678300,19754,VOL,U24
4/9/2017 18:00,9.06,deg C,10678300,19754,VOL,U24
4/9/2017 19:00,8.89,deg C,10678300,19754,VOL,U24
4/9/2017 20:00,8.57,deg C,10678300,19754,VOL,U24
4/9/2017 21:00,8.2,deg C,10678300,19754,VOL,U24
4/9/2017 22:00,7.82,deg C,10678300,19754,VOL,U24
4/9/2017 23:00,7.49,deg C,10678300,19754,VOL,U24
4/10/2017 0:00,7.18,deg C,10678300,19754,VOL,U24
4/10/2017 1:00,6.88,deg C,10678300,19754,VOL,U24
4/10/2017 2:00,6.61,deg C,10678300,19754,VOL,U24
4/10/2017 3:00,6.38,deg C,10678300,19754,VOL,U24
4/10/2017 4:00,6.15,deg C,10678300,19754,VOL,U24
4/10/2017 5:00,5.95,deg C,10678300,19754,VOL,U24
4/10/2017 6:00,5.82,deg C,10678300,19754,VOL,U24
4/10/2017 7:00,5.85,deg C,10678300,19754,VOL,U24
4/10/2017 8:00,6.12,deg C,10678300,19754,VOL,U24
4/10/2017 9:00,6.53,deg C,10678300,19754,VOL,U24
4/10/2017 10:00,7.05,deg C,10678300,19754,VOL,U24
4/10/2017 11:00,7.7,deg C,10678300,19754,VOL,U24
4/10/2017 12:00,8.39,deg C,10678300,19754,VOL,U24
4/10/2017 13:00,9.02,deg C,10678300,19754,VOL,U24
4/10/2017 14:00,9.55,deg C,10678300,19754,VOL,U24
4/10/2017 15:00,9.92,deg C,10678300,19754,VOL,U24
4/10/2017 16:00,10.25,deg C,10678300,19754,VOL,U24
4/10/2017 17:00,10.45,deg C,10678300,19754,VOL,U24
4/10/2017 18:00,10.44,deg C,10678300,19754,VOL,U24
4/10/2017 19:00,10.29,deg C,10678300,19754,VOL,U24
4/10/2017 20:00,10.05,deg C,10678300,19754,VOL,U24
4/10/2017 21:00,9.75,deg C,10678300,19754,VOL,U24
4/10/2017 22:00,9.45,deg C,10678300,19754,VOL,U24
4/10/2017 23:00,9.15,deg C,10678300,19754,VOL,U24
4/11/2017 0:00,8.86,deg C,10678300,19754,VOL,U24
4/11/2017 1:00,8.65,deg C,10678300,19754,VOL,U24
4/11/2017 2:00,8.48,deg C,10678300,19754,VOL,U24
4/11/2017 3:00,8.31,deg C,10678300,19754,VOL,U24
4/11/2017 4:00,8.1,deg C,10678300,19754,VOL,U24
4/11/2017 5:00,7.91,deg C,10678300,19754,VOL,U24
4/11/2017 6:00,7.79,deg C,10678300,19754,VOL,U24
4/11/2017 7:00,7.83,deg C,10678300,19754,VOL,U24
4/11/2017 8:00,8.08,deg C,10678300,19754,VOL,U24
4/11/2017 9:00,8.49,deg C,10678300,19754,VOL,U24
4/11/2017 10:00,9.13,deg C,10678300,19754,VOL,U24
4/11/2017 11:00,9.96,deg C,10678300,19754,VOL,U24
4/11/2017 12:00,10.7,deg C,10678300,19754,VOL,U24
4/11/2017 13:00,11.39,deg C,10678300,19754,VOL,U24
4/11/2017 14:00,11.92,deg C,10678300,19754,VOL,U24
4/11/2017 15:00,12.29,deg C,10678300,19754,VOL,U24
4/11/2017 16:00,12.54,deg C,10678300,19754,VOL,U24
4/11/2017 17:00,12.7,deg C,10678300,19754,VOL,U24
4/11/2017 18:00,12.73,deg C,10678300,19754,VOL,U24
4/11/2017 19:00,12.59,deg C,10678300,19754,VOL,U24
4/11/2017 20:00,12.29,deg C,10678300,19754,VOL,U24
4/11/2017 21:00,11.89,deg C,10678300,19754,VOL,U24
4/11/2017 22:00,11.51,deg C,10678300,19754,VOL,U24
4/11/2017 23:00,11.19,deg C,10678300,19754,VOL,U24
4/12/2017 0:00,10.97,deg C,10678300,19754,VOL,U24
4/12/2017 1:00,10.72,deg C,10678300,19754,VOL,U24
4/12/2017 2:00,10.42,deg C,10678300,19754,VOL,U24
4/12/2017 3:00,10.12,deg C,10678300,19754,VOL,U24
4/12/2017 4:00,9.84,deg C,10678300,19754,VOL,U24
4/12/2017 5:00,9.59,deg C,10678300,19754,VOL,U24
4/12/2017 6:00,9.42,deg C,10678300,19754,VOL,U24
4/12/2017 7:00,9.35,deg C,10678300,19754,VOL,U24
4/12/2017 8:00,9.41,deg C,10678300,19754,VOL,U24
4/12/2017 9:00,9.47,deg C,10678300,19754,VOL,U24
4/12/2017 10:00,9.63,deg C,10678300,19754,VOL,U24
4/12/2017 11:00,9.92,deg C,10678300,19754,VOL,U24
4/12/2017 12:00,10.07,deg C,10678300,19754,VOL,U24
4/12/2017 13:00,10.29,deg C,10678300,19754,VOL,U24
4/12/2017 14:00,10.62,deg C,10678300,19754,VOL,U24
4/12/2017 15:00,10.73,deg C,10678300,19754,VOL,U24
4/12/2017 16:00,10.81,deg C,10678300,19754,VOL,U24
4/12/2017 17:00,10.97,deg C,10678300,19754,VOL,U24
4/12/2017 18:00,11.05,deg C,10678300,19754,VOL,U24
4/12/2017 19:00,10.98,deg C,10678300,19754,VOL,U24
4/12/2017 20:00,10.69,deg C,10678300,19754,VOL,U24
4/12/2017 21:00,10.29,deg C,10678300,19754,VOL,U24
4/12/2017 22:00,9.88,deg C,10678300,19754,VOL,U24
4/12/2017 23:00,9.5,deg C,10678300,19754,VOL,U24
4/13/2017 0:00,9.11,deg C,10678300,19754,VOL,U24
4/13/2017 1:00,8.74,deg C,10678300,19754,VOL,U24
4/13/2017 2:00,8.33,deg C,10678300,19754,VOL,U24
4/13/2017 3:00,7.95,deg C,10678300,19754,VOL,U24
4/13/2017 4:00,7.63,deg C,10678300,19754,VOL,U24
4/13/2017 5:00,7.36,deg C,10678300,19754,VOL,U24
4/13/2017 6:00,7.13,deg C,10678300,19754,VOL,U24
4/13/2017 7:00,7.08,deg C,10678300,19754,VOL,U24
4/13/2017 8:00,7.09,deg C,10678300,19754,VOL,U24
4/13/2017 9:00,7.18,deg C,10678300,19754,VOL,U24
4/13/2017 10:00,7.42,deg C,10678300,19754,VOL,U24
4/13/2017 11:00,7.86,deg C,10678300,19754,VOL,U24
4/13/2017 12:00,8.4,deg C,10678300,19754,VOL,U24
4/13/2017 13:00,8.9,deg C,10678300,19754,VOL,U24
4/13/2017 14:00,9.23,deg C,10678300,19754,VOL,U24
4/13/2017 15:00,9.46,deg C,10678300,19754,VOL,U24
4/13/2017 16:00,9.62,deg C,10678300,19754,VOL,U24
4/13/2017 17:00,9.71,deg C,10678300,19754,VOL,U24
4/13/2017 18:00,9.66,deg C,10678300,19754,VOL,U24
4/13/2017 19:00,9.52,deg C,10678300,19754,VOL,U24
4/13/2017 20:00,9.29,deg C,10678300,19754,VOL,U24
4/13/2017 21:00,8.93,deg C,10678300,19754,VOL,U24
4/13/2017 22:00,8.53,deg C,10678300,19754,VOL,U24
4/13/2017 23:00,8.12,deg C,10678300,19754,VOL,U24
4/14/2017 0:00,7.73,deg C,10678300,19754,VOL,U24
4/14/2017 1:00,7.36,deg C,10678300,19754,VOL,U24
4/14/2017 2:00,6.98,deg C,10678300,19754,VOL,U24
4/14/2017 3:00,6.68,deg C,10678300,19754,VOL,U24
4/14/2017 4:00,6.42,deg C,10678300,19754,VOL,U24
4/14/2017 5:00,6.23,deg C,10678300,19754,VOL,U24
4/14/2017 6:00,6.14,deg C,10678300,19754,VOL,U24
4/14/2017 7:00,6.16,deg C,10678300,19754,VOL,U24
4/14/2017 8:00,6.38,deg C,10678300,19754,VOL,U24
4/14/2017 9:00,6.72,deg C,10678300,19754,VOL,U24
4/14/2017 10:00,7.22,deg C,10678300,19754,VOL,U24
4/14/2017 11:00,7.92,deg C,10678300,19754,VOL,U24
4/14/2017 12:00,8.51,deg C,10678300,19754,VOL,U24
4/14/2017 13:00,9.08,deg C,10678300,19754,VOL,U24
4/14/2017 14:00,9.49,deg C,10678300,19754,VOL,U24
4/14/2017 15:00,9.64,deg C,10678300,19754,VOL,U24
4/14/2017 16:00,9.76,deg C,10678300,19754,VOL,U24
4/14/2017 17:00,9.83,deg C,10678300,19754,VOL,U24
4/14/2017 18:00,9.84,deg C,10678300,19754,VOL,U24
4/14/2017 19:00,9.71,deg C,10678300,19754,VOL,U24
4/14/2017 20:00,9.43,deg C,10678300,19754,VOL,U24
4/14/2017 21:00,9.05,deg C,10678300,19754,VOL,U24
4/14/2017 22:00,8.61,deg C,10678300,19754,VOL,U24
4/14/2017 23:00,8.16,deg C,10678300,19754,VOL,U24
4/15/2017 0:00,7.75,deg C,10678300,19754,VOL,U24
4/15/2017 1:00,7.39,deg C,10678300,19754,VOL,U24
4/15/2017 2:00,7.05,deg C,10678300,19754,VOL,U24
4/15/2017 3:00,6.73,deg C,10678300,19754,VOL,U24
4/15/2017 4:00,6.43,deg C,10678300,19754,VOL,U24
4/15/2017 5:00,6.16,deg C,10678300,19754,VOL,U24
4/15/2017 6:00,5.97,deg C,10678300,19754,VOL,U24
4/15/2017 7:00,5.99,deg C,10678300,19754,VOL,U24
4/15/2017 8:00,6.28,deg C,10678300,19754,VOL,U24
4/15/2017 9:00,6.77,deg C,10678300,19754,VOL,U24
4/15/2017 10:00,7.34,deg C,10678300,19754,VOL,U24
4/15/2017 11:00,8.25,deg C,10678300,19754,VOL,U24
4/15/2017 12:00,8.74,deg C,10678300,19754,VOL,U24
4/15/2017 13:00,9.34,deg C,10678300,19754,VOL,U24
4/15/2017 14:00,9.87,deg C,10678300,19754,VOL,U24
4/15/2017 15:00,10.03,deg C,10678300,19754,VOL,U24
4/15/2017 16:00,10.15,deg C,10678300,19754,VOL,U24
4/15/2017 17:00,10.24,deg C,10678300,19754,VOL,U24
4/15/2017 18:00,10.27,deg C,10678300,19754,VOL,U24
4/15/2017 19:00,10.13,deg C,10678300,19754,VOL,U24
4/15/2017 20:00,9.99,deg C,10678300,19754,VOL,U24
4/15/2017 21:00,9.82,deg C,10678300,19754,VOL,U24
4/15/2017 22:00,9.64,deg C,10678300,19754,VOL,U24
4/15/2017 23:00,9.46,deg C,10678300,19754,VOL,U24
4/16/2017 0:00,9.29,deg C,10678300,19754,VOL,U24
4/16/2017 1:00,9.1,deg C,10678300,19754,VOL,U24
4/16/2017 2:00,8.94,deg C,10678300,19754,VOL,U24
4/16/2017 3:00,8.81,deg C,10678300,19754,VOL,U24
4/16/2017 4:00,8.72,deg C,10678300,19754,VOL,U24
4/16/2017 5:00,8.64,deg C,10678300,19754,VOL,U24
4/16/2017 6:00,8.72,deg C,10678300,19754,VOL,U24
4/16/2017 7:00,8.88,deg C,10678300,19754,VOL,U24
4/16/2017 8:00,9.37,deg C,10678300,19754,VOL,U24
4/16/2017 9:00,9.82,deg C,10678300,19754,VOL,U24
4/16/2017 10:00,10.37,deg C,10678300,19754,VOL,U24
4/16/2017 11:00,10.87,deg C,10678300,19754,VOL,U24
4/16/2017 12:00,11.63,deg C,10678300,19754,VOL,U24
4/16/2017 13:00,12.21,deg C,10678300,19754,VOL,U24
4/16/2017 14:00,12.74,deg C,10678300,19754,VOL,U24
4/16/2017 15:00,13.18,deg C,10678300,19754,VOL,U24
4/16/2017 16:00,13.4,deg C,10678300,19754,VOL,U24
4/16/2017 17:00,13.55,deg C,10678300,19754,VOL,U24
4/16/2017 18:00,13.61,deg C,10678300,19754,VOL,U24
4/16/2017 19:00,13.67,deg C,10678300,19754,VOL,U24
4/16/2017 20:00,13.59,deg C,10678300,19754,VOL,U24
4/16/2017 21:00,13.33,deg C,10678300,19754,VOL,U24
4/16/2017 22:00,12.98,deg C,10678300,19754,VOL,U24
4/16/2017 23:00,12.7,deg C,10678300,19754,VOL,U24
4/17/2017 0:00,12.45,deg C,10678300,19754,VOL,U24
4/17/2017 1:00,12.16,deg C,10678300,19754,VOL,U24
4/17/2017 2:00,11.89,deg C,10678300,19754,VOL,U24
4/17/2017 3:00,11.68,deg C,10678300,19754,VOL,U24
4/17/2017 4:00,11.47,deg C,10678300,19754,VOL,U24
4/17/2017 5:00,11.34,deg C,10678300,19754,VOL,U24
4/17/2017 6:00,11.18,deg C,10678300,19754,VOL,U24
4/17/2017 7:00,11.19,deg C,10678300,19754,VOL,U24
4/17/2017 8:00,11.32,deg C,10678300,19754,VOL,U24
4/17/2017 9:00,11.32,deg C,10678300,19754,VOL,U24
4/17/2017 10:00,11.31,deg C,10678300,19754,VOL,U24
4/17/2017 11:00,11.52,deg C,10678300,19754,VOL,U24
4/17/2017 12:00,11.77,deg C,10678300,19754,VOL,U24
4/17/2017 13:00,11.97,deg C,10678300,19754,VOL,U24
4/17/2017 14:00,12.06,deg C,10678300,19754,VOL,U24
4/17/2017 15:00,12.14,deg C,10678300,19754,VOL,U24
4/17/2017 16:00,12.09,deg C,10678300,19754,VOL,U24
4/17/2017 17:00,11.96,deg C,10678300,19754,VOL,U24
4/17/2017 18:00,11.87,deg C,10678300,19754,VOL,U24
4/17/2017 19:00,11.73,deg C,10678300,19754,VOL,U24
4/17/2017 20:00,11.48,deg C,10678300,19754,VOL,U24
4/17/2017 21:00,11.17,deg C,10678300,19754,VOL,U24
4/17/2017 22:00,10.78,deg C,10678300,19754,VOL,U24
4/17/2017 23:00,10.37,deg C,10678300,19754,VOL,U24
4/18/2017 0:00,9.93,deg C,10678300,19754,VOL,U24
4/18/2017 1:00,9.55,deg C,10678300,19754,VOL,U24
4/18/2017 2:00,9.25,deg C,10678300,19754,VOL,U24
4/18/2017 3:00,8.94,deg C,10678300,19754,VOL,U24
4/18/2017 4:00,8.65,deg C,10678300,19754,VOL,U24
4/18/2017 5:00,8.37,deg C,10678300,19754,VOL,U24
4/18/2017 6:00,8.03,deg C,10678300,19754,VOL,U24
4/18/2017 7:00,7.92,deg C,10678300,19754,VOL,U24
4/18/2017 8:00,8,deg C,10678300,19754,VOL,U24
4/18/2017 9:00,8.15,deg C,10678300,19754,VOL,U24
4/18/2017 10:00,8.43,deg C,10678300,19754,VOL,U24
4/18/2017 11:00,8.92,deg C,10678300,19754,VOL,U24
4/18/2017 12:00,9.45,deg C,10678300,19754,VOL,U24
4/18/2017 13:00,9.93,deg C,10678300,19754,VOL,U24
4/18/2017 14:00,10.38,deg C,10678300,19754,VOL,U24
4/18/2017 15:00,10.57,deg C,10678300,19754,VOL,U24
4/18/2017 16:00,10.66,deg C,10678300,19754,VOL,U24
4/18/2017 17:00,10.7,deg C,10678300,19754,VOL,U24
4/18/2017 18:00,10.72,deg C,10678300,19754,VOL,U24
4/18/2017 19:00,10.69,deg C,10678300,19754,VOL,U24
4/18/2017 20:00,10.52,deg C,10678300,19754,VOL,U24
4/18/2017 21:00,10.23,deg C,10678300,19754,VOL,U24
4/18/2017 22:00,9.96,deg C,10678300,19754,VOL,U24
4/18/2017 23:00,9.64,deg C,10678300,19754,VOL,U24
4/19/2017 0:00,9.38,deg C,10678300,19754,VOL,U24
4/19/2017 1:00,9.1,deg C,10678300,19754,VOL,U24
4/19/2017 2:00,8.88,deg C,10678300,19754,VOL,U24
4/19/2017 3:00,8.73,deg C,10678300,19754,VOL,U24
4/19/2017 4:00,8.57,deg C,10678300,19754,VOL,U24
4/19/2017 5:00,8.36,deg C,10678300,19754,VOL,U24
4/19/2017 6:00,8.19,deg C,10678300,19754,VOL,U24
4/19/2017 7:00,8.06,deg C,10678300,19754,VOL,U24
4/19/2017 8:00,7.96,deg C,10678300,19754,VOL,U24
4/19/2017 9:00,8,deg C,10678300,19754,VOL,U24
4/19/2017 10:00,8.19,deg C,10678300,19754,VOL,U24
4/19/2017 11:00,8.36,deg C,10678300,19754,VOL,U24
4/19/2017 12:00,8.72,deg C,10678300,19754,VOL,U24
4/19/2017 13:00,9.09,deg C,10678300,19754,VOL,U24
4/19/2017 14:00,9.33,deg C,10678300,19754,VOL,U24
4/19/2017 15:00,9.52,deg C,10678300,19754,VOL,U24
4/19/2017 16:00,9.63,deg C,10678300,19754,VOL,U24
4/19/2017 17:00,9.67,deg C,10678300,19754,VOL,U24
4/19/2017 18:00,9.58,deg C,10678300,19754,VOL,U24
4/19/2017 19:00,9.37,deg C,10678300,19754,VOL,U24
4/19/2017 20:00,9.17,deg C,10678300,19754,VOL,U24
4/19/2017 21:00,9.01,deg C,10678300,19754,VOL,U24
4/19/2017 22:00,8.89,deg C,10678300,19754,VOL,U24
4/19/2017 23:00,8.78,deg C,10678300,19754,VOL,U24
4/20/2017 0:00,8.72,deg C,10678300,19754,VOL,U24
4/20/2017 1:00,8.65,deg C,10678300,19754,VOL,U24
4/20/2017 2:00,8.59,deg C,10678300,19754,VOL,U24
4/20/2017 3:00,8.53,deg C,10678300,19754,VOL,U24
4/20/2017 4:00,8.49,deg C,10678300,19754,VOL,U24
4/20/2017 5:00,8.47,deg C,10678300,19754,VOL,U24
4/20/2017 6:00,8.47,deg C,10678300,19754,VOL,U24
4/20/2017 7:00,8.48,deg C,10678300,19754,VOL,U24
4/20/2017 8:00,8.55,deg C,10678300,19754,VOL,U24
4/20/2017 9:00,8.76,deg C,10678300,19754,VOL,U24
4/20/2017 10:00,8.89,deg C,10678300,19754,VOL,U24
4/20/2017 11:00,9.25,deg C,10678300,19754,VOL,U24
4/20/2017 12:00,9.68,deg C,10678300,19754,VOL,U24
4/20/2017 13:00,10.27,deg C,10678300,19754,VOL,U24
4/20/2017 14:00,10.58,deg C,10678300,19754,VOL,U24
4/20/2017 15:00,10.9,deg C,10678300,19754,VOL,U24
4/20/2017 16:00,11.17,deg C,10678300,19754,VOL,U24
4/20/2017 17:00,11.34,deg C,10678300,19754,VOL,U24
4/20/2017 18:00,11.46,deg C,10678300,19754,VOL,U24
4/20/2017 19:00,11.5,deg C,10678300,19754,VOL,U24
4/20/2017 20:00,11.39,deg C,10678300,19754,VOL,U24
4/20/2017 21:00,11.23,deg C,10678300,19754,VOL,U24
4/20/2017 22:00,11.05,deg C,10678300,19754,VOL,U24
4/20/2017 23:00,10.87,deg C,10678300,19754,VOL,U24
4/21/2017 0:00,10.7,deg C,10678300,19754,VOL,U24
4/21/2017 1:00,10.54,deg C,10678300,19754,VOL,U24
4/21/2017 2:00,10.37,deg C,10678300,19754,VOL,U24
4/21/2017 3:00,10.17,deg C,10678300,19754,VOL,U24
4/21/2017 4:00,10,deg C,10678300,19754,VOL,U24
4/21/2017 5:00,9.83,deg C,10678300,19754,VOL,U24
4/21/2017 6:00,9.67,deg C,10678300,19754,VOL,U24
4/21/2017 7:00,9.54,deg C,10678300,19754,VOL,U24
4/21/2017 8:00,9.47,deg C,10678300,19754,VOL,U24
4/21/2017 9:00,9.45,deg C,10678300,19754,VOL,U24
4/21/2017 10:00,9.49,deg C,10678300,19754,VOL,U24
4/21/2017 11:00,9.55,deg C,10678300,19754,VOL,U24
4/21/2017 12:00,9.7,deg C,10678300,19754,VOL,U24
4/21/2017 13:00,9.87,deg C,10678300,19754,VOL,U24
4/21/2017 14:00,10.05,deg C,10678300,19754,VOL,U24
4/21/2017 15:00,10.19,deg C,10678300,19754,VOL,U24
4/21/2017 16:00,10.29,deg C,10678300,19754,VOL,U24
4/21/2017 17:00,10.36,deg C,10678300,19754,VOL,U24
4/21/2017 18:00,10.37,deg C,10678300,19754,VOL,U24
4/21/2017 19:00,10.28,deg C,10678300,19754,VOL,U24
4/21/2017 20:00,10.2,deg C,10678300,19754,VOL,U24
4/21/2017 21:00,10.12,deg C,10678300,19754,VOL,U24
4/21/2017 22:00,10.03,deg C,10678300,19754,VOL,U24
4/21/2017 23:00,9.92,deg C,10678300,19754,VOL,U24
4/22/2017 0:00,9.83,deg C,10678300,19754,VOL,U24
4/22/2017 1:00,9.74,deg C,10678300,19754,VOL,U24
4/22/2017 2:00,9.66,deg C,10678300,19754,VOL,U24
4/22/2017 3:00,9.58,deg C,10678300,19754,VOL,U24
4/22/2017 4:00,9.5,deg C,10678300,19754,VOL,U24
4/22/2017 5:00,9.43,deg C,10678300,19754,VOL,U24
4/22/2017 6:00,9.38,deg C,10678300,19754,VOL,U24
4/22/2017 7:00,9.34,deg C,10678300,19754,VOL,U24
4/22/2017 8:00,9.34,deg C,10678300,19754,VOL,U24
4/22/2017 9:00,9.46,deg C,10678300,19754,VOL,U24
4/22/2017 10:00,9.5,deg C,10678300,19754,VOL,U24
4/22/2017 11:00,9.58,deg C,10678300,19754,VOL,U24
4/22/2017 12:00,9.62,deg C,10678300,19754,VOL,U24
4/22/2017 13:00,9.71,deg C,10678300,19754,VOL,U24
4/22/2017 14:00,9.8,deg C,10678300,19754,VOL,U24
4/22/2017 15:00,9.95,deg C,10678300,19754,VOL,U24
4/22/2017 16:00,10.04,deg C,10678300,19754,VOL,U24
4/22/2017 17:00,10.04,deg C,10678300,19754,VOL,U24
4/22/2017 18:00,9.97,deg C,10678300,19754,VOL,U24
4/22/2017 19:00,9.87,deg C,10678300,19754,VOL,U24
4/22/2017 20:00,9.72,deg C,10678300,19754,VOL,U24
4/22/2017 21:00,9.51,deg C,10678300,19754,VOL,U24
4/22/2017 22:00,9.29,deg C,10678300,19754,VOL,U24
4/22/2017 23:00,9.09,deg C,10678300,19754,VOL,U24
4/23/2017 0:00,8.86,deg C,10678300,19754,VOL,U24
4/23/2017 1:00,8.64,deg C,10678300,19754,VOL,U24
4/23/2017 2:00,8.4,deg C,10678300,19754,VOL,U24
4/23/2017 3:00,8.16,deg C,10678300,19754,VOL,U24
4/23/2017 4:00,7.94,deg C,10678300,19754,VOL,U24
4/23/2017 5:00,7.7,deg C,10678300,19754,VOL,U24
4/23/2017 6:00,7.5,deg C,10678300,19754,VOL,U24
4/23/2017 7:00,7.49,deg C,10678300,19754,VOL,U24
4/23/2017 8:00,7.67,deg C,10678300,19754,VOL,U24
4/23/2017 9:00,7.94,deg C,10678300,19754,VOL,U24
4/23/2017 10:00,8.37,deg C,10678300,19754,VOL,U24
4/23/2017 11:00,8.98,deg C,10678300,19754,VOL,U24
4/23/2017 12:00,9.64,deg C,10678300,19754,VOL,U24
4/23/2017 13:00,10.21,deg C,10678300,19754,VOL,U24
4/23/2017 14:00,10.7,deg C,10678300,19754,VOL,U24
4/23/2017 15:00,11.01,deg C,10678300,19754,VOL,U24
4/23/2017 16:00,11.1,deg C,10678300,19754,VOL,U24
4/23/2017 17:00,11.24,deg C,10678300,19754,VOL,U24
4/23/2017 18:00,11.36,deg C,10678300,19754,VOL,U24
4/23/2017 19:00,11.35,deg C,10678300,19754,VOL,U24
4/23/2017 20:00,11.22,deg C,10678300,19754,VOL,U24
4/23/2017 21:00,11.03,deg C,10678300,19754,VOL,U24
4/23/2017 22:00,10.79,deg C,10678300,19754,VOL,U24
4/23/2017 23:00,10.5,deg C,10678300,19754,VOL,U24
4/24/2017 0:00,10.19,deg C,10678300,19754,VOL,U24
4/24/2017 1:00,9.84,deg C,10678300,19754,VOL,U24
4/24/2017 2:00,9.49,deg C,10678300,19754,VOL,U24
4/24/2017 3:00,9.13,deg C,10678300,19754,VOL,U24
4/24/2017 4:00,8.76,deg C,10678300,19754,VOL,U24
4/24/2017 5:00,8.41,deg C,10678300,19754,VOL,U24
4/24/2017 6:00,8.15,deg C,10678300,19754,VOL,U24
4/24/2017 7:00,8.1,deg C,10678300,19754,VOL,U24
4/24/2017 8:00,8.2,deg C,10678300,19754,VOL,U24
4/24/2017 9:00,8.44,deg C,10678300,19754,VOL,U24
4/24/2017 10:00,8.76,deg C,10678300,19754,VOL,U24
4/24/2017 11:00,9.11,deg C,10678300,19754,VOL,U24
4/24/2017 12:00,9.56,deg C,10678300,19754,VOL,U24
4/24/2017 13:00,9.92,deg C,10678300,19754,VOL,U24
4/24/2017 14:00,10.35,deg C,10678300,19754,VOL,U24
4/24/2017 15:00,10.61,deg C,10678300,19754,VOL,U24
4/24/2017 16:00,10.89,deg C,10678300,19754,VOL,U24
4/24/2017 17:00,10.97,deg C,10678300,19754,VOL,U24
4/24/2017 18:00,10.99,deg C,10678300,19754,VOL,U24
4/24/2017 19:00,10.95,deg C,10678300,19754,VOL,U24
4/24/2017 20:00,10.86,deg C,10678300,19754,VOL,U24
4/24/2017 21:00,10.72,deg C,10678300,19754,VOL,U24
4/24/2017 22:00,10.53,deg C,10678300,19754,VOL,U24
4/24/2017 23:00,10.36,deg C,10678300,19754,VOL,U24
4/25/2017 0:00,10.19,deg C,10678300,19754,VOL,U24
4/25/2017 1:00,10.04,deg C,10678300,19754,VOL,U24
4/25/2017 2:00,9.88,deg C,10678300,19754,VOL,U24
4/25/2017 3:00,9.74,deg C,10678300,19754,VOL,U24
4/25/2017 4:00,9.63,deg C,10678300,19754,VOL,U24
4/25/2017 5:00,9.52,deg C,10678300,19754,VOL,U24
4/25/2017 6:00,9.43,deg C,10678300,19754,VOL,U24
4/25/2017 7:00,9.38,deg C,10678300,19754,VOL,U24
4/25/2017 8:00,9.37,deg C,10678300,19754,VOL,U24
4/25/2017 9:00,9.39,deg C,10678300,19754,VOL,U24
4/25/2017 10:00,9.47,deg C,10678300,19754,VOL,U24
4/25/2017 11:00,9.56,deg C,10678300,19754,VOL,U24
4/25/2017 12:00,9.7,deg C,10678300,19754,VOL,U24
4/25/2017 13:00,9.82,deg C,10678300,19754,VOL,U24
4/25/2017 14:00,9.96,deg C,10678300,19754,VOL,U24
4/25/2017 15:00,10.05,deg C,10678300,19754,VOL,U24
4/25/2017 16:00,10.05,deg C,10678300,19754,VOL,U24
4/25/2017 17:00,10.05,deg C,10678300,19754,VOL,U24
4/25/2017 18:00,10,deg C,10678300,19754,VOL,U24
4/25/2017 19:00,9.95,deg C,10678300,19754,VOL,U24
4/25/2017 20:00,9.88,deg C,10678300,19754,VOL,U24
4/25/2017 21:00,9.83,deg C,10678300,19754,VOL,U24
4/25/2017 22:00,9.79,deg C,10678300,19754,VOL,U24
4/25/2017 23:00,9.79,deg C,10678300,19754,VOL,U24
4/26/2017 0:00,9.76,deg C,10678300,19754,VOL,U24
4/26/2017 1:00,9.76,deg C,10678300,19754,VOL,U24
4/26/2017 2:00,9.76,deg C,10678300,19754,VOL,U24
4/26/2017 3:00,9.76,deg C,10678300,19754,VOL,U24
4/26/2017 4:00,9.78,deg C,10678300,19754,VOL,U24
4/26/2017 5:00,9.76,deg C,10678300,19754,VOL,U24
4/26/2017 6:00,9.76,deg C,10678300,19754,VOL,U24
4/26/2017 7:00,9.83,deg C,10678300,19754,VOL,U24
4/26/2017 8:00,9.87,deg C,10678300,19754,VOL,U24
4/26/2017 9:00,9.96,deg C,10678300,19754,VOL,U24
4/26/2017 10:00,10.08,deg C,10678300,19754,VOL,U24
4/26/2017 11:00,10.23,deg C,10678300,19754,VOL,U24
4/26/2017 12:00,10.46,deg C,10678300,19754,VOL,U24
4/26/2017 13:00,10.7,deg C,10678300,19754,VOL,U24
4/26/2017 14:00,10.97,deg C,10678300,19754,VOL,U24
4/26/2017 15:00,11.2,deg C,10678300,19754,VOL,U24
4/26/2017 16:00,11.46,deg C,10678300,19754,VOL,U24
4/26/2017 17:00,11.63,deg C,10678300,19754,VOL,U24
4/26/2017 18:00,11.75,deg C,10678300,19754,VOL,U24
4/26/2017 19:00,11.79,deg C,10678300,19754,VOL,U24
4/26/2017 20:00,11.75,deg C,10678300,19754,VOL,U24
4/26/2017 21:00,11.67,deg C,10678300,19754,VOL,U24
4/26/2017 22:00,11.55,deg C,10678300,19754,VOL,U24
4/26/2017 23:00,11.44,deg C,10678300,19754,VOL,U24
4/27/2017 0:00,11.32,deg C,10678300,19754,VOL,U24
4/27/2017 1:00,11.23,deg C,10678300,19754,VOL,U24
4/27/2017 2:00,11.15,deg C,10678300,19754,VOL,U24
4/27/2017 3:00,11.06,deg C,10678300,19754,VOL,U24
4/27/2017 4:00,10.99,deg C,10678300,19754,VOL,U24
4/27/2017 5:00,10.93,deg C,10678300,19754,VOL,U24
4/27/2017 6:00,10.89,deg C,10678300,19754,VOL,U24
4/27/2017 7:00,10.87,deg C,10678300,19754,VOL,U24
4/27/2017 8:00,10.91,deg C,10678300,19754,VOL,U24
4/27/2017 9:00,11.03,deg C,10678300,19754,VOL,U24
4/27/2017 10:00,11.2,deg C,10678300,19754,VOL,U24
4/27/2017 11:00,11.3,deg C,10678300,19754,VOL,U24
4/27/2017 12:00,11.54,deg C,10678300,19754,VOL,U24
4/27/2017 13:00,11.73,deg C,10678300,19754,VOL,U24
4/27/2017 14:00,12.01,deg C,10678300,19754,VOL,U24
4/27/2017 15:00,12.21,deg C,10678300,19754,VOL,U24
4/27/2017 16:00,12.34,deg C,10678300,19754,VOL,U24
4/27/2017 17:00,12.45,deg C,10678300,19754,VOL,U24
4/27/2017 18:00,12.47,deg C,10678300,19754,VOL,U24
4/27/2017 19:00,12.46,deg C,10678300,19754,VOL,U24
4/27/2017 20:00,12.4,deg C,10678300,19754,VOL,U24
4/27/2017 21:00,12.32,deg C,10678300,19754,VOL,U24
4/27/2017 22:00,12.22,deg C,10678300,19754,VOL,U24
4/27/2017 23:00,12.12,deg C,10678300,19754,VOL,U24
4/28/2017 0:00,12.03,deg C,10678300,19754,VOL,U24
4/28/2017 1:00,11.95,deg C,10678300,19754,VOL,U24
4/28/2017 2:00,11.87,deg C,10678300,19754,VOL,U24
4/28/2017 3:00,11.81,deg C,10678300,19754,VOL,U24
4/28/2017 4:00,11.72,deg C,10678300,19754,VOL,U24
4/28/2017 5:00,11.64,deg C,10678300,19754,VOL,U24
4/28/2017 6:00,11.55,deg C,10678300,19754,VOL,U24
4/28/2017 7:00,11.58,deg C,10678300,19754,VOL,U24
4/28/2017 8:00,11.75,deg C,10678300,19754,VOL,U24
4/28/2017 9:00,12.12,deg C,10678300,19754,VOL,U24
4/28/2017 10:00,12.47,deg C,10678300,19754,VOL,U24
4/28/2017 11:00,13.04,deg C,10678300,19754,VOL,U24
4/28/2017 12:00,13.64,deg C,10678300,19754,VOL,U24
4/28/2017 13:00,14.1,deg C,10678300,19754,VOL,U24
4/28/2017 14:00,14.63,deg C,10678300,19754,VOL,U24
4/28/2017 15:00,14.8,deg C,10678300,19754,VOL,U24
4/28/2017 16:00,14.99,deg C,10678300,19754,VOL,U24
4/28/2017 17:00,15,deg C,10678300,19754,VOL,U24
4/28/2017 18:00,15,deg C,10678300,19754,VOL,U24
4/28/2017 19:00,14.98,deg C,10678300,19754,VOL,U24
4/28/2017 20:00,14.83,deg C,10678300,19754,VOL,U24
4/28/2017 21:00,14.59,deg C,10678300,19754,VOL,U24
4/28/2017 22:00,14.29,deg C,10678300,19754,VOL,U24
4/28/2017 23:00,14,deg C,10678300,19754,VOL,U24
4/29/2017 0:00,13.77,deg C,10678300,19754,VOL,U24
4/29/2017 1:00,13.57,deg C,10678300,19754,VOL,U24
4/29/2017 2:00,13.36,deg C,10678300,19754,VOL,U24
4/29/2017 3:00,13.16,deg C,10678300,19754,VOL,U24
4/29/2017 4:00,12.99,deg C,10678300,19754,VOL,U24
4/29/2017 5:00,12.81,deg C,10678300,19754,VOL,U24
4/29/2017 6:00,12.69,deg C,10678300,19754,VOL,U24
4/29/2017 7:00,12.61,deg C,10678300,19754,VOL,U24
4/29/2017 8:00,12.62,deg C,10678300,19754,VOL,U24
4/29/2017 9:00,12.85,deg C,10678300,19754,VOL,U24
4/29/2017 10:00,13.14,deg C,10678300,19754,VOL,U24
4/29/2017 11:00,13.49,deg C,10678300,19754,VOL,U24
4/29/2017 12:00,13.98,deg C,10678300,19754,VOL,U24
4/29/2017 13:00,14.35,deg C,10678300,19754,VOL,U24
4/29/2017 14:00,14.71,deg C,10678300,19754,VOL,U24
4/29/2017 15:00,14.98,deg C,10678300,19754,VOL,U24
4/29/2017 16:00,15.17,deg C,10678300,19754,VOL,U24
4/29/2017 17:00,15.16,deg C,10678300,19754,VOL,U24
4/29/2017 18:00,15.11,deg C,10678300,19754,VOL,U24
4/29/2017 19:00,14.99,deg C,10678300,19754,VOL,U24
4/29/2017 20:00,14.78,deg C,10678300,19754,VOL,U24
4/29/2017 21:00,14.53,deg C,10678300,19754,VOL,U24
4/29/2017 22:00,14.23,deg C,10678300,19754,VOL,U24
4/29/2017 23:00,13.9,deg C,10678300,19754,VOL,U24
4/30/2017 0:00,13.53,deg C,10678300,19754,VOL,U24
4/30/2017 1:00,13.07,deg C,10678300,19754,VOL,U24
4/30/2017 2:00,12.59,deg C,10678300,19754,VOL,U24
4/30/2017 3:00,12.17,deg C,10678300,19754,VOL,U24
4/30/2017 4:00,11.76,deg C,10678300,19754,VOL,U24
4/30/2017 5:00,11.39,deg C,10678300,19754,VOL,U24
4/30/2017 6:00,11.11,deg C,10678300,19754,VOL,U24
4/30/2017 7:00,10.95,deg C,10678300,19754,VOL,U24
4/30/2017 8:00,10.89,deg C,10678300,19754,VOL,U24
4/30/2017 9:00,10.9,deg C,10678300,19754,VOL,U24
4/30/2017 10:00,10.91,deg C,10678300,19754,VOL,U24
4/30/2017 11:00,11.01,deg C,10678300,19754,VOL,U24
4/30/2017 12:00,11.23,deg C,10678300,19754,VOL,U24
4/30/2017 13:00,11.34,deg C,10678300,19754,VOL,U24
4/30/2017 14:00,11.42,deg C,10678300,19754,VOL,U24
4/30/2017 15:00,11.54,deg C,10678300,19754,VOL,U24
4/30/2017 16:00,11.56,deg C,10678300,19754,VOL,U24
4/30/2017 17:00,11.58,deg C,10678300,19754,VOL,U24
4/30/2017 18:00,11.52,deg C,10678300,19754,VOL,U24
4/30/2017 19:00,11.4,deg C,10678300,19754,VOL,U24
4/30/2017 20:00,11.24,deg C,10678300,19754,VOL,U24
4/30/2017 21:00,11.09,deg C,10678300,19754,VOL,U24
4/30/2017 22:00,10.89,deg C,10678300,19754,VOL,U24
4/30/2017 23:00,10.72,deg C,10678300,19754,VOL,U24
5/1/2017 0:00,10.52,deg C,10678300,19754,VOL,U24
5/1/2017 1:00,10.35,deg C,10678300,19754,VOL,U24
5/1/2017 2:00,10.21,deg C,10678300,19754,VOL,U24
5/1/2017 3:00,10.09,deg C,10678300,19754,VOL,U24
5/1/2017 4:00,9.97,deg C,10678300,19754,VOL,U24
5/1/2017 5:00,9.87,deg C,10678300,19754,VOL,U24
5/1/2017 6:00,9.79,deg C,10678300,19754,VOL,U24
5/1/2017 7:00,9.75,deg C,10678300,19754,VOL,U24
5/1/2017 8:00,9.72,deg C,10678300,19754,VOL,U24
5/1/2017 9:00,9.74,deg C,10678300,19754,VOL,U24
5/1/2017 10:00,9.83,deg C,10678300,19754,VOL,U24
5/1/2017 11:00,9.97,deg C,10678300,19754,VOL,U24
5/1/2017 12:00,10.25,deg C,10678300,19754,VOL,U24
5/1/2017 13:00,10.49,deg C,10678300,19754,VOL,U24
5/1/2017 14:00,10.83,deg C,10678300,19754,VOL,U24
5/1/2017 15:00,11.24,deg C,10678300,19754,VOL,U24
5/1/2017 16:00,11.51,deg C,10678300,19754,VOL,U24
5/1/2017 17:00,11.91,deg C,10678300,19754,VOL,U24
5/1/2017 18:00,12.12,deg C,10678300,19754,VOL,U24
5/1/2017 19:00,12.22,deg C,10678300,19754,VOL,U24
5/1/2017 20:00,12.32,deg C,10678300,19754,VOL,U24
5/1/2017 21:00,12.38,deg C,10678300,19754,VOL,U24
5/1/2017 22:00,12.4,deg C,10678300,19754,VOL,U24
5/1/2017 23:00,12.41,deg C,10678300,19754,VOL,U24
5/2/2017 0:00,12.4,deg C,10678300,19754,VOL,U24
5/2/2017 1:00,12.4,deg C,10678300,19754,VOL,U24
5/2/2017 2:00,12.4,deg C,10678300,19754,VOL,U24
5/2/2017 3:00,12.44,deg C,10678300,19754,VOL,U24
5/2/2017 4:00,12.46,deg C,10678300,19754,VOL,U24
5/2/2017 5:00,12.44,deg C,10678300,19754,VOL,U24
5/2/2017 6:00,12.42,deg C,10678300,19754,VOL,U24
5/2/2017 7:00,12.51,deg C,10678300,19754,VOL,U24
5/2/2017 8:00,12.62,deg C,10678300,19754,VOL,U24
5/2/2017 9:00,12.77,deg C,10678300,19754,VOL,U24
5/2/2017 10:00,12.79,deg C,10678300,19754,VOL,U24
5/2/2017 11:00,12.92,deg C,10678300,19754,VOL,U24
5/2/2017 12:00,13.14,deg C,10678300,19754,VOL,U24
5/2/2017 13:00,13.18,deg C,10678300,19754,VOL,U24
5/2/2017 14:00,13.27,deg C,10678300,19754,VOL,U24
5/2/2017 15:00,13.31,deg C,10678300,19754,VOL,U24
5/2/2017 16:00,13.27,deg C,10678300,19754,VOL,U24
5/2/2017 17:00,13.24,deg C,10678300,19754,VOL,U24
5/2/2017 18:00,12.99,deg C,10678300,19754,VOL,U24
5/2/2017 19:00,12.83,deg C,10678300,19754,VOL,U24
5/2/2017 20:00,12.63,deg C,10678300,19754,VOL,U24
5/2/2017 21:00,12.44,deg C,10678300,19754,VOL,U24
5/2/2017 22:00,12.16,deg C,10678300,19754,VOL,U24
5/2/2017 23:00,11.89,deg C,10678300,19754,VOL,U24
5/3/2017 0:00,11.69,deg C,10678300,19754,VOL,U24
5/3/2017 1:00,11.5,deg C,10678300,19754,VOL,U24
5/3/2017 2:00,11.27,deg C,10678300,19754,VOL,U24
5/3/2017 3:00,11.05,deg C,10678300,19754,VOL,U24
5/3/2017 4:00,10.82,deg C,10678300,19754,VOL,U24
5/3/2017 5:00,10.61,deg C,10678300,19754,VOL,U24
5/3/2017 6:00,10.46,deg C,10678300,19754,VOL,U24
5/3/2017 7:00,10.46,deg C,10678300,19754,VOL,U24
5/3/2017 8:00,10.49,deg C,10678300,19754,VOL,U24
5/3/2017 9:00,10.48,deg C,10678300,19754,VOL,U24
5/3/2017 10:00,10.65,deg C,10678300,19754,VOL,U24
5/3/2017 11:00,10.79,deg C,10678300,19754,VOL,U24
5/3/2017 12:00,10.95,deg C,10678300,19754,VOL,U24
5/3/2017 13:00,11.15,deg C,10678300,19754,VOL,U24
5/3/2017 14:00,11.4,deg C,10678300,19754,VOL,U24
5/3/2017 15:00,11.31,deg C,10678300,19754,VOL,U24
5/3/2017 16:00,11.24,deg C,10678300,19754,VOL,U24
5/3/2017 17:00,11.14,deg C,10678300,19754,VOL,U24
5/3/2017 18:00,10.97,deg C,10678300,19754,VOL,U24
5/3/2017 19:00,10.86,deg C,10678300,19754,VOL,U24
5/3/2017 20:00,10.7,deg C,10678300,19754,VOL,U24
5/3/2017 21:00,10.52,deg C,10678300,19754,VOL,U24
5/3/2017 22:00,10.32,deg C,10678300,19754,VOL,U24
5/3/2017 23:00,10.15,deg C,10678300,19754,VOL,U24
5/4/2017 0:00,9.92,deg C,10678300,19754,VOL,U24
5/4/2017 1:00,9.67,deg C,10678300,19754,VOL,U24
5/4/2017 2:00,9.37,deg C,10678300,19754,VOL,U24
5/4/2017 3:00,9.11,deg C,10678300,19754,VOL,U24
5/4/2017 4:00,8.84,deg C,10678300,19754,VOL,U24
5/4/2017 5:00,8.52,deg C,10678300,19754,VOL,U24
5/4/2017 6:00,8.29,deg C,10678300,19754,VOL,U24
5/4/2017 7:00,8.39,deg C,10678300,19754,VOL,U24
5/4/2017 8:00,8.63,deg C,10678300,19754,VOL,U24
5/4/2017 9:00,8.92,deg C,10678300,19754,VOL,U24
5/4/2017 10:00,9.23,deg C,10678300,19754,VOL,U24
5/4/2017 11:00,9.59,deg C,10678300,19754,VOL,U24
5/4/2017 12:00,9.96,deg C,10678300,19754,VOL,U24
5/4/2017 13:00,10.28,deg C,10678300,19754,VOL,U24
5/4/2017 14:00,10.66,deg C,10678300,19754,VOL,U24
5/4/2017 15:00,10.78,deg C,10678300,19754,VOL,U24
5/4/2017 16:00,10.91,deg C,10678300,19754,VOL,U24
5/4/2017 17:00,10.97,deg C,10678300,19754,VOL,U24
5/4/2017 18:00,10.94,deg C,10678300,19754,VOL,U24
5/4/2017 19:00,10.87,deg C,10678300,19754,VOL,U24
5/4/2017 20:00,10.76,deg C,10678300,19754,VOL,U24
5/4/2017 21:00,10.62,deg C,10678300,19754,VOL,U24
5/4/2017 22:00,10.49,deg C,10678300,19754,VOL,U24
5/4/2017 23:00,10.31,deg C,10678300,19754,VOL,U24
5/5/2017 0:00,10.12,deg C,10678300,19754,VOL,U24
5/5/2017 1:00,9.99,deg C,10678300,19754,VOL,U24
5/5/2017 2:00,9.86,deg C,10678300,19754,VOL,U24
5/5/2017 3:00,9.75,deg C,10678300,19754,VOL,U24
5/5/2017 4:00,9.66,deg C,10678300,19754,VOL,U24
5/5/2017 5:00,9.58,deg C,10678300,19754,VOL,U24
5/5/2017 6:00,9.51,deg C,10678300,19754,VOL,U24
5/5/2017 7:00,9.46,deg C,10678300,19754,VOL,U24
5/5/2017 8:00,9.45,deg C,10678300,19754,VOL,U24
5/5/2017 9:00,9.47,deg C,10678300,19754,VOL,U24
5/5/2017 10:00,9.5,deg C,10678300,19754,VOL,U24
5/5/2017 11:00,9.56,deg C,10678300,19754,VOL,U24
5/5/2017 12:00,9.67,deg C,10678300,19754,VOL,U24
5/5/2017 13:00,9.78,deg C,10678300,19754,VOL,U24
5/5/2017 14:00,9.92,deg C,10678300,19754,VOL,U24
5/5/2017 15:00,10.13,deg C,10678300,19754,VOL,U24
5/5/2017 16:00,10.72,deg C,10678300,19754,VOL,U24
5/5/2017 17:00,10.87,deg C,10678300,19754,VOL,U24
5/5/2017 18:00,10.97,deg C,10678300,19754,VOL,U24
5/5/2017 19:00,11.06,deg C,10678300,19754,VOL,U24
5/5/2017 20:00,11.09,deg C,10678300,19754,VOL,U24
5/5/2017 21:00,11.1,deg C,10678300,19754,VOL,U24
5/5/2017 22:00,11.11,deg C,10678300,19754,VOL,U24
5/5/2017 23:00,11.1,deg C,10678300,19754,VOL,U24
5/6/2017 0:00,11.15,deg C,10678300,19754,VOL,U24
5/6/2017 1:00,11.2,deg C,10678300,19754,VOL,U24
5/6/2017 2:00,11.31,deg C,10678300,19754,VOL,U24
5/6/2017 3:00,11.46,deg C,10678300,19754,VOL,U24
5/6/2017 4:00,11.59,deg C,10678300,19754,VOL,U24
5/6/2017 5:00,11.69,deg C,10678300,19754,VOL,U24
5/6/2017 6:00,11.81,deg C,10678300,19754,VOL,U24
5/6/2017 7:00,11.95,deg C,10678300,19754,VOL,U24
5/6/2017 8:00,12.01,deg C,10678300,19754,VOL,U24
5/6/2017 9:00,12.09,deg C,10678300,19754,VOL,U24
5/6/2017 10:00,12.16,deg C,10678300,19754,VOL,U24
5/6/2017 11:00,12.21,deg C,10678300,19754,VOL,U24
5/6/2017 12:00,12.42,deg C,10678300,19754,VOL,U24
5/6/2017 13:00,12.7,deg C,10678300,19754,VOL,U24
5/6/2017 14:00,12.92,deg C,10678300,19754,VOL,U24
5/6/2017 15:00,13.1,deg C,10678300,19754,VOL,U24
5/6/2017 16:00,13.15,deg C,10678300,19754,VOL,U24
5/6/2017 17:00,13.08,deg C,10678300,19754,VOL,U24
5/6/2017 18:00,12.99,deg C,10678300,19754,VOL,U24
5/6/2017 19:00,12.77,deg C,10678300,19754,VOL,U24
5/6/2017 20:00,12.51,deg C,10678300,19754,VOL,U24
5/6/2017 21:00,12.3,deg C,10678300,19754,VOL,U24
5/6/2017 22:00,12.08,deg C,10678300,19754,VOL,U24
5/6/2017 23:00,11.88,deg C,10678300,19754,VOL,U24
5/7/2017 0:00,11.63,deg C,10678300,19754,VOL,U24
5/7/2017 1:00,11.42,deg C,10678300,19754,VOL,U24
5/7/2017 2:00,11.23,deg C,10678300,19754,VOL,U24
5/7/2017 3:00,10.97,deg C,10678300,19754,VOL,U24
5/7/2017 4:00,10.74,deg C,10678300,19754,VOL,U24
5/7/2017 5:00,10.6,deg C,10678300,19754,VOL,U24
5/7/2017 6:00,10.49,deg C,10678300,19754,VOL,U24
5/7/2017 7:00,10.41,deg C,10678300,19754,VOL,U24
5/7/2017 8:00,10.48,deg C,10678300,19754,VOL,U24
5/7/2017 9:00,10.44,deg C,10678300,19754,VOL,U24
5/7/2017 10:00,10.44,deg C,10678300,19754,VOL,U24
5/7/2017 11:00,10.53,deg C,10678300,19754,VOL,U24
5/7/2017 12:00,10.62,deg C,10678300,19754,VOL,U24
5/7/2017 13:00,10.73,deg C,10678300,19754,VOL,U24
5/7/2017 14:00,10.86,deg C,10678300,19754,VOL,U24
5/7/2017 15:00,10.95,deg C,10678300,19754,VOL,U24
5/7/2017 16:00,10.93,deg C,10678300,19754,VOL,U24
5/7/2017 17:00,10.89,deg C,10678300,19754,VOL,U24
5/7/2017 18:00,10.72,deg C,10678300,19754,VOL,U24
5/7/2017 19:00,10.5,deg C,10678300,19754,VOL,U24
5/7/2017 20:00,10.29,deg C,10678300,19754,VOL,U24
5/7/2017 21:00,10.07,deg C,10678300,19754,VOL,U24
5/7/2017 22:00,9.84,deg C,10678300,19754,VOL,U24
5/7/2017 23:00,9.62,deg C,10678300,19754,VOL,U24
5/8/2017 0:00,9.37,deg C,10678300,19754,VOL,U24
5/8/2017 1:00,9.14,deg C,10678300,19754,VOL,U24
5/8/2017 2:00,8.93,deg C,10678300,19754,VOL,U24
5/8/2017 3:00,8.74,deg C,10678300,19754,VOL,U24
5/8/2017 4:00,8.59,deg C,10678300,19754,VOL,U24
5/8/2017 5:00,8.44,deg C,10678300,19754,VOL,U24
5/8/2017 6:00,8.39,deg C,10678300,19754,VOL,U24
5/8/2017 7:00,8.47,deg C,10678300,19754,VOL,U24
5/8/2017 8:00,8.59,deg C,10678300,19754,VOL,U24
5/8/2017 9:00,8.84,deg C,10678300,19754,VOL,U24
5/8/2017 10:00,8.94,deg C,10678300,19754,VOL,U24
5/8/2017 11:00,9.18,deg C,10678300,19754,VOL,U24
5/8/2017 12:00,9.42,deg C,10678300,19754,VOL,U24
5/8/2017 13:00,9.52,deg C,10678300,19754,VOL,U24
5/8/2017 14:00,9.59,deg C,10678300,19754,VOL,U24
5/8/2017 15:00,9.66,deg C,10678300,19754,VOL,U24
5/8/2017 16:00,9.66,deg C,10678300,19754,VOL,U24
5/8/2017 17:00,9.62,deg C,10678300,19754,VOL,U24
5/8/2017 18:00,9.58,deg C,10678300,19754,VOL,U24
5/8/2017 19:00,9.5,deg C,10678300,19754,VOL,U24
5/8/2017 20:00,9.35,deg C,10678300,19754,VOL,U24
5/8/2017 21:00,9.18,deg C,10678300,19754,VOL,U24
5/8/2017 22:00,8.94,deg C,10678300,19754,VOL,U24
5/8/2017 23:00,8.65,deg C,10678300,19754,VOL,U24
5/9/2017 0:00,8.36,deg C,10678300,19754,VOL,U24
5/9/2017 1:00,8.15,deg C,10678300,19754,VOL,U24
5/9/2017 2:00,7.96,deg C,10678300,19754,VOL,U24
5/9/2017 3:00,7.83,deg C,10678300,19754,VOL,U24
5/9/2017 4:00,7.7,deg C,10678300,19754,VOL,U24
5/9/2017 5:00,7.59,deg C,10678300,19754,VOL,U24
5/9/2017 6:00,7.55,deg C,10678300,19754,VOL,U24
5/9/2017 7:00,7.63,deg C,10678300,19754,VOL,U24
5/9/2017 8:00,7.91,deg C,10678300,19754,VOL,U24
5/9/2017 9:00,8.12,deg C,10678300,19754,VOL,U24
5/9/2017 10:00,8.43,deg C,10678300,19754,VOL,U24
5/9/2017 11:00,8.9,deg C,10678300,19754,VOL,U24
5/9/2017 12:00,9.09,deg C,10678300,19754,VOL,U24
5/9/2017 13:00,9.37,deg C,10678300,19754,VOL,U24
5/9/2017 14:00,9.58,deg C,10678300,19754,VOL,U24
5/9/2017 15:00,9.71,deg C,10678300,19754,VOL,U24
5/9/2017 16:00,9.72,deg C,10678300,19754,VOL,U24
5/9/2017 17:00,9.75,deg C,10678300,19754,VOL,U24
5/9/2017 18:00,9.74,deg C,10678300,19754,VOL,U24
5/9/2017 19:00,9.64,deg C,10678300,19754,VOL,U24
5/9/2017 20:00,9.52,deg C,10678300,19754,VOL,U24
5/9/2017 21:00,9.38,deg C,10678300,19754,VOL,U24
5/9/2017 22:00,9.22,deg C,10678300,19754,VOL,U24
5/9/2017 23:00,9.09,deg C,10678300,19754,VOL,U24
5/10/2017 0:00,8.93,deg C,10678300,19754,VOL,U24
5/10/2017 1:00,8.72,deg C,10678300,19754,VOL,U24
5/10/2017 2:00,8.49,deg C,10678300,19754,VOL,U24
5/10/2017 3:00,8.24,deg C,10678300,19754,VOL,U24
5/10/2017 4:00,7.99,deg C,10678300,19754,VOL,U24
5/10/2017 5:00,7.83,deg C,10678300,19754,VOL,U24
5/10/2017 6:00,7.75,deg C,10678300,19754,VOL,U24
5/10/2017 7:00,7.9,deg C,10678300,19754,VOL,U24
5/10/2017 8:00,8.2,deg C,10678300,19754,VOL,U24
5/10/2017 9:00,8.55,deg C,10678300,19754,VOL,U24
5/10/2017 10:00,8.89,deg C,10678300,19754,VOL,U24
5/10/2017 11:00,9.09,deg C,10678300,19754,VOL,U24
5/10/2017 12:00,9.29,deg C,10678300,19754,VOL,U24
5/10/2017 13:00,9.45,deg C,10678300,19754,VOL,U24
5/10/2017 14:00,9.62,deg C,10678300,19754,VOL,U24
5/10/2017 15:00,9.83,deg C,10678300,19754,VOL,U24
5/10/2017 16:00,9.91,deg C,10678300,19754,VOL,U24
5/10/2017 17:00,9.91,deg C,10678300,19754,VOL,U24
5/10/2017 18:00,9.86,deg C,10678300,19754,VOL,U24
5/10/2017 19:00,9.8,deg C,10678300,19754,VOL,U24
5/10/2017 20:00,9.68,deg C,10678300,19754,VOL,U24
5/10/2017 21:00,9.45,deg C,10678300,19754,VOL,U24
5/10/2017 22:00,9.14,deg C,10678300,19754,VOL,U24
5/10/2017 23:00,8.85,deg C,10678300,19754,VOL,U24
5/11/2017 0:00,8.56,deg C,10678300,19754,VOL,U24
5/11/2017 1:00,8.31,deg C,10678300,19754,VOL,U24
5/11/2017 2:00,8.06,deg C,10678300,19754,VOL,U24
5/11/2017 3:00,7.83,deg C,10678300,19754,VOL,U24
5/11/2017 4:00,7.61,deg C,10678300,19754,VOL,U24
5/11/2017 5:00,7.43,deg C,10678300,19754,VOL,U24
5/11/2017 6:00,7.38,deg C,10678300,19754,VOL,U24
5/11/2017 7:00,7.57,deg C,10678300,19754,VOL,U24
5/11/2017 8:00,7.88,deg C,10678300,19754,VOL,U24
5/11/2017 9:00,8.29,deg C,10678300,19754,VOL,U24
5/11/2017 10:00,8.7,deg C,10678300,19754,VOL,U24
5/11/2017 11:00,9.23,deg C,10678300,19754,VOL,U24
5/11/2017 12:00,9.72,deg C,10678300,19754,VOL,U24
5/11/2017 13:00,10.12,deg C,10678300,19754,VOL,U24
5/11/2017 14:00,10.48,deg C,10678300,19754,VOL,U24
5/11/2017 15:00,10.68,deg C,10678300,19754,VOL,U24
5/11/2017 16:00,10.83,deg C,10678300,19754,VOL,U24
5/11/2017 17:00,10.86,deg C,10678300,19754,VOL,U24
5/11/2017 18:00,10.85,deg C,10678300,19754,VOL,U24
5/11/2017 19:00,10.83,deg C,10678300,19754,VOL,U24
5/11/2017 20:00,10.73,deg C,10678300,19754,VOL,U24
5/11/2017 21:00,10.57,deg C,10678300,19754,VOL,U24
5/11/2017 22:00,10.32,deg C,10678300,19754,VOL,U24
5/11/2017 23:00,10.03,deg C,10678300,19754,VOL,U24
5/12/2017 0:00,9.79,deg C,10678300,19754,VOL,U24
5/12/2017 1:00,9.63,deg C,10678300,19754,VOL,U24
5/12/2017 2:00,9.41,deg C,10678300,19754,VOL,U24
5/12/2017 3:00,9.19,deg C,10678300,19754,VOL,U24
5/12/2017 4:00,8.97,deg C,10678300,19754,VOL,U24
5/12/2017 5:00,8.76,deg C,10678300,19754,VOL,U24
5/12/2017 6:00,8.65,deg C,10678300,19754,VOL,U24
5/12/2017 7:00,8.72,deg C,10678300,19754,VOL,U24
5/12/2017 8:00,9,deg C,10678300,19754,VOL,U24
5/12/2017 9:00,9.37,deg C,10678300,19754,VOL,U24
5/12/2017 10:00,9.66,deg C,10678300,19754,VOL,U24
5/12/2017 11:00,9.96,deg C,10678300,19754,VOL,U24
5/12/2017 12:00,10.53,deg C,10678300,19754,VOL,U24
5/12/2017 13:00,10.99,deg C,10678300,19754,VOL,U24
5/12/2017 14:00,11.39,deg C,10678300,19754,VOL,U24
5/12/2017 15:00,11.64,deg C,10678300,19754,VOL,U24
5/12/2017 16:00,11.8,deg C,10678300,19754,VOL,U24
5/12/2017 17:00,11.88,deg C,10678300,19754,VOL,U24
5/12/2017 18:00,11.91,deg C,10678300,19754,VOL,U24
5/12/2017 19:00,11.85,deg C,10678300,19754,VOL,U24
5/12/2017 20:00,11.72,deg C,10678300,19754,VOL,U24
5/12/2017 21:00,11.47,deg C,10678300,19754,VOL,U24
5/12/2017 22:00,11.24,deg C,10678300,19754,VOL,U24
5/12/2017 23:00,11.05,deg C,10678300,19754,VOL,U24
5/13/2017 0:00,10.87,deg C,10678300,19754,VOL,U24
5/13/2017 1:00,10.76,deg C,10678300,19754,VOL,U24
5/13/2017 2:00,10.62,deg C,10678300,19754,VOL,U24
5/13/2017 3:00,10.53,deg C,10678300,19754,VOL,U24
5/13/2017 4:00,10.42,deg C,10678300,19754,VOL,U24
5/13/2017 5:00,10.32,deg C,10678300,19754,VOL,U24
5/13/2017 6:00,10.23,deg C,10678300,19754,VOL,U24
5/13/2017 7:00,10.19,deg C,10678300,19754,VOL,U24
5/13/2017 8:00,10.16,deg C,10678300,19754,VOL,U24
5/13/2017 9:00,10.13,deg C,10678300,19754,VOL,U24
5/13/2017 10:00,10.15,deg C,10678300,19754,VOL,U24
5/13/2017 11:00,10.15,deg C,10678300,19754,VOL,U24
5/13/2017 12:00,10.19,deg C,10678300,19754,VOL,U24
5/13/2017 13:00,10.23,deg C,10678300,19754,VOL,U24
5/13/2017 14:00,10.27,deg C,10678300,19754,VOL,U24
5/13/2017 15:00,10.27,deg C,10678300,19754,VOL,U24
5/13/2017 16:00,10.25,deg C,10678300,19754,VOL,U24
5/13/2017 17:00,10.2,deg C,10678300,19754,VOL,U24
5/13/2017 18:00,10.05,deg C,10678300,19754,VOL,U24
5/13/2017 19:00,9.87,deg C,10678300,19754,VOL,U24
5/13/2017 20:00,9.75,deg C,10678300,19754,VOL,U24
5/13/2017 21:00,9.71,deg C,10678300,19754,VOL,U24
5/13/2017 22:00,9.6,deg C,10678300,19754,VOL,U24
5/13/2017 23:00,9.59,deg C,10678300,19754,VOL,U24
5/14/2017 0:00,9.62,deg C,10678300,19754,VOL,U24
5/14/2017 1:00,9.59,deg C,10678300,19754,VOL,U24
5/14/2017 2:00,9.54,deg C,10678300,19754,VOL,U24
5/14/2017 3:00,9.46,deg C,10678300,19754,VOL,U24
5/14/2017 4:00,9.33,deg C,10678300,19754,VOL,U24
5/14/2017 5:00,9.23,deg C,10678300,19754,VOL,U24
5/14/2017 6:00,9.14,deg C,10678300,19754,VOL,U24
5/14/2017 7:00,9.19,deg C,10678300,19754,VOL,U24
5/14/2017 8:00,9.25,deg C,10678300,19754,VOL,U24
5/14/2017 9:00,9.59,deg C,10678300,19754,VOL,U24
5/14/2017 10:00,10.01,deg C,10678300,19754,VOL,U24
5/14/2017 11:00,10.54,deg C,10678300,19754,VOL,U24
5/14/2017 12:00,11.05,deg C,10678300,19754,VOL,U24
5/14/2017 13:00,11.51,deg C,10678300,19754,VOL,U24
5/14/2017 14:00,11.97,deg C,10678300,19754,VOL,U24
5/14/2017 15:00,12.29,deg C,10678300,19754,VOL,U24
5/14/2017 16:00,12.41,deg C,10678300,19754,VOL,U24
5/14/2017 17:00,12.21,deg C,10678300,19754,VOL,U24
5/14/2017 18:00,12.01,deg C,10678300,19754,VOL,U24
5/14/2017 19:00,11.75,deg C,10678300,19754,VOL,U24
5/14/2017 20:00,11.44,deg C,10678300,19754,VOL,U24
5/14/2017 21:00,11.14,deg C,10678300,19754,VOL,U24
5/14/2017 22:00,10.89,deg C,10678300,19754,VOL,U24
5/14/2017 23:00,10.69,deg C,10678300,19754,VOL,U24
5/15/2017 0:00,10.53,deg C,10678300,19754,VOL,U24
5/15/2017 1:00,10.41,deg C,10678300,19754,VOL,U24
5/15/2017 2:00,10.35,deg C,10678300,19754,VOL,U24
5/15/2017 3:00,10.28,deg C,10678300,19754,VOL,U24
5/15/2017 4:00,10.23,deg C,10678300,19754,VOL,U24
5/15/2017 5:00,10.17,deg C,10678300,19754,VOL,U24
5/15/2017 6:00,10.15,deg C,10678300,19754,VOL,U24
5/15/2017 7:00,10.16,deg C,10678300,19754,VOL,U24
5/15/2017 8:00,10.25,deg C,10678300,19754,VOL,U24
5/15/2017 9:00,10.4,deg C,10678300,19754,VOL,U24
5/15/2017 10:00,10.69,deg C,10678300,19754,VOL,U24
5/15/2017 11:00,10.89,deg C,10678300,19754,VOL,U24
5/15/2017 12:00,11.06,deg C,10678300,19754,VOL,U24
5/15/2017 13:00,11.17,deg C,10678300,19754,VOL,U24
5/15/2017 14:00,11.24,deg C,10678300,19754,VOL,U24
5/15/2017 15:00,11.3,deg C,10678300,19754,VOL,U24
5/15/2017 16:00,11.32,deg C,10678300,19754,VOL,U24
5/15/2017 17:00,11.36,deg C,10678300,19754,VOL,U24
5/15/2017 18:00,11.46,deg C,10678300,19754,VOL,U24
5/15/2017 19:00,11.46,deg C,10678300,19754,VOL,U24
5/15/2017 20:00,11.38,deg C,10678300,19754,VOL,U24
5/15/2017 21:00,11.26,deg C,10678300,19754,VOL,U24
5/15/2017 22:00,11.09,deg C,10678300,19754,VOL,U24
5/15/2017 23:00,10.87,deg C,10678300,19754,VOL,U24
5/16/2017 0:00,10.65,deg C,10678300,19754,VOL,U24
5/16/2017 1:00,10.45,deg C,10678300,19754,VOL,U24
5/16/2017 2:00,10.29,deg C,10678300,19754,VOL,U24
5/16/2017 3:00,10.17,deg C,10678300,19754,VOL,U24
5/16/2017 4:00,10.04,deg C,10678300,19754,VOL,U24
5/16/2017 5:00,9.93,deg C,10678300,19754,VOL,U24
5/16/2017 6:00,9.92,deg C,10678300,19754,VOL,U24
5/16/2017 7:00,10.07,deg C,10678300,19754,VOL,U24
5/16/2017 8:00,10.31,deg C,10678300,19754,VOL,U24
5/16/2017 9:00,10.58,deg C,10678300,19754,VOL,U24
5/16/2017 10:00,11.01,deg C,10678300,19754,VOL,U24
5/16/2017 11:00,11.54,deg C,10678300,19754,VOL,U24
5/16/2017 12:00,12,deg C,10678300,19754,VOL,U24
5/16/2017 13:00,12.45,deg C,10678300,19754,VOL,U24
5/16/2017 14:00,12.79,deg C,10678300,19754,VOL,U24
5/16/2017 15:00,13,deg C,10678300,19754,VOL,U24
5/16/2017 16:00,13.16,deg C,10678300,19754,VOL,U24
5/16/2017 17:00,13.31,deg C,10678300,19754,VOL,U24
5/16/2017 18:00,13.33,deg C,10678300,19754,VOL,U24
5/16/2017 19:00,13.22,deg C,10678300,19754,VOL,U24
5/16/2017 20:00,13.02,deg C,10678300,19754,VOL,U24
5/16/2017 21:00,12.77,deg C,10678300,19754,VOL,U24
5/16/2017 22:00,12.53,deg C,10678300,19754,VOL,U24
5/16/2017 23:00,12.3,deg C,10678300,19754,VOL,U24
5/17/2017 0:00,12.08,deg C,10678300,19754,VOL,U24
5/17/2017 1:00,11.83,deg C,10678300,19754,VOL,U24
5/17/2017 2:00,11.63,deg C,10678300,19754,VOL,U24
5/17/2017 3:00,11.39,deg C,10678300,19754,VOL,U24
5/17/2017 4:00,11.2,deg C,10678300,19754,VOL,U24
5/17/2017 5:00,11.03,deg C,10678300,19754,VOL,U24
5/17/2017 6:00,10.98,deg C,10678300,19754,VOL,U24
5/17/2017 7:00,11.1,deg C,10678300,19754,VOL,U24
5/17/2017 8:00,11.38,deg C,10678300,19754,VOL,U24
5/17/2017 9:00,11.88,deg C,10678300,19754,VOL,U24
5/17/2017 10:00,12.5,deg C,10678300,19754,VOL,U24
5/17/2017 11:00,13.24,deg C,10678300,19754,VOL,U24
5/17/2017 12:00,13.92,deg C,10678300,19754,VOL,U24
5/17/2017 13:00,14.5,deg C,10678300,19754,VOL,U24
5/17/2017 14:00,14.98,deg C,10678300,19754,VOL,U24
5/17/2017 15:00,15.33,deg C,10678300,19754,VOL,U24
5/17/2017 16:00,15.65,deg C,10678300,19754,VOL,U24
5/17/2017 17:00,15.86,deg C,10678300,19754,VOL,U24
5/17/2017 18:00,15.98,deg C,10678300,19754,VOL,U24
5/17/2017 19:00,15.93,deg C,10678300,19754,VOL,U24
5/17/2017 20:00,15.78,deg C,10678300,19754,VOL,U24
5/17/2017 21:00,15.61,deg C,10678300,19754,VOL,U24
5/17/2017 22:00,15.41,deg C,10678300,19754,VOL,U24
5/17/2017 23:00,15.19,deg C,10678300,19754,VOL,U24
5/18/2017 0:00,15.03,deg C,10678300,19754,VOL,U24
5/18/2017 1:00,14.86,deg C,10678300,19754,VOL,U24
5/18/2017 2:00,14.72,deg C,10678300,19754,VOL,U24
5/18/2017 3:00,14.63,deg C,10678300,19754,VOL,U24
5/18/2017 4:00,14.51,deg C,10678300,19754,VOL,U24
5/18/2017 5:00,14.41,deg C,10678300,19754,VOL,U24
5/18/2017 6:00,14.41,deg C,10678300,19754,VOL,U24
5/18/2017 7:00,14.51,deg C,10678300,19754,VOL,U24
5/18/2017 8:00,14.7,deg C,10678300,19754,VOL,U24
5/18/2017 9:00,14.92,deg C,10678300,19754,VOL,U24
5/18/2017 10:00,15.19,deg C,10678300,19754,VOL,U24
5/18/2017 11:00,15.56,deg C,10678300,19754,VOL,U24
5/18/2017 12:00,16.03,deg C,10678300,19754,VOL,U24
5/18/2017 13:00,16.35,deg C,10678300,19754,VOL,U24
5/18/2017 14:00,16.68,deg C,10678300,19754,VOL,U24
5/18/2017 15:00,16.88,deg C,10678300,19754,VOL,U24
5/18/2017 16:00,17.11,deg C,10678300,19754,VOL,U24
5/18/2017 17:00,17.26,deg C,10678300,19754,VOL,U24
5/18/2017 18:00,17.26,deg C,10678300,19754,VOL,U24
5/18/2017 19:00,17.16,deg C,10678300,19754,VOL,U24
5/18/2017 20:00,16.99,deg C,10678300,19754,VOL,U24
5/18/2017 21:00,16.75,deg C,10678300,19754,VOL,U24
5/18/2017 22:00,16.47,deg C,10678300,19754,VOL,U24
5/18/2017 23:00,16.38,deg C,10678300,19754,VOL,U24
5/19/2017 0:00,16.07,deg C,10678300,19754,VOL,U24
5/19/2017 1:00,15.77,deg C,10678300,19754,VOL,U24
5/19/2017 2:00,15.64,deg C,10678300,19754,VOL,U24
5/19/2017 3:00,15.36,deg C,10678300,19754,VOL,U24
5/19/2017 4:00,15.2,deg C,10678300,19754,VOL,U24
5/19/2017 5:00,15.07,deg C,10678300,19754,VOL,U24
5/19/2017 6:00,15.03,deg C,10678300,19754,VOL,U24
5/19/2017 7:00,15.08,deg C,10678300,19754,VOL,U24
5/19/2017 8:00,15.27,deg C,10678300,19754,VOL,U24
5/19/2017 9:00,15.56,deg C,10678300,19754,VOL,U24
5/19/2017 10:00,15.87,deg C,10678300,19754,VOL,U24
5/19/2017 11:00,16.29,deg C,10678300,19754,VOL,U24
5/19/2017 12:00,16.7,deg C,10678300,19754,VOL,U24
5/19/2017 13:00,16.96,deg C,10678300,19754,VOL,U24
5/19/2017 14:00,17.14,deg C,10678300,19754,VOL,U24
5/19/2017 15:00,17.26,deg C,10678300,19754,VOL,U24
5/19/2017 16:00,17.34,deg C,10678300,19754,VOL,U24
5/19/2017 17:00,17.3,deg C,10678300,19754,VOL,U24
5/19/2017 18:00,17.09,deg C,10678300,19754,VOL,U24
5/19/2017 19:00,16.75,deg C,10678300,19754,VOL,U24
5/19/2017 20:00,16.35,deg C,10678300,19754,VOL,U24
5/19/2017 21:00,15.95,deg C,10678300,19754,VOL,U24
5/19/2017 22:00,15.54,deg C,10678300,19754,VOL,U24
5/19/2017 23:00,15.12,deg C,10678300,19754,VOL,U24
5/20/2017 0:00,14.7,deg C,10678300,19754,VOL,U24
5/20/2017 1:00,14.27,deg C,10678300,19754,VOL,U24
5/20/2017 2:00,13.93,deg C,10678300,19754,VOL,U24
5/20/2017 3:00,13.59,deg C,10678300,19754,VOL,U24
5/20/2017 4:00,13.33,deg C,10678300,19754,VOL,U24
5/20/2017 5:00,13.1,deg C,10678300,19754,VOL,U24
5/20/2017 6:00,12.94,deg C,10678300,19754,VOL,U24
5/20/2017 7:00,12.82,deg C,10678300,19754,VOL,U24
5/20/2017 8:00,12.74,deg C,10678300,19754,VOL,U24
5/20/2017 9:00,12.53,deg C,10678300,19754,VOL,U24
5/20/2017 10:00,12.45,deg C,10678300,19754,VOL,U24
5/20/2017 11:00,12.53,deg C,10678300,19754,VOL,U24
5/20/2017 12:00,12.71,deg C,10678300,19754,VOL,U24
5/20/2017 13:00,12.92,deg C,10678300,19754,VOL,U24
5/20/2017 14:00,13.12,deg C,10678300,19754,VOL,U24
5/20/2017 15:00,13.3,deg C,10678300,19754,VOL,U24
5/20/2017 16:00,13.43,deg C,10678300,19754,VOL,U24
5/20/2017 17:00,13.56,deg C,10678300,19754,VOL,U24
5/20/2017 18:00,13.67,deg C,10678300,19754,VOL,U24
5/20/2017 19:00,13.68,deg C,10678300,19754,VOL,U24
5/20/2017 20:00,13.55,deg C,10678300,19754,VOL,U24
5/20/2017 21:00,13.32,deg C,10678300,19754,VOL,U24
5/20/2017 22:00,13.02,deg C,10678300,19754,VOL,U24
5/20/2017 23:00,12.7,deg C,10678300,19754,VOL,U24
5/21/2017 0:00,12.4,deg C,10678300,19754,VOL,U24
5/21/2017 1:00,12.12,deg C,10678300,19754,VOL,U24
5/21/2017 2:00,11.81,deg C,10678300,19754,VOL,U24
5/21/2017 3:00,11.5,deg C,10678300,19754,VOL,U24
5/21/2017 4:00,11.2,deg C,10678300,19754,VOL,U24
5/21/2017 5:00,10.95,deg C,10678300,19754,VOL,U24
5/21/2017 6:00,10.82,deg C,10678300,19754,VOL,U24
5/21/2017 7:00,10.83,deg C,10678300,19754,VOL,U24
5/21/2017 8:00,11.01,deg C,10678300,19754,VOL,U24
5/21/2017 9:00,11.24,deg C,10678300,19754,VOL,U24
5/21/2017 10:00,11.6,deg C,10678300,19754,VOL,U24
5/21/2017 11:00,11.95,deg C,10678300,19754,VOL,U24
5/21/2017 12:00,12.37,deg C,10678300,19754,VOL,U24
5/21/2017 13:00,12.67,deg C,10678300,19754,VOL,U24
5/21/2017 14:00,12.9,deg C,10678300,19754,VOL,U24
5/21/2017 15:00,13.06,deg C,10678300,19754,VOL,U24
5/21/2017 16:00,13.16,deg C,10678300,19754,VOL,U24
5/21/2017 17:00,13.2,deg C,10678300,19754,VOL,U24
5/21/2017 18:00,13.18,deg C,10678300,19754,VOL,U24
5/21/2017 19:00,13.11,deg C,10678300,19754,VOL,U24
5/21/2017 20:00,12.94,deg C,10678300,19754,VOL,U24
5/21/2017 21:00,12.79,deg C,10678300,19754,VOL,U24
5/21/2017 22:00,12.58,deg C,10678300,19754,VOL,U24
5/21/2017 23:00,12.41,deg C,10678300,19754,VOL,U24
5/22/2017 0:00,12.25,deg C,10678300,19754,VOL,U24
5/22/2017 1:00,12.05,deg C,10678300,19754,VOL,U24
5/22/2017 2:00,11.91,deg C,10678300,19754,VOL,U24
5/22/2017 3:00,11.77,deg C,10678300,19754,VOL,U24
5/22/2017 4:00,11.67,deg C,10678300,19754,VOL,U24
5/22/2017 5:00,11.58,deg C,10678300,19754,VOL,U24
5/22/2017 6:00,11.51,deg C,10678300,19754,VOL,U24
5/22/2017 7:00,11.48,deg C,10678300,19754,VOL,U24
5/22/2017 8:00,11.46,deg C,10678300,19754,VOL,U24
5/22/2017 9:00,11.47,deg C,10678300,19754,VOL,U24
5/22/2017 10:00,11.54,deg C,10678300,19754,VOL,U24
5/22/2017 11:00,11.65,deg C,10678300,19754,VOL,U24
5/22/2017 12:00,11.76,deg C,10678300,19754,VOL,U24
5/22/2017 13:00,11.85,deg C,10678300,19754,VOL,U24
5/22/2017 14:00,11.91,deg C,10678300,19754,VOL,U24
5/22/2017 15:00,11.97,deg C,10678300,19754,VOL,U24
5/22/2017 16:00,12.03,deg C,10678300,19754,VOL,U24
5/22/2017 17:00,12.04,deg C,10678300,19754,VOL,U24
5/22/2017 18:00,12.03,deg C,10678300,19754,VOL,U24
5/22/2017 19:00,12.04,deg C,10678300,19754,VOL,U24
5/22/2017 20:00,12.03,deg C,10678300,19754,VOL,U24
5/22/2017 21:00,12.03,deg C,10678300,19754,VOL,U24
5/22/2017 22:00,12,deg C,10678300,19754,VOL,U24
5/22/2017 23:00,12.01,deg C,10678300,19754,VOL,U24
5/23/2017 0:00,12,deg C,10678300,19754,VOL,U24
5/23/2017 1:00,12.01,deg C,10678300,19754,VOL,U24
5/23/2017 2:00,12,deg C,10678300,19754,VOL,U24
5/23/2017 3:00,11.92,deg C,10678300,19754,VOL,U24
5/23/2017 4:00,11.79,deg C,10678300,19754,VOL,U24
5/23/2017 5:00,11.64,deg C,10678300,19754,VOL,U24
5/23/2017 6:00,11.56,deg C,10678300,19754,VOL,U24
5/23/2017 7:00,11.56,deg C,10678300,19754,VOL,U24
5/23/2017 8:00,11.62,deg C,10678300,19754,VOL,U24
5/23/2017 9:00,11.76,deg C,10678300,19754,VOL,U24
5/23/2017 10:00,11.91,deg C,10678300,19754,VOL,U24
5/23/2017 11:00,12.06,deg C,10678300,19754,VOL,U24
5/23/2017 12:00,12.34,deg C,10678300,19754,VOL,U24
5/23/2017 13:00,12.49,deg C,10678300,19754,VOL,U24
5/23/2017 14:00,12.66,deg C,10678300,19754,VOL,U24
5/23/2017 15:00,12.79,deg C,10678300,19754,VOL,U24
5/23/2017 16:00,12.91,deg C,10678300,19754,VOL,U24
5/23/2017 17:00,13.02,deg C,10678300,19754,VOL,U24
5/23/2017 18:00,13.07,deg C,10678300,19754,VOL,U24
5/23/2017 19:00,13.07,deg C,10678300,19754,VOL,U24
5/23/2017 20:00,12.96,deg C,10678300,19754,VOL,U24
5/23/2017 21:00,12.85,deg C,10678300,19754,VOL,U24
5/23/2017 22:00,12.69,deg C,10678300,19754,VOL,U24
5/23/2017 23:00,12.5,deg C,10678300,19754,VOL,U24
5/24/2017 0:00,12.34,deg C,10678300,19754,VOL,U24
5/24/2017 1:00,12.2,deg C,10678300,19754,VOL,U24
5/24/2017 2:00,12.08,deg C,10678300,19754,VOL,U24
5/24/2017 3:00,12.01,deg C,10678300,19754,VOL,U24
5/24/2017 4:00,11.97,deg C,10678300,19754,VOL,U24
5/24/2017 5:00,11.92,deg C,10678300,19754,VOL,U24
5/24/2017 6:00,11.91,deg C,10678300,19754,VOL,U24
5/24/2017 7:00,11.95,deg C,10678300,19754,VOL,U24
5/24/2017 8:00,12.01,deg C,10678300,19754,VOL,U24
5/24/2017 9:00,12.14,deg C,10678300,19754,VOL,U24
5/24/2017 10:00,12.32,deg C,10678300,19754,VOL,U24
5/24/2017 11:00,12.53,deg C,10678300,19754,VOL,U24
5/24/2017 12:00,12.82,deg C,10678300,19754,VOL,U24
5/24/2017 13:00,13.03,deg C,10678300,19754,VOL,U24
5/24/2017 14:00,13.19,deg C,10678300,19754,VOL,U24
5/24/2017 15:00,13.32,deg C,10678300,19754,VOL,U24
5/24/2017 16:00,13.45,deg C,10678300,19754,VOL,U24
5/24/2017 17:00,13.57,deg C,10678300,19754,VOL,U24
5/24/2017 18:00,13.67,deg C,10678300,19754,VOL,U24
5/24/2017 19:00,13.73,deg C,10678300,19754,VOL,U24
5/24/2017 20:00,13.71,deg C,10678300,19754,VOL,U24
5/24/2017 21:00,13.63,deg C,10678300,19754,VOL,U24
5/24/2017 22:00,13.48,deg C,10678300,19754,VOL,U24
5/24/2017 23:00,13.28,deg C,10678300,19754,VOL,U24
5/25/2017 0:00,13.1,deg C,10678300,19754,VOL,U24
5/25/2017 1:00,12.94,deg C,10678300,19754,VOL,U24
5/25/2017 2:00,12.78,deg C,10678300,19754,VOL,U24
5/25/2017 3:00,12.69,deg C,10678300,19754,VOL,U24
5/25/2017 4:00,12.58,deg C,10678300,19754,VOL,U24
5/25/2017 5:00,12.49,deg C,10678300,19754,VOL,U24
5/25/2017 6:00,12.42,deg C,10678300,19754,VOL,U24
5/25/2017 7:00,12.38,deg C,10678300,19754,VOL,U24
5/25/2017 8:00,12.37,deg C,10678300,19754,VOL,U24
5/25/2017 9:00,12.37,deg C,10678300,19754,VOL,U24
5/25/2017 10:00,12.38,deg C,10678300,19754,VOL,U24
5/25/2017 11:00,12.41,deg C,10678300,19754,VOL,U24
5/25/2017 12:00,12.46,deg C,10678300,19754,VOL,U24
5/25/2017 13:00,12.49,deg C,10678300,19754,VOL,U24
5/25/2017 14:00,12.53,deg C,10678300,19754,VOL,U24
5/25/2017 15:00,12.54,deg C,10678300,19754,VOL,U24
5/25/2017 16:00,12.58,deg C,10678300,19754,VOL,U24
5/25/2017 17:00,12.61,deg C,10678300,19754,VOL,U24
5/25/2017 18:00,12.63,deg C,10678300,19754,VOL,U24
5/25/2017 19:00,12.63,deg C,10678300,19754,VOL,U24
5/25/2017 20:00,12.57,deg C,10678300,19754,VOL,U24
5/25/2017 21:00,12.5,deg C,10678300,19754,VOL,U24
5/25/2017 22:00,12.44,deg C,10678300,19754,VOL,U24
5/25/2017 23:00,12.37,deg C,10678300,19754,VOL,U24
5/26/2017 0:00,12.29,deg C,10678300,19754,VOL,U24
5/26/2017 1:00,12.21,deg C,10678300,19754,VOL,U24
5/26/2017 2:00,12.12,deg C,10678300,19754,VOL,U24
5/26/2017 3:00,12.08,deg C,10678300,19754,VOL,U24
5/26/2017 4:00,12.08,deg C,10678300,19754,VOL,U24
5/26/2017 5:00,12.04,deg C,10678300,19754,VOL,U24
5/26/2017 6:00,12.01,deg C,10678300,19754,VOL,U24
5/26/2017 7:00,12,deg C,10678300,19754,VOL,U24
5/26/2017 8:00,12.08,deg C,10678300,19754,VOL,U24
5/26/2017 9:00,12.17,deg C,10678300,19754,VOL,U24
5/26/2017 10:00,12.29,deg C,10678300,19754,VOL,U24
5/26/2017 11:00,12.5,deg C,10678300,19754,VOL,U24
5/26/2017 12:00,12.75,deg C,10678300,19754,VOL,U24
5/26/2017 13:00,13.1,deg C,10678300,19754,VOL,U24
5/26/2017 14:00,13.37,deg C,10678300,19754,VOL,U24
5/26/2017 15:00,13.65,deg C,10678300,19754,VOL,U24
5/26/2017 16:00,13.88,deg C,10678300,19754,VOL,U24
5/26/2017 17:00,13.94,deg C,10678300,19754,VOL,U24
5/26/2017 18:00,13.96,deg C,10678300,19754,VOL,U24
5/26/2017 19:00,13.9,deg C,10678300,19754,VOL,U24
5/26/2017 20:00,13.8,deg C,10678300,19754,VOL,U24
5/26/2017 21:00,13.68,deg C,10678300,19754,VOL,U24
5/26/2017 22:00,13.56,deg C,10678300,19754,VOL,U24
5/26/2017 23:00,13.4,deg C,10678300,19754,VOL,U24
5/27/2017 0:00,13.27,deg C,10678300,19754,VOL,U24
5/27/2017 1:00,13.14,deg C,10678300,19754,VOL,U24
5/27/2017 2:00,13.02,deg C,10678300,19754,VOL,U24
5/27/2017 3:00,12.92,deg C,10678300,19754,VOL,U24
5/27/2017 4:00,12.81,deg C,10678300,19754,VOL,U24
5/27/2017 5:00,12.71,deg C,10678300,19754,VOL,U24
5/27/2017 6:00,12.65,deg C,10678300,19754,VOL,U24
5/27/2017 7:00,12.67,deg C,10678300,19754,VOL,U24
5/27/2017 8:00,12.66,deg C,10678300,19754,VOL,U24
5/27/2017 9:00,12.7,deg C,10678300,19754,VOL,U24
5/27/2017 10:00,12.81,deg C,10678300,19754,VOL,U24
5/27/2017 11:00,13.06,deg C,10678300,19754,VOL,U24
5/27/2017 12:00,13.31,deg C,10678300,19754,VOL,U24
5/27/2017 13:00,13.52,deg C,10678300,19754,VOL,U24
5/27/2017 14:00,13.67,deg C,10678300,19754,VOL,U24
5/27/2017 15:00,13.86,deg C,10678300,19754,VOL,U24
5/27/2017 16:00,13.96,deg C,10678300,19754,VOL,U24
5/27/2017 17:00,14.12,deg C,10678300,19754,VOL,U24
5/27/2017 18:00,14.16,deg C,10678300,19754,VOL,U24
5/27/2017 19:00,14.19,deg C,10678300,19754,VOL,U24
5/27/2017 20:00,14.16,deg C,10678300,19754,VOL,U24
5/27/2017 21:00,14.09,deg C,10678300,19754,VOL,U24
5/27/2017 22:00,13.98,deg C,10678300,19754,VOL,U24
5/27/2017 23:00,13.89,deg C,10678300,19754,VOL,U24
5/28/2017 0:00,13.77,deg C,10678300,19754,VOL,U24
5/28/2017 1:00,13.67,deg C,10678300,19754,VOL,U24
5/28/2017 2:00,13.55,deg C,10678300,19754,VOL,U24
5/28/2017 3:00,13.44,deg C,10678300,19754,VOL,U24
5/28/2017 4:00,13.35,deg C,10678300,19754,VOL,U24
5/28/2017 5:00,13.26,deg C,10678300,19754,VOL,U24
5/28/2017 6:00,13.2,deg C,10678300,19754,VOL,U24
5/28/2017 7:00,13.22,deg C,10678300,19754,VOL,U24
5/28/2017 8:00,13.27,deg C,10678300,19754,VOL,U24
5/28/2017 9:00,13.37,deg C,10678300,19754,VOL,U24
5/28/2017 10:00,13.64,deg C,10678300,19754,VOL,U24
5/28/2017 11:00,13.74,deg C,10678300,19754,VOL,U24
5/28/2017 12:00,13.9,deg C,10678300,19754,VOL,U24
5/28/2017 13:00,14.05,deg C,10678300,19754,VOL,U24
5/28/2017 14:00,14.14,deg C,10678300,19754,VOL,U24
5/28/2017 15:00,14.23,deg C,10678300,19754,VOL,U24
5/28/2017 16:00,14.25,deg C,10678300,19754,VOL,U24
5/28/2017 17:00,14.26,deg C,10678300,19754,VOL,U24
5/28/2017 18:00,14.21,deg C,10678300,19754,VOL,U24
5/28/2017 19:00,14.08,deg C,10678300,19754,VOL,U24
5/28/2017 20:00,13.92,deg C,10678300,19754,VOL,U24
5/28/2017 21:00,13.74,deg C,10678300,19754,VOL,U24
5/28/2017 22:00,13.61,deg C,10678300,19754,VOL,U24
5/28/2017 23:00,13.44,deg C,10678300,19754,VOL,U24
5/29/2017 0:00,13.27,deg C,10678300,19754,VOL,U24
5/29/2017 1:00,13.11,deg C,10678300,19754,VOL,U24
5/29/2017 2:00,12.99,deg C,10678300,19754,VOL,U24
5/29/2017 3:00,12.89,deg C,10678300,19754,VOL,U24
5/29/2017 4:00,12.79,deg C,10678300,19754,VOL,U24
5/29/2017 5:00,12.73,deg C,10678300,19754,VOL,U24
5/29/2017 6:00,12.66,deg C,10678300,19754,VOL,U24
5/29/2017 7:00,12.59,deg C,10678300,19754,VOL,U24
5/29/2017 8:00,12.55,deg C,10678300,19754,VOL,U24
5/29/2017 9:00,12.51,deg C,10678300,19754,VOL,U24
5/29/2017 10:00,12.49,deg C,10678300,19754,VOL,U24
5/29/2017 11:00,12.46,deg C,10678300,19754,VOL,U24
5/29/2017 12:00,12.42,deg C,10678300,19754,VOL,U24
5/29/2017 13:00,12.41,deg C,10678300,19754,VOL,U24
5/29/2017 14:00,12.4,deg C,10678300,19754,VOL,U24
5/29/2017 15:00,12.46,deg C,10678300,19754,VOL,U24
5/29/2017 16:00,12.49,deg C,10678300,19754,VOL,U24
5/29/2017 17:00,12.49,deg C,10678300,19754,VOL,U24
5/29/2017 18:00,12.5,deg C,10678300,19754,VOL,U24
5/29/2017 19:00,12.47,deg C,10678300,19754,VOL,U24
5/29/2017 20:00,12.44,deg C,10678300,19754,VOL,U24
5/29/2017 21:00,12.4,deg C,10678300,19754,VOL,U24
5/29/2017 22:00,12.37,deg C,10678300,19754,VOL,U24
5/29/2017 23:00,12.34,deg C,10678300,19754,VOL,U24
5/30/2017 0:00,12.32,deg C,10678300,19754,VOL,U24
5/30/2017 1:00,12.29,deg C,10678300,19754,VOL,U24
5/30/2017 2:00,12.25,deg C,10678300,19754,VOL,U24
5/30/2017 3:00,12.21,deg C,10678300,19754,VOL,U24
5/30/2017 4:00,12.17,deg C,10678300,19754,VOL,U24
5/30/2017 5:00,12.14,deg C,10678300,19754,VOL,U24
5/30/2017 6:00,12.09,deg C,10678300,19754,VOL,U24
5/30/2017 7:00,12.08,deg C,10678300,19754,VOL,U24
5/30/2017 8:00,12.08,deg C,10678300,19754,VOL,U24
5/30/2017 9:00,12.12,deg C,10678300,19754,VOL,U24
5/30/2017 10:00,12.2,deg C,10678300,19754,VOL,U24
5/30/2017 11:00,12.25,deg C,10678300,19754,VOL,U24
5/30/2017 12:00,12.34,deg C,10678300,19754,VOL,U24
5/30/2017 13:00,12.41,deg C,10678300,19754,VOL,U24
5/30/2017 14:00,12.49,deg C,10678300,19754,VOL,U24
5/30/2017 15:00,12.53,deg C,10678300,19754,VOL,U24
5/30/2017 16:00,12.57,deg C,10678300,19754,VOL,U24
5/30/2017 17:00,12.59,deg C,10678300,19754,VOL,U24
5/30/2017 18:00,12.61,deg C,10678300,19754,VOL,U24
5/30/2017 19:00,12.59,deg C,10678300,19754,VOL,U24
5/30/2017 20:00,12.57,deg C,10678300,19754,VOL,U24
5/30/2017 21:00,12.54,deg C,10678300,19754,VOL,U24
5/30/2017 22:00,12.5,deg C,10678300,19754,VOL,U24
5/30/2017 23:00,12.47,deg C,10678300,19754,VOL,U24
5/31/2017 0:00,12.46,deg C,10678300,19754,VOL,U24
5/31/2017 1:00,12.42,deg C,10678300,19754,VOL,U24
5/31/2017 2:00,12.4,deg C,10678300,19754,VOL,U24
5/31/2017 3:00,12.37,deg C,10678300,19754,VOL,U24
5/31/2017 4:00,12.33,deg C,10678300,19754,VOL,U24
5/31/2017 5:00,12.3,deg C,10678300,19754,VOL,U24
5/31/2017 6:00,12.3,deg C,10678300,19754,VOL,U24
5/31/2017 7:00,12.34,deg C,10678300,19754,VOL,U24
5/31/2017 8:00,12.37,deg C,10678300,19754,VOL,U24
5/31/2017 9:00,12.45,deg C,10678300,19754,VOL,U24
5/31/2017 10:00,12.61,deg C,10678300,19754,VOL,U24
5/31/2017 11:00,12.85,deg C,10678300,19754,VOL,U24
5/31/2017 12:00,13.1,deg C,10678300,19754,VOL,U24
5/31/2017 13:00,13.36,deg C,10678300,19754,VOL,U24
5/31/2017 14:00,13.6,deg C,10678300,19754,VOL,U24
5/31/2017 15:00,13.86,deg C,10678300,19754,VOL,U24
5/31/2017 16:00,14.04,deg C,10678300,19754,VOL,U24
5/31/2017 17:00,14.18,deg C,10678300,19754,VOL,U24
5/31/2017 18:00,14.26,deg C,10678300,19754,VOL,U24
5/31/2017 19:00,14.18,deg C,10678300,19754,VOL,U24
5/31/2017 20:00,14.06,deg C,10678300,19754,VOL,U24
5/31/2017 21:00,13.93,deg C,10678300,19754,VOL,U24
5/31/2017 22:00,13.78,deg C,10678300,19754,VOL,U24
5/31/2017 23:00,13.72,deg C,10678300,19754,VOL,U24
6/1/2017 0:00,13.59,deg C,10678300,19754,VOL,U24
6/1/2017 1:00,13.48,deg C,10678300,19754,VOL,U24
6/1/2017 2:00,13.35,deg C,10678300,19754,VOL,U24
6/1/2017 3:00,13.22,deg C,10678300,19754,VOL,U24
6/1/2017 4:00,13.08,deg C,10678300,19754,VOL,U24
6/1/2017 5:00,12.92,deg C,10678300,19754,VOL,U24
6/1/2017 6:00,12.89,deg C,10678300,19754,VOL,U24
6/1/2017 7:00,12.95,deg C,10678300,19754,VOL,U24
6/1/2017 8:00,13.12,deg C,10678300,19754,VOL,U24
6/1/2017 9:00,13.49,deg C,10678300,19754,VOL,U24
6/1/2017 10:00,13.8,deg C,10678300,19754,VOL,U24
6/1/2017 11:00,14.05,deg C,10678300,19754,VOL,U24
6/1/2017 12:00,14.39,deg C,10678300,19754,VOL,U24
6/1/2017 13:00,14.55,deg C,10678300,19754,VOL,U24
6/1/2017 14:00,14.63,deg C,10678300,19754,VOL,U24
6/1/2017 15:00,14.75,deg C,10678300,19754,VOL,U24
6/1/2017 16:00,14.76,deg C,10678300,19754,VOL,U24
6/1/2017 17:00,14.78,deg C,10678300,19754,VOL,U24
6/1/2017 18:00,14.76,deg C,10678300,19754,VOL,U24
6/1/2017 19:00,14.71,deg C,10678300,19754,VOL,U24
6/1/2017 20:00,14.58,deg C,10678300,19754,VOL,U24
6/1/2017 21:00,14.37,deg C,10678300,19754,VOL,U24
6/1/2017 22:00,14.17,deg C,10678300,19754,VOL,U24
6/1/2017 23:00,13.9,deg C,10678300,19754,VOL,U24
6/2/2017 0:00,13.63,deg C,10678300,19754,VOL,U24
6/2/2017 1:00,13.35,deg C,10678300,19754,VOL,U24
6/2/2017 2:00,13,deg C,10678300,19754,VOL,U24
6/2/2017 3:00,12.59,deg C,10678300,19754,VOL,U24
6/2/2017 4:00,12.22,deg C,10678300,19754,VOL,U24
6/2/2017 5:00,11.95,deg C,10678300,19754,VOL,U24
6/2/2017 6:00,11.76,deg C,10678300,19754,VOL,U24
6/2/2017 7:00,11.79,deg C,10678300,19754,VOL,U24
6/2/2017 8:00,12,deg C,10678300,19754,VOL,U24
6/2/2017 9:00,12.32,deg C,10678300,19754,VOL,U24
6/2/2017 10:00,12.57,deg C,10678300,19754,VOL,U24
6/2/2017 11:00,12.79,deg C,10678300,19754,VOL,U24
6/2/2017 12:00,13.11,deg C,10678300,19754,VOL,U24
6/2/2017 13:00,13.28,deg C,10678300,19754,VOL,U24
6/2/2017 14:00,13.45,deg C,10678300,19754,VOL,U24
6/2/2017 15:00,13.52,deg C,10678300,19754,VOL,U24
6/2/2017 16:00,13.56,deg C,10678300,19754,VOL,U24
6/2/2017 17:00,13.57,deg C,10678300,19754,VOL,U24
6/2/2017 18:00,13.57,deg C,10678300,19754,VOL,U24
6/2/2017 19:00,13.51,deg C,10678300,19754,VOL,U24
6/2/2017 20:00,13.4,deg C,10678300,19754,VOL,U24
6/2/2017 21:00,13.28,deg C,10678300,19754,VOL,U24
6/2/2017 22:00,13.11,deg C,10678300,19754,VOL,U24
6/2/2017 23:00,12.82,deg C,10678300,19754,VOL,U24
6/3/2017 0:00,12.49,deg C,10678300,19754,VOL,U24
6/3/2017 1:00,12.17,deg C,10678300,19754,VOL,U24
6/3/2017 2:00,11.89,deg C,10678300,19754,VOL,U24
6/3/2017 3:00,11.59,deg C,10678300,19754,VOL,U24
6/3/2017 4:00,11.34,deg C,10678300,19754,VOL,U24
6/3/2017 5:00,11.14,deg C,10678300,19754,VOL,U24
6/3/2017 6:00,11.05,deg C,10678300,19754,VOL,U24
6/3/2017 7:00,11.06,deg C,10678300,19754,VOL,U24
6/3/2017 8:00,11.2,deg C,10678300,19754,VOL,U24
6/3/2017 9:00,11.34,deg C,10678300,19754,VOL,U24
6/3/2017 10:00,11.64,deg C,10678300,19754,VOL,U24
6/3/2017 11:00,11.92,deg C,10678300,19754,VOL,U24
6/3/2017 12:00,12.09,deg C,10678300,19754,VOL,U24
6/3/2017 13:00,12.29,deg C,10678300,19754,VOL,U24
6/3/2017 14:00,12.53,deg C,10678300,19754,VOL,U24
6/3/2017 15:00,12.63,deg C,10678300,19754,VOL,U24
6/3/2017 16:00,12.75,deg C,10678300,19754,VOL,U24
6/3/2017 17:00,12.89,deg C,10678300,19754,VOL,U24
6/3/2017 18:00,12.95,deg C,10678300,19754,VOL,U24
6/3/2017 19:00,13.03,deg C,10678300,19754,VOL,U24
6/3/2017 20:00,13,deg C,10678300,19754,VOL,U24
6/3/2017 21:00,12.95,deg C,10678300,19754,VOL,U24
6/3/2017 22:00,12.83,deg C,10678300,19754,VOL,U24
6/3/2017 23:00,12.63,deg C,10678300,19754,VOL,U24
6/4/2017 0:00,12.38,deg C,10678300,19754,VOL,U24
6/4/2017 1:00,12.14,deg C,10678300,19754,VOL,U24
6/4/2017 2:00,11.91,deg C,10678300,19754,VOL,U24
6/4/2017 3:00,11.69,deg C,10678300,19754,VOL,U24
6/4/2017 4:00,11.51,deg C,10678300,19754,VOL,U24
6/4/2017 5:00,11.32,deg C,10678300,19754,VOL,U24
6/4/2017 6:00,11.23,deg C,10678300,19754,VOL,U24
6/4/2017 7:00,11.31,deg C,10678300,19754,VOL,U24
6/4/2017 8:00,11.52,deg C,10678300,19754,VOL,U24
6/4/2017 9:00,11.8,deg C,10678300,19754,VOL,U24
6/4/2017 10:00,11.93,deg C,10678300,19754,VOL,U24
6/4/2017 11:00,12.16,deg C,10678300,19754,VOL,U24
6/4/2017 12:00,12.34,deg C,10678300,19754,VOL,U24
6/4/2017 13:00,12.53,deg C,10678300,19754,VOL,U24
6/4/2017 14:00,12.67,deg C,10678300,19754,VOL,U24
6/4/2017 15:00,12.75,deg C,10678300,19754,VOL,U24
6/4/2017 16:00,12.82,deg C,10678300,19754,VOL,U24
6/4/2017 17:00,12.81,deg C,10678300,19754,VOL,U24
6/4/2017 18:00,12.79,deg C,10678300,19754,VOL,U24
6/4/2017 19:00,12.78,deg C,10678300,19754,VOL,U24
6/4/2017 20:00,12.75,deg C,10678300,19754,VOL,U24
6/4/2017 21:00,12.73,deg C,10678300,19754,VOL,U24
6/4/2017 22:00,12.65,deg C,10678300,19754,VOL,U24
6/4/2017 23:00,12.58,deg C,10678300,19754,VOL,U24
6/5/2017 0:00,12.54,deg C,10678300,19754,VOL,U24
6/5/2017 1:00,12.5,deg C,10678300,19754,VOL,U24
6/5/2017 2:00,12.49,deg C,10678300,19754,VOL,U24
6/5/2017 3:00,12.46,deg C,10678300,19754,VOL,U24
6/5/2017 4:00,12.45,deg C,10678300,19754,VOL,U24
6/5/2017 5:00,12.42,deg C,10678300,19754,VOL,U24
6/5/2017 6:00,12.44,deg C,10678300,19754,VOL,U24
6/5/2017 7:00,12.46,deg C,10678300,19754,VOL,U24
6/5/2017 8:00,12.51,deg C,10678300,19754,VOL,U24
6/5/2017 9:00,12.61,deg C,10678300,19754,VOL,U24
6/5/2017 10:00,12.71,deg C,10678300,19754,VOL,U24
6/5/2017 11:00,12.83,deg C,10678300,19754,VOL,U24
6/5/2017 12:00,12.98,deg C,10678300,19754,VOL,U24
6/5/2017 13:00,13.08,deg C,10678300,19754,VOL,U24
6/5/2017 14:00,13.15,deg C,10678300,19754,VOL,U24
6/5/2017 15:00,13.2,deg C,10678300,19754,VOL,U24
6/5/2017 16:00,13.22,deg C,10678300,19754,VOL,U24
6/5/2017 17:00,13.23,deg C,10678300,19754,VOL,U24
6/5/2017 18:00,13.22,deg C,10678300,19754,VOL,U24
6/5/2017 19:00,13.18,deg C,10678300,19754,VOL,U24
6/5/2017 20:00,13.11,deg C,10678300,19754,VOL,U24
6/5/2017 21:00,13.02,deg C,10678300,19754,VOL,U24
6/5/2017 22:00,12.94,deg C,10678300,19754,VOL,U24
6/5/2017 23:00,12.86,deg C,10678300,19754,VOL,U24
6/6/2017 0:00,12.74,deg C,10678300,19754,VOL,U24
6/6/2017 1:00,12.63,deg C,10678300,19754,VOL,U24
6/6/2017 2:00,12.55,deg C,10678300,19754,VOL,U24
6/6/2017 3:00,12.47,deg C,10678300,19754,VOL,U24
6/6/2017 4:00,12.37,deg C,10678300,19754,VOL,U24
6/6/2017 5:00,12.29,deg C,10678300,19754,VOL,U24
6/6/2017 6:00,12.2,deg C,10678300,19754,VOL,U24
6/6/2017 7:00,12.12,deg C,10678300,19754,VOL,U24
6/6/2017 8:00,12.04,deg C,10678300,19754,VOL,U24
6/6/2017 9:00,11.97,deg C,10678300,19754,VOL,U24
6/6/2017 10:00,11.92,deg C,10678300,19754,VOL,U24
6/6/2017 11:00,11.88,deg C,10678300,19754,VOL,U24
6/6/2017 12:00,11.85,deg C,10678300,19754,VOL,U24
6/6/2017 13:00,11.83,deg C,10678300,19754,VOL,U24
6/6/2017 14:00,11.81,deg C,10678300,19754,VOL,U24
6/6/2017 15:00,11.83,deg C,10678300,19754,VOL,U24
6/6/2017 16:00,11.88,deg C,10678300,19754,VOL,U24
6/6/2017 17:00,11.92,deg C,10678300,19754,VOL,U24
6/6/2017 18:00,11.88,deg C,10678300,19754,VOL,U24
6/6/2017 19:00,11.84,deg C,10678300,19754,VOL,U24
6/6/2017 20:00,11.77,deg C,10678300,19754,VOL,U24
6/6/2017 21:00,11.71,deg C,10678300,19754,VOL,U24
6/6/2017 22:00,11.63,deg C,10678300,19754,VOL,U24
6/6/2017 23:00,11.56,deg C,10678300,19754,VOL,U24
6/7/2017 0:00,11.5,deg C,10678300,19754,VOL,U24
6/7/2017 1:00,11.46,deg C,10678300,19754,VOL,U24
6/7/2017 2:00,11.39,deg C,10678300,19754,VOL,U24
6/7/2017 3:00,11.34,deg C,10678300,19754,VOL,U24
6/7/2017 4:00,11.26,deg C,10678300,19754,VOL,U24
6/7/2017 5:00,11.2,deg C,10678300,19754,VOL,U24
6/7/2017 6:00,11.19,deg C,10678300,19754,VOL,U24
6/7/2017 7:00,11.24,deg C,10678300,19754,VOL,U24
6/7/2017 8:00,11.38,deg C,10678300,19754,VOL,U24
6/7/2017 9:00,11.47,deg C,10678300,19754,VOL,U24
6/7/2017 10:00,11.63,deg C,10678300,19754,VOL,U24
6/7/2017 11:00,11.91,deg C,10678300,19754,VOL,U24
6/7/2017 12:00,12.06,deg C,10678300,19754,VOL,U24
6/7/2017 13:00,12.36,deg C,10678300,19754,VOL,U24
6/7/2017 14:00,12.58,deg C,10678300,19754,VOL,U24
6/7/2017 15:00,12.74,deg C,10678300,19754,VOL,U24
6/7/2017 16:00,12.92,deg C,10678300,19754,VOL,U24
6/7/2017 17:00,13.07,deg C,10678300,19754,VOL,U24
6/7/2017 18:00,13.22,deg C,10678300,19754,VOL,U24
6/7/2017 19:00,13.3,deg C,10678300,19754,VOL,U24
6/7/2017 20:00,13.27,deg C,10678300,19754,VOL,U24
6/7/2017 21:00,13.16,deg C,10678300,19754,VOL,U24
6/7/2017 22:00,13,deg C,10678300,19754,VOL,U24
6/7/2017 23:00,12.79,deg C,10678300,19754,VOL,U24
6/8/2017 0:00,12.57,deg C,10678300,19754,VOL,U24
6/8/2017 1:00,12.36,deg C,10678300,19754,VOL,U24
6/8/2017 2:00,12.14,deg C,10678300,19754,VOL,U24
6/8/2017 3:00,11.96,deg C,10678300,19754,VOL,U24
6/8/2017 4:00,11.77,deg C,10678300,19754,VOL,U24
6/8/2017 5:00,11.6,deg C,10678300,19754,VOL,U24
6/8/2017 6:00,11.55,deg C,10678300,19754,VOL,U24
6/8/2017 7:00,11.58,deg C,10678300,19754,VOL,U24
6/8/2017 8:00,11.77,deg C,10678300,19754,VOL,U24
6/8/2017 9:00,12.12,deg C,10678300,19754,VOL,U24
6/8/2017 10:00,12.41,deg C,10678300,19754,VOL,U24
6/8/2017 11:00,12.67,deg C,10678300,19754,VOL,U24
6/8/2017 12:00,13,deg C,10678300,19754,VOL,U24
6/8/2017 13:00,13.23,deg C,10678300,19754,VOL,U24
6/8/2017 14:00,13.43,deg C,10678300,19754,VOL,U24
6/8/2017 15:00,13.48,deg C,10678300,19754,VOL,U24
6/8/2017 16:00,13.52,deg C,10678300,19754,VOL,U24
6/8/2017 17:00,13.48,deg C,10678300,19754,VOL,U24
6/8/2017 18:00,13.43,deg C,10678300,19754,VOL,U24
6/8/2017 19:00,13.32,deg C,10678300,19754,VOL,U24
6/8/2017 20:00,13.22,deg C,10678300,19754,VOL,U24
6/8/2017 21:00,13.08,deg C,10678300,19754,VOL,U24
6/8/2017 22:00,12.98,deg C,10678300,19754,VOL,U24
6/8/2017 23:00,12.83,deg C,10678300,19754,VOL,U24
6/9/2017 0:00,12.62,deg C,10678300,19754,VOL,U24
6/9/2017 1:00,12.42,deg C,10678300,19754,VOL,U24
6/9/2017 2:00,12.22,deg C,10678300,19754,VOL,U24
6/9/2017 3:00,12,deg C,10678300,19754,VOL,U24
6/9/2017 4:00,11.75,deg C,10678300,19754,VOL,U24
6/9/2017 5:00,11.52,deg C,10678300,19754,VOL,U24
6/9/2017 6:00,11.42,deg C,10678300,19754,VOL,U24
6/9/2017 7:00,11.48,deg C,10678300,19754,VOL,U24
6/9/2017 8:00,11.6,deg C,10678300,19754,VOL,U24
6/9/2017 9:00,11.84,deg C,10678300,19754,VOL,U24
6/9/2017 10:00,12.05,deg C,10678300,19754,VOL,U24
6/9/2017 11:00,12.47,deg C,10678300,19754,VOL,U24
6/9/2017 12:00,12.87,deg C,10678300,19754,VOL,U24
6/9/2017 13:00,13.07,deg C,10678300,19754,VOL,U24
6/9/2017 14:00,13.36,deg C,10678300,19754,VOL,U24
6/9/2017 15:00,13.57,deg C,10678300,19754,VOL,U24
6/9/2017 16:00,13.74,deg C,10678300,19754,VOL,U24
6/9/2017 17:00,13.88,deg C,10678300,19754,VOL,U24
6/9/2017 18:00,14,deg C,10678300,19754,VOL,U24
6/9/2017 19:00,14.09,deg C,10678300,19754,VOL,U24
6/9/2017 20:00,14.08,deg C,10678300,19754,VOL,U24
6/9/2017 21:00,13.98,deg C,10678300,19754,VOL,U24
6/9/2017 22:00,13.86,deg C,10678300,19754,VOL,U24
6/9/2017 23:00,13.67,deg C,10678300,19754,VOL,U24
6/10/2017 0:00,13.45,deg C,10678300,19754,VOL,U24
6/10/2017 1:00,13.24,deg C,10678300,19754,VOL,U24
6/10/2017 2:00,13.04,deg C,10678300,19754,VOL,U24
6/10/2017 3:00,12.87,deg C,10678300,19754,VOL,U24
6/10/2017 4:00,12.7,deg C,10678300,19754,VOL,U24
6/10/2017 5:00,12.55,deg C,10678300,19754,VOL,U24
6/10/2017 6:00,12.51,deg C,10678300,19754,VOL,U24
6/10/2017 7:00,12.63,deg C,10678300,19754,VOL,U24
6/10/2017 8:00,12.89,deg C,10678300,19754,VOL,U24
6/10/2017 9:00,13.1,deg C,10678300,19754,VOL,U24
6/10/2017 10:00,13.39,deg C,10678300,19754,VOL,U24
6/10/2017 11:00,13.8,deg C,10678300,19754,VOL,U24
6/10/2017 12:00,14.17,deg C,10678300,19754,VOL,U24
6/10/2017 13:00,14.51,deg C,10678300,19754,VOL,U24
6/10/2017 14:00,14.79,deg C,10678300,19754,VOL,U24
6/10/2017 15:00,15.02,deg C,10678300,19754,VOL,U24
6/10/2017 16:00,15.24,deg C,10678300,19754,VOL,U24
6/10/2017 17:00,15.44,deg C,10678300,19754,VOL,U24
6/10/2017 18:00,15.57,deg C,10678300,19754,VOL,U24
6/10/2017 19:00,15.65,deg C,10678300,19754,VOL,U24
6/10/2017 20:00,15.68,deg C,10678300,19754,VOL,U24
6/10/2017 21:00,15.62,deg C,10678300,19754,VOL,U24
6/10/2017 22:00,15.53,deg C,10678300,19754,VOL,U24
6/10/2017 23:00,15.43,deg C,10678300,19754,VOL,U24
6/11/2017 0:00,15.27,deg C,10678300,19754,VOL,U24
6/11/2017 1:00,15.12,deg C,10678300,19754,VOL,U24
6/11/2017 2:00,14.98,deg C,10678300,19754,VOL,U24
6/11/2017 3:00,14.86,deg C,10678300,19754,VOL,U24
6/11/2017 4:00,14.79,deg C,10678300,19754,VOL,U24
6/11/2017 5:00,14.72,deg C,10678300,19754,VOL,U24
6/11/2017 6:00,14.72,deg C,10678300,19754,VOL,U24
6/11/2017 7:00,14.84,deg C,10678300,19754,VOL,U24
6/11/2017 8:00,15.02,deg C,10678300,19754,VOL,U24
6/11/2017 9:00,15.37,deg C,10678300,19754,VOL,U24
6/11/2017 10:00,15.68,deg C,10678300,19754,VOL,U24
6/11/2017 11:00,15.93,deg C,10678300,19754,VOL,U24
6/11/2017 12:00,16.27,deg C,10678300,19754,VOL,U24
6/11/2017 13:00,16.51,deg C,10678300,19754,VOL,U24
6/11/2017 14:00,16.66,deg C,10678300,19754,VOL,U24
6/11/2017 15:00,16.8,deg C,10678300,19754,VOL,U24
6/11/2017 16:00,16.96,deg C,10678300,19754,VOL,U24
6/11/2017 17:00,17.08,deg C,10678300,19754,VOL,U24
6/11/2017 18:00,17.17,deg C,10678300,19754,VOL,U24
6/11/2017 19:00,17.22,deg C,10678300,19754,VOL,U24
6/11/2017 20:00,17.22,deg C,10678300,19754,VOL,U24
6/11/2017 21:00,17.14,deg C,10678300,19754,VOL,U24
6/11/2017 22:00,17.08,deg C,10678300,19754,VOL,U24
6/11/2017 23:00,16.95,deg C,10678300,19754,VOL,U24
6/12/2017 0:00,16.81,deg C,10678300,19754,VOL,U24
6/12/2017 1:00,16.67,deg C,10678300,19754,VOL,U24
6/12/2017 2:00,16.52,deg C,10678300,19754,VOL,U24
6/12/2017 3:00,16.38,deg C,10678300,19754,VOL,U24
6/12/2017 4:00,16.23,deg C,10678300,19754,VOL,U24
6/12/2017 5:00,16.11,deg C,10678300,19754,VOL,U24
6/12/2017 6:00,16.03,deg C,10678300,19754,VOL,U24
6/12/2017 7:00,16.09,deg C,10678300,19754,VOL,U24
6/12/2017 8:00,16.22,deg C,10678300,19754,VOL,U24
6/12/2017 9:00,16.51,deg C,10678300,19754,VOL,U24
6/12/2017 10:00,16.77,deg C,10678300,19754,VOL,U24
6/12/2017 11:00,17.01,deg C,10678300,19754,VOL,U24
6/12/2017 12:00,17.25,deg C,10678300,19754,VOL,U24
6/12/2017 13:00,17.46,deg C,10678300,19754,VOL,U24
6/12/2017 14:00,17.59,deg C,10678300,19754,VOL,U24
6/12/2017 15:00,17.71,deg C,10678300,19754,VOL,U24
6/12/2017 16:00,17.83,deg C,10678300,19754,VOL,U24
6/12/2017 17:00,17.95,deg C,10678300,19754,VOL,U24
6/12/2017 18:00,18.03,deg C,10678300,19754,VOL,U24
6/12/2017 19:00,18.06,deg C,10678300,19754,VOL,U24
6/12/2017 20:00,18.03,deg C,10678300,19754,VOL,U24
6/12/2017 21:00,17.95,deg C,10678300,19754,VOL,U24
6/12/2017 22:00,17.87,deg C,10678300,19754,VOL,U24
6/12/2017 23:00,17.73,deg C,10678300,19754,VOL,U24
6/13/2017 0:00,17.58,deg C,10678300,19754,VOL,U24
6/13/2017 1:00,17.42,deg C,10678300,19754,VOL,U24
6/13/2017 2:00,17.26,deg C,10678300,19754,VOL,U24
6/13/2017 3:00,17.09,deg C,10678300,19754,VOL,U24
6/13/2017 4:00,16.95,deg C,10678300,19754,VOL,U24
6/13/2017 5:00,16.79,deg C,10678300,19754,VOL,U24
6/13/2017 6:00,16.71,deg C,10678300,19754,VOL,U24
6/13/2017 7:00,16.75,deg C,10678300,19754,VOL,U24
6/13/2017 8:00,16.89,deg C,10678300,19754,VOL,U24
6/13/2017 9:00,17.2,deg C,10678300,19754,VOL,U24
6/13/2017 10:00,17.45,deg C,10678300,19754,VOL,U24
6/13/2017 11:00,17.67,deg C,10678300,19754,VOL,U24
6/13/2017 12:00,17.94,deg C,10678300,19754,VOL,U24
6/13/2017 13:00,18.19,deg C,10678300,19754,VOL,U24
6/13/2017 14:00,18.24,deg C,10678300,19754,VOL,U24
6/13/2017 15:00,18.35,deg C,10678300,19754,VOL,U24
6/13/2017 16:00,18.45,deg C,10678300,19754,VOL,U24
6/13/2017 17:00,18.53,deg C,10678300,19754,VOL,U24
6/13/2017 18:00,18.57,deg C,10678300,19754,VOL,U24
6/13/2017 19:00,18.52,deg C,10678300,19754,VOL,U24
6/13/2017 20:00,18.43,deg C,10678300,19754,VOL,U24
6/13/2017 21:00,18.35,deg C,10678300,19754,VOL,U24
6/13/2017 22:00,18.24,deg C,10678300,19754,VOL,U24
6/13/2017 23:00,18.08,deg C,10678300,19754,VOL,U24
6/14/2017 0:00,17.93,deg C,10678300,19754,VOL,U24
6/14/2017 1:00,17.75,deg C,10678300,19754,VOL,U24
6/14/2017 2:00,17.59,deg C,10678300,19754,VOL,U24
6/14/2017 3:00,17.44,deg C,10678300,19754,VOL,U24
6/14/2017 4:00,17.28,deg C,10678300,19754,VOL,U24
6/14/2017 5:00,17.14,deg C,10678300,19754,VOL,U24
6/14/2017 6:00,17.03,deg C,10678300,19754,VOL,U24
6/14/2017 7:00,16.95,deg C,10678300,19754,VOL,U24
6/14/2017 8:00,16.87,deg C,10678300,19754,VOL,U24
6/14/2017 9:00,16.91,deg C,10678300,19754,VOL,U24
6/14/2017 10:00,16.95,deg C,10678300,19754,VOL,U24
6/14/2017 11:00,16.93,deg C,10678300,19754,VOL,U24
6/14/2017 12:00,17,deg C,10678300,19754,VOL,U24
6/14/2017 13:00,17.03,deg C,10678300,19754,VOL,U24
6/14/2017 14:00,16.96,deg C,10678300,19754,VOL,U24
6/14/2017 15:00,16.84,deg C,10678300,19754,VOL,U24
6/14/2017 16:00,16.75,deg C,10678300,19754,VOL,U24
6/14/2017 17:00,16.68,deg C,10678300,19754,VOL,U24
6/14/2017 18:00,16.63,deg C,10678300,19754,VOL,U24
6/14/2017 19:00,16.54,deg C,10678300,19754,VOL,U24
6/14/2017 20:00,16.42,deg C,10678300,19754,VOL,U24
6/14/2017 21:00,16.22,deg C,10678300,19754,VOL,U24
6/14/2017 22:00,15.98,deg C,10678300,19754,VOL,U24
6/14/2017 23:00,15.7,deg C,10678300,19754,VOL,U24
6/15/2017 0:00,15.41,deg C,10678300,19754,VOL,U24
6/15/2017 1:00,15.11,deg C,10678300,19754,VOL,U24
6/15/2017 2:00,14.86,deg C,10678300,19754,VOL,U24
6/15/2017 3:00,14.6,deg C,10678300,19754,VOL,U24
6/15/2017 4:00,14.38,deg C,10678300,19754,VOL,U24
6/15/2017 5:00,14.19,deg C,10678300,19754,VOL,U24
6/15/2017 6:00,14.09,deg C,10678300,19754,VOL,U24
6/15/2017 7:00,14.19,deg C,10678300,19754,VOL,U24
6/15/2017 8:00,14.38,deg C,10678300,19754,VOL,U24
6/15/2017 9:00,14.59,deg C,10678300,19754,VOL,U24
6/15/2017 10:00,14.75,deg C,10678300,19754,VOL,U24
6/15/2017 11:00,15.09,deg C,10678300,19754,VOL,U24
6/15/2017 12:00,15.2,deg C,10678300,19754,VOL,U24
6/15/2017 13:00,15.46,deg C,10678300,19754,VOL,U24
6/15/2017 14:00,15.56,deg C,10678300,19754,VOL,U24
6/15/2017 15:00,15.62,deg C,10678300,19754,VOL,U24
6/15/2017 16:00,15.66,deg C,10678300,19754,VOL,U24
6/15/2017 17:00,15.7,deg C,10678300,19754,VOL,U24
6/15/2017 18:00,15.65,deg C,10678300,19754,VOL,U24
6/15/2017 19:00,15.54,deg C,10678300,19754,VOL,U24
6/15/2017 20:00,15.45,deg C,10678300,19754,VOL,U24
6/15/2017 21:00,15.37,deg C,10678300,19754,VOL,U24
6/15/2017 22:00,15.29,deg C,10678300,19754,VOL,U24
6/15/2017 23:00,15.21,deg C,10678300,19754,VOL,U24
6/16/2017 0:00,15.13,deg C,10678300,19754,VOL,U24
6/16/2017 1:00,15.02,deg C,10678300,19754,VOL,U24
6/16/2017 2:00,14.95,deg C,10678300,19754,VOL,U24
6/16/2017 3:00,14.88,deg C,10678300,19754,VOL,U24
6/16/2017 4:00,14.84,deg C,10678300,19754,VOL,U24
6/16/2017 5:00,14.79,deg C,10678300,19754,VOL,U24
6/16/2017 6:00,14.78,deg C,10678300,19754,VOL,U24
6/16/2017 7:00,14.8,deg C,10678300,19754,VOL,U24
6/16/2017 8:00,14.87,deg C,10678300,19754,VOL,U24
6/16/2017 9:00,15,deg C,10678300,19754,VOL,U24
6/16/2017 10:00,15.15,deg C,10678300,19754,VOL,U24
6/16/2017 11:00,15.16,deg C,10678300,19754,VOL,U24
6/16/2017 12:00,15.28,deg C,10678300,19754,VOL,U24
6/16/2017 13:00,15.36,deg C,10678300,19754,VOL,U24
6/16/2017 14:00,15.41,deg C,10678300,19754,VOL,U24
6/16/2017 15:00,15.46,deg C,10678300,19754,VOL,U24
6/16/2017 16:00,15.45,deg C,10678300,19754,VOL,U24
6/16/2017 17:00,15.45,deg C,10678300,19754,VOL,U24
6/16/2017 18:00,15.44,deg C,10678300,19754,VOL,U24
6/16/2017 19:00,15.4,deg C,10678300,19754,VOL,U24
6/16/2017 20:00,15.36,deg C,10678300,19754,VOL,U24
6/16/2017 21:00,15.31,deg C,10678300,19754,VOL,U24
6/16/2017 22:00,15.27,deg C,10678300,19754,VOL,U24
6/16/2017 23:00,15.23,deg C,10678300,19754,VOL,U24
6/17/2017 0:00,15.19,deg C,10678300,19754,VOL,U24
6/17/2017 1:00,15.16,deg C,10678300,19754,VOL,U24
6/17/2017 2:00,15.13,deg C,10678300,19754,VOL,U24
6/17/2017 3:00,15.11,deg C,10678300,19754,VOL,U24
6/17/2017 4:00,15.07,deg C,10678300,19754,VOL,U24
6/17/2017 5:00,15.04,deg C,10678300,19754,VOL,U24
6/17/2017 6:00,15.04,deg C,10678300,19754,VOL,U24
6/17/2017 7:00,15.04,deg C,10678300,19754,VOL,U24
6/17/2017 8:00,15.08,deg C,10678300,19754,VOL,U24
6/17/2017 9:00,15.12,deg C,10678300,19754,VOL,U24
6/17/2017 10:00,15.21,deg C,10678300,19754,VOL,U24
6/17/2017 11:00,15.37,deg C,10678300,19754,VOL,U24
6/17/2017 12:00,15.5,deg C,10678300,19754,VOL,U24
6/17/2017 13:00,15.73,deg C,10678300,19754,VOL,U24
6/17/2017 14:00,15.84,deg C,10678300,19754,VOL,U24
6/17/2017 15:00,15.95,deg C,10678300,19754,VOL,U24
6/17/2017 16:00,16.13,deg C,10678300,19754,VOL,U24
6/17/2017 17:00,16.22,deg C,10678300,19754,VOL,U24
6/17/2017 18:00,16.23,deg C,10678300,19754,VOL,U24
6/17/2017 19:00,16.25,deg C,10678300,19754,VOL,U24
6/17/2017 20:00,16.27,deg C,10678300,19754,VOL,U24
6/17/2017 21:00,16.26,deg C,10678300,19754,VOL,U24
6/17/2017 22:00,16.26,deg C,10678300,19754,VOL,U24
6/17/2017 23:00,16.25,deg C,10678300,19754,VOL,U24
6/18/2017 0:00,16.23,deg C,10678300,19754,VOL,U24
6/18/2017 1:00,16.22,deg C,10678300,19754,VOL,U24
6/18/2017 2:00,16.18,deg C,10678300,19754,VOL,U24
6/18/2017 3:00,16.15,deg C,10678300,19754,VOL,U24
6/18/2017 4:00,16.13,deg C,10678300,19754,VOL,U24
6/18/2017 5:00,16.1,deg C,10678300,19754,VOL,U24
6/18/2017 6:00,16.07,deg C,10678300,19754,VOL,U24
6/18/2017 7:00,16.07,deg C,10678300,19754,VOL,U24
6/18/2017 8:00,16.09,deg C,10678300,19754,VOL,U24
6/18/2017 9:00,16.18,deg C,10678300,19754,VOL,U24
6/18/2017 10:00,16.39,deg C,10678300,19754,VOL,U24
6/18/2017 11:00,16.55,deg C,10678300,19754,VOL,U24
6/18/2017 12:00,16.83,deg C,10678300,19754,VOL,U24
6/18/2017 13:00,17.11,deg C,10678300,19754,VOL,U24
6/18/2017 14:00,17.22,deg C,10678300,19754,VOL,U24
6/18/2017 15:00,17.46,deg C,10678300,19754,VOL,U24
6/18/2017 16:00,17.65,deg C,10678300,19754,VOL,U24
6/18/2017 17:00,17.78,deg C,10678300,19754,VOL,U24
6/18/2017 18:00,17.89,deg C,10678300,19754,VOL,U24
6/18/2017 19:00,17.97,deg C,10678300,19754,VOL,U24
6/18/2017 20:00,17.98,deg C,10678300,19754,VOL,U24
6/18/2017 21:00,17.99,deg C,10678300,19754,VOL,U24
6/18/2017 22:00,17.93,deg C,10678300,19754,VOL,U24
6/18/2017 23:00,17.86,deg C,10678300,19754,VOL,U24
6/19/2017 0:00,17.81,deg C,10678300,19754,VOL,U24
6/19/2017 1:00,17.74,deg C,10678300,19754,VOL,U24
6/19/2017 2:00,17.67,deg C,10678300,19754,VOL,U24
6/19/2017 3:00,17.62,deg C,10678300,19754,VOL,U24
6/19/2017 4:00,17.61,deg C,10678300,19754,VOL,U24
6/19/2017 5:00,17.54,deg C,10678300,19754,VOL,U24
6/19/2017 6:00,17.5,deg C,10678300,19754,VOL,U24
6/19/2017 7:00,17.54,deg C,10678300,19754,VOL,U24
6/19/2017 8:00,17.61,deg C,10678300,19754,VOL,U24
6/19/2017 9:00,17.71,deg C,10678300,19754,VOL,U24
6/19/2017 10:00,18.1,deg C,10678300,19754,VOL,U24
6/19/2017 11:00,18.22,deg C,10678300,19754,VOL,U24
6/19/2017 12:00,18.32,deg C,10678300,19754,VOL,U24
6/19/2017 13:00,18.3,deg C,10678300,19754,VOL,U24
6/19/2017 14:00,18.48,deg C,10678300,19754,VOL,U24
6/19/2017 15:00,19.57,deg C,10678300,19754,VOL,U24
6/19/2017 16:00,19.54,deg C,10678300,19754,VOL,U24
6/19/2017 17:00,20.49,deg C,10678300,19754,VOL,U24
6/19/2017 18:00,20.4,deg C,10678300,19754,VOL,U24
6/19/2017 19:00,20.12,deg C,10678300,19754,VOL,U24
6/19/2017 20:00,19.86,deg C,10678300,19754,VOL,U24
6/19/2017 21:00,19.59,deg C,10678300,19754,VOL,U24
6/19/2017 22:00,19.38,deg C,10678300,19754,VOL,U24
6/19/2017 23:00,19.18,deg C,10678300,19754,VOL,U24
6/20/2017 0:00,19.01,deg C,10678300,19754,VOL,U24
6/20/2017 1:00,18.83,deg C,10678300,19754,VOL,U24
6/20/2017 2:00,18.65,deg C,10678300,19754,VOL,U24
6/20/2017 3:00,18.45,deg C,10678300,19754,VOL,U24
6/20/2017 4:00,18.31,deg C,10678300,19754,VOL,U24
6/20/2017 5:00,18.16,deg C,10678300,19754,VOL,U24
6/20/2017 6:00,18.06,deg C,10678300,19754,VOL,U24
6/20/2017 7:00,18.07,deg C,10678300,19754,VOL,U24
6/20/2017 8:00,18.1,deg C,10678300,19754,VOL,U24
6/20/2017 9:00,18.19,deg C,10678300,19754,VOL,U24
6/20/2017 10:00,18.24,deg C,10678300,19754,VOL,U24
6/20/2017 11:00,18.34,deg C,10678300,19754,VOL,U24
6/20/2017 12:00,18.43,deg C,10678300,19754,VOL,U24
6/20/2017 13:00,18.53,deg C,10678300,19754,VOL,U24
6/20/2017 14:00,18.6,deg C,10678300,19754,VOL,U24
6/20/2017 15:00,18.57,deg C,10678300,19754,VOL,U24
6/20/2017 16:00,18.55,deg C,10678300,19754,VOL,U24
6/20/2017 17:00,18.48,deg C,10678300,19754,VOL,U24
6/20/2017 18:00,18.39,deg C,10678300,19754,VOL,U24
6/20/2017 19:00,18.31,deg C,10678300,19754,VOL,U24
6/20/2017 20:00,18.16,deg C,10678300,19754,VOL,U24
6/20/2017 21:00,17.91,deg C,10678300,19754,VOL,U24
6/20/2017 22:00,17.62,deg C,10678300,19754,VOL,U24
6/20/2017 23:00,17.36,deg C,10678300,19754,VOL,U24
6/21/2017 0:00,17.05,deg C,10678300,19754,VOL,U24
6/21/2017 1:00,16.79,deg C,10678300,19754,VOL,U24
6/21/2017 2:00,16.52,deg C,10678300,19754,VOL,U24
6/21/2017 3:00,16.29,deg C,10678300,19754,VOL,U24
6/21/2017 4:00,16.1,deg C,10678300,19754,VOL,U24
6/21/2017 5:00,15.95,deg C,10678300,19754,VOL,U24
6/21/2017 6:00,15.9,deg C,10678300,19754,VOL,U24
6/21/2017 7:00,16.03,deg C,10678300,19754,VOL,U24
6/21/2017 8:00,16.13,deg C,10678300,19754,VOL,U24
6/21/2017 9:00,16.25,deg C,10678300,19754,VOL,U24
6/21/2017 10:00,16.44,deg C,10678300,19754,VOL,U24
6/21/2017 11:00,16.67,deg C,10678300,19754,VOL,U24
6/21/2017 12:00,16.88,deg C,10678300,19754,VOL,U24
6/21/2017 13:00,17.09,deg C,10678300,19754,VOL,U24
6/21/2017 14:00,17.2,deg C,10678300,19754,VOL,U24
6/21/2017 15:00,17.33,deg C,10678300,19754,VOL,U24
6/21/2017 16:00,17.41,deg C,10678300,19754,VOL,U24
6/21/2017 17:00,17.46,deg C,10678300,19754,VOL,U24
6/21/2017 18:00,17.5,deg C,10678300,19754,VOL,U24
6/21/2017 19:00,17.52,deg C,10678300,19754,VOL,U24
6/21/2017 20:00,17.41,deg C,10678300,19754,VOL,U24
6/21/2017 21:00,17.21,deg C,10678300,19754,VOL,U24
6/21/2017 22:00,16.96,deg C,10678300,19754,VOL,U24
6/21/2017 23:00,16.73,deg C,10678300,19754,VOL,U24
6/22/2017 0:00,16.47,deg C,10678300,19754,VOL,U24
6/22/2017 1:00,16.21,deg C,10678300,19754,VOL,U24
6/22/2017 2:00,15.95,deg C,10678300,19754,VOL,U24
6/22/2017 3:00,15.72,deg C,10678300,19754,VOL,U24
6/22/2017 4:00,15.46,deg C,10678300,19754,VOL,U24
6/22/2017 5:00,15.25,deg C,10678300,19754,VOL,U24
6/22/2017 6:00,15.16,deg C,10678300,19754,VOL,U24
6/22/2017 7:00,15.2,deg C,10678300,19754,VOL,U24
6/22/2017 8:00,15.4,deg C,10678300,19754,VOL,U24
6/22/2017 9:00,15.65,deg C,10678300,19754,VOL,U24
6/22/2017 10:00,15.87,deg C,10678300,19754,VOL,U24
6/22/2017 11:00,16.07,deg C,10678300,19754,VOL,U24
6/22/2017 12:00,16.3,deg C,10678300,19754,VOL,U24
6/22/2017 13:00,16.52,deg C,10678300,19754,VOL,U24
6/22/2017 14:00,16.72,deg C,10678300,19754,VOL,U24
6/22/2017 15:00,16.96,deg C,10678300,19754,VOL,U24
6/22/2017 16:00,17.12,deg C,10678300,19754,VOL,U24
6/22/2017 17:00,17.32,deg C,10678300,19754,VOL,U24
6/22/2017 18:00,17.46,deg C,10678300,19754,VOL,U24
6/22/2017 19:00,17.58,deg C,10678300,19754,VOL,U24
6/22/2017 20:00,17.61,deg C,10678300,19754,VOL,U24
6/22/2017 21:00,17.58,deg C,10678300,19754,VOL,U24
6/22/2017 22:00,17.53,deg C,10678300,19754,VOL,U24
6/22/2017 23:00,17.41,deg C,10678300,19754,VOL,U24
6/23/2017 0:00,17.29,deg C,10678300,19754,VOL,U24
6/23/2017 1:00,17.17,deg C,10678300,19754,VOL,U24
6/23/2017 2:00,17.04,deg C,10678300,19754,VOL,U24
6/23/2017 3:00,16.93,deg C,10678300,19754,VOL,U24
6/23/2017 4:00,16.85,deg C,10678300,19754,VOL,U24
6/23/2017 5:00,16.77,deg C,10678300,19754,VOL,U24
6/23/2017 6:00,16.73,deg C,10678300,19754,VOL,U24
6/23/2017 7:00,16.85,deg C,10678300,19754,VOL,U24
6/23/2017 8:00,17.04,deg C,10678300,19754,VOL,U24
6/23/2017 9:00,17.28,deg C,10678300,19754,VOL,U24
6/23/2017 10:00,17.65,deg C,10678300,19754,VOL,U24
6/23/2017 11:00,17.74,deg C,10678300,19754,VOL,U24
6/23/2017 12:00,18.02,deg C,10678300,19754,VOL,U24
6/23/2017 13:00,18.14,deg C,10678300,19754,VOL,U24
6/23/2017 14:00,18.22,deg C,10678300,19754,VOL,U24
6/23/2017 15:00,18.34,deg C,10678300,19754,VOL,U24
6/23/2017 16:00,18.39,deg C,10678300,19754,VOL,U24
6/23/2017 17:00,18.48,deg C,10678300,19754,VOL,U24
6/23/2017 18:00,18.48,deg C,10678300,19754,VOL,U24
6/23/2017 19:00,18.49,deg C,10678300,19754,VOL,U24
6/23/2017 20:00,18.47,deg C,10678300,19754,VOL,U24
6/23/2017 21:00,18.43,deg C,10678300,19754,VOL,U24
6/23/2017 22:00,18.41,deg C,10678300,19754,VOL,U24
6/23/2017 23:00,18.4,deg C,10678300,19754,VOL,U24
6/24/2017 0:00,18.38,deg C,10678300,19754,VOL,U24
6/24/2017 1:00,18.34,deg C,10678300,19754,VOL,U24
6/24/2017 2:00,18.31,deg C,10678300,19754,VOL,U24
6/24/2017 3:00,18.31,deg C,10678300,19754,VOL,U24
6/24/2017 4:00,18.27,deg C,10678300,19754,VOL,U24
6/24/2017 5:00,18.23,deg C,10678300,19754,VOL,U24
6/24/2017 6:00,18.22,deg C,10678300,19754,VOL,U24
6/24/2017 7:00,18.22,deg C,10678300,19754,VOL,U24
6/24/2017 8:00,18.27,deg C,10678300,19754,VOL,U24
6/24/2017 9:00,18.41,deg C,10678300,19754,VOL,U24
6/24/2017 10:00,18.52,deg C,10678300,19754,VOL,U24
6/24/2017 11:00,18.64,deg C,10678300,19754,VOL,U24
6/24/2017 12:00,18.72,deg C,10678300,19754,VOL,U24
6/24/2017 13:00,18.77,deg C,10678300,19754,VOL,U24
6/24/2017 14:00,18.84,deg C,10678300,19754,VOL,U24
6/24/2017 15:00,18.79,deg C,10678300,19754,VOL,U24
6/24/2017 16:00,18.76,deg C,10678300,19754,VOL,U24
6/24/2017 17:00,18.67,deg C,10678300,19754,VOL,U24
6/24/2017 18:00,18.61,deg C,10678300,19754,VOL,U24
6/24/2017 19:00,18.53,deg C,10678300,19754,VOL,U24
6/24/2017 20:00,18.41,deg C,10678300,19754,VOL,U24
6/24/2017 21:00,18.23,deg C,10678300,19754,VOL,U24
6/24/2017 22:00,18.11,deg C,10678300,19754,VOL,U24
6/24/2017 23:00,17.97,deg C,10678300,19754,VOL,U24
6/25/2017 0:00,17.83,deg C,10678300,19754,VOL,U24
6/25/2017 1:00,17.62,deg C,10678300,19754,VOL,U24
6/25/2017 2:00,17.34,deg C,10678300,19754,VOL,U24
6/25/2017 3:00,17.09,deg C,10678300,19754,VOL,U24
6/25/2017 4:00,16.88,deg C,10678300,19754,VOL,U24
6/25/2017 5:00,16.7,deg C,10678300,19754,VOL,U24
6/25/2017 6:00,16.58,deg C,10678300,19754,VOL,U24
6/25/2017 7:00,16.52,deg C,10678300,19754,VOL,U24
6/25/2017 8:00,16.67,deg C,10678300,19754,VOL,U24
6/25/2017 9:00,16.96,deg C,10678300,19754,VOL,U24
6/25/2017 10:00,17.21,deg C,10678300,19754,VOL,U24
6/25/2017 11:00,17.42,deg C,10678300,19754,VOL,U24
6/25/2017 12:00,17.61,deg C,10678300,19754,VOL,U24
6/25/2017 13:00,17.7,deg C,10678300,19754,VOL,U24
6/25/2017 14:00,17.66,deg C,10678300,19754,VOL,U24
6/25/2017 15:00,17.87,deg C,10678300,19754,VOL,U24
6/25/2017 16:00,17.91,deg C,10678300,19754,VOL,U24
6/25/2017 17:00,17.93,deg C,10678300,19754,VOL,U24
6/25/2017 18:00,17.97,deg C,10678300,19754,VOL,U24
6/25/2017 19:00,17.95,deg C,10678300,19754,VOL,U24
6/25/2017 20:00,17.83,deg C,10678300,19754,VOL,U24
6/25/2017 21:00,17.67,deg C,10678300,19754,VOL,U24
6/25/2017 22:00,17.48,deg C,10678300,19754,VOL,U24
6/25/2017 23:00,17.22,deg C,10678300,19754,VOL,U24
6/26/2017 0:00,16.92,deg C,10678300,19754,VOL,U24
6/26/2017 1:00,16.66,deg C,10678300,19754,VOL,U24
6/26/2017 2:00,16.35,deg C,10678300,19754,VOL,U24
6/26/2017 3:00,16.07,deg C,10678300,19754,VOL,U24
6/26/2017 4:00,15.77,deg C,10678300,19754,VOL,U24
6/26/2017 5:00,15.52,deg C,10678300,19754,VOL,U24
6/26/2017 6:00,15.39,deg C,10678300,19754,VOL,U24
6/26/2017 7:00,15.44,deg C,10678300,19754,VOL,U24
6/26/2017 8:00,15.56,deg C,10678300,19754,VOL,U24
6/26/2017 9:00,15.77,deg C,10678300,19754,VOL,U24
6/26/2017 10:00,15.9,deg C,10678300,19754,VOL,U24
6/26/2017 11:00,15.99,deg C,10678300,19754,VOL,U24
6/26/2017 12:00,16.25,deg C,10678300,19754,VOL,U24
6/26/2017 13:00,16.3,deg C,10678300,19754,VOL,U24
6/26/2017 14:00,16.46,deg C,10678300,19754,VOL,U24
6/26/2017 15:00,16.58,deg C,10678300,19754,VOL,U24
6/26/2017 16:00,16.63,deg C,10678300,19754,VOL,U24
6/26/2017 17:00,16.62,deg C,10678300,19754,VOL,U24
6/26/2017 18:00,16.64,deg C,10678300,19754,VOL,U24
6/26/2017 19:00,16.66,deg C,10678300,19754,VOL,U24
6/26/2017 20:00,16.55,deg C,10678300,19754,VOL,U24
6/26/2017 21:00,16.4,deg C,10678300,19754,VOL,U24
6/26/2017 22:00,16.23,deg C,10678300,19754,VOL,U24
6/26/2017 23:00,16.01,deg C,10678300,19754,VOL,U24
6/27/2017 0:00,15.8,deg C,10678300,19754,VOL,U24
6/27/2017 1:00,15.66,deg C,10678300,19754,VOL,U24
6/27/2017 2:00,15.52,deg C,10678300,19754,VOL,U24
6/27/2017 3:00,15.37,deg C,10678300,19754,VOL,U24
6/27/2017 4:00,15.24,deg C,10678300,19754,VOL,U24
6/27/2017 5:00,15.13,deg C,10678300,19754,VOL,U24
6/27/2017 6:00,15.08,deg C,10678300,19754,VOL,U24
6/27/2017 7:00,15.09,deg C,10678300,19754,VOL,U24
6/27/2017 8:00,15.2,deg C,10678300,19754,VOL,U24
6/27/2017 9:00,15.41,deg C,10678300,19754,VOL,U24
6/27/2017 10:00,15.48,deg C,10678300,19754,VOL,U24
6/27/2017 11:00,15.7,deg C,10678300,19754,VOL,U24
6/27/2017 12:00,15.94,deg C,10678300,19754,VOL,U24
6/27/2017 13:00,16.07,deg C,10678300,19754,VOL,U24
6/27/2017 14:00,16.11,deg C,10678300,19754,VOL,U24
6/27/2017 15:00,16.22,deg C,10678300,19754,VOL,U24
6/27/2017 16:00,16.31,deg C,10678300,19754,VOL,U24
6/27/2017 17:00,16.27,deg C,10678300,19754,VOL,U24
6/27/2017 18:00,16.18,deg C,10678300,19754,VOL,U24
6/27/2017 19:00,16.05,deg C,10678300,19754,VOL,U24
6/27/2017 20:00,15.93,deg C,10678300,19754,VOL,U24
6/27/2017 21:00,15.77,deg C,10678300,19754,VOL,U24
6/27/2017 22:00,15.56,deg C,10678300,19754,VOL,U24
6/27/2017 23:00,15.33,deg C,10678300,19754,VOL,U24
6/28/2017 0:00,15.08,deg C,10678300,19754,VOL,U24
6/28/2017 1:00,14.83,deg C,10678300,19754,VOL,U24
6/28/2017 2:00,14.58,deg C,10678300,19754,VOL,U24
6/28/2017 3:00,14.34,deg C,10678300,19754,VOL,U24
6/28/2017 4:00,14.09,deg C,10678300,19754,VOL,U24
6/28/2017 5:00,13.89,deg C,10678300,19754,VOL,U24
6/28/2017 6:00,13.81,deg C,10678300,19754,VOL,U24
6/28/2017 7:00,13.92,deg C,10678300,19754,VOL,U24
6/28/2017 8:00,14.16,deg C,10678300,19754,VOL,U24
6/28/2017 9:00,14.45,deg C,10678300,19754,VOL,U24
6/28/2017 10:00,14.7,deg C,10678300,19754,VOL,U24
6/28/2017 11:00,14.88,deg C,10678300,19754,VOL,U24
6/28/2017 12:00,15.12,deg C,10678300,19754,VOL,U24
6/28/2017 13:00,15.32,deg C,10678300,19754,VOL,U24
6/28/2017 14:00,15.56,deg C,10678300,19754,VOL,U24
6/28/2017 15:00,15.66,deg C,10678300,19754,VOL,U24
6/28/2017 16:00,15.81,deg C,10678300,19754,VOL,U24
6/28/2017 17:00,15.87,deg C,10678300,19754,VOL,U24
6/28/2017 18:00,15.94,deg C,10678300,19754,VOL,U24
6/28/2017 19:00,15.98,deg C,10678300,19754,VOL,U24
6/28/2017 20:00,15.97,deg C,10678300,19754,VOL,U24
6/28/2017 21:00,15.87,deg C,10678300,19754,VOL,U24
6/28/2017 22:00,15.76,deg C,10678300,19754,VOL,U24
6/28/2017 23:00,15.62,deg C,10678300,19754,VOL,U24
6/29/2017 0:00,15.46,deg C,10678300,19754,VOL,U24
6/29/2017 1:00,15.32,deg C,10678300,19754,VOL,U24
6/29/2017 2:00,15.17,deg C,10678300,19754,VOL,U24
6/29/2017 3:00,15.05,deg C,10678300,19754,VOL,U24
6/29/2017 4:00,14.98,deg C,10678300,19754,VOL,U24
6/29/2017 5:00,14.94,deg C,10678300,19754,VOL,U24
6/29/2017 6:00,14.91,deg C,10678300,19754,VOL,U24
6/29/2017 7:00,15,deg C,10678300,19754,VOL,U24
6/29/2017 8:00,15.17,deg C,10678300,19754,VOL,U24
6/29/2017 9:00,15.41,deg C,10678300,19754,VOL,U24
6/29/2017 10:00,15.72,deg C,10678300,19754,VOL,U24
6/29/2017 11:00,15.86,deg C,10678300,19754,VOL,U24
6/29/2017 12:00,16.23,deg C,10678300,19754,VOL,U24
6/29/2017 13:00,16.4,deg C,10678300,19754,VOL,U24
6/29/2017 14:00,16.63,deg C,10678300,19754,VOL,U24
6/29/2017 15:00,16.75,deg C,10678300,19754,VOL,U24
6/29/2017 16:00,16.96,deg C,10678300,19754,VOL,U24
6/29/2017 17:00,17.09,deg C,10678300,19754,VOL,U24
6/29/2017 18:00,17.18,deg C,10678300,19754,VOL,U24
6/29/2017 19:00,17.24,deg C,10678300,19754,VOL,U24
6/29/2017 20:00,17.26,deg C,10678300,19754,VOL,U24
6/29/2017 21:00,17.26,deg C,10678300,19754,VOL,U24
6/29/2017 22:00,17.24,deg C,10678300,19754,VOL,U24
6/29/2017 23:00,17.18,deg C,10678300,19754,VOL,U24
6/30/2017 0:00,17.14,deg C,10678300,19754,VOL,U24
6/30/2017 1:00,17.09,deg C,10678300,19754,VOL,U24
6/30/2017 2:00,17.05,deg C,10678300,19754,VOL,U24
6/30/2017 3:00,16.99,deg C,10678300,19754,VOL,U24
6/30/2017 4:00,16.95,deg C,10678300,19754,VOL,U24
6/30/2017 5:00,16.93,deg C,10678300,19754,VOL,U24
6/30/2017 6:00,16.91,deg C,10678300,19754,VOL,U24
6/30/2017 7:00,16.95,deg C,10678300,19754,VOL,U24
6/30/2017 8:00,17.03,deg C,10678300,19754,VOL,U24
6/30/2017 9:00,17.12,deg C,10678300,19754,VOL,U24
6/30/2017 10:00,17.32,deg C,10678300,19754,VOL,U24
6/30/2017 11:00,17.63,deg C,10678300,19754,VOL,U24
6/30/2017 12:00,17.98,deg C,10678300,19754,VOL,U24
6/30/2017 13:00,18.2,deg C,10678300,19754,VOL,U24
6/30/2017 14:00,18.38,deg C,10678300,19754,VOL,U24
6/30/2017 15:00,18.51,deg C,10678300,19754,VOL,U24
6/30/2017 16:00,18.61,deg C,10678300,19754,VOL,U24
6/30/2017 17:00,18.89,deg C,10678300,19754,VOL,U24
6/30/2017 18:00,18.86,deg C,10678300,19754,VOL,U24
6/30/2017 19:00,18.98,deg C,10678300,19754,VOL,U24
6/30/2017 20:00,18.9,deg C,10678300,19754,VOL,U24
6/30/2017 21:00,19.01,deg C,10678300,19754,VOL,U24
6/30/2017 22:00,19.06,deg C,10678300,19754,VOL,U24
6/30/2017 23:00,19.01,deg C,10678300,19754,VOL,U24
7/1/2017 0:00,18.85,deg C,10678300,19754,VOL,U24
7/1/2017 1:00,18.69,deg C,10678300,19754,VOL,U24
7/1/2017 2:00,18.56,deg C,10678300,19754,VOL,U24
7/1/2017 3:00,18.44,deg C,10678300,19754,VOL,U24
7/1/2017 4:00,18.34,deg C,10678300,19754,VOL,U24
7/1/2017 5:00,18.26,deg C,10678300,19754,VOL,U24
7/1/2017 6:00,18.22,deg C,10678300,19754,VOL,U24
7/1/2017 7:00,18.3,deg C,10678300,19754,VOL,U24
7/1/2017 8:00,18.38,deg C,10678300,19754,VOL,U24
7/1/2017 9:00,18.6,deg C,10678300,19754,VOL,U24
7/1/2017 10:00,18.79,deg C,10678300,19754,VOL,U24
7/1/2017 11:00,19.01,deg C,10678300,19754,VOL,U24
7/1/2017 12:00,19.1,deg C,10678300,19754,VOL,U24
7/1/2017 13:00,19.21,deg C,10678300,19754,VOL,U24
7/1/2017 14:00,19.37,deg C,10678300,19754,VOL,U24
7/1/2017 15:00,19.45,deg C,10678300,19754,VOL,U24
7/1/2017 16:00,19.53,deg C,10678300,19754,VOL,U24
7/1/2017 17:00,19.57,deg C,10678300,19754,VOL,U24
7/1/2017 18:00,19.57,deg C,10678300,19754,VOL,U24
7/1/2017 19:00,19.59,deg C,10678300,19754,VOL,U24
7/1/2017 20:00,19.5,deg C,10678300,19754,VOL,U24
7/1/2017 21:00,19.37,deg C,10678300,19754,VOL,U24
7/1/2017 22:00,19.25,deg C,10678300,19754,VOL,U24
7/1/2017 23:00,19.1,deg C,10678300,19754,VOL,U24
7/2/2017 0:00,19,deg C,10678300,19754,VOL,U24
7/2/2017 1:00,18.9,deg C,10678300,19754,VOL,U24
7/2/2017 2:00,18.84,deg C,10678300,19754,VOL,U24
7/2/2017 3:00,18.76,deg C,10678300,19754,VOL,U24
7/2/2017 4:00,18.67,deg C,10678300,19754,VOL,U24
7/2/2017 5:00,18.57,deg C,10678300,19754,VOL,U24
7/2/2017 6:00,18.51,deg C,10678300,19754,VOL,U24
7/2/2017 7:00,18.56,deg C,10678300,19754,VOL,U24
7/2/2017 8:00,18.59,deg C,10678300,19754,VOL,U24
7/2/2017 9:00,18.75,deg C,10678300,19754,VOL,U24
7/2/2017 10:00,18.94,deg C,10678300,19754,VOL,U24
7/2/2017 11:00,19.05,deg C,10678300,19754,VOL,U24
7/2/2017 12:00,19.14,deg C,10678300,19754,VOL,U24
7/2/2017 13:00,19.31,deg C,10678300,19754,VOL,U24
7/2/2017 14:00,19.42,deg C,10678300,19754,VOL,U24
7/2/2017 15:00,19.47,deg C,10678300,19754,VOL,U24
7/2/2017 16:00,19.51,deg C,10678300,19754,VOL,U24
7/2/2017 17:00,19.54,deg C,10678300,19754,VOL,U24
7/2/2017 18:00,19.58,deg C,10678300,19754,VOL,U24
7/2/2017 19:00,19.59,deg C,10678300,19754,VOL,U24
7/2/2017 20:00,19.59,deg C,10678300,19754,VOL,U24
7/2/2017 21:00,19.43,deg C,10678300,19754,VOL,U24
7/2/2017 22:00,19.33,deg C,10678300,19754,VOL,U24
7/2/2017 23:00,19.12,deg C,10678300,19754,VOL,U24
7/3/2017 0:00,18.9,deg C,10678300,19754,VOL,U24
7/3/2017 1:00,18.73,deg C,10678300,19754,VOL,U24
7/3/2017 2:00,18.59,deg C,10678300,19754,VOL,U24
7/3/2017 3:00,18.47,deg C,10678300,19754,VOL,U24
7/3/2017 4:00,18.27,deg C,10678300,19754,VOL,U24
7/3/2017 5:00,18.12,deg C,10678300,19754,VOL,U24
7/3/2017 6:00,18.02,deg C,10678300,19754,VOL,U24
7/3/2017 7:00,17.98,deg C,10678300,19754,VOL,U24
7/3/2017 8:00,18.08,deg C,10678300,19754,VOL,U24
7/3/2017 9:00,18.35,deg C,10678300,19754,VOL,U24
7/3/2017 10:00,18.59,deg C,10678300,19754,VOL,U24
7/3/2017 11:00,18.77,deg C,10678300,19754,VOL,U24
7/3/2017 12:00,18.92,deg C,10678300,19754,VOL,U24
7/3/2017 13:00,19.1,deg C,10678300,19754,VOL,U24
7/3/2017 14:00,19.18,deg C,10678300,19754,VOL,U24
7/3/2017 15:00,19.26,deg C,10678300,19754,VOL,U24
7/3/2017 16:00,19.26,deg C,10678300,19754,VOL,U24
7/3/2017 17:00,19.24,deg C,10678300,19754,VOL,U24
7/3/2017 18:00,19.22,deg C,10678300,19754,VOL,U24
7/3/2017 19:00,19.17,deg C,10678300,19754,VOL,U24
7/3/2017 20:00,19.04,deg C,10678300,19754,VOL,U24
7/3/2017 21:00,18.86,deg C,10678300,19754,VOL,U24
7/3/2017 22:00,18.65,deg C,10678300,19754,VOL,U24
7/3/2017 23:00,18.4,deg C,10678300,19754,VOL,U24
7/4/2017 0:00,18.18,deg C,10678300,19754,VOL,U24
7/4/2017 1:00,17.97,deg C,10678300,19754,VOL,U24
7/4/2017 2:00,17.73,deg C,10678300,19754,VOL,U24
7/4/2017 3:00,17.49,deg C,10678300,19754,VOL,U24
7/4/2017 4:00,17.22,deg C,10678300,19754,VOL,U24
7/4/2017 5:00,17,deg C,10678300,19754,VOL,U24
7/4/2017 6:00,16.88,deg C,10678300,19754,VOL,U24
7/4/2017 7:00,16.88,deg C,10678300,19754,VOL,U24
7/4/2017 8:00,16.93,deg C,10678300,19754,VOL,U24
7/4/2017 9:00,17.16,deg C,10678300,19754,VOL,U24
7/4/2017 10:00,17.4,deg C,10678300,19754,VOL,U24
7/4/2017 11:00,17.56,deg C,10678300,19754,VOL,U24
7/4/2017 12:00,17.75,deg C,10678300,19754,VOL,U24
7/4/2017 13:00,17.87,deg C,10678300,19754,VOL,U24
7/4/2017 14:00,17.91,deg C,10678300,19754,VOL,U24
7/4/2017 15:00,17.97,deg C,10678300,19754,VOL,U24
7/4/2017 16:00,17.99,deg C,10678300,19754,VOL,U24
7/4/2017 17:00,18.06,deg C,10678300,19754,VOL,U24
7/4/2017 18:00,18.11,deg C,10678300,19754,VOL,U24
7/4/2017 19:00,18.1,deg C,10678300,19754,VOL,U24
7/4/2017 20:00,18.02,deg C,10678300,19754,VOL,U24
7/4/2017 21:00,17.89,deg C,10678300,19754,VOL,U24
7/4/2017 22:00,17.7,deg C,10678300,19754,VOL,U24
7/4/2017 23:00,17.52,deg C,10678300,19754,VOL,U24
7/5/2017 0:00,17.32,deg C,10678300,19754,VOL,U24
7/5/2017 1:00,17.11,deg C,10678300,19754,VOL,U24
7/5/2017 2:00,16.92,deg C,10678300,19754,VOL,U24
7/5/2017 3:00,16.73,deg C,10678300,19754,VOL,U24
7/5/2017 4:00,16.55,deg C,10678300,19754,VOL,U24
7/5/2017 5:00,16.38,deg C,10678300,19754,VOL,U24
7/5/2017 6:00,16.31,deg C,10678300,19754,VOL,U24
7/5/2017 7:00,16.35,deg C,10678300,19754,VOL,U24
7/5/2017 8:00,16.5,deg C,10678300,19754,VOL,U24
7/5/2017 9:00,16.76,deg C,10678300,19754,VOL,U24
7/5/2017 10:00,17.04,deg C,10678300,19754,VOL,U24
7/5/2017 11:00,17.26,deg C,10678300,19754,VOL,U24
7/5/2017 12:00,17.5,deg C,10678300,19754,VOL,U24
7/5/2017 13:00,17.67,deg C,10678300,19754,VOL,U24
7/5/2017 14:00,17.79,deg C,10678300,19754,VOL,U24
7/5/2017 15:00,17.87,deg C,10678300,19754,VOL,U24
7/5/2017 16:00,18.04,deg C,10678300,19754,VOL,U24
7/5/2017 17:00,18.18,deg C,10678300,19754,VOL,U24
7/5/2017 18:00,18.24,deg C,10678300,19754,VOL,U24
7/5/2017 19:00,18.26,deg C,10678300,19754,VOL,U24
7/5/2017 20:00,18.2,deg C,10678300,19754,VOL,U24
7/5/2017 21:00,18.1,deg C,10678300,19754,VOL,U24
7/5/2017 22:00,17.98,deg C,10678300,19754,VOL,U24
7/5/2017 23:00,17.83,deg C,10678300,19754,VOL,U24
7/6/2017 0:00,17.67,deg C,10678300,19754,VOL,U24
7/6/2017 1:00,17.54,deg C,10678300,19754,VOL,U24
7/6/2017 2:00,17.38,deg C,10678300,19754,VOL,U24
7/6/2017 3:00,17.25,deg C,10678300,19754,VOL,U24
7/6/2017 4:00,17.11,deg C,10678300,19754,VOL,U24
7/6/2017 5:00,16.97,deg C,10678300,19754,VOL,U24
7/6/2017 6:00,16.91,deg C,10678300,19754,VOL,U24
7/6/2017 7:00,16.91,deg C,10678300,19754,VOL,U24
7/6/2017 8:00,16.99,deg C,10678300,19754,VOL,U24
7/6/2017 9:00,17.05,deg C,10678300,19754,VOL,U24
7/6/2017 10:00,17.14,deg C,10678300,19754,VOL,U24
7/6/2017 11:00,17.4,deg C,10678300,19754,VOL,U24
7/6/2017 12:00,17.5,deg C,10678300,19754,VOL,U24
7/6/2017 13:00,17.7,deg C,10678300,19754,VOL,U24
7/6/2017 14:00,17.78,deg C,10678300,19754,VOL,U24
7/6/2017 15:00,17.83,deg C,10678300,19754,VOL,U24
7/6/2017 16:00,17.91,deg C,10678300,19754,VOL,U24
7/6/2017 17:00,17.94,deg C,10678300,19754,VOL,U24
7/6/2017 18:00,17.99,deg C,10678300,19754,VOL,U24
7/6/2017 19:00,18,deg C,10678300,19754,VOL,U24
7/6/2017 20:00,17.94,deg C,10678300,19754,VOL,U24
7/6/2017 21:00,17.86,deg C,10678300,19754,VOL,U24
7/6/2017 22:00,17.81,deg C,10678300,19754,VOL,U24
7/6/2017 23:00,17.74,deg C,10678300,19754,VOL,U24
7/7/2017 0:00,17.65,deg C,10678300,19754,VOL,U24
7/7/2017 1:00,17.57,deg C,10678300,19754,VOL,U24
7/7/2017 2:00,17.5,deg C,10678300,19754,VOL,U24
7/7/2017 3:00,17.42,deg C,10678300,19754,VOL,U24
7/7/2017 4:00,17.33,deg C,10678300,19754,VOL,U24
7/7/2017 5:00,17.25,deg C,10678300,19754,VOL,U24
7/7/2017 6:00,17.18,deg C,10678300,19754,VOL,U24
7/7/2017 7:00,17.12,deg C,10678300,19754,VOL,U24
7/7/2017 8:00,17.08,deg C,10678300,19754,VOL,U24
7/7/2017 9:00,17.07,deg C,10678300,19754,VOL,U24
7/7/2017 10:00,17.05,deg C,10678300,19754,VOL,U24
7/7/2017 11:00,17.05,deg C,10678300,19754,VOL,U24
7/7/2017 12:00,17.13,deg C,10678300,19754,VOL,U24
7/7/2017 13:00,17.38,deg C,10678300,19754,VOL,U24
7/7/2017 14:00,17.7,deg C,10678300,19754,VOL,U24
7/7/2017 15:00,17.91,deg C,10678300,19754,VOL,U24
7/7/2017 16:00,18,deg C,10678300,19754,VOL,U24
7/7/2017 17:00,18.08,deg C,10678300,19754,VOL,U24
7/7/2017 18:00,18.12,deg C,10678300,19754,VOL,U24
7/7/2017 19:00,18.18,deg C,10678300,19754,VOL,U24
7/7/2017 20:00,18.19,deg C,10678300,19754,VOL,U24
7/7/2017 21:00,18.18,deg C,10678300,19754,VOL,U24
7/7/2017 22:00,18.15,deg C,10678300,19754,VOL,U24
7/7/2017 23:00,18.08,deg C,10678300,19754,VOL,U24
7/8/2017 0:00,18.04,deg C,10678300,19754,VOL,U24
7/8/2017 1:00,17.98,deg C,10678300,19754,VOL,U24
7/8/2017 2:00,17.91,deg C,10678300,19754,VOL,U24
7/8/2017 3:00,17.85,deg C,10678300,19754,VOL,U24
7/8/2017 4:00,17.78,deg C,10678300,19754,VOL,U24
7/8/2017 5:00,17.71,deg C,10678300,19754,VOL,U24
7/8/2017 6:00,17.66,deg C,10678300,19754,VOL,U24
7/8/2017 7:00,17.73,deg C,10678300,19754,VOL,U24
7/8/2017 8:00,17.75,deg C,10678300,19754,VOL,U24
7/8/2017 9:00,17.99,deg C,10678300,19754,VOL,U24
7/8/2017 10:00,18.18,deg C,10678300,19754,VOL,U24
7/8/2017 11:00,18.55,deg C,10678300,19754,VOL,U24
7/8/2017 12:00,18.75,deg C,10678300,19754,VOL,U24
7/8/2017 13:00,18.9,deg C,10678300,19754,VOL,U24
7/8/2017 14:00,19.06,deg C,10678300,19754,VOL,U24
7/8/2017 15:00,19.14,deg C,10678300,19754,VOL,U24
7/8/2017 16:00,19.24,deg C,10678300,19754,VOL,U24
7/8/2017 17:00,19.2,deg C,10678300,19754,VOL,U24
7/8/2017 18:00,19.12,deg C,10678300,19754,VOL,U24
7/8/2017 19:00,19.05,deg C,10678300,19754,VOL,U24
7/8/2017 20:00,18.93,deg C,10678300,19754,VOL,U24
7/8/2017 21:00,18.77,deg C,10678300,19754,VOL,U24
7/8/2017 22:00,18.6,deg C,10678300,19754,VOL,U24
7/8/2017 23:00,18.43,deg C,10678300,19754,VOL,U24
7/9/2017 0:00,18.24,deg C,10678300,19754,VOL,U24
7/9/2017 1:00,18.08,deg C,10678300,19754,VOL,U24
7/9/2017 2:00,17.85,deg C,10678300,19754,VOL,U24
7/9/2017 3:00,17.61,deg C,10678300,19754,VOL,U24
7/9/2017 4:00,17.36,deg C,10678300,19754,VOL,U24
7/9/2017 5:00,17.12,deg C,10678300,19754,VOL,U24
7/9/2017 6:00,17.01,deg C,10678300,19754,VOL,U24
7/9/2017 7:00,17.03,deg C,10678300,19754,VOL,U24
7/9/2017 8:00,17.07,deg C,10678300,19754,VOL,U24
7/9/2017 9:00,17.22,deg C,10678300,19754,VOL,U24
7/9/2017 10:00,17.34,deg C,10678300,19754,VOL,U24
7/9/2017 11:00,17.41,deg C,10678300,19754,VOL,U24
7/9/2017 12:00,17.45,deg C,10678300,19754,VOL,U24
7/9/2017 13:00,17.56,deg C,10678300,19754,VOL,U24
7/9/2017 14:00,17.54,deg C,10678300,19754,VOL,U24
7/9/2017 15:00,17.56,deg C,10678300,19754,VOL,U24
7/9/2017 16:00,17.57,deg C,10678300,19754,VOL,U24
7/9/2017 17:00,17.58,deg C,10678300,19754,VOL,U24
7/9/2017 18:00,17.63,deg C,10678300,19754,VOL,U24
7/9/2017 19:00,17.66,deg C,10678300,19754,VOL,U24
7/9/2017 20:00,17.63,deg C,10678300,19754,VOL,U24
7/9/2017 21:00,17.54,deg C,10678300,19754,VOL,U24
7/9/2017 22:00,17.42,deg C,10678300,19754,VOL,U24
7/9/2017 23:00,17.26,deg C,10678300,19754,VOL,U24
7/10/2017 0:00,17.09,deg C,10678300,19754,VOL,U24
7/10/2017 1:00,16.92,deg C,10678300,19754,VOL,U24
7/10/2017 2:00,16.75,deg C,10678300,19754,VOL,U24
7/10/2017 3:00,16.58,deg C,10678300,19754,VOL,U24
7/10/2017 4:00,16.4,deg C,10678300,19754,VOL,U24
7/10/2017 5:00,16.23,deg C,10678300,19754,VOL,U24
7/10/2017 6:00,16.14,deg C,10678300,19754,VOL,U24
7/10/2017 7:00,16.21,deg C,10678300,19754,VOL,U24
7/10/2017 8:00,16.4,deg C,10678300,19754,VOL,U24
7/10/2017 9:00,16.7,deg C,10678300,19754,VOL,U24
7/10/2017 10:00,16.99,deg C,10678300,19754,VOL,U24
7/10/2017 11:00,17.2,deg C,10678300,19754,VOL,U24
7/10/2017 12:00,17.38,deg C,10678300,19754,VOL,U24
7/10/2017 13:00,17.54,deg C,10678300,19754,VOL,U24
7/10/2017 14:00,17.63,deg C,10678300,19754,VOL,U24
7/10/2017 15:00,17.74,deg C,10678300,19754,VOL,U24
7/10/2017 16:00,17.87,deg C,10678300,19754,VOL,U24
7/10/2017 17:00,17.98,deg C,10678300,19754,VOL,U24
7/10/2017 18:00,18.08,deg C,10678300,19754,VOL,U24
7/10/2017 19:00,18.16,deg C,10678300,19754,VOL,U24
7/10/2017 20:00,18.19,deg C,10678300,19754,VOL,U24
7/10/2017 21:00,18.22,deg C,10678300,19754,VOL,U24
7/10/2017 22:00,18.19,deg C,10678300,19754,VOL,U24
7/10/2017 23:00,18.16,deg C,10678300,19754,VOL,U24
7/11/2017 0:00,18.14,deg C,10678300,19754,VOL,U24
7/11/2017 1:00,18.1,deg C,10678300,19754,VOL,U24
7/11/2017 2:00,18.08,deg C,10678300,19754,VOL,U24
7/11/2017 3:00,18.06,deg C,10678300,19754,VOL,U24
7/11/2017 4:00,17.98,deg C,10678300,19754,VOL,U24
7/11/2017 5:00,17.94,deg C,10678300,19754,VOL,U24
7/11/2017 6:00,17.91,deg C,10678300,19754,VOL,U24
7/11/2017 7:00,17.97,deg C,10678300,19754,VOL,U24
7/11/2017 8:00,18.08,deg C,10678300,19754,VOL,U24
7/11/2017 9:00,18.24,deg C,10678300,19754,VOL,U24
7/11/2017 10:00,18.49,deg C,10678300,19754,VOL,U24
7/11/2017 11:00,18.71,deg C,10678300,19754,VOL,U24
7/11/2017 12:00,18.79,deg C,10678300,19754,VOL,U24
7/11/2017 13:00,19.02,deg C,10678300,19754,VOL,U24
7/11/2017 14:00,19.09,deg C,10678300,19754,VOL,U24
7/11/2017 15:00,19.14,deg C,10678300,19754,VOL,U24
7/11/2017 16:00,19.16,deg C,10678300,19754,VOL,U24
7/11/2017 17:00,19.22,deg C,10678300,19754,VOL,U24
7/11/2017 18:00,19.26,deg C,10678300,19754,VOL,U24
7/11/2017 19:00,19.25,deg C,10678300,19754,VOL,U24
7/11/2017 20:00,19.21,deg C,10678300,19754,VOL,U24
7/11/2017 21:00,19.14,deg C,10678300,19754,VOL,U24
7/11/2017 22:00,19.06,deg C,10678300,19754,VOL,U24
7/11/2017 23:00,18.98,deg C,10678300,19754,VOL,U24
7/12/2017 0:00,18.89,deg C,10678300,19754,VOL,U24
7/12/2017 1:00,18.79,deg C,10678300,19754,VOL,U24
7/12/2017 2:00,18.68,deg C,10678300,19754,VOL,U24
7/12/2017 3:00,18.6,deg C,10678300,19754,VOL,U24
7/12/2017 4:00,18.51,deg C,10678300,19754,VOL,U24
7/12/2017 5:00,18.43,deg C,10678300,19754,VOL,U24
7/12/2017 6:00,18.38,deg C,10678300,19754,VOL,U24
7/12/2017 7:00,18.4,deg C,10678300,19754,VOL,U24
7/12/2017 8:00,18.56,deg C,10678300,19754,VOL,U24
7/12/2017 9:00,18.77,deg C,10678300,19754,VOL,U24
7/12/2017 10:00,18.96,deg C,10678300,19754,VOL,U24
7/12/2017 11:00,19.12,deg C,10678300,19754,VOL,U24
7/12/2017 12:00,19.38,deg C,10678300,19754,VOL,U24
7/12/2017 13:00,19.69,deg C,10678300,19754,VOL,U24
7/12/2017 14:00,19.69,deg C,10678300,19754,VOL,U24
7/12/2017 15:00,19.78,deg C,10678300,19754,VOL,U24
7/12/2017 16:00,19.9,deg C,10678300,19754,VOL,U24
7/12/2017 17:00,19.88,deg C,10678300,19754,VOL,U24
7/12/2017 18:00,19.83,deg C,10678300,19754,VOL,U24
7/12/2017 19:00,19.78,deg C,10678300,19754,VOL,U24
7/12/2017 20:00,19.72,deg C,10678300,19754,VOL,U24
7/12/2017 21:00,19.65,deg C,10678300,19754,VOL,U24
7/12/2017 22:00,19.55,deg C,10678300,19754,VOL,U24
7/12/2017 23:00,19.46,deg C,10678300,19754,VOL,U24
7/13/2017 0:00,19.35,deg C,10678300,19754,VOL,U24
7/13/2017 1:00,19.25,deg C,10678300,19754,VOL,U24
7/13/2017 2:00,19.16,deg C,10678300,19754,VOL,U24
7/13/2017 3:00,19.06,deg C,10678300,19754,VOL,U24
7/13/2017 4:00,18.97,deg C,10678300,19754,VOL,U24
7/13/2017 5:00,18.89,deg C,10678300,19754,VOL,U24
7/13/2017 6:00,18.89,deg C,10678300,19754,VOL,U24
7/13/2017 7:00,18.9,deg C,10678300,19754,VOL,U24
7/13/2017 8:00,19.06,deg C,10678300,19754,VOL,U24
7/13/2017 9:00,19.35,deg C,10678300,19754,VOL,U24
7/13/2017 10:00,19.61,deg C,10678300,19754,VOL,U24
7/13/2017 11:00,19.72,deg C,10678300,19754,VOL,U24
7/13/2017 12:00,19.79,deg C,10678300,19754,VOL,U24
7/13/2017 13:00,19.84,deg C,10678300,19754,VOL,U24
7/13/2017 14:00,20.04,deg C,10678300,19754,VOL,U24
7/13/2017 15:00,20.28,deg C,10678300,19754,VOL,U24
7/13/2017 16:00,19.99,deg C,10678300,19754,VOL,U24
7/13/2017 17:00,19.94,deg C,10678300,19754,VOL,U24
7/13/2017 18:00,19.7,deg C,10678300,19754,VOL,U24
7/13/2017 19:00,19.43,deg C,10678300,19754,VOL,U24
7/13/2017 20:00,19.49,deg C,10678300,19754,VOL,U24
7/13/2017 21:00,19.5,deg C,10678300,19754,VOL,U24
7/13/2017 22:00,19.41,deg C,10678300,19754,VOL,U24
7/13/2017 23:00,19.25,deg C,10678300,19754,VOL,U24
7/14/2017 0:00,19.06,deg C,10678300,19754,VOL,U24
7/14/2017 1:00,18.85,deg C,10678300,19754,VOL,U24
7/14/2017 2:00,18.65,deg C,10678300,19754,VOL,U24
7/14/2017 3:00,18.47,deg C,10678300,19754,VOL,U24
7/14/2017 4:00,18.24,deg C,10678300,19754,VOL,U24
7/14/2017 5:00,18.06,deg C,10678300,19754,VOL,U24
7/14/2017 6:00,17.89,deg C,10678300,19754,VOL,U24
7/14/2017 7:00,17.7,deg C,10678300,19754,VOL,U24
7/14/2017 8:00,17.58,deg C,10678300,19754,VOL,U24
7/14/2017 9:00,17.48,deg C,10678300,19754,VOL,U24
7/14/2017 10:00,17.37,deg C,10678300,19754,VOL,U24
7/14/2017 11:00,17.34,deg C,10678300,19754,VOL,U24
7/14/2017 12:00,17.32,deg C,10678300,19754,VOL,U24
7/14/2017 13:00,17.3,deg C,10678300,19754,VOL,U24
7/14/2017 14:00,17.3,deg C,10678300,19754,VOL,U24
7/14/2017 15:00,17.3,deg C,10678300,19754,VOL,U24
7/14/2017 16:00,17.32,deg C,10678300,19754,VOL,U24
7/14/2017 17:00,17.33,deg C,10678300,19754,VOL,U24
7/14/2017 18:00,17.34,deg C,10678300,19754,VOL,U24
7/14/2017 19:00,17.33,deg C,10678300,19754,VOL,U24
7/14/2017 20:00,17.33,deg C,10678300,19754,VOL,U24
7/14/2017 21:00,17.32,deg C,10678300,19754,VOL,U24
7/14/2017 22:00,17.32,deg C,10678300,19754,VOL,U24
7/14/2017 23:00,17.3,deg C,10678300,19754,VOL,U24
7/15/2017 0:00,17.29,deg C,10678300,19754,VOL,U24
7/15/2017 1:00,17.28,deg C,10678300,19754,VOL,U24
7/15/2017 2:00,17.25,deg C,10678300,19754,VOL,U24
7/15/2017 3:00,17.22,deg C,10678300,19754,VOL,U24
7/15/2017 4:00,17.21,deg C,10678300,19754,VOL,U24
7/15/2017 5:00,17.18,deg C,10678300,19754,VOL,U24
7/15/2017 6:00,17.18,deg C,10678300,19754,VOL,U24
7/15/2017 7:00,17.2,deg C,10678300,19754,VOL,U24
7/15/2017 8:00,17.28,deg C,10678300,19754,VOL,U24
7/15/2017 9:00,17.52,deg C,10678300,19754,VOL,U24
7/15/2017 10:00,17.71,deg C,10678300,19754,VOL,U24
7/15/2017 11:00,17.95,deg C,10678300,19754,VOL,U24
7/15/2017 12:00,17.98,deg C,10678300,19754,VOL,U24
7/15/2017 13:00,18.2,deg C,10678300,19754,VOL,U24
7/15/2017 14:00,18.36,deg C,10678300,19754,VOL,U24
7/15/2017 15:00,18.38,deg C,10678300,19754,VOL,U24
7/15/2017 16:00,18.41,deg C,10678300,19754,VOL,U24
7/15/2017 17:00,18.43,deg C,10678300,19754,VOL,U24
7/15/2017 18:00,18.44,deg C,10678300,19754,VOL,U24
7/15/2017 19:00,18.47,deg C,10678300,19754,VOL,U24
7/15/2017 20:00,18.4,deg C,10678300,19754,VOL,U24
7/15/2017 21:00,18.34,deg C,10678300,19754,VOL,U24
7/15/2017 22:00,18.26,deg C,10678300,19754,VOL,U24
7/15/2017 23:00,18.16,deg C,10678300,19754,VOL,U24
7/16/2017 0:00,18.03,deg C,10678300,19754,VOL,U24
7/16/2017 1:00,17.9,deg C,10678300,19754,VOL,U24
7/16/2017 2:00,17.75,deg C,10678300,19754,VOL,U24
7/16/2017 3:00,17.58,deg C,10678300,19754,VOL,U24
7/16/2017 4:00,17.41,deg C,10678300,19754,VOL,U24
7/16/2017 5:00,17.28,deg C,10678300,19754,VOL,U24
7/16/2017 6:00,17.18,deg C,10678300,19754,VOL,U24
7/16/2017 7:00,17.25,deg C,10678300,19754,VOL,U24
7/16/2017 8:00,17.41,deg C,10678300,19754,VOL,U24
7/16/2017 9:00,17.66,deg C,10678300,19754,VOL,U24
7/16/2017 10:00,17.89,deg C,10678300,19754,VOL,U24
7/16/2017 11:00,18,deg C,10678300,19754,VOL,U24
7/16/2017 12:00,18.15,deg C,10678300,19754,VOL,U24
7/16/2017 13:00,18.36,deg C,10678300,19754,VOL,U24
7/16/2017 14:00,18.48,deg C,10678300,19754,VOL,U24
7/16/2017 15:00,18.53,deg C,10678300,19754,VOL,U24
7/16/2017 16:00,18.59,deg C,10678300,19754,VOL,U24
7/16/2017 17:00,18.64,deg C,10678300,19754,VOL,U24
7/16/2017 18:00,18.73,deg C,10678300,19754,VOL,U24
7/16/2017 19:00,18.8,deg C,10678300,19754,VOL,U24
7/16/2017 20:00,18.79,deg C,10678300,19754,VOL,U24
7/16/2017 21:00,18.72,deg C,10678300,19754,VOL,U24
7/16/2017 22:00,18.65,deg C,10678300,19754,VOL,U24
7/16/2017 23:00,18.56,deg C,10678300,19754,VOL,U24
7/17/2017 0:00,18.45,deg C,10678300,19754,VOL,U24
7/17/2017 1:00,18.34,deg C,10678300,19754,VOL,U24
7/17/2017 2:00,18.22,deg C,10678300,19754,VOL,U24
7/17/2017 3:00,18.11,deg C,10678300,19754,VOL,U24
7/17/2017 4:00,17.99,deg C,10678300,19754,VOL,U24
7/17/2017 5:00,17.87,deg C,10678300,19754,VOL,U24
7/17/2017 6:00,17.82,deg C,10678300,19754,VOL,U24
7/17/2017 7:00,17.86,deg C,10678300,19754,VOL,U24
7/17/2017 8:00,17.98,deg C,10678300,19754,VOL,U24
7/17/2017 9:00,18.24,deg C,10678300,19754,VOL,U24
7/17/2017 10:00,18.53,deg C,10678300,19754,VOL,U24
7/17/2017 11:00,18.59,deg C,10678300,19754,VOL,U24
7/17/2017 12:00,18.84,deg C,10678300,19754,VOL,U24
7/17/2017 13:00,19.05,deg C,10678300,19754,VOL,U24
7/17/2017 14:00,19.17,deg C,10678300,19754,VOL,U24
7/17/2017 15:00,19.21,deg C,10678300,19754,VOL,U24
7/17/2017 16:00,19.27,deg C,10678300,19754,VOL,U24
7/17/2017 17:00,19.35,deg C,10678300,19754,VOL,U24
7/17/2017 18:00,19.41,deg C,10678300,19754,VOL,U24
7/17/2017 19:00,19.43,deg C,10678300,19754,VOL,U24
7/17/2017 20:00,19.43,deg C,10678300,19754,VOL,U24
7/17/2017 21:00,19.42,deg C,10678300,19754,VOL,U24
7/17/2017 22:00,19.41,deg C,10678300,19754,VOL,U24
7/17/2017 23:00,19.38,deg C,10678300,19754,VOL,U24
7/18/2017 0:00,19.33,deg C,10678300,19754,VOL,U24
7/18/2017 1:00,19.26,deg C,10678300,19754,VOL,U24
7/18/2017 2:00,19.22,deg C,10678300,19754,VOL,U24
7/18/2017 3:00,19.27,deg C,10678300,19754,VOL,U24
7/18/2017 4:00,19.18,deg C,10678300,19754,VOL,U24
7/18/2017 5:00,19.12,deg C,10678300,19754,VOL,U24
7/18/2017 6:00,19.09,deg C,10678300,19754,VOL,U24
7/18/2017 7:00,19.1,deg C,10678300,19754,VOL,U24
7/18/2017 8:00,19.18,deg C,10678300,19754,VOL,U24
7/18/2017 9:00,19.3,deg C,10678300,19754,VOL,U24
7/18/2017 10:00,19.5,deg C,10678300,19754,VOL,U24
7/18/2017 11:00,19.72,deg C,10678300,19754,VOL,U24
7/18/2017 12:00,19.94,deg C,10678300,19754,VOL,U24
7/18/2017 13:00,20.08,deg C,10678300,19754,VOL,U24
7/18/2017 14:00,20.15,deg C,10678300,19754,VOL,U24
7/18/2017 15:00,20.29,deg C,10678300,19754,VOL,U24
7/18/2017 16:00,20.4,deg C,10678300,19754,VOL,U24
7/18/2017 17:00,20.51,deg C,10678300,19754,VOL,U24
7/18/2017 18:00,20.52,deg C,10678300,19754,VOL,U24
7/18/2017 19:00,20.54,deg C,10678300,19754,VOL,U24
7/18/2017 20:00,20.56,deg C,10678300,19754,VOL,U24
7/18/2017 21:00,20.49,deg C,10678300,19754,VOL,U24
7/18/2017 22:00,20.43,deg C,10678300,19754,VOL,U24
7/18/2017 23:00,20.36,deg C,10678300,19754,VOL,U24
7/19/2017 0:00,20.27,deg C,10678300,19754,VOL,U24
7/19/2017 1:00,20.17,deg C,10678300,19754,VOL,U24
7/19/2017 2:00,20.06,deg C,10678300,19754,VOL,U24
7/19/2017 3:00,19.92,deg C,10678300,19754,VOL,U24
7/19/2017 4:00,19.79,deg C,10678300,19754,VOL,U24
7/19/2017 5:00,19.65,deg C,10678300,19754,VOL,U24
7/19/2017 6:00,19.55,deg C,10678300,19754,VOL,U24
7/19/2017 7:00,19.54,deg C,10678300,19754,VOL,U24
7/19/2017 8:00,19.67,deg C,10678300,19754,VOL,U24
7/19/2017 9:00,19.95,deg C,10678300,19754,VOL,U24
7/19/2017 10:00,20.13,deg C,10678300,19754,VOL,U24
7/19/2017 11:00,20.27,deg C,10678300,19754,VOL,U24
7/19/2017 12:00,20.41,deg C,10678300,19754,VOL,U24
7/19/2017 13:00,20.52,deg C,10678300,19754,VOL,U24
7/19/2017 14:00,20.51,deg C,10678300,19754,VOL,U24
7/19/2017 15:00,20.45,deg C,10678300,19754,VOL,U24
7/19/2017 16:00,20.45,deg C,10678300,19754,VOL,U24
7/19/2017 17:00,20.43,deg C,10678300,19754,VOL,U24
7/19/2017 18:00,20.43,deg C,10678300,19754,VOL,U24
7/19/2017 19:00,20.41,deg C,10678300,19754,VOL,U24
7/19/2017 20:00,20.37,deg C,10678300,19754,VOL,U24
7/19/2017 21:00,20.31,deg C,10678300,19754,VOL,U24
7/19/2017 22:00,20.27,deg C,10678300,19754,VOL,U24
7/19/2017 23:00,20.19,deg C,10678300,19754,VOL,U24
7/20/2017 0:00,20.07,deg C,10678300,19754,VOL,U24
7/20/2017 1:00,19.91,deg C,10678300,19754,VOL,U24
7/20/2017 2:00,19.75,deg C,10678300,19754,VOL,U24
7/20/2017 3:00,19.58,deg C,10678300,19754,VOL,U24
7/20/2017 4:00,19.41,deg C,10678300,19754,VOL,U24
7/20/2017 5:00,19.25,deg C,10678300,19754,VOL,U24
7/20/2017 6:00,19.14,deg C,10678300,19754,VOL,U24
7/20/2017 7:00,19.14,deg C,10678300,19754,VOL,U24
7/20/2017 8:00,19.22,deg C,10678300,19754,VOL,U24
7/20/2017 9:00,19.42,deg C,10678300,19754,VOL,U24
7/20/2017 10:00,19.66,deg C,10678300,19754,VOL,U24
7/20/2017 11:00,19.8,deg C,10678300,19754,VOL,U24
7/20/2017 12:00,20.06,deg C,10678300,19754,VOL,U24
7/20/2017 13:00,20.21,deg C,10678300,19754,VOL,U24
7/20/2017 14:00,20.24,deg C,10678300,19754,VOL,U24
7/20/2017 15:00,20.29,deg C,10678300,19754,VOL,U24
7/20/2017 16:00,20.36,deg C,10678300,19754,VOL,U24
7/20/2017 17:00,20.43,deg C,10678300,19754,VOL,U24
7/20/2017 18:00,20.44,deg C,10678300,19754,VOL,U24
7/20/2017 19:00,20.45,deg C,10678300,19754,VOL,U24
7/20/2017 20:00,20.37,deg C,10678300,19754,VOL,U24
7/20/2017 21:00,20.32,deg C,10678300,19754,VOL,U24
7/20/2017 22:00,20.23,deg C,10678300,19754,VOL,U24
7/20/2017 23:00,20.13,deg C,10678300,19754,VOL,U24
7/21/2017 0:00,20.04,deg C,10678300,19754,VOL,U24
7/21/2017 1:00,19.92,deg C,10678300,19754,VOL,U24
7/21/2017 2:00,19.79,deg C,10678300,19754,VOL,U24
7/21/2017 3:00,19.67,deg C,10678300,19754,VOL,U24
7/21/2017 4:00,19.54,deg C,10678300,19754,VOL,U24
7/21/2017 5:00,19.41,deg C,10678300,19754,VOL,U24
7/21/2017 6:00,19.33,deg C,10678300,19754,VOL,U24
7/21/2017 7:00,19.31,deg C,10678300,19754,VOL,U24
7/21/2017 8:00,19.43,deg C,10678300,19754,VOL,U24
7/21/2017 9:00,19.72,deg C,10678300,19754,VOL,U24
7/21/2017 10:00,19.94,deg C,10678300,19754,VOL,U24
7/21/2017 11:00,20.07,deg C,10678300,19754,VOL,U24
7/21/2017 12:00,20.2,deg C,10678300,19754,VOL,U24
7/21/2017 13:00,20.25,deg C,10678300,19754,VOL,U24
7/21/2017 14:00,20.23,deg C,10678300,19754,VOL,U24
7/21/2017 15:00,20.27,deg C,10678300,19754,VOL,U24
7/21/2017 16:00,20.31,deg C,10678300,19754,VOL,U24
7/21/2017 17:00,20.37,deg C,10678300,19754,VOL,U24
7/21/2017 18:00,20.44,deg C,10678300,19754,VOL,U24
7/21/2017 19:00,20.45,deg C,10678300,19754,VOL,U24
7/21/2017 20:00,20.43,deg C,10678300,19754,VOL,U24
7/21/2017 21:00,20.39,deg C,10678300,19754,VOL,U24
7/21/2017 22:00,20.35,deg C,10678300,19754,VOL,U24
7/21/2017 23:00,20.29,deg C,10678300,19754,VOL,U24
7/22/2017 0:00,20.21,deg C,10678300,19754,VOL,U24
7/22/2017 1:00,20.13,deg C,10678300,19754,VOL,U24
7/22/2017 2:00,20.02,deg C,10678300,19754,VOL,U24
7/22/2017 3:00,19.87,deg C,10678300,19754,VOL,U24
7/22/2017 4:00,19.67,deg C,10678300,19754,VOL,U24
7/22/2017 5:00,19.43,deg C,10678300,19754,VOL,U24
7/22/2017 6:00,19.26,deg C,10678300,19754,VOL,U24
7/22/2017 7:00,19.18,deg C,10678300,19754,VOL,U24
7/22/2017 8:00,19.21,deg C,10678300,19754,VOL,U24
7/22/2017 9:00,19.18,deg C,10678300,19754,VOL,U24
7/22/2017 10:00,19.34,deg C,10678300,19754,VOL,U24
7/22/2017 11:00,19.45,deg C,10678300,19754,VOL,U24
7/22/2017 12:00,19.41,deg C,10678300,19754,VOL,U24
7/22/2017 13:00,19.51,deg C,10678300,19754,VOL,U24
7/22/2017 14:00,19.46,deg C,10678300,19754,VOL,U24
7/22/2017 15:00,19.42,deg C,10678300,19754,VOL,U24
7/22/2017 16:00,19.34,deg C,10678300,19754,VOL,U24
7/22/2017 17:00,19.35,deg C,10678300,19754,VOL,U24
7/22/2017 18:00,19.35,deg C,10678300,19754,VOL,U24
7/22/2017 19:00,19.33,deg C,10678300,19754,VOL,U24
7/22/2017 20:00,19.29,deg C,10678300,19754,VOL,U24
7/22/2017 21:00,19.26,deg C,10678300,19754,VOL,U24
7/22/2017 22:00,19.24,deg C,10678300,19754,VOL,U24
7/22/2017 23:00,19.21,deg C,10678300,19754,VOL,U24
7/23/2017 0:00,19.17,deg C,10678300,19754,VOL,U24
7/23/2017 1:00,19.12,deg C,10678300,19754,VOL,U24
7/23/2017 2:00,19.06,deg C,10678300,19754,VOL,U24
7/23/2017 3:00,19,deg C,10678300,19754,VOL,U24
7/23/2017 4:00,18.92,deg C,10678300,19754,VOL,U24
7/23/2017 5:00,18.85,deg C,10678300,19754,VOL,U24
7/23/2017 6:00,18.83,deg C,10678300,19754,VOL,U24
7/23/2017 7:00,18.81,deg C,10678300,19754,VOL,U24
7/23/2017 8:00,18.85,deg C,10678300,19754,VOL,U24
7/23/2017 9:00,19.04,deg C,10678300,19754,VOL,U24
7/23/2017 10:00,19.18,deg C,10678300,19754,VOL,U24
7/23/2017 11:00,19.21,deg C,10678300,19754,VOL,U24
7/23/2017 12:00,19.13,deg C,10678300,19754,VOL,U24
7/23/2017 13:00,19.18,deg C,10678300,19754,VOL,U24
7/23/2017 14:00,19.22,deg C,10678300,19754,VOL,U24
7/23/2017 15:00,19.25,deg C,10678300,19754,VOL,U24
7/23/2017 16:00,19.25,deg C,10678300,19754,VOL,U24
7/23/2017 17:00,19.22,deg C,10678300,19754,VOL,U24
7/23/2017 18:00,19.24,deg C,10678300,19754,VOL,U24
7/23/2017 19:00,19.24,deg C,10678300,19754,VOL,U24
7/23/2017 20:00,19.2,deg C,10678300,19754,VOL,U24
7/23/2017 21:00,19.13,deg C,10678300,19754,VOL,U24
7/23/2017 22:00,19.06,deg C,10678300,19754,VOL,U24
7/23/2017 23:00,18.98,deg C,10678300,19754,VOL,U24
7/24/2017 0:00,18.86,deg C,10678300,19754,VOL,U24
7/24/2017 1:00,18.76,deg C,10678300,19754,VOL,U24
7/24/2017 2:00,18.65,deg C,10678300,19754,VOL,U24
7/24/2017 3:00,18.52,deg C,10678300,19754,VOL,U24
7/24/2017 4:00,18.41,deg C,10678300,19754,VOL,U24
7/24/2017 5:00,18.27,deg C,10678300,19754,VOL,U24
7/24/2017 6:00,18.08,deg C,10678300,19754,VOL,U24
7/24/2017 7:00,17.93,deg C,10678300,19754,VOL,U24
7/24/2017 8:00,17.77,deg C,10678300,19754,VOL,U24
7/24/2017 9:00,17.54,deg C,10678300,19754,VOL,U24
7/24/2017 10:00,17.32,deg C,10678300,19754,VOL,U24
7/24/2017 11:00,17.05,deg C,10678300,19754,VOL,U24
7/24/2017 12:00,16.75,deg C,10678300,19754,VOL,U24
7/24/2017 13:00,16.7,deg C,10678300,19754,VOL,U24
7/24/2017 14:00,16.92,deg C,10678300,19754,VOL,U24
7/24/2017 15:00,17.07,deg C,10678300,19754,VOL,U24
7/24/2017 16:00,17.14,deg C,10678300,19754,VOL,U24
7/24/2017 17:00,17.16,deg C,10678300,19754,VOL,U24
7/24/2017 18:00,17.11,deg C,10678300,19754,VOL,U24
7/24/2017 19:00,17.08,deg C,10678300,19754,VOL,U24
7/24/2017 20:00,17.01,deg C,10678300,19754,VOL,U24
7/24/2017 21:00,16.91,deg C,10678300,19754,VOL,U24
7/24/2017 22:00,16.8,deg C,10678300,19754,VOL,U24
7/24/2017 23:00,16.72,deg C,10678300,19754,VOL,U24
7/25/2017 0:00,16.63,deg C,10678300,19754,VOL,U24
7/25/2017 1:00,16.54,deg C,10678300,19754,VOL,U24
7/25/2017 2:00,16.43,deg C,10678300,19754,VOL,U24
7/25/2017 3:00,16.34,deg C,10678300,19754,VOL,U24
7/25/2017 4:00,16.25,deg C,10678300,19754,VOL,U24
7/25/2017 5:00,16.17,deg C,10678300,19754,VOL,U24
7/25/2017 6:00,16.1,deg C,10678300,19754,VOL,U24
7/25/2017 7:00,16.05,deg C,10678300,19754,VOL,U24
7/25/2017 8:00,16.05,deg C,10678300,19754,VOL,U24
7/25/2017 9:00,16.06,deg C,10678300,19754,VOL,U24
7/25/2017 10:00,16.05,deg C,10678300,19754,VOL,U24
7/25/2017 11:00,16.03,deg C,10678300,19754,VOL,U24
7/25/2017 12:00,16.06,deg C,10678300,19754,VOL,U24
7/25/2017 13:00,16.14,deg C,10678300,19754,VOL,U24
7/25/2017 14:00,16.18,deg C,10678300,19754,VOL,U24
7/25/2017 15:00,16.25,deg C,10678300,19754,VOL,U24
7/25/2017 16:00,16.29,deg C,10678300,19754,VOL,U24
7/25/2017 17:00,16.34,deg C,10678300,19754,VOL,U24
7/25/2017 18:00,16.35,deg C,10678300,19754,VOL,U24
7/25/2017 19:00,16.36,deg C,10678300,19754,VOL,U24
7/25/2017 20:00,16.39,deg C,10678300,19754,VOL,U24
7/25/2017 21:00,16.4,deg C,10678300,19754,VOL,U24
7/25/2017 22:00,16.42,deg C,10678300,19754,VOL,U24
7/25/2017 23:00,16.42,deg C,10678300,19754,VOL,U24
7/26/2017 0:00,16.39,deg C,10678300,19754,VOL,U24
7/26/2017 1:00,16.3,deg C,10678300,19754,VOL,U24
7/26/2017 2:00,16.18,deg C,10678300,19754,VOL,U24
7/26/2017 3:00,16.03,deg C,10678300,19754,VOL,U24
7/26/2017 4:00,15.95,deg C,10678300,19754,VOL,U24
7/26/2017 5:00,15.85,deg C,10678300,19754,VOL,U24
7/26/2017 6:00,15.77,deg C,10678300,19754,VOL,U24
7/26/2017 7:00,15.72,deg C,10678300,19754,VOL,U24
7/26/2017 8:00,15.78,deg C,10678300,19754,VOL,U24
7/26/2017 9:00,16.07,deg C,10678300,19754,VOL,U24
7/26/2017 10:00,16.29,deg C,10678300,19754,VOL,U24
7/26/2017 11:00,16.47,deg C,10678300,19754,VOL,U24
7/26/2017 12:00,16.64,deg C,10678300,19754,VOL,U24
7/26/2017 13:00,16.76,deg C,10678300,19754,VOL,U24
7/26/2017 14:00,16.72,deg C,10678300,19754,VOL,U24
7/26/2017 15:00,16.81,deg C,10678300,19754,VOL,U24
7/26/2017 16:00,16.92,deg C,10678300,19754,VOL,U24
7/26/2017 17:00,17.08,deg C,10678300,19754,VOL,U24
7/26/2017 18:00,17.16,deg C,10678300,19754,VOL,U24
7/26/2017 19:00,17.21,deg C,10678300,19754,VOL,U24
7/26/2017 20:00,17.2,deg C,10678300,19754,VOL,U24
7/26/2017 21:00,17.18,deg C,10678300,19754,VOL,U24
7/26/2017 22:00,17.12,deg C,10678300,19754,VOL,U24
7/26/2017 23:00,17.07,deg C,10678300,19754,VOL,U24
7/27/2017 0:00,16.99,deg C,10678300,19754,VOL,U24
7/27/2017 1:00,16.87,deg C,10678300,19754,VOL,U24
7/27/2017 2:00,16.77,deg C,10678300,19754,VOL,U24
7/27/2017 3:00,16.68,deg C,10678300,19754,VOL,U24
7/27/2017 4:00,16.59,deg C,10678300,19754,VOL,U24
7/27/2017 5:00,16.47,deg C,10678300,19754,VOL,U24
7/27/2017 6:00,16.4,deg C,10678300,19754,VOL,U24
7/27/2017 7:00,16.39,deg C,10678300,19754,VOL,U24
7/27/2017 8:00,16.43,deg C,10678300,19754,VOL,U24
7/27/2017 9:00,16.52,deg C,10678300,19754,VOL,U24
7/27/2017 10:00,16.6,deg C,10678300,19754,VOL,U24
7/27/2017 11:00,16.68,deg C,10678300,19754,VOL,U24
7/27/2017 12:00,16.71,deg C,10678300,19754,VOL,U24
7/27/2017 13:00,16.8,deg C,10678300,19754,VOL,U24
7/27/2017 14:00,16.96,deg C,10678300,19754,VOL,U24
7/27/2017 15:00,17.09,deg C,10678300,19754,VOL,U24
7/27/2017 16:00,17.24,deg C,10678300,19754,VOL,U24
7/27/2017 17:00,17.34,deg C,10678300,19754,VOL,U24
7/27/2017 18:00,17.41,deg C,10678300,19754,VOL,U24
7/27/2017 19:00,17.49,deg C,10678300,19754,VOL,U24
7/27/2017 20:00,17.53,deg C,10678300,19754,VOL,U24
7/27/2017 21:00,17.56,deg C,10678300,19754,VOL,U24
7/27/2017 22:00,17.57,deg C,10678300,19754,VOL,U24
7/27/2017 23:00,17.59,deg C,10678300,19754,VOL,U24
7/28/2017 0:00,17.58,deg C,10678300,19754,VOL,U24
7/28/2017 1:00,17.54,deg C,10678300,19754,VOL,U24
7/28/2017 2:00,17.53,deg C,10678300,19754,VOL,U24
7/28/2017 3:00,17.52,deg C,10678300,19754,VOL,U24
7/28/2017 4:00,17.49,deg C,10678300,19754,VOL,U24
7/28/2017 5:00,17.46,deg C,10678300,19754,VOL,U24
7/28/2017 6:00,17.45,deg C,10678300,19754,VOL,U24
7/28/2017 7:00,17.48,deg C,10678300,19754,VOL,U24
7/28/2017 8:00,17.56,deg C,10678300,19754,VOL,U24
7/28/2017 9:00,17.78,deg C,10678300,19754,VOL,U24
7/28/2017 10:00,18,deg C,10678300,19754,VOL,U24
7/28/2017 11:00,18.16,deg C,10678300,19754,VOL,U24
7/28/2017 12:00,18.28,deg C,10678300,19754,VOL,U24
7/28/2017 13:00,18.31,deg C,10678300,19754,VOL,U24
7/28/2017 14:00,18.34,deg C,10678300,19754,VOL,U24
7/28/2017 15:00,18.34,deg C,10678300,19754,VOL,U24
7/28/2017 16:00,18.31,deg C,10678300,19754,VOL,U24
7/28/2017 17:00,18.32,deg C,10678300,19754,VOL,U24
7/28/2017 18:00,18.3,deg C,10678300,19754,VOL,U24
7/28/2017 19:00,18.28,deg C,10678300,19754,VOL,U24
7/28/2017 20:00,18.26,deg C,10678300,19754,VOL,U24
7/28/2017 21:00,18.22,deg C,10678300,19754,VOL,U24
7/28/2017 22:00,18.16,deg C,10678300,19754,VOL,U24
7/28/2017 23:00,18.11,deg C,10678300,19754,VOL,U24
7/29/2017 0:00,18.07,deg C,10678300,19754,VOL,U24
7/29/2017 1:00,17.97,deg C,10678300,19754,VOL,U24
7/29/2017 2:00,17.81,deg C,10678300,19754,VOL,U24
7/29/2017 3:00,17.66,deg C,10678300,19754,VOL,U24
7/29/2017 4:00,17.53,deg C,10678300,19754,VOL,U24
7/29/2017 5:00,17.37,deg C,10678300,19754,VOL,U24
7/29/2017 6:00,17.21,deg C,10678300,19754,VOL,U24
7/29/2017 7:00,17.08,deg C,10678300,19754,VOL,U24
7/29/2017 8:00,16.99,deg C,10678300,19754,VOL,U24
7/29/2017 9:00,16.97,deg C,10678300,19754,VOL,U24
7/29/2017 10:00,16.91,deg C,10678300,19754,VOL,U24
7/29/2017 11:00,16.93,deg C,10678300,19754,VOL,U24
7/29/2017 12:00,17.01,deg C,10678300,19754,VOL,U24
7/29/2017 13:00,17.24,deg C,10678300,19754,VOL,U24
7/29/2017 14:00,17.22,deg C,10678300,19754,VOL,U24
7/29/2017 15:00,17.08,deg C,10678300,19754,VOL,U24
7/29/2017 16:00,16.97,deg C,10678300,19754,VOL,U24
7/29/2017 17:00,16.89,deg C,10678300,19754,VOL,U24
7/29/2017 18:00,16.85,deg C,10678300,19754,VOL,U24
7/29/2017 19:00,16.8,deg C,10678300,19754,VOL,U24
7/29/2017 20:00,16.71,deg C,10678300,19754,VOL,U24
7/29/2017 21:00,16.62,deg C,10678300,19754,VOL,U24
7/29/2017 22:00,16.46,deg C,10678300,19754,VOL,U24
7/29/2017 23:00,16.27,deg C,10678300,19754,VOL,U24
7/30/2017 0:00,16.11,deg C,10678300,19754,VOL,U24
7/30/2017 1:00,15.97,deg C,10678300,19754,VOL,U24
7/30/2017 2:00,15.86,deg C,10678300,19754,VOL,U24
7/30/2017 3:00,15.76,deg C,10678300,19754,VOL,U24
7/30/2017 4:00,15.61,deg C,10678300,19754,VOL,U24
7/30/2017 5:00,15.45,deg C,10678300,19754,VOL,U24
7/30/2017 6:00,15.41,deg C,10678300,19754,VOL,U24
7/30/2017 7:00,15.53,deg C,10678300,19754,VOL,U24
7/30/2017 8:00,15.68,deg C,10678300,19754,VOL,U24
7/30/2017 9:00,15.97,deg C,10678300,19754,VOL,U24
7/30/2017 10:00,16.17,deg C,10678300,19754,VOL,U24
7/30/2017 11:00,16.39,deg C,10678300,19754,VOL,U24
7/30/2017 12:00,16.55,deg C,10678300,19754,VOL,U24
7/30/2017 13:00,16.6,deg C,10678300,19754,VOL,U24
7/30/2017 14:00,16.54,deg C,10678300,19754,VOL,U24
7/30/2017 15:00,16.42,deg C,10678300,19754,VOL,U24
7/30/2017 16:00,16.34,deg C,10678300,19754,VOL,U24
7/30/2017 17:00,16.32,deg C,10678300,19754,VOL,U24
7/30/2017 18:00,16.34,deg C,10678300,19754,VOL,U24
7/30/2017 19:00,16.36,deg C,10678300,19754,VOL,U24
7/30/2017 20:00,16.35,deg C,10678300,19754,VOL,U24
7/30/2017 21:00,16.31,deg C,10678300,19754,VOL,U24
7/30/2017 22:00,16.26,deg C,10678300,19754,VOL,U24
7/30/2017 23:00,16.19,deg C,10678300,19754,VOL,U24
7/31/2017 0:00,16.13,deg C,10678300,19754,VOL,U24
7/31/2017 1:00,16.05,deg C,10678300,19754,VOL,U24
7/31/2017 2:00,15.95,deg C,10678300,19754,VOL,U24
7/31/2017 3:00,15.86,deg C,10678300,19754,VOL,U24
7/31/2017 4:00,15.73,deg C,10678300,19754,VOL,U24
7/31/2017 5:00,15.64,deg C,10678300,19754,VOL,U24
7/31/2017 6:00,15.56,deg C,10678300,19754,VOL,U24
7/31/2017 7:00,15.62,deg C,10678300,19754,VOL,U24
7/31/2017 8:00,15.85,deg C,10678300,19754,VOL,U24
7/31/2017 9:00,16.18,deg C,10678300,19754,VOL,U24
7/31/2017 10:00,16.51,deg C,10678300,19754,VOL,U24
7/31/2017 11:00,16.83,deg C,10678300,19754,VOL,U24
7/31/2017 12:00,17.03,deg C,10678300,19754,VOL,U24
7/31/2017 13:00,17.17,deg C,10678300,19754,VOL,U24
7/31/2017 14:00,17.18,deg C,10678300,19754,VOL,U24
7/31/2017 15:00,17.18,deg C,10678300,19754,VOL,U24
7/31/2017 16:00,17.22,deg C,10678300,19754,VOL,U24
7/31/2017 17:00,17.3,deg C,10678300,19754,VOL,U24
7/31/2017 18:00,17.4,deg C,10678300,19754,VOL,U24
7/31/2017 19:00,17.49,deg C,10678300,19754,VOL,U24
7/31/2017 20:00,17.54,deg C,10678300,19754,VOL,U24
7/31/2017 21:00,17.57,deg C,10678300,19754,VOL,U24
7/31/2017 22:00,17.57,deg C,10678300,19754,VOL,U24
7/31/2017 23:00,17.57,deg C,10678300,19754,VOL,U24
8/1/2017 0:00,17.56,deg C,10678300,19754,VOL,U24
8/1/2017 1:00,17.53,deg C,10678300,19754,VOL,U24
8/1/2017 2:00,17.5,deg C,10678300,19754,VOL,U24
8/1/2017 3:00,17.45,deg C,10678300,19754,VOL,U24
8/1/2017 4:00,17.38,deg C,10678300,19754,VOL,U24
8/1/2017 5:00,17.29,deg C,10678300,19754,VOL,U24
8/1/2017 6:00,17.24,deg C,10678300,19754,VOL,U24
8/1/2017 7:00,17.29,deg C,10678300,19754,VOL,U24
8/1/2017 8:00,17.49,deg C,10678300,19754,VOL,U24
8/1/2017 9:00,17.83,deg C,10678300,19754,VOL,U24
8/1/2017 10:00,18.12,deg C,10678300,19754,VOL,U24
8/1/2017 11:00,18.34,deg C,10678300,19754,VOL,U24
8/1/2017 12:00,18.53,deg C,10678300,19754,VOL,U24
8/1/2017 13:00,18.65,deg C,10678300,19754,VOL,U24
8/1/2017 14:00,18.6,deg C,10678300,19754,VOL,U24
8/1/2017 15:00,18.55,deg C,10678300,19754,VOL,U24
8/1/2017 16:00,18.52,deg C,10678300,19754,VOL,U24
8/1/2017 17:00,18.55,deg C,10678300,19754,VOL,U24
8/1/2017 18:00,18.57,deg C,10678300,19754,VOL,U24
8/1/2017 19:00,18.6,deg C,10678300,19754,VOL,U24
8/1/2017 20:00,18.59,deg C,10678300,19754,VOL,U24
8/1/2017 21:00,18.56,deg C,10678300,19754,VOL,U24
8/1/2017 22:00,18.53,deg C,10678300,19754,VOL,U24
8/1/2017 23:00,18.51,deg C,10678300,19754,VOL,U24
8/2/2017 0:00,18.47,deg C,10678300,19754,VOL,U24
8/2/2017 1:00,18.43,deg C,10678300,19754,VOL,U24
8/2/2017 2:00,18.38,deg C,10678300,19754,VOL,U24
8/2/2017 3:00,18.3,deg C,10678300,19754,VOL,U24
8/2/2017 4:00,18.2,deg C,10678300,19754,VOL,U24
8/2/2017 5:00,18.12,deg C,10678300,19754,VOL,U24
8/2/2017 6:00,18.07,deg C,10678300,19754,VOL,U24
8/2/2017 7:00,18.08,deg C,10678300,19754,VOL,U24
8/2/2017 8:00,18.15,deg C,10678300,19754,VOL,U24
8/2/2017 9:00,18.34,deg C,10678300,19754,VOL,U24
8/2/2017 10:00,18.56,deg C,10678300,19754,VOL,U24
8/2/2017 11:00,18.88,deg C,10678300,19754,VOL,U24
8/2/2017 12:00,19.05,deg C,10678300,19754,VOL,U24
8/2/2017 13:00,19.01,deg C,10678300,19754,VOL,U24
8/2/2017 14:00,18.98,deg C,10678300,19754,VOL,U24
8/2/2017 15:00,19.01,deg C,10678300,19754,VOL,U24
8/2/2017 16:00,18.68,deg C,10678300,19754,VOL,U24
8/2/2017 17:00,18.64,deg C,10678300,19754,VOL,U24
8/2/2017 18:00,18.59,deg C,10678300,19754,VOL,U24
8/2/2017 19:00,18.47,deg C,10678300,19754,VOL,U24
8/2/2017 20:00,18.26,deg C,10678300,19754,VOL,U24
8/2/2017 21:00,18.07,deg C,10678300,19754,VOL,U24
8/2/2017 22:00,17.9,deg C,10678300,19754,VOL,U24
8/2/2017 23:00,17.75,deg C,10678300,19754,VOL,U24
8/3/2017 0:00,17.61,deg C,10678300,19754,VOL,U24
8/3/2017 1:00,17.52,deg C,10678300,19754,VOL,U24
8/3/2017 2:00,17.44,deg C,10678300,19754,VOL,U24
8/3/2017 3:00,17.34,deg C,10678300,19754,VOL,U24
8/3/2017 4:00,17.25,deg C,10678300,19754,VOL,U24
8/3/2017 5:00,17.17,deg C,10678300,19754,VOL,U24
8/3/2017 6:00,17.11,deg C,10678300,19754,VOL,U24
8/3/2017 7:00,17.11,deg C,10678300,19754,VOL,U24
8/3/2017 8:00,17.17,deg C,10678300,19754,VOL,U24
8/3/2017 9:00,17.38,deg C,10678300,19754,VOL,U24
8/3/2017 10:00,17.74,deg C,10678300,19754,VOL,U24
8/3/2017 11:00,18.03,deg C,10678300,19754,VOL,U24
8/3/2017 12:00,18.2,deg C,10678300,19754,VOL,U24
8/3/2017 13:00,18.36,deg C,10678300,19754,VOL,U24
8/3/2017 14:00,18.36,deg C,10678300,19754,VOL,U24
8/3/2017 15:00,18.43,deg C,10678300,19754,VOL,U24
8/3/2017 16:00,18.59,deg C,10678300,19754,VOL,U24
8/3/2017 17:00,18.69,deg C,10678300,19754,VOL,U24
8/3/2017 18:00,18.77,deg C,10678300,19754,VOL,U24
8/3/2017 19:00,18.81,deg C,10678300,19754,VOL,U24
8/3/2017 20:00,18.85,deg C,10678300,19754,VOL,U24
8/3/2017 21:00,18.9,deg C,10678300,19754,VOL,U24
8/3/2017 22:00,18.92,deg C,10678300,19754,VOL,U24
8/3/2017 23:00,18.89,deg C,10678300,19754,VOL,U24
8/4/2017 0:00,18.84,deg C,10678300,19754,VOL,U24
8/4/2017 1:00,18.8,deg C,10678300,19754,VOL,U24
8/4/2017 2:00,18.75,deg C,10678300,19754,VOL,U24
8/4/2017 3:00,18.69,deg C,10678300,19754,VOL,U24
8/4/2017 4:00,18.61,deg C,10678300,19754,VOL,U24
8/4/2017 5:00,18.56,deg C,10678300,19754,VOL,U24
8/4/2017 6:00,18.52,deg C,10678300,19754,VOL,U24
8/4/2017 7:00,18.55,deg C,10678300,19754,VOL,U24
8/4/2017 8:00,18.67,deg C,10678300,19754,VOL,U24
8/4/2017 9:00,18.83,deg C,10678300,19754,VOL,U24
8/4/2017 10:00,18.96,deg C,10678300,19754,VOL,U24
8/4/2017 11:00,19.14,deg C,10678300,19754,VOL,U24
8/4/2017 12:00,19.25,deg C,10678300,19754,VOL,U24
8/4/2017 13:00,19.33,deg C,10678300,19754,VOL,U24
8/4/2017 14:00,19.43,deg C,10678300,19754,VOL,U24
8/4/2017 15:00,19.49,deg C,10678300,19754,VOL,U24
8/4/2017 16:00,19.49,deg C,10678300,19754,VOL,U24
8/4/2017 17:00,19.46,deg C,10678300,19754,VOL,U24
8/4/2017 18:00,19.42,deg C,10678300,19754,VOL,U24
8/4/2017 19:00,19.35,deg C,10678300,19754,VOL,U24
8/4/2017 20:00,19.27,deg C,10678300,19754,VOL,U24
8/4/2017 21:00,19.22,deg C,10678300,19754,VOL,U24
8/4/2017 22:00,19.2,deg C,10678300,19754,VOL,U24
8/4/2017 23:00,19.18,deg C,10678300,19754,VOL,U24
8/5/2017 0:00,19.17,deg C,10678300,19754,VOL,U24
8/5/2017 1:00,19.16,deg C,10678300,19754,VOL,U24
8/5/2017 2:00,19.14,deg C,10678300,19754,VOL,U24
8/5/2017 3:00,19.13,deg C,10678300,19754,VOL,U24
8/5/2017 4:00,19.13,deg C,10678300,19754,VOL,U24
8/5/2017 5:00,19.13,deg C,10678300,19754,VOL,U24
8/5/2017 6:00,19.16,deg C,10678300,19754,VOL,U24
8/5/2017 7:00,19.16,deg C,10678300,19754,VOL,U24
8/5/2017 8:00,19.16,deg C,10678300,19754,VOL,U24
8/5/2017 9:00,19.14,deg C,10678300,19754,VOL,U24
8/5/2017 10:00,19.17,deg C,10678300,19754,VOL,U24
8/5/2017 11:00,19.2,deg C,10678300,19754,VOL,U24
8/5/2017 12:00,19.41,deg C,10678300,19754,VOL,U24
8/5/2017 13:00,19.45,deg C,10678300,19754,VOL,U24
8/5/2017 14:00,19.46,deg C,10678300,19754,VOL,U24
8/5/2017 15:00,19.38,deg C,10678300,19754,VOL,U24
8/5/2017 16:00,19.3,deg C,10678300,19754,VOL,U24
8/5/2017 17:00,19.16,deg C,10678300,19754,VOL,U24
8/5/2017 18:00,19.02,deg C,10678300,19754,VOL,U24
8/5/2017 19:00,18.89,deg C,10678300,19754,VOL,U24
8/5/2017 20:00,18.75,deg C,10678300,19754,VOL,U24
8/5/2017 21:00,18.57,deg C,10678300,19754,VOL,U24
8/5/2017 22:00,18.43,deg C,10678300,19754,VOL,U24
8/5/2017 23:00,18.24,deg C,10678300,19754,VOL,U24
8/6/2017 0:00,18.06,deg C,10678300,19754,VOL,U24
8/6/2017 1:00,17.89,deg C,10678300,19754,VOL,U24
8/6/2017 2:00,17.69,deg C,10678300,19754,VOL,U24
8/6/2017 3:00,17.49,deg C,10678300,19754,VOL,U24
8/6/2017 4:00,17.29,deg C,10678300,19754,VOL,U24
8/6/2017 5:00,17.09,deg C,10678300,19754,VOL,U24
8/6/2017 6:00,16.96,deg C,10678300,19754,VOL,U24
8/6/2017 7:00,16.97,deg C,10678300,19754,VOL,U24
8/6/2017 8:00,17.08,deg C,10678300,19754,VOL,U24
8/6/2017 9:00,17.2,deg C,10678300,19754,VOL,U24
8/6/2017 10:00,17.3,deg C,10678300,19754,VOL,U24
8/6/2017 11:00,17.42,deg C,10678300,19754,VOL,U24
8/6/2017 12:00,17.42,deg C,10678300,19754,VOL,U24
8/6/2017 13:00,17.36,deg C,10678300,19754,VOL,U24
8/6/2017 14:00,17.37,deg C,10678300,19754,VOL,U24
8/6/2017 15:00,17.37,deg C,10678300,19754,VOL,U24
8/6/2017 16:00,17.36,deg C,10678300,19754,VOL,U24
8/6/2017 17:00,17.34,deg C,10678300,19754,VOL,U24
8/6/2017 18:00,17.33,deg C,10678300,19754,VOL,U24
8/6/2017 19:00,17.29,deg C,10678300,19754,VOL,U24
8/6/2017 20:00,17.22,deg C,10678300,19754,VOL,U24
8/6/2017 21:00,17.17,deg C,10678300,19754,VOL,U24
8/6/2017 22:00,17.11,deg C,10678300,19754,VOL,U24
8/6/2017 23:00,17.01,deg C,10678300,19754,VOL,U24
8/7/2017 0:00,16.93,deg C,10678300,19754,VOL,U24
8/7/2017 1:00,16.85,deg C,10678300,19754,VOL,U24
8/7/2017 2:00,16.79,deg C,10678300,19754,VOL,U24
8/7/2017 3:00,16.7,deg C,10678300,19754,VOL,U24
8/7/2017 4:00,16.6,deg C,10678300,19754,VOL,U24
8/7/2017 5:00,16.52,deg C,10678300,19754,VOL,U24
8/7/2017 6:00,16.46,deg C,10678300,19754,VOL,U24
8/7/2017 7:00,16.46,deg C,10678300,19754,VOL,U24
8/7/2017 8:00,16.48,deg C,10678300,19754,VOL,U24
8/7/2017 9:00,16.54,deg C,10678300,19754,VOL,U24
8/7/2017 10:00,16.59,deg C,10678300,19754,VOL,U24
8/7/2017 11:00,16.63,deg C,10678300,19754,VOL,U24
8/7/2017 12:00,16.67,deg C,10678300,19754,VOL,U24
8/7/2017 13:00,16.68,deg C,10678300,19754,VOL,U24
8/7/2017 14:00,16.67,deg C,10678300,19754,VOL,U24
8/7/2017 15:00,16.64,deg C,10678300,19754,VOL,U24
8/7/2017 16:00,16.64,deg C,10678300,19754,VOL,U24
8/7/2017 17:00,16.66,deg C,10678300,19754,VOL,U24
8/7/2017 18:00,16.68,deg C,10678300,19754,VOL,U24
8/7/2017 19:00,16.68,deg C,10678300,19754,VOL,U24
8/7/2017 20:00,16.7,deg C,10678300,19754,VOL,U24
8/7/2017 21:00,16.71,deg C,10678300,19754,VOL,U24
8/7/2017 22:00,16.71,deg C,10678300,19754,VOL,U24
8/7/2017 23:00,16.71,deg C,10678300,19754,VOL,U24
8/8/2017 0:00,16.7,deg C,10678300,19754,VOL,U24
8/8/2017 1:00,16.7,deg C,10678300,19754,VOL,U24
8/8/2017 2:00,16.68,deg C,10678300,19754,VOL,U24
8/8/2017 3:00,16.68,deg C,10678300,19754,VOL,U24
8/8/2017 4:00,16.67,deg C,10678300,19754,VOL,U24
8/8/2017 5:00,16.66,deg C,10678300,19754,VOL,U24
8/8/2017 6:00,16.66,deg C,10678300,19754,VOL,U24
8/8/2017 7:00,16.66,deg C,10678300,19754,VOL,U24
8/8/2017 8:00,16.66,deg C,10678300,19754,VOL,U24
8/8/2017 9:00,16.75,deg C,10678300,19754,VOL,U24
8/8/2017 10:00,16.85,deg C,10678300,19754,VOL,U24
8/8/2017 11:00,17.09,deg C,10678300,19754,VOL,U24
8/8/2017 12:00,17.24,deg C,10678300,19754,VOL,U24
8/8/2017 13:00,17.21,deg C,10678300,19754,VOL,U24
8/8/2017 14:00,17.21,deg C,10678300,19754,VOL,U24
8/8/2017 15:00,17.25,deg C,10678300,19754,VOL,U24
8/8/2017 16:00,17.24,deg C,10678300,19754,VOL,U24
8/8/2017 17:00,17.22,deg C,10678300,19754,VOL,U24
8/8/2017 18:00,17.21,deg C,10678300,19754,VOL,U24
8/8/2017 19:00,17.22,deg C,10678300,19754,VOL,U24
8/8/2017 20:00,17.21,deg C,10678300,19754,VOL,U24
8/8/2017 21:00,17.17,deg C,10678300,19754,VOL,U24
8/8/2017 22:00,17.13,deg C,10678300,19754,VOL,U24
8/8/2017 23:00,17.08,deg C,10678300,19754,VOL,U24
8/9/2017 0:00,16.99,deg C,10678300,19754,VOL,U24
8/9/2017 1:00,16.88,deg C,10678300,19754,VOL,U24
8/9/2017 2:00,16.72,deg C,10678300,19754,VOL,U24
8/9/2017 3:00,16.55,deg C,10678300,19754,VOL,U24
8/9/2017 4:00,16.35,deg C,10678300,19754,VOL,U24
8/9/2017 5:00,16.17,deg C,10678300,19754,VOL,U24
8/9/2017 6:00,16.01,deg C,10678300,19754,VOL,U24
8/9/2017 7:00,16.01,deg C,10678300,19754,VOL,U24
8/9/2017 8:00,16.18,deg C,10678300,19754,VOL,U24
8/9/2017 9:00,16.48,deg C,10678300,19754,VOL,U24
8/9/2017 10:00,16.79,deg C,10678300,19754,VOL,U24
8/9/2017 11:00,17.07,deg C,10678300,19754,VOL,U24
8/9/2017 12:00,17.26,deg C,10678300,19754,VOL,U24
8/9/2017 13:00,17.36,deg C,10678300,19754,VOL,U24
8/9/2017 14:00,17.3,deg C,10678300,19754,VOL,U24
8/9/2017 15:00,17.25,deg C,10678300,19754,VOL,U24
8/9/2017 16:00,17.24,deg C,10678300,19754,VOL,U24
8/9/2017 17:00,17.26,deg C,10678300,19754,VOL,U24
8/9/2017 18:00,17.32,deg C,10678300,19754,VOL,U24
8/9/2017 19:00,17.36,deg C,10678300,19754,VOL,U24
8/9/2017 20:00,17.34,deg C,10678300,19754,VOL,U24
8/9/2017 21:00,17.34,deg C,10678300,19754,VOL,U24
8/9/2017 22:00,17.34,deg C,10678300,19754,VOL,U24
8/9/2017 23:00,17.32,deg C,10678300,19754,VOL,U24
8/10/2017 0:00,17.28,deg C,10678300,19754,VOL,U24
8/10/2017 1:00,17.21,deg C,10678300,19754,VOL,U24
8/10/2017 2:00,17.14,deg C,10678300,19754,VOL,U24
8/10/2017 3:00,17.05,deg C,10678300,19754,VOL,U24
8/10/2017 4:00,16.96,deg C,10678300,19754,VOL,U24
8/10/2017 5:00,16.85,deg C,10678300,19754,VOL,U24
8/10/2017 6:00,16.79,deg C,10678300,19754,VOL,U24
8/10/2017 7:00,16.8,deg C,10678300,19754,VOL,U24
8/10/2017 8:00,17,deg C,10678300,19754,VOL,U24
8/10/2017 9:00,17.28,deg C,10678300,19754,VOL,U24
8/10/2017 10:00,17.57,deg C,10678300,19754,VOL,U24
8/10/2017 11:00,17.89,deg C,10678300,19754,VOL,U24
8/10/2017 12:00,18.04,deg C,10678300,19754,VOL,U24
8/10/2017 13:00,18.2,deg C,10678300,19754,VOL,U24
8/10/2017 14:00,18.06,deg C,10678300,19754,VOL,U24
8/10/2017 15:00,18.12,deg C,10678300,19754,VOL,U24
8/10/2017 16:00,18.07,deg C,10678300,19754,VOL,U24
8/10/2017 17:00,18.07,deg C,10678300,19754,VOL,U24
8/10/2017 18:00,18.08,deg C,10678300,19754,VOL,U24
8/10/2017 19:00,18.07,deg C,10678300,19754,VOL,U24
8/10/2017 20:00,18.06,deg C,10678300,19754,VOL,U24
8/10/2017 21:00,18.07,deg C,10678300,19754,VOL,U24
8/10/2017 22:00,18.03,deg C,10678300,19754,VOL,U24
8/10/2017 23:00,17.99,deg C,10678300,19754,VOL,U24
8/11/2017 0:00,17.91,deg C,10678300,19754,VOL,U24
8/11/2017 1:00,17.82,deg C,10678300,19754,VOL,U24
8/11/2017 2:00,17.7,deg C,10678300,19754,VOL,U24
8/11/2017 3:00,17.63,deg C,10678300,19754,VOL,U24
8/11/2017 4:00,17.56,deg C,10678300,19754,VOL,U24
8/11/2017 5:00,17.48,deg C,10678300,19754,VOL,U24
8/11/2017 6:00,17.4,deg C,10678300,19754,VOL,U24
8/11/2017 7:00,17.41,deg C,10678300,19754,VOL,U24
8/11/2017 8:00,17.56,deg C,10678300,19754,VOL,U24
8/11/2017 9:00,17.78,deg C,10678300,19754,VOL,U24
8/11/2017 10:00,18,deg C,10678300,19754,VOL,U24
8/11/2017 11:00,18.12,deg C,10678300,19754,VOL,U24
8/11/2017 12:00,18.18,deg C,10678300,19754,VOL,U24
8/11/2017 13:00,18.15,deg C,10678300,19754,VOL,U24
8/11/2017 14:00,18.2,deg C,10678300,19754,VOL,U24
8/11/2017 15:00,18.24,deg C,10678300,19754,VOL,U24
8/11/2017 16:00,18.26,deg C,10678300,19754,VOL,U24
8/11/2017 17:00,18.28,deg C,10678300,19754,VOL,U24
8/11/2017 18:00,18.27,deg C,10678300,19754,VOL,U24
8/11/2017 19:00,18.24,deg C,10678300,19754,VOL,U24
8/11/2017 20:00,18.2,deg C,10678300,19754,VOL,U24
8/11/2017 21:00,18.2,deg C,10678300,19754,VOL,U24
8/11/2017 22:00,18.14,deg C,10678300,19754,VOL,U24
8/11/2017 23:00,18.11,deg C,10678300,19754,VOL,U24
8/12/2017 0:00,17.99,deg C,10678300,19754,VOL,U24
8/12/2017 1:00,17.83,deg C,10678300,19754,VOL,U24
8/12/2017 2:00,17.57,deg C,10678300,19754,VOL,U24
8/12/2017 3:00,17.13,deg C,10678300,19754,VOL,U24
8/12/2017 4:00,17,deg C,10678300,19754,VOL,U24
8/12/2017 5:00,17.32,deg C,10678300,19754,VOL,U24
8/12/2017 6:00,17.44,deg C,10678300,19754,VOL,U24
8/12/2017 7:00,17.52,deg C,10678300,19754,VOL,U24
8/12/2017 8:00,17.63,deg C,10678300,19754,VOL,U24
8/12/2017 9:00,17.81,deg C,10678300,19754,VOL,U24
8/12/2017 10:00,17.97,deg C,10678300,19754,VOL,U24
8/12/2017 11:00,18,deg C,10678300,19754,VOL,U24
8/12/2017 12:00,18.14,deg C,10678300,19754,VOL,U24
8/12/2017 13:00,18.34,deg C,10678300,19754,VOL,U24
8/12/2017 14:00,18.45,deg C,10678300,19754,VOL,U24
8/12/2017 15:00,18.55,deg C,10678300,19754,VOL,U24
8/12/2017 16:00,18.6,deg C,10678300,19754,VOL,U24
8/12/2017 17:00,18.65,deg C,10678300,19754,VOL,U24
8/12/2017 18:00,18.72,deg C,10678300,19754,VOL,U24
8/12/2017 19:00,18.75,deg C,10678300,19754,VOL,U24
8/12/2017 20:00,18.73,deg C,10678300,19754,VOL,U24
8/12/2017 21:00,18.72,deg C,10678300,19754,VOL,U24
8/12/2017 22:00,18.69,deg C,10678300,19754,VOL,U24
8/12/2017 23:00,18.68,deg C,10678300,19754,VOL,U24
8/13/2017 0:00,18.65,deg C,10678300,19754,VOL,U24
8/13/2017 1:00,18.63,deg C,10678300,19754,VOL,U24
8/13/2017 2:00,18.59,deg C,10678300,19754,VOL,U24
8/13/2017 3:00,18.53,deg C,10678300,19754,VOL,U24
8/13/2017 4:00,18.48,deg C,10678300,19754,VOL,U24
8/13/2017 5:00,18.4,deg C,10678300,19754,VOL,U24
8/13/2017 6:00,18.34,deg C,10678300,19754,VOL,U24
8/13/2017 7:00,18.38,deg C,10678300,19754,VOL,U24
8/13/2017 8:00,18.51,deg C,10678300,19754,VOL,U24
8/13/2017 9:00,18.61,deg C,10678300,19754,VOL,U24
8/13/2017 10:00,18.72,deg C,10678300,19754,VOL,U24
8/13/2017 11:00,18.84,deg C,10678300,19754,VOL,U24
8/13/2017 12:00,18.89,deg C,10678300,19754,VOL,U24
8/13/2017 13:00,18.92,deg C,10678300,19754,VOL,U24
8/13/2017 14:00,18.88,deg C,10678300,19754,VOL,U24
8/13/2017 15:00,18.81,deg C,10678300,19754,VOL,U24
8/13/2017 16:00,18.77,deg C,10678300,19754,VOL,U24
8/13/2017 17:00,18.73,deg C,10678300,19754,VOL,U24
8/13/2017 18:00,18.72,deg C,10678300,19754,VOL,U24
8/13/2017 19:00,18.67,deg C,10678300,19754,VOL,U24
8/13/2017 20:00,18.57,deg C,10678300,19754,VOL,U24
8/13/2017 21:00,18.48,deg C,10678300,19754,VOL,U24
8/13/2017 22:00,18.35,deg C,10678300,19754,VOL,U24
8/13/2017 23:00,18.2,deg C,10678300,19754,VOL,U24
8/14/2017 0:00,18.04,deg C,10678300,19754,VOL,U24
8/14/2017 1:00,17.9,deg C,10678300,19754,VOL,U24
8/14/2017 2:00,17.73,deg C,10678300,19754,VOL,U24
8/14/2017 3:00,17.56,deg C,10678300,19754,VOL,U24
8/14/2017 4:00,17.37,deg C,10678300,19754,VOL,U24
8/14/2017 5:00,17.17,deg C,10678300,19754,VOL,U24
8/14/2017 6:00,17.09,deg C,10678300,19754,VOL,U24
8/14/2017 7:00,17.09,deg C,10678300,19754,VOL,U24
8/14/2017 8:00,17.13,deg C,10678300,19754,VOL,U24
8/14/2017 9:00,17.21,deg C,10678300,19754,VOL,U24
8/14/2017 10:00,17.29,deg C,10678300,19754,VOL,U24
8/14/2017 11:00,17.48,deg C,10678300,19754,VOL,U24
8/14/2017 12:00,17.56,deg C,10678300,19754,VOL,U24
8/14/2017 13:00,17.59,deg C,10678300,19754,VOL,U24
8/14/2017 14:00,17.66,deg C,10678300,19754,VOL,U24
8/14/2017 15:00,17.73,deg C,10678300,19754,VOL,U24
8/14/2017 16:00,17.82,deg C,10678300,19754,VOL,U24
8/14/2017 17:00,17.9,deg C,10678300,19754,VOL,U24
8/14/2017 18:00,17.98,deg C,10678300,19754,VOL,U24
8/14/2017 19:00,17.99,deg C,10678300,19754,VOL,U24
8/14/2017 20:00,17.99,deg C,10678300,19754,VOL,U24
8/14/2017 21:00,17.97,deg C,10678300,19754,VOL,U24
8/14/2017 22:00,17.95,deg C,10678300,19754,VOL,U24
8/14/2017 23:00,17.93,deg C,10678300,19754,VOL,U24
8/15/2017 0:00,17.9,deg C,10678300,19754,VOL,U24
8/15/2017 1:00,17.87,deg C,10678300,19754,VOL,U24
8/15/2017 2:00,17.85,deg C,10678300,19754,VOL,U24
8/15/2017 3:00,17.82,deg C,10678300,19754,VOL,U24
8/15/2017 4:00,17.81,deg C,10678300,19754,VOL,U24
8/15/2017 5:00,17.78,deg C,10678300,19754,VOL,U24
8/15/2017 6:00,17.77,deg C,10678300,19754,VOL,U24
8/15/2017 7:00,17.75,deg C,10678300,19754,VOL,U24
8/15/2017 8:00,17.78,deg C,10678300,19754,VOL,U24
8/15/2017 9:00,17.87,deg C,10678300,19754,VOL,U24
8/15/2017 10:00,17.91,deg C,10678300,19754,VOL,U24
8/15/2017 11:00,18.1,deg C,10678300,19754,VOL,U24
8/15/2017 12:00,18.11,deg C,10678300,19754,VOL,U24
8/15/2017 13:00,18.12,deg C,10678300,19754,VOL,U24
8/15/2017 14:00,18.15,deg C,10678300,19754,VOL,U24
8/15/2017 15:00,18.18,deg C,10678300,19754,VOL,U24
8/15/2017 16:00,18.24,deg C,10678300,19754,VOL,U24
8/15/2017 17:00,18.31,deg C,10678300,19754,VOL,U24
8/15/2017 18:00,18.35,deg C,10678300,19754,VOL,U24
8/15/2017 19:00,18.36,deg C,10678300,19754,VOL,U24
8/15/2017 20:00,18.36,deg C,10678300,19754,VOL,U24
8/15/2017 21:00,18.32,deg C,10678300,19754,VOL,U24
8/15/2017 22:00,18.32,deg C,10678300,19754,VOL,U24
8/15/2017 23:00,18.31,deg C,10678300,19754,VOL,U24
8/16/2017 0:00,18.28,deg C,10678300,19754,VOL,U24
8/16/2017 1:00,18.26,deg C,10678300,19754,VOL,U24
8/16/2017 2:00,18.23,deg C,10678300,19754,VOL,U24
8/16/2017 3:00,18.22,deg C,10678300,19754,VOL,U24
8/16/2017 4:00,18.18,deg C,10678300,19754,VOL,U24
8/16/2017 5:00,18.12,deg C,10678300,19754,VOL,U24
8/16/2017 6:00,18.07,deg C,10678300,19754,VOL,U24
8/16/2017 7:00,18.1,deg C,10678300,19754,VOL,U24
8/16/2017 8:00,18.24,deg C,10678300,19754,VOL,U24
8/16/2017 9:00,18.43,deg C,10678300,19754,VOL,U24
8/16/2017 10:00,18.61,deg C,10678300,19754,VOL,U24
8/16/2017 11:00,18.76,deg C,10678300,19754,VOL,U24
8/16/2017 12:00,18.77,deg C,10678300,19754,VOL,U24
8/16/2017 13:00,18.83,deg C,10678300,19754,VOL,U24
8/16/2017 14:00,18.8,deg C,10678300,19754,VOL,U24
8/16/2017 15:00,18.71,deg C,10678300,19754,VOL,U24
8/16/2017 16:00,18.65,deg C,10678300,19754,VOL,U24
8/16/2017 17:00,18.65,deg C,10678300,19754,VOL,U24
8/16/2017 18:00,18.61,deg C,10678300,19754,VOL,U24
8/16/2017 19:00,18.53,deg C,10678300,19754,VOL,U24
8/16/2017 20:00,18.44,deg C,10678300,19754,VOL,U24
8/16/2017 21:00,18.36,deg C,10678300,19754,VOL,U24
8/16/2017 22:00,18.27,deg C,10678300,19754,VOL,U24
8/16/2017 23:00,18.2,deg C,10678300,19754,VOL,U24
8/17/2017 0:00,18.08,deg C,10678300,19754,VOL,U24
8/17/2017 1:00,17.94,deg C,10678300,19754,VOL,U24
8/17/2017 2:00,17.78,deg C,10678300,19754,VOL,U24
8/17/2017 3:00,17.59,deg C,10678300,19754,VOL,U24
8/17/2017 4:00,17.37,deg C,10678300,19754,VOL,U24
8/17/2017 5:00,17.16,deg C,10678300,19754,VOL,U24
8/17/2017 6:00,17.04,deg C,10678300,19754,VOL,U24
8/17/2017 7:00,17,deg C,10678300,19754,VOL,U24
8/17/2017 8:00,17.12,deg C,10678300,19754,VOL,U24
8/17/2017 9:00,17.33,deg C,10678300,19754,VOL,U24
8/17/2017 10:00,17.5,deg C,10678300,19754,VOL,U24
8/17/2017 11:00,17.66,deg C,10678300,19754,VOL,U24
8/17/2017 12:00,17.75,deg C,10678300,19754,VOL,U24
8/17/2017 13:00,17.77,deg C,10678300,19754,VOL,U24
8/17/2017 14:00,17.75,deg C,10678300,19754,VOL,U24
8/17/2017 15:00,17.67,deg C,10678300,19754,VOL,U24
8/17/2017 16:00,17.7,deg C,10678300,19754,VOL,U24
8/17/2017 17:00,17.74,deg C,10678300,19754,VOL,U24
8/17/2017 18:00,17.81,deg C,10678300,19754,VOL,U24
8/17/2017 19:00,17.87,deg C,10678300,19754,VOL,U24
8/17/2017 20:00,17.89,deg C,10678300,19754,VOL,U24
8/17/2017 21:00,17.9,deg C,10678300,19754,VOL,U24
8/17/2017 22:00,17.91,deg C,10678300,19754,VOL,U24
8/17/2017 23:00,17.91,deg C,10678300,19754,VOL,U24
8/18/2017 0:00,17.93,deg C,10678300,19754,VOL,U24
8/18/2017 1:00,17.94,deg C,10678300,19754,VOL,U24
8/18/2017 2:00,17.98,deg C,10678300,19754,VOL,U24
8/18/2017 3:00,18.03,deg C,10678300,19754,VOL,U24
8/18/2017 4:00,18.07,deg C,10678300,19754,VOL,U24
8/18/2017 5:00,18.14,deg C,10678300,19754,VOL,U24
8/18/2017 6:00,18.16,deg C,10678300,19754,VOL,U24
8/18/2017 7:00,18.28,deg C,10678300,19754,VOL,U24
8/18/2017 8:00,18.32,deg C,10678300,19754,VOL,U24
8/18/2017 9:00,18.36,deg C,10678300,19754,VOL,U24
8/18/2017 10:00,18.44,deg C,10678300,19754,VOL,U24
8/18/2017 11:00,18.52,deg C,10678300,19754,VOL,U24
8/18/2017 12:00,18.6,deg C,10678300,19754,VOL,U24
8/18/2017 13:00,18.69,deg C,10678300,19754,VOL,U24
8/18/2017 14:00,18.79,deg C,10678300,19754,VOL,U24
8/18/2017 15:00,18.89,deg C,10678300,19754,VOL,U24
8/18/2017 16:00,19.01,deg C,10678300,19754,VOL,U24
8/18/2017 17:00,19.08,deg C,10678300,19754,VOL,U24
8/18/2017 18:00,19.16,deg C,10678300,19754,VOL,U24
8/18/2017 19:00,19.18,deg C,10678300,19754,VOL,U24
8/18/2017 20:00,19.17,deg C,10678300,19754,VOL,U24
8/18/2017 21:00,19.13,deg C,10678300,19754,VOL,U24
8/18/2017 22:00,19.12,deg C,10678300,19754,VOL,U24
8/18/2017 23:00,19.09,deg C,10678300,19754,VOL,U24
8/19/2017 0:00,19.09,deg C,10678300,19754,VOL,U24
8/19/2017 1:00,19.08,deg C,10678300,19754,VOL,U24
8/19/2017 2:00,19.06,deg C,10678300,19754,VOL,U24
8/19/2017 3:00,19.05,deg C,10678300,19754,VOL,U24
8/19/2017 4:00,19.05,deg C,10678300,19754,VOL,U24
8/19/2017 5:00,19,deg C,10678300,19754,VOL,U24
8/19/2017 6:00,18.92,deg C,10678300,19754,VOL,U24
8/19/2017 7:00,18.9,deg C,10678300,19754,VOL,U24
8/19/2017 8:00,19.02,deg C,10678300,19754,VOL,U24
8/19/2017 9:00,19.14,deg C,10678300,19754,VOL,U24
8/19/2017 10:00,19.3,deg C,10678300,19754,VOL,U24
8/19/2017 11:00,19.54,deg C,10678300,19754,VOL,U24
8/19/2017 12:00,19.67,deg C,10678300,19754,VOL,U24
8/19/2017 13:00,19.72,deg C,10678300,19754,VOL,U24
8/19/2017 14:00,19.57,deg C,10678300,19754,VOL,U24
8/19/2017 15:00,19.57,deg C,10678300,19754,VOL,U24
8/19/2017 16:00,19.51,deg C,10678300,19754,VOL,U24
8/19/2017 17:00,19.5,deg C,10678300,19754,VOL,U24
8/19/2017 18:00,19.51,deg C,10678300,19754,VOL,U24
8/19/2017 19:00,19.5,deg C,10678300,19754,VOL,U24
8/19/2017 20:00,19.46,deg C,10678300,19754,VOL,U24
8/19/2017 21:00,19.41,deg C,10678300,19754,VOL,U24
8/19/2017 22:00,19.35,deg C,10678300,19754,VOL,U24
8/19/2017 23:00,19.31,deg C,10678300,19754,VOL,U24
8/20/2017 0:00,19.26,deg C,10678300,19754,VOL,U24
8/20/2017 1:00,19.18,deg C,10678300,19754,VOL,U24
8/20/2017 2:00,19.05,deg C,10678300,19754,VOL,U24
8/20/2017 3:00,18.93,deg C,10678300,19754,VOL,U24
8/20/2017 4:00,18.79,deg C,10678300,19754,VOL,U24
8/20/2017 5:00,18.67,deg C,10678300,19754,VOL,U24
8/20/2017 6:00,18.56,deg C,10678300,19754,VOL,U24
8/20/2017 7:00,18.57,deg C,10678300,19754,VOL,U24
8/20/2017 8:00,18.69,deg C,10678300,19754,VOL,U24
8/20/2017 9:00,18.83,deg C,10678300,19754,VOL,U24
8/20/2017 10:00,18.9,deg C,10678300,19754,VOL,U24
8/20/2017 11:00,19.01,deg C,10678300,19754,VOL,U24
8/20/2017 12:00,19.05,deg C,10678300,19754,VOL,U24
8/20/2017 13:00,19.14,deg C,10678300,19754,VOL,U24
8/20/2017 14:00,19.02,deg C,10678300,19754,VOL,U24
8/20/2017 15:00,18.93,deg C,10678300,19754,VOL,U24
8/20/2017 16:00,18.81,deg C,10678300,19754,VOL,U24
8/20/2017 17:00,18.75,deg C,10678300,19754,VOL,U24
8/20/2017 18:00,18.71,deg C,10678300,19754,VOL,U24
8/20/2017 19:00,18.63,deg C,10678300,19754,VOL,U24
8/20/2017 20:00,18.55,deg C,10678300,19754,VOL,U24
8/20/2017 21:00,18.44,deg C,10678300,19754,VOL,U24
8/20/2017 22:00,18.32,deg C,10678300,19754,VOL,U24
8/20/2017 23:00,18.22,deg C,10678300,19754,VOL,U24
8/21/2017 0:00,18.14,deg C,10678300,19754,VOL,U24
8/21/2017 1:00,18.03,deg C,10678300,19754,VOL,U24
8/21/2017 2:00,17.93,deg C,10678300,19754,VOL,U24
8/21/2017 3:00,17.82,deg C,10678300,19754,VOL,U24
8/21/2017 4:00,17.71,deg C,10678300,19754,VOL,U24
8/21/2017 5:00,17.61,deg C,10678300,19754,VOL,U24
8/21/2017 6:00,17.53,deg C,10678300,19754,VOL,U24
8/21/2017 7:00,17.53,deg C,10678300,19754,VOL,U24
8/21/2017 8:00,17.67,deg C,10678300,19754,VOL,U24
8/21/2017 9:00,17.85,deg C,10678300,19754,VOL,U24
8/21/2017 10:00,18.11,deg C,10678300,19754,VOL,U24
8/21/2017 11:00,18.48,deg C,10678300,19754,VOL,U24
8/21/2017 12:00,18.67,deg C,10678300,19754,VOL,U24
8/21/2017 13:00,18.71,deg C,10678300,19754,VOL,U24
8/21/2017 14:00,18.64,deg C,10678300,19754,VOL,U24
8/21/2017 15:00,18.64,deg C,10678300,19754,VOL,U24
8/21/2017 16:00,18.69,deg C,10678300,19754,VOL,U24
8/21/2017 17:00,18.73,deg C,10678300,19754,VOL,U24
8/21/2017 18:00,18.8,deg C,10678300,19754,VOL,U24
8/21/2017 19:00,18.86,deg C,10678300,19754,VOL,U24
8/21/2017 20:00,18.88,deg C,10678300,19754,VOL,U24
8/21/2017 21:00,18.9,deg C,10678300,19754,VOL,U24
8/21/2017 22:00,18.92,deg C,10678300,19754,VOL,U24
8/21/2017 23:00,18.92,deg C,10678300,19754,VOL,U24
8/22/2017 0:00,18.89,deg C,10678300,19754,VOL,U24
8/22/2017 1:00,18.85,deg C,10678300,19754,VOL,U24
8/22/2017 2:00,18.84,deg C,10678300,19754,VOL,U24
8/22/2017 3:00,18.81,deg C,10678300,19754,VOL,U24
8/22/2017 4:00,18.79,deg C,10678300,19754,VOL,U24
8/22/2017 5:00,18.73,deg C,10678300,19754,VOL,U24
8/22/2017 6:00,18.73,deg C,10678300,19754,VOL,U24
8/22/2017 7:00,18.77,deg C,10678300,19754,VOL,U24
8/22/2017 8:00,18.9,deg C,10678300,19754,VOL,U24
8/22/2017 9:00,19.17,deg C,10678300,19754,VOL,U24
8/22/2017 10:00,19.46,deg C,10678300,19754,VOL,U24
8/22/2017 11:00,19.72,deg C,10678300,19754,VOL,U24
8/22/2017 12:00,19.95,deg C,10678300,19754,VOL,U24
8/22/2017 13:00,20.06,deg C,10678300,19754,VOL,U24
8/22/2017 14:00,20.15,deg C,10678300,19754,VOL,U24
8/22/2017 15:00,20.13,deg C,10678300,19754,VOL,U24
8/22/2017 16:00,20.12,deg C,10678300,19754,VOL,U24
8/22/2017 17:00,20.15,deg C,10678300,19754,VOL,U24
8/22/2017 18:00,20.19,deg C,10678300,19754,VOL,U24
8/22/2017 19:00,20.21,deg C,10678300,19754,VOL,U24
8/22/2017 20:00,20.25,deg C,10678300,19754,VOL,U24
8/22/2017 21:00,20.28,deg C,10678300,19754,VOL,U24
8/22/2017 22:00,20.45,deg C,10678300,19754,VOL,U24
8/22/2017 23:00,20.48,deg C,10678300,19754,VOL,U24
8/23/2017 0:00,20.32,deg C,10678300,19754,VOL,U24
8/23/2017 1:00,20.27,deg C,10678300,19754,VOL,U24
8/23/2017 2:00,20.19,deg C,10678300,19754,VOL,U24
8/23/2017 3:00,20.03,deg C,10678300,19754,VOL,U24
8/23/2017 4:00,19.84,deg C,10678300,19754,VOL,U24
8/23/2017 5:00,19.66,deg C,10678300,19754,VOL,U24
8/23/2017 6:00,19.58,deg C,10678300,19754,VOL,U24
8/23/2017 7:00,19.55,deg C,10678300,19754,VOL,U24
8/23/2017 8:00,19.49,deg C,10678300,19754,VOL,U24
8/23/2017 9:00,19.47,deg C,10678300,19754,VOL,U24
8/23/2017 10:00,19.54,deg C,10678300,19754,VOL,U24
8/23/2017 11:00,19.61,deg C,10678300,19754,VOL,U24
8/23/2017 12:00,19.57,deg C,10678300,19754,VOL,U24
8/23/2017 13:00,19.55,deg C,10678300,19754,VOL,U24
8/23/2017 14:00,19.46,deg C,10678300,19754,VOL,U24
8/23/2017 15:00,19.37,deg C,10678300,19754,VOL,U24
8/23/2017 16:00,19.25,deg C,10678300,19754,VOL,U24
8/23/2017 17:00,19.13,deg C,10678300,19754,VOL,U24
8/23/2017 18:00,19.02,deg C,10678300,19754,VOL,U24
8/23/2017 19:00,18.89,deg C,10678300,19754,VOL,U24
8/23/2017 20:00,18.71,deg C,10678300,19754,VOL,U24
8/23/2017 21:00,18.52,deg C,10678300,19754,VOL,U24
8/23/2017 22:00,18.31,deg C,10678300,19754,VOL,U24
8/23/2017 23:00,18.12,deg C,10678300,19754,VOL,U24
8/24/2017 0:00,17.91,deg C,10678300,19754,VOL,U24
8/24/2017 1:00,17.73,deg C,10678300,19754,VOL,U24
8/24/2017 2:00,17.54,deg C,10678300,19754,VOL,U24
8/24/2017 3:00,17.41,deg C,10678300,19754,VOL,U24
8/24/2017 4:00,17.21,deg C,10678300,19754,VOL,U24
8/24/2017 5:00,17.01,deg C,10678300,19754,VOL,U24
8/24/2017 6:00,16.83,deg C,10678300,19754,VOL,U24
8/24/2017 7:00,16.81,deg C,10678300,19754,VOL,U24
8/24/2017 8:00,16.99,deg C,10678300,19754,VOL,U24
8/24/2017 9:00,17.16,deg C,10678300,19754,VOL,U24
8/24/2017 10:00,17.32,deg C,10678300,19754,VOL,U24
8/24/2017 11:00,17.44,deg C,10678300,19754,VOL,U24
8/24/2017 12:00,17.48,deg C,10678300,19754,VOL,U24
8/24/2017 13:00,17.48,deg C,10678300,19754,VOL,U24
8/24/2017 14:00,17.4,deg C,10678300,19754,VOL,U24
8/24/2017 15:00,17.28,deg C,10678300,19754,VOL,U24
8/24/2017 16:00,17.21,deg C,10678300,19754,VOL,U24
8/24/2017 17:00,17.16,deg C,10678300,19754,VOL,U24
8/24/2017 18:00,17.14,deg C,10678300,19754,VOL,U24
8/24/2017 19:00,17.09,deg C,10678300,19754,VOL,U24
8/24/2017 20:00,17.04,deg C,10678300,19754,VOL,U24
8/24/2017 21:00,17,deg C,10678300,19754,VOL,U24
8/24/2017 22:00,16.93,deg C,10678300,19754,VOL,U24
8/24/2017 23:00,16.91,deg C,10678300,19754,VOL,U24
8/25/2017 0:00,16.89,deg C,10678300,19754,VOL,U24
8/25/2017 1:00,16.87,deg C,10678300,19754,VOL,U24
8/25/2017 2:00,16.84,deg C,10678300,19754,VOL,U24
8/25/2017 3:00,16.75,deg C,10678300,19754,VOL,U24
8/25/2017 4:00,16.6,deg C,10678300,19754,VOL,U24
8/25/2017 5:00,16.48,deg C,10678300,19754,VOL,U24
8/25/2017 6:00,16.38,deg C,10678300,19754,VOL,U24
8/25/2017 7:00,16.42,deg C,10678300,19754,VOL,U24
8/25/2017 8:00,16.6,deg C,10678300,19754,VOL,U24
8/25/2017 9:00,16.75,deg C,10678300,19754,VOL,U24
8/25/2017 10:00,16.91,deg C,10678300,19754,VOL,U24
8/25/2017 11:00,17.07,deg C,10678300,19754,VOL,U24
8/25/2017 12:00,17.11,deg C,10678300,19754,VOL,U24
8/25/2017 13:00,17.05,deg C,10678300,19754,VOL,U24
8/25/2017 14:00,17.03,deg C,10678300,19754,VOL,U24
8/25/2017 15:00,16.96,deg C,10678300,19754,VOL,U24
8/25/2017 16:00,16.91,deg C,10678300,19754,VOL,U24
8/25/2017 17:00,16.83,deg C,10678300,19754,VOL,U24
8/25/2017 18:00,16.77,deg C,10678300,19754,VOL,U24
8/25/2017 19:00,16.68,deg C,10678300,19754,VOL,U24
8/25/2017 20:00,16.59,deg C,10678300,19754,VOL,U24
8/25/2017 21:00,16.52,deg C,10678300,19754,VOL,U24
8/25/2017 22:00,16.39,deg C,10678300,19754,VOL,U24
8/25/2017 23:00,16.25,deg C,10678300,19754,VOL,U24
8/26/2017 0:00,16.13,deg C,10678300,19754,VOL,U24
8/26/2017 1:00,16.01,deg C,10678300,19754,VOL,U24
8/26/2017 2:00,15.85,deg C,10678300,19754,VOL,U24
8/26/2017 3:00,15.72,deg C,10678300,19754,VOL,U24
8/26/2017 4:00,15.56,deg C,10678300,19754,VOL,U24
8/26/2017 5:00,15.4,deg C,10678300,19754,VOL,U24
8/26/2017 6:00,15.23,deg C,10678300,19754,VOL,U24
8/26/2017 7:00,15.23,deg C,10678300,19754,VOL,U24
8/26/2017 8:00,15.41,deg C,10678300,19754,VOL,U24
8/26/2017 9:00,15.61,deg C,10678300,19754,VOL,U24
8/26/2017 10:00,15.84,deg C,10678300,19754,VOL,U24
8/26/2017 11:00,16.01,deg C,10678300,19754,VOL,U24
8/26/2017 12:00,16.1,deg C,10678300,19754,VOL,U24
8/26/2017 13:00,16.17,deg C,10678300,19754,VOL,U24
8/26/2017 14:00,16.14,deg C,10678300,19754,VOL,U24
8/26/2017 15:00,15.99,deg C,10678300,19754,VOL,U24
8/26/2017 16:00,15.91,deg C,10678300,19754,VOL,U24
8/26/2017 17:00,15.87,deg C,10678300,19754,VOL,U24
8/26/2017 18:00,15.84,deg C,10678300,19754,VOL,U24
8/26/2017 19:00,15.76,deg C,10678300,19754,VOL,U24
8/26/2017 20:00,15.68,deg C,10678300,19754,VOL,U24
8/26/2017 21:00,15.54,deg C,10678300,19754,VOL,U24
8/26/2017 22:00,15.41,deg C,10678300,19754,VOL,U24
8/26/2017 23:00,15.27,deg C,10678300,19754,VOL,U24
8/27/2017 0:00,15.13,deg C,10678300,19754,VOL,U24
8/27/2017 1:00,15.02,deg C,10678300,19754,VOL,U24
8/27/2017 2:00,14.98,deg C,10678300,19754,VOL,U24
8/27/2017 3:00,14.86,deg C,10678300,19754,VOL,U24
8/27/2017 4:00,14.76,deg C,10678300,19754,VOL,U24
8/27/2017 5:00,14.66,deg C,10678300,19754,VOL,U24
8/27/2017 6:00,14.58,deg C,10678300,19754,VOL,U24
8/27/2017 7:00,14.58,deg C,10678300,19754,VOL,U24
8/27/2017 8:00,14.71,deg C,10678300,19754,VOL,U24
8/27/2017 9:00,14.94,deg C,10678300,19754,VOL,U24
8/27/2017 10:00,15.2,deg C,10678300,19754,VOL,U24
8/27/2017 11:00,15.46,deg C,10678300,19754,VOL,U24
8/27/2017 12:00,15.6,deg C,10678300,19754,VOL,U24
8/27/2017 13:00,15.73,deg C,10678300,19754,VOL,U24
8/27/2017 14:00,15.66,deg C,10678300,19754,VOL,U24
8/27/2017 15:00,15.56,deg C,10678300,19754,VOL,U24
8/27/2017 16:00,15.49,deg C,10678300,19754,VOL,U24
8/27/2017 17:00,15.46,deg C,10678300,19754,VOL,U24
8/27/2017 18:00,15.43,deg C,10678300,19754,VOL,U24
8/27/2017 19:00,15.4,deg C,10678300,19754,VOL,U24
8/27/2017 20:00,15.37,deg C,10678300,19754,VOL,U24
8/27/2017 21:00,15.33,deg C,10678300,19754,VOL,U24
8/27/2017 22:00,15.31,deg C,10678300,19754,VOL,U24
8/27/2017 23:00,15.27,deg C,10678300,19754,VOL,U24
8/28/2017 0:00,15.2,deg C,10678300,19754,VOL,U24
8/28/2017 1:00,15.11,deg C,10678300,19754,VOL,U24
8/28/2017 2:00,15,deg C,10678300,19754,VOL,U24
8/28/2017 3:00,14.88,deg C,10678300,19754,VOL,U24
8/28/2017 4:00,14.79,deg C,10678300,19754,VOL,U24
8/28/2017 5:00,14.67,deg C,10678300,19754,VOL,U24
8/28/2017 6:00,14.57,deg C,10678300,19754,VOL,U24
8/28/2017 7:00,14.62,deg C,10678300,19754,VOL,U24
8/28/2017 8:00,14.83,deg C,10678300,19754,VOL,U24
8/28/2017 9:00,15.08,deg C,10678300,19754,VOL,U24
8/28/2017 10:00,15.33,deg C,10678300,19754,VOL,U24
8/28/2017 11:00,15.48,deg C,10678300,19754,VOL,U24
8/28/2017 12:00,15.57,deg C,10678300,19754,VOL,U24
8/28/2017 13:00,15.62,deg C,10678300,19754,VOL,U24
8/28/2017 14:00,15.64,deg C,10678300,19754,VOL,U24
8/28/2017 15:00,15.61,deg C,10678300,19754,VOL,U24
8/28/2017 16:00,15.54,deg C,10678300,19754,VOL,U24
8/28/2017 17:00,15.5,deg C,10678300,19754,VOL,U24
8/28/2017 18:00,15.48,deg C,10678300,19754,VOL,U24
8/28/2017 19:00,15.43,deg C,10678300,19754,VOL,U24
8/28/2017 20:00,15.36,deg C,10678300,19754,VOL,U24
8/28/2017 21:00,15.27,deg C,10678300,19754,VOL,U24
8/28/2017 22:00,15.19,deg C,10678300,19754,VOL,U24
8/28/2017 23:00,15.11,deg C,10678300,19754,VOL,U24
8/29/2017 0:00,15.02,deg C,10678300,19754,VOL,U24
8/29/2017 1:00,14.95,deg C,10678300,19754,VOL,U24
8/29/2017 2:00,14.87,deg C,10678300,19754,VOL,U24
8/29/2017 3:00,14.84,deg C,10678300,19754,VOL,U24
8/29/2017 4:00,14.84,deg C,10678300,19754,VOL,U24
8/29/2017 5:00,14.86,deg C,10678300,19754,VOL,U24
8/29/2017 6:00,14.87,deg C,10678300,19754,VOL,U24
8/29/2017 7:00,14.88,deg C,10678300,19754,VOL,U24
8/29/2017 8:00,14.94,deg C,10678300,19754,VOL,U24
8/29/2017 9:00,14.99,deg C,10678300,19754,VOL,U24
8/29/2017 10:00,15.04,deg C,10678300,19754,VOL,U24
8/29/2017 11:00,15.11,deg C,10678300,19754,VOL,U24
8/29/2017 12:00,15.16,deg C,10678300,19754,VOL,U24
8/29/2017 13:00,15.2,deg C,10678300,19754,VOL,U24
8/29/2017 14:00,15.21,deg C,10678300,19754,VOL,U24
8/29/2017 15:00,15.23,deg C,10678300,19754,VOL,U24
8/29/2017 16:00,15.21,deg C,10678300,19754,VOL,U24
8/29/2017 17:00,15.19,deg C,10678300,19754,VOL,U24
8/29/2017 18:00,15.17,deg C,10678300,19754,VOL,U24
8/29/2017 19:00,15.15,deg C,10678300,19754,VOL,U24
8/29/2017 20:00,15.13,deg C,10678300,19754,VOL,U24
8/29/2017 21:00,15.12,deg C,10678300,19754,VOL,U24
8/29/2017 22:00,15.12,deg C,10678300,19754,VOL,U24
8/29/2017 23:00,15.12,deg C,10678300,19754,VOL,U24
8/30/2017 0:00,15.11,deg C,10678300,19754,VOL,U24
8/30/2017 1:00,15.08,deg C,10678300,19754,VOL,U24
8/30/2017 2:00,15.05,deg C,10678300,19754,VOL,U24
8/30/2017 3:00,15.04,deg C,10678300,19754,VOL,U24
8/30/2017 4:00,15.02,deg C,10678300,19754,VOL,U24
8/30/2017 5:00,14.99,deg C,10678300,19754,VOL,U24
8/30/2017 6:00,14.91,deg C,10678300,19754,VOL,U24
8/30/2017 7:00,14.9,deg C,10678300,19754,VOL,U24
8/30/2017 8:00,15.02,deg C,10678300,19754,VOL,U24
8/30/2017 9:00,15.2,deg C,10678300,19754,VOL,U24
8/30/2017 10:00,15.4,deg C,10678300,19754,VOL,U24
8/30/2017 11:00,15.62,deg C,10678300,19754,VOL,U24
8/30/2017 12:00,15.8,deg C,10678300,19754,VOL,U24
8/30/2017 13:00,15.9,deg C,10678300,19754,VOL,U24
8/30/2017 14:00,15.93,deg C,10678300,19754,VOL,U24
8/30/2017 15:00,15.84,deg C,10678300,19754,VOL,U24
8/30/2017 16:00,15.77,deg C,10678300,19754,VOL,U24
8/30/2017 17:00,15.74,deg C,10678300,19754,VOL,U24
8/30/2017 18:00,15.73,deg C,10678300,19754,VOL,U24
8/30/2017 19:00,15.7,deg C,10678300,19754,VOL,U24
8/30/2017 20:00,15.66,deg C,10678300,19754,VOL,U24
8/30/2017 21:00,15.6,deg C,10678300,19754,VOL,U24
8/30/2017 22:00,15.52,deg C,10678300,19754,VOL,U24
8/30/2017 23:00,15.44,deg C,10678300,19754,VOL,U24
8/31/2017 0:00,15.35,deg C,10678300,19754,VOL,U24
8/31/2017 1:00,15.28,deg C,10678300,19754,VOL,U24
8/31/2017 2:00,15.19,deg C,10678300,19754,VOL,U24
8/31/2017 3:00,15.09,deg C,10678300,19754,VOL,U24
8/31/2017 4:00,15,deg C,10678300,19754,VOL,U24
8/31/2017 5:00,14.91,deg C,10678300,19754,VOL,U24
8/31/2017 6:00,14.83,deg C,10678300,19754,VOL,U24
8/31/2017 7:00,14.86,deg C,10678300,19754,VOL,U24
8/31/2017 8:00,15.04,deg C,10678300,19754,VOL,U24
8/31/2017 9:00,15.35,deg C,10678300,19754,VOL,U24
8/31/2017 10:00,15.69,deg C,10678300,19754,VOL,U24
8/31/2017 11:00,15.98,deg C,10678300,19754,VOL,U24
8/31/2017 12:00,15.95,deg C,10678300,19754,VOL,U24
8/31/2017 13:00,15.99,deg C,10678300,19754,VOL,U24
8/31/2017 14:00,15.98,deg C,10678300,19754,VOL,U24
8/31/2017 15:00,16.01,deg C,10678300,19754,VOL,U24
8/31/2017 16:00,16.01,deg C,10678300,19754,VOL,U24
8/31/2017 17:00,15.91,deg C,10678300,19754,VOL,U24
8/31/2017 18:00,15.82,deg C,10678300,19754,VOL,U24
8/31/2017 19:00,15.73,deg C,10678300,19754,VOL,U24
8/31/2017 20:00,15.62,deg C,10678300,19754,VOL,U24
8/31/2017 21:00,15.5,deg C,10678300,19754,VOL,U24
8/31/2017 22:00,15.43,deg C,10678300,19754,VOL,U24
8/31/2017 23:00,15.29,deg C,10678300,19754,VOL,U24
9/1/2017 0:00,15.11,deg C,10678300,19754,VOL,U24
9/1/2017 1:00,14.95,deg C,10678300,19754,VOL,U24
9/1/2017 2:00,14.79,deg C,10678300,19754,VOL,U24
9/1/2017 3:00,14.62,deg C,10678300,19754,VOL,U24
9/1/2017 4:00,14.42,deg C,10678300,19754,VOL,U24
9/1/2017 5:00,14.22,deg C,10678300,19754,VOL,U24
9/1/2017 6:00,13.98,deg C,10678300,19754,VOL,U24
9/1/2017 7:00,13.94,deg C,10678300,19754,VOL,U24
9/1/2017 8:00,14,deg C,10678300,19754,VOL,U24
9/1/2017 9:00,13.98,deg C,10678300,19754,VOL,U24
9/1/2017 10:00,14.09,deg C,10678300,19754,VOL,U24
9/1/2017 11:00,14.25,deg C,10678300,19754,VOL,U24
9/1/2017 12:00,14.35,deg C,10678300,19754,VOL,U24
9/1/2017 13:00,14.46,deg C,10678300,19754,VOL,U24
9/1/2017 14:00,14.47,deg C,10678300,19754,VOL,U24
9/1/2017 15:00,14.38,deg C,10678300,19754,VOL,U24
9/1/2017 16:00,14.31,deg C,10678300,19754,VOL,U24
9/1/2017 17:00,14.23,deg C,10678300,19754,VOL,U24
9/1/2017 18:00,14.1,deg C,10678300,19754,VOL,U24
9/1/2017 19:00,13.96,deg C,10678300,19754,VOL,U24
9/1/2017 20:00,13.8,deg C,10678300,19754,VOL,U24
9/1/2017 21:00,13.67,deg C,10678300,19754,VOL,U24
9/1/2017 22:00,13.56,deg C,10678300,19754,VOL,U24
9/1/2017 23:00,13.47,deg C,10678300,19754,VOL,U24
9/2/2017 0:00,13.32,deg C,10678300,19754,VOL,U24
9/2/2017 1:00,13.15,deg C,10678300,19754,VOL,U24
9/2/2017 2:00,13.03,deg C,10678300,19754,VOL,U24
9/2/2017 3:00,12.9,deg C,10678300,19754,VOL,U24
9/2/2017 4:00,12.79,deg C,10678300,19754,VOL,U24
9/2/2017 5:00,12.67,deg C,10678300,19754,VOL,U24
9/2/2017 6:00,12.54,deg C,10678300,19754,VOL,U24
9/2/2017 7:00,12.54,deg C,10678300,19754,VOL,U24
9/2/2017 8:00,12.7,deg C,10678300,19754,VOL,U24
9/2/2017 9:00,12.87,deg C,10678300,19754,VOL,U24
9/2/2017 10:00,13.1,deg C,10678300,19754,VOL,U24
9/2/2017 11:00,13.35,deg C,10678300,19754,VOL,U24
9/2/2017 12:00,13.55,deg C,10678300,19754,VOL,U24
9/2/2017 13:00,13.59,deg C,10678300,19754,VOL,U24
9/2/2017 14:00,13.67,deg C,10678300,19754,VOL,U24
9/2/2017 15:00,13.64,deg C,10678300,19754,VOL,U24
9/2/2017 16:00,13.61,deg C,10678300,19754,VOL,U24
9/2/2017 17:00,13.59,deg C,10678300,19754,VOL,U24
9/2/2017 18:00,13.53,deg C,10678300,19754,VOL,U24
9/2/2017 19:00,13.48,deg C,10678300,19754,VOL,U24
9/2/2017 20:00,13.44,deg C,10678300,19754,VOL,U24
9/2/2017 21:00,13.4,deg C,10678300,19754,VOL,U24
9/2/2017 22:00,13.37,deg C,10678300,19754,VOL,U24
9/2/2017 23:00,13.36,deg C,10678300,19754,VOL,U24
9/3/2017 0:00,13.36,deg C,10678300,19754,VOL,U24
9/3/2017 1:00,13.37,deg C,10678300,19754,VOL,U24
9/3/2017 2:00,13.36,deg C,10678300,19754,VOL,U24
9/3/2017 3:00,13.35,deg C,10678300,19754,VOL,U24
9/3/2017 4:00,13.35,deg C,10678300,19754,VOL,U24
9/3/2017 5:00,13.32,deg C,10678300,19754,VOL,U24
9/3/2017 6:00,13.32,deg C,10678300,19754,VOL,U24
9/3/2017 7:00,13.32,deg C,10678300,19754,VOL,U24
9/3/2017 8:00,13.31,deg C,10678300,19754,VOL,U24
9/3/2017 9:00,13.31,deg C,10678300,19754,VOL,U24
9/3/2017 10:00,13.35,deg C,10678300,19754,VOL,U24
9/3/2017 11:00,13.39,deg C,10678300,19754,VOL,U24
9/3/2017 12:00,13.45,deg C,10678300,19754,VOL,U24
9/3/2017 13:00,13.49,deg C,10678300,19754,VOL,U24
9/3/2017 14:00,13.55,deg C,10678300,19754,VOL,U24
9/3/2017 15:00,13.56,deg C,10678300,19754,VOL,U24
9/3/2017 16:00,13.6,deg C,10678300,19754,VOL,U24
9/3/2017 17:00,13.64,deg C,10678300,19754,VOL,U24
9/3/2017 18:00,13.67,deg C,10678300,19754,VOL,U24
9/3/2017 19:00,13.67,deg C,10678300,19754,VOL,U24
9/3/2017 20:00,13.65,deg C,10678300,19754,VOL,U24
9/3/2017 21:00,13.67,deg C,10678300,19754,VOL,U24
9/3/2017 22:00,13.69,deg C,10678300,19754,VOL,U24
9/3/2017 23:00,13.72,deg C,10678300,19754,VOL,U24
9/4/2017 0:00,13.77,deg C,10678300,19754,VOL,U24
9/4/2017 1:00,13.8,deg C,10678300,19754,VOL,U24
9/4/2017 2:00,13.81,deg C,10678300,19754,VOL,U24
9/4/2017 3:00,13.82,deg C,10678300,19754,VOL,U24
9/4/2017 4:00,13.81,deg C,10678300,19754,VOL,U24
9/4/2017 5:00,13.8,deg C,10678300,19754,VOL,U24
9/4/2017 6:00,13.8,deg C,10678300,19754,VOL,U24
9/4/2017 7:00,13.86,deg C,10678300,19754,VOL,U24
9/4/2017 8:00,14.02,deg C,10678300,19754,VOL,U24
9/4/2017 9:00,14.25,deg C,10678300,19754,VOL,U24
9/4/2017 10:00,14.54,deg C,10678300,19754,VOL,U24
9/4/2017 11:00,14.83,deg C,10678300,19754,VOL,U24
9/4/2017 12:00,15.08,deg C,10678300,19754,VOL,U24
9/4/2017 13:00,15.31,deg C,10678300,19754,VOL,U24
9/4/2017 14:00,15.37,deg C,10678300,19754,VOL,U24
9/4/2017 15:00,15.36,deg C,10678300,19754,VOL,U24
9/4/2017 16:00,15.36,deg C,10678300,19754,VOL,U24
9/4/2017 17:00,15.39,deg C,10678300,19754,VOL,U24
9/4/2017 18:00,15.41,deg C,10678300,19754,VOL,U24
9/4/2017 19:00,15.4,deg C,10678300,19754,VOL,U24
9/4/2017 20:00,15.39,deg C,10678300,19754,VOL,U24
9/4/2017 21:00,15.37,deg C,10678300,19754,VOL,U24
9/4/2017 22:00,15.39,deg C,10678300,19754,VOL,U24
9/4/2017 23:00,15.44,deg C,10678300,19754,VOL,U24
9/5/2017 0:00,15.46,deg C,10678300,19754,VOL,U24
9/5/2017 1:00,15.48,deg C,10678300,19754,VOL,U24
9/5/2017 2:00,15.5,deg C,10678300,19754,VOL,U24
9/5/2017 3:00,15.54,deg C,10678300,19754,VOL,U24
9/5/2017 4:00,15.57,deg C,10678300,19754,VOL,U24
9/5/2017 5:00,15.6,deg C,10678300,19754,VOL,U24
9/5/2017 6:00,15.61,deg C,10678300,19754,VOL,U24
9/5/2017 7:00,15.68,deg C,10678300,19754,VOL,U24
9/5/2017 8:00,15.82,deg C,10678300,19754,VOL,U24
9/5/2017 9:00,16.03,deg C,10678300,19754,VOL,U24
9/5/2017 10:00,16.21,deg C,10678300,19754,VOL,U24
9/5/2017 11:00,16.5,deg C,10678300,19754,VOL,U24
9/5/2017 12:00,16.8,deg C,10678300,19754,VOL,U24
9/5/2017 13:00,17.04,deg C,10678300,19754,VOL,U24
9/5/2017 14:00,17.17,deg C,10678300,19754,VOL,U24
9/5/2017 15:00,17.21,deg C,10678300,19754,VOL,U24
9/5/2017 16:00,17.37,deg C,10678300,19754,VOL,U24
9/5/2017 17:00,17.24,deg C,10678300,19754,VOL,U24
9/5/2017 18:00,17.14,deg C,10678300,19754,VOL,U24
9/5/2017 19:00,17.12,deg C,10678300,19754,VOL,U24
9/5/2017 20:00,17.12,deg C,10678300,19754,VOL,U24
9/5/2017 21:00,17.14,deg C,10678300,19754,VOL,U24
9/5/2017 22:00,17.21,deg C,10678300,19754,VOL,U24
9/5/2017 23:00,17.22,deg C,10678300,19754,VOL,U24
9/6/2017 0:00,17.24,deg C,10678300,19754,VOL,U24
9/6/2017 1:00,17.22,deg C,10678300,19754,VOL,U24
9/6/2017 2:00,17.22,deg C,10678300,19754,VOL,U24
9/6/2017 3:00,17.2,deg C,10678300,19754,VOL,U24
9/6/2017 4:00,17.17,deg C,10678300,19754,VOL,U24
9/6/2017 5:00,17.13,deg C,10678300,19754,VOL,U24
9/6/2017 6:00,17.12,deg C,10678300,19754,VOL,U24
9/6/2017 7:00,17.13,deg C,10678300,19754,VOL,U24
9/6/2017 8:00,17.08,deg C,10678300,19754,VOL,U24
9/6/2017 9:00,16.84,deg C,10678300,19754,VOL,U24
9/6/2017 10:00,16.62,deg C,10678300,19754,VOL,U24
9/6/2017 11:00,16.26,deg C,10678300,19754,VOL,U24
9/6/2017 12:00,16.27,deg C,10678300,19754,VOL,U24
9/6/2017 13:00,16.42,deg C,10678300,19754,VOL,U24
9/6/2017 14:00,16.46,deg C,10678300,19754,VOL,U24
9/6/2017 15:00,16.48,deg C,10678300,19754,VOL,U24
9/6/2017 16:00,16.44,deg C,10678300,19754,VOL,U24
9/6/2017 17:00,16.4,deg C,10678300,19754,VOL,U24
9/6/2017 18:00,16.34,deg C,10678300,19754,VOL,U24
9/6/2017 19:00,16.27,deg C,10678300,19754,VOL,U24
9/6/2017 20:00,16.21,deg C,10678300,19754,VOL,U24
9/6/2017 21:00,16.15,deg C,10678300,19754,VOL,U24
9/6/2017 22:00,16.07,deg C,10678300,19754,VOL,U24
9/6/2017 23:00,16.02,deg C,10678300,19754,VOL,U24
9/7/2017 0:00,15.95,deg C,10678300,19754,VOL,U24
9/7/2017 1:00,15.91,deg C,10678300,19754,VOL,U24
9/7/2017 2:00,15.85,deg C,10678300,19754,VOL,U24
9/7/2017 3:00,15.8,deg C,10678300,19754,VOL,U24
9/7/2017 4:00,15.77,deg C,10678300,19754,VOL,U24
9/7/2017 5:00,15.72,deg C,10678300,19754,VOL,U24
9/7/2017 6:00,15.66,deg C,10678300,19754,VOL,U24
9/7/2017 7:00,15.61,deg C,10678300,19754,VOL,U24
9/7/2017 8:00,15.62,deg C,10678300,19754,VOL,U24
9/7/2017 9:00,15.69,deg C,10678300,19754,VOL,U24
9/7/2017 10:00,15.78,deg C,10678300,19754,VOL,U24
9/7/2017 11:00,15.86,deg C,10678300,19754,VOL,U24
9/7/2017 12:00,15.97,deg C,10678300,19754,VOL,U24
9/7/2017 13:00,16.07,deg C,10678300,19754,VOL,U24
9/7/2017 14:00,16.11,deg C,10678300,19754,VOL,U24
9/7/2017 15:00,16.13,deg C,10678300,19754,VOL,U24
9/7/2017 16:00,16.1,deg C,10678300,19754,VOL,U24
9/7/2017 17:00,16.07,deg C,10678300,19754,VOL,U24
9/7/2017 18:00,16.02,deg C,10678300,19754,VOL,U24
9/7/2017 19:00,15.93,deg C,10678300,19754,VOL,U24
9/7/2017 20:00,15.82,deg C,10678300,19754,VOL,U24
9/7/2017 21:00,15.68,deg C,10678300,19754,VOL,U24
9/7/2017 22:00,15.53,deg C,10678300,19754,VOL,U24
9/7/2017 23:00,15.37,deg C,10678300,19754,VOL,U24
9/8/2017 0:00,15.25,deg C,10678300,19754,VOL,U24
9/8/2017 1:00,15.15,deg C,10678300,19754,VOL,U24
9/8/2017 2:00,15.02,deg C,10678300,19754,VOL,U24
9/8/2017 3:00,14.83,deg C,10678300,19754,VOL,U24
9/8/2017 4:00,14.7,deg C,10678300,19754,VOL,U24
9/8/2017 5:00,14.58,deg C,10678300,19754,VOL,U24
9/8/2017 6:00,14.45,deg C,10678300,19754,VOL,U24
9/8/2017 7:00,14.47,deg C,10678300,19754,VOL,U24
9/8/2017 8:00,14.59,deg C,10678300,19754,VOL,U24
9/8/2017 9:00,14.7,deg C,10678300,19754,VOL,U24
9/8/2017 10:00,14.82,deg C,10678300,19754,VOL,U24
9/8/2017 11:00,14.88,deg C,10678300,19754,VOL,U24
9/8/2017 12:00,14.98,deg C,10678300,19754,VOL,U24
9/8/2017 13:00,15.07,deg C,10678300,19754,VOL,U24
9/8/2017 14:00,15.08,deg C,10678300,19754,VOL,U24
9/8/2017 15:00,15.05,deg C,10678300,19754,VOL,U24
9/8/2017 16:00,15.08,deg C,10678300,19754,VOL,U24
9/8/2017 17:00,15.11,deg C,10678300,19754,VOL,U24
9/8/2017 18:00,15.08,deg C,10678300,19754,VOL,U24
9/8/2017 19:00,15,deg C,10678300,19754,VOL,U24
9/8/2017 20:00,14.91,deg C,10678300,19754,VOL,U24
9/8/2017 21:00,14.78,deg C,10678300,19754,VOL,U24
9/8/2017 22:00,14.64,deg C,10678300,19754,VOL,U24
9/8/2017 23:00,14.49,deg C,10678300,19754,VOL,U24
9/9/2017 0:00,14.34,deg C,10678300,19754,VOL,U24
9/9/2017 1:00,14.18,deg C,10678300,19754,VOL,U24
9/9/2017 2:00,14,deg C,10678300,19754,VOL,U24
9/9/2017 3:00,13.81,deg C,10678300,19754,VOL,U24
9/9/2017 4:00,13.65,deg C,10678300,19754,VOL,U24
9/9/2017 5:00,13.51,deg C,10678300,19754,VOL,U24
9/9/2017 6:00,13.39,deg C,10678300,19754,VOL,U24
9/9/2017 7:00,13.31,deg C,10678300,19754,VOL,U24
9/9/2017 8:00,13.48,deg C,10678300,19754,VOL,U24
9/9/2017 9:00,13.57,deg C,10678300,19754,VOL,U24
9/9/2017 10:00,13.69,deg C,10678300,19754,VOL,U24
9/9/2017 11:00,13.73,deg C,10678300,19754,VOL,U24
9/9/2017 12:00,13.71,deg C,10678300,19754,VOL,U24
9/9/2017 13:00,13.72,deg C,10678300,19754,VOL,U24
9/9/2017 14:00,13.8,deg C,10678300,19754,VOL,U24
9/9/2017 15:00,13.84,deg C,10678300,19754,VOL,U24
9/9/2017 16:00,13.81,deg C,10678300,19754,VOL,U24
9/9/2017 17:00,13.82,deg C,10678300,19754,VOL,U24
9/9/2017 18:00,13.85,deg C,10678300,19754,VOL,U24
9/9/2017 19:00,13.84,deg C,10678300,19754,VOL,U24
9/9/2017 20:00,13.84,deg C,10678300,19754,VOL,U24
9/9/2017 21:00,13.81,deg C,10678300,19754,VOL,U24
9/9/2017 22:00,13.82,deg C,10678300,19754,VOL,U24
9/9/2017 23:00,13.82,deg C,10678300,19754,VOL,U24
9/10/2017 0:00,13.81,deg C,10678300,19754,VOL,U24
9/10/2017 1:00,13.78,deg C,10678300,19754,VOL,U24
9/10/2017 2:00,13.74,deg C,10678300,19754,VOL,U24
9/10/2017 3:00,13.71,deg C,10678300,19754,VOL,U24
9/10/2017 4:00,13.65,deg C,10678300,19754,VOL,U24
9/10/2017 5:00,13.61,deg C,10678300,19754,VOL,U24
9/10/2017 6:00,13.55,deg C,10678300,19754,VOL,U24
9/10/2017 7:00,13.57,deg C,10678300,19754,VOL,U24
9/10/2017 8:00,13.71,deg C,10678300,19754,VOL,U24
9/10/2017 9:00,13.84,deg C,10678300,19754,VOL,U24
9/10/2017 10:00,13.96,deg C,10678300,19754,VOL,U24
9/10/2017 11:00,14.13,deg C,10678300,19754,VOL,U24
9/10/2017 12:00,14.21,deg C,10678300,19754,VOL,U24
9/10/2017 13:00,14.26,deg C,10678300,19754,VOL,U24
9/10/2017 14:00,14.22,deg C,10678300,19754,VOL,U24
9/10/2017 15:00,14.17,deg C,10678300,19754,VOL,U24
9/10/2017 16:00,14.13,deg C,10678300,19754,VOL,U24
9/10/2017 17:00,14.12,deg C,10678300,19754,VOL,U24
9/10/2017 18:00,14.12,deg C,10678300,19754,VOL,U24
9/10/2017 19:00,14.08,deg C,10678300,19754,VOL,U24
9/10/2017 20:00,13.98,deg C,10678300,19754,VOL,U24
9/10/2017 21:00,13.93,deg C,10678300,19754,VOL,U24
9/10/2017 22:00,13.85,deg C,10678300,19754,VOL,U24
9/10/2017 23:00,13.76,deg C,10678300,19754,VOL,U24
9/11/2017 0:00,13.71,deg C,10678300,19754,VOL,U24
9/11/2017 1:00,13.61,deg C,10678300,19754,VOL,U24
9/11/2017 2:00,13.53,deg C,10678300,19754,VOL,U24
9/11/2017 3:00,13.45,deg C,10678300,19754,VOL,U24
9/11/2017 4:00,13.37,deg C,10678300,19754,VOL,U24
9/11/2017 5:00,13.35,deg C,10678300,19754,VOL,U24
9/11/2017 6:00,13.27,deg C,10678300,19754,VOL,U24
9/11/2017 7:00,13.18,deg C,10678300,19754,VOL,U24
9/11/2017 8:00,13.26,deg C,10678300,19754,VOL,U24
9/11/2017 9:00,13.44,deg C,10678300,19754,VOL,U24
9/11/2017 10:00,13.64,deg C,10678300,19754,VOL,U24
9/11/2017 11:00,13.82,deg C,10678300,19754,VOL,U24
9/11/2017 12:00,13.96,deg C,10678300,19754,VOL,U24
9/11/2017 13:00,14.04,deg C,10678300,19754,VOL,U24
9/11/2017 14:00,14.02,deg C,10678300,19754,VOL,U24
9/11/2017 15:00,14,deg C,10678300,19754,VOL,U24
9/11/2017 16:00,14,deg C,10678300,19754,VOL,U24
9/11/2017 17:00,14.05,deg C,10678300,19754,VOL,U24
9/11/2017 18:00,14.08,deg C,10678300,19754,VOL,U24
9/11/2017 19:00,14.08,deg C,10678300,19754,VOL,U24
9/11/2017 20:00,14.04,deg C,10678300,19754,VOL,U24
9/11/2017 21:00,13.98,deg C,10678300,19754,VOL,U24
9/11/2017 22:00,13.96,deg C,10678300,19754,VOL,U24
9/11/2017 23:00,13.89,deg C,10678300,19754,VOL,U24
9/12/2017 0:00,13.82,deg C,10678300,19754,VOL,U24
9/12/2017 1:00,13.76,deg C,10678300,19754,VOL,U24
9/12/2017 2:00,13.72,deg C,10678300,19754,VOL,U24
9/12/2017 3:00,13.72,deg C,10678300,19754,VOL,U24
9/12/2017 4:00,13.61,deg C,10678300,19754,VOL,U24
9/12/2017 5:00,13.55,deg C,10678300,19754,VOL,U24
9/12/2017 6:00,13.51,deg C,10678300,19754,VOL,U24
9/12/2017 7:00,13.56,deg C,10678300,19754,VOL,U24
9/12/2017 8:00,13.68,deg C,10678300,19754,VOL,U24
9/12/2017 9:00,13.86,deg C,10678300,19754,VOL,U24
9/12/2017 10:00,14.08,deg C,10678300,19754,VOL,U24
9/12/2017 11:00,14.34,deg C,10678300,19754,VOL,U24
9/12/2017 12:00,14.55,deg C,10678300,19754,VOL,U24
9/12/2017 13:00,14.68,deg C,10678300,19754,VOL,U24
9/12/2017 14:00,14.74,deg C,10678300,19754,VOL,U24
9/12/2017 15:00,14.72,deg C,10678300,19754,VOL,U24
9/12/2017 16:00,14.75,deg C,10678300,19754,VOL,U24
9/12/2017 17:00,14.8,deg C,10678300,19754,VOL,U24
9/12/2017 18:00,14.86,deg C,10678300,19754,VOL,U24
9/12/2017 19:00,14.87,deg C,10678300,19754,VOL,U24
9/12/2017 20:00,14.9,deg C,10678300,19754,VOL,U24
9/12/2017 21:00,14.9,deg C,10678300,19754,VOL,U24
9/12/2017 22:00,14.9,deg C,10678300,19754,VOL,U24
9/12/2017 23:00,14.88,deg C,10678300,19754,VOL,U24
9/13/2017 0:00,14.84,deg C,10678300,19754,VOL,U24
9/13/2017 1:00,14.78,deg C,10678300,19754,VOL,U24
9/13/2017 2:00,14.71,deg C,10678300,19754,VOL,U24
9/13/2017 3:00,14.62,deg C,10678300,19754,VOL,U24
9/13/2017 4:00,14.51,deg C,10678300,19754,VOL,U24
9/13/2017 5:00,14.41,deg C,10678300,19754,VOL,U24
9/13/2017 6:00,14.34,deg C,10678300,19754,VOL,U24
9/13/2017 7:00,14.31,deg C,10678300,19754,VOL,U24
9/13/2017 8:00,14.42,deg C,10678300,19754,VOL,U24
9/13/2017 9:00,14.63,deg C,10678300,19754,VOL,U24
9/13/2017 10:00,14.91,deg C,10678300,19754,VOL,U24
9/13/2017 11:00,15.17,deg C,10678300,19754,VOL,U24
9/13/2017 12:00,15.4,deg C,10678300,19754,VOL,U24
9/13/2017 13:00,15.5,deg C,10678300,19754,VOL,U24
9/13/2017 14:00,15.52,deg C,10678300,19754,VOL,U24
9/13/2017 15:00,15.56,deg C,10678300,19754,VOL,U24
9/13/2017 16:00,15.65,deg C,10678300,19754,VOL,U24
9/13/2017 17:00,15.72,deg C,10678300,19754,VOL,U24
9/13/2017 18:00,15.77,deg C,10678300,19754,VOL,U24
9/13/2017 19:00,15.78,deg C,10678300,19754,VOL,U24
9/13/2017 20:00,15.82,deg C,10678300,19754,VOL,U24
9/13/2017 21:00,15.89,deg C,10678300,19754,VOL,U24
9/13/2017 22:00,15.98,deg C,10678300,19754,VOL,U24
9/13/2017 23:00,16.07,deg C,10678300,19754,VOL,U24
9/14/2017 0:00,16.14,deg C,10678300,19754,VOL,U24
9/14/2017 1:00,16.21,deg C,10678300,19754,VOL,U24
9/14/2017 2:00,16.26,deg C,10678300,19754,VOL,U24
9/14/2017 3:00,16.3,deg C,10678300,19754,VOL,U24
9/14/2017 4:00,16.32,deg C,10678300,19754,VOL,U24
9/14/2017 5:00,16.35,deg C,10678300,19754,VOL,U24
9/14/2017 6:00,16.36,deg C,10678300,19754,VOL,U24
9/14/2017 7:00,16.4,deg C,10678300,19754,VOL,U24
9/14/2017 8:00,16.47,deg C,10678300,19754,VOL,U24
9/14/2017 9:00,16.54,deg C,10678300,19754,VOL,U24
9/14/2017 10:00,16.63,deg C,10678300,19754,VOL,U24
9/14/2017 11:00,16.72,deg C,10678300,19754,VOL,U24
9/14/2017 12:00,16.84,deg C,10678300,19754,VOL,U24
9/14/2017 13:00,16.92,deg C,10678300,19754,VOL,U24
9/14/2017 14:00,17.03,deg C,10678300,19754,VOL,U24
9/14/2017 15:00,17.09,deg C,10678300,19754,VOL,U24
9/14/2017 16:00,17.11,deg C,10678300,19754,VOL,U24
9/14/2017 17:00,17.09,deg C,10678300,19754,VOL,U24
9/14/2017 18:00,17.11,deg C,10678300,19754,VOL,U24
9/14/2017 19:00,17.36,deg C,10678300,19754,VOL,U24
9/14/2017 20:00,17.24,deg C,10678300,19754,VOL,U24
9/14/2017 21:00,17.17,deg C,10678300,19754,VOL,U24
9/14/2017 22:00,17.13,deg C,10678300,19754,VOL,U24
9/14/2017 23:00,17.08,deg C,10678300,19754,VOL,U24
9/15/2017 0:00,17.05,deg C,10678300,19754,VOL,U24
9/15/2017 1:00,17.03,deg C,10678300,19754,VOL,U24
9/15/2017 2:00,17.01,deg C,10678300,19754,VOL,U24
9/15/2017 3:00,17,deg C,10678300,19754,VOL,U24
9/15/2017 4:00,16.99,deg C,10678300,19754,VOL,U24
9/15/2017 5:00,16.93,deg C,10678300,19754,VOL,U24
9/15/2017 6:00,16.91,deg C,10678300,19754,VOL,U24
9/15/2017 7:00,16.91,deg C,10678300,19754,VOL,U24
9/15/2017 8:00,16.95,deg C,10678300,19754,VOL,U24
9/15/2017 9:00,17.03,deg C,10678300,19754,VOL,U24
9/15/2017 10:00,17.16,deg C,10678300,19754,VOL,U24
9/15/2017 11:00,17.29,deg C,10678300,19754,VOL,U24
9/15/2017 12:00,17.4,deg C,10678300,19754,VOL,U24
9/15/2017 13:00,17.42,deg C,10678300,19754,VOL,U24
9/15/2017 14:00,17.45,deg C,10678300,19754,VOL,U24
9/15/2017 15:00,17.52,deg C,10678300,19754,VOL,U24
9/15/2017 16:00,17.58,deg C,10678300,19754,VOL,U24
9/15/2017 17:00,17.58,deg C,10678300,19754,VOL,U24
9/15/2017 18:00,17.57,deg C,10678300,19754,VOL,U24
9/15/2017 19:00,17.56,deg C,10678300,19754,VOL,U24
9/15/2017 20:00,17.56,deg C,10678300,19754,VOL,U24
9/15/2017 21:00,17.54,deg C,10678300,19754,VOL,U24
9/15/2017 22:00,17.52,deg C,10678300,19754,VOL,U24
9/15/2017 23:00,17.49,deg C,10678300,19754,VOL,U24
9/16/2017 0:00,17.46,deg C,10678300,19754,VOL,U24
9/16/2017 1:00,17.45,deg C,10678300,19754,VOL,U24
9/16/2017 2:00,17.42,deg C,10678300,19754,VOL,U24
9/16/2017 3:00,17.41,deg C,10678300,19754,VOL,U24
9/16/2017 4:00,17.4,deg C,10678300,19754,VOL,U24
9/16/2017 5:00,17.36,deg C,10678300,19754,VOL,U24
9/16/2017 6:00,17.33,deg C,10678300,19754,VOL,U24
9/16/2017 7:00,17.3,deg C,10678300,19754,VOL,U24
9/16/2017 8:00,17.32,deg C,10678300,19754,VOL,U24
9/16/2017 9:00,17.4,deg C,10678300,19754,VOL,U24
9/16/2017 10:00,17.57,deg C,10678300,19754,VOL,U24
9/16/2017 11:00,17.78,deg C,10678300,19754,VOL,U24
9/16/2017 12:00,17.9,deg C,10678300,19754,VOL,U24
9/16/2017 13:00,17.91,deg C,10678300,19754,VOL,U24
9/16/2017 14:00,18.02,deg C,10678300,19754,VOL,U24
9/16/2017 15:00,18.08,deg C,10678300,19754,VOL,U24
9/16/2017 16:00,18.08,deg C,10678300,19754,VOL,U24
9/16/2017 17:00,18.08,deg C,10678300,19754,VOL,U24
9/16/2017 18:00,18.06,deg C,10678300,19754,VOL,U24
9/16/2017 19:00,18.04,deg C,10678300,19754,VOL,U24
9/16/2017 20:00,17.99,deg C,10678300,19754,VOL,U24
9/16/2017 21:00,17.95,deg C,10678300,19754,VOL,U24
9/16/2017 22:00,17.91,deg C,10678300,19754,VOL,U24
9/16/2017 23:00,17.89,deg C,10678300,19754,VOL,U24
9/17/2017 0:00,17.83,deg C,10678300,19754,VOL,U24
9/17/2017 1:00,17.78,deg C,10678300,19754,VOL,U24
9/17/2017 2:00,17.73,deg C,10678300,19754,VOL,U24
9/17/2017 3:00,17.67,deg C,10678300,19754,VOL,U24
9/17/2017 4:00,17.65,deg C,10678300,19754,VOL,U24
9/17/2017 5:00,17.62,deg C,10678300,19754,VOL,U24
9/17/2017 6:00,17.56,deg C,10678300,19754,VOL,U24
9/17/2017 7:00,17.53,deg C,10678300,19754,VOL,U24
9/17/2017 8:00,17.52,deg C,10678300,19754,VOL,U24
9/17/2017 9:00,17.56,deg C,10678300,19754,VOL,U24
9/17/2017 10:00,17.67,deg C,10678300,19754,VOL,U24
9/17/2017 11:00,17.89,deg C,10678300,19754,VOL,U24
9/17/2017 12:00,18.08,deg C,10678300,19754,VOL,U24
9/17/2017 13:00,18.23,deg C,10678300,19754,VOL,U24
9/17/2017 14:00,18.24,deg C,10678300,19754,VOL,U24
9/17/2017 15:00,18.26,deg C,10678300,19754,VOL,U24
9/17/2017 16:00,18.26,deg C,10678300,19754,VOL,U24
9/17/2017 17:00,18.26,deg C,10678300,19754,VOL,U24
9/17/2017 18:00,18.23,deg C,10678300,19754,VOL,U24
9/17/2017 19:00,18.18,deg C,10678300,19754,VOL,U24
9/17/2017 20:00,18.15,deg C,10678300,19754,VOL,U24
9/17/2017 21:00,18.12,deg C,10678300,19754,VOL,U24
9/17/2017 22:00,18.07,deg C,10678300,19754,VOL,U24
9/17/2017 23:00,18.04,deg C,10678300,19754,VOL,U24
9/18/2017 0:00,18.03,deg C,10678300,19754,VOL,U24
9/18/2017 1:00,18.03,deg C,10678300,19754,VOL,U24
9/18/2017 2:00,18.02,deg C,10678300,19754,VOL,U24
9/18/2017 3:00,17.99,deg C,10678300,19754,VOL,U24
9/18/2017 4:00,17.97,deg C,10678300,19754,VOL,U24
9/18/2017 5:00,17.93,deg C,10678300,19754,VOL,U24
9/18/2017 6:00,17.87,deg C,10678300,19754,VOL,U24
9/18/2017 7:00,17.86,deg C,10678300,19754,VOL,U24
9/18/2017 8:00,17.87,deg C,10678300,19754,VOL,U24
9/18/2017 9:00,17.93,deg C,10678300,19754,VOL,U24
9/18/2017 10:00,18.03,deg C,10678300,19754,VOL,U24
9/18/2017 11:00,18.18,deg C,10678300,19754,VOL,U24
9/18/2017 12:00,18.3,deg C,10678300,19754,VOL,U24
9/18/2017 13:00,18.32,deg C,10678300,19754,VOL,U24
9/18/2017 14:00,18.27,deg C,10678300,19754,VOL,U24
9/18/2017 15:00,18.22,deg C,10678300,19754,VOL,U24
9/18/2017 16:00,18.19,deg C,10678300,19754,VOL,U24
9/18/2017 17:00,18.14,deg C,10678300,19754,VOL,U24
9/18/2017 18:00,18.1,deg C,10678300,19754,VOL,U24
9/18/2017 19:00,18.06,deg C,10678300,19754,VOL,U24
9/18/2017 20:00,17.98,deg C,10678300,19754,VOL,U24
9/18/2017 21:00,17.91,deg C,10678300,19754,VOL,U24
9/18/2017 22:00,17.86,deg C,10678300,19754,VOL,U24
9/18/2017 23:00,17.82,deg C,10678300,19754,VOL,U24
9/19/2017 0:00,17.82,deg C,10678300,19754,VOL,U24
9/19/2017 1:00,17.82,deg C,10678300,19754,VOL,U24
9/19/2017 2:00,17.82,deg C,10678300,19754,VOL,U24
9/19/2017 3:00,17.82,deg C,10678300,19754,VOL,U24
9/19/2017 4:00,17.82,deg C,10678300,19754,VOL,U24
9/19/2017 5:00,17.82,deg C,10678300,19754,VOL,U24
9/19/2017 6:00,17.82,deg C,10678300,19754,VOL,U24
9/19/2017 7:00,17.83,deg C,10678300,19754,VOL,U24
9/19/2017 8:00,17.87,deg C,10678300,19754,VOL,U24
9/19/2017 9:00,17.95,deg C,10678300,19754,VOL,U24
9/19/2017 10:00,17.98,deg C,10678300,19754,VOL,U24
9/19/2017 11:00,18.14,deg C,10678300,19754,VOL,U24
9/19/2017 12:00,18.2,deg C,10678300,19754,VOL,U24
9/19/2017 13:00,18.31,deg C,10678300,19754,VOL,U24
9/19/2017 14:00,18.34,deg C,10678300,19754,VOL,U24
9/19/2017 15:00,18.32,deg C,10678300,19754,VOL,U24
9/19/2017 16:00,18.3,deg C,10678300,19754,VOL,U24
9/19/2017 17:00,18.28,deg C,10678300,19754,VOL,U24
9/19/2017 18:00,18.26,deg C,10678300,19754,VOL,U24
9/19/2017 19:00,18.22,deg C,10678300,19754,VOL,U24
9/19/2017 20:00,18.19,deg C,10678300,19754,VOL,U24
9/19/2017 21:00,18.19,deg C,10678300,19754,VOL,U24
9/19/2017 22:00,18.19,deg C,10678300,19754,VOL,U24
9/19/2017 23:00,18.22,deg C,10678300,19754,VOL,U24
9/20/2017 0:00,18.22,deg C,10678300,19754,VOL,U24
9/20/2017 1:00,18.22,deg C,10678300,19754,VOL,U24
9/20/2017 2:00,18.23,deg C,10678300,19754,VOL,U24
9/20/2017 3:00,18.22,deg C,10678300,19754,VOL,U24
9/20/2017 4:00,18.23,deg C,10678300,19754,VOL,U24
9/20/2017 5:00,18.23,deg C,10678300,19754,VOL,U24
9/20/2017 6:00,18.23,deg C,10678300,19754,VOL,U24
9/20/2017 7:00,18.26,deg C,10678300,19754,VOL,U24
9/20/2017 8:00,18.24,deg C,10678300,19754,VOL,U24
9/20/2017 9:00,18.27,deg C,10678300,19754,VOL,U24
9/20/2017 10:00,18.34,deg C,10678300,19754,VOL,U24
9/20/2017 11:00,18.41,deg C,10678300,19754,VOL,U24
9/20/2017 12:00,18.57,deg C,10678300,19754,VOL,U24
9/20/2017 13:00,18.6,deg C,10678300,19754,VOL,U24
9/20/2017 14:00,18.65,deg C,10678300,19754,VOL,U24
9/20/2017 15:00,18.69,deg C,10678300,19754,VOL,U24
9/20/2017 16:00,18.69,deg C,10678300,19754,VOL,U24
9/20/2017 17:00,18.69,deg C,10678300,19754,VOL,U24
9/20/2017 18:00,18.64,deg C,10678300,19754,VOL,U24
9/20/2017 19:00,18.56,deg C,10678300,19754,VOL,U24
9/20/2017 20:00,18.53,deg C,10678300,19754,VOL,U24
9/20/2017 21:00,18.51,deg C,10678300,19754,VOL,U24
9/20/2017 22:00,18.48,deg C,10678300,19754,VOL,U24
9/20/2017 23:00,18.44,deg C,10678300,19754,VOL,U24
9/21/2017 0:00,18.44,deg C,10678300,19754,VOL,U24
9/21/2017 1:00,18.44,deg C,10678300,19754,VOL,U24
9/21/2017 2:00,18.41,deg C,10678300,19754,VOL,U24
9/21/2017 3:00,18.4,deg C,10678300,19754,VOL,U24
9/21/2017 4:00,18.36,deg C,10678300,19754,VOL,U24
9/21/2017 5:00,18.32,deg C,10678300,19754,VOL,U24
9/21/2017 6:00,18.3,deg C,10678300,19754,VOL,U24
9/21/2017 7:00,18.3,deg C,10678300,19754,VOL,U24
9/21/2017 8:00,18.36,deg C,10678300,19754,VOL,U24
9/21/2017 9:00,18.52,deg C,10678300,19754,VOL,U24
9/21/2017 10:00,18.67,deg C,10678300,19754,VOL,U24
9/21/2017 11:00,18.8,deg C,10678300,19754,VOL,U24
9/21/2017 12:00,18.85,deg C,10678300,19754,VOL,U24
9/21/2017 13:00,18.88,deg C,10678300,19754,VOL,U24
9/21/2017 14:00,18.9,deg C,10678300,19754,VOL,U24
9/21/2017 15:00,18.89,deg C,10678300,19754,VOL,U24
9/21/2017 16:00,18.88,deg C,10678300,19754,VOL,U24
9/21/2017 17:00,18.8,deg C,10678300,19754,VOL,U24
9/21/2017 18:00,18.72,deg C,10678300,19754,VOL,U24
9/21/2017 19:00,18.65,deg C,10678300,19754,VOL,U24
9/21/2017 20:00,18.61,deg C,10678300,19754,VOL,U24
9/21/2017 21:00,18.56,deg C,10678300,19754,VOL,U24
9/21/2017 22:00,18.51,deg C,10678300,19754,VOL,U24
9/21/2017 23:00,18.39,deg C,10678300,19754,VOL,U24
9/22/2017 0:00,18.26,deg C,10678300,19754,VOL,U24
9/22/2017 1:00,18.14,deg C,10678300,19754,VOL,U24
9/22/2017 2:00,17.98,deg C,10678300,19754,VOL,U24
9/22/2017 3:00,17.82,deg C,10678300,19754,VOL,U24
9/22/2017 4:00,17.66,deg C,10678300,19754,VOL,U24
9/22/2017 5:00,17.49,deg C,10678300,19754,VOL,U24
9/22/2017 6:00,17.3,deg C,10678300,19754,VOL,U24
9/22/2017 7:00,17.26,deg C,10678300,19754,VOL,U24
9/22/2017 8:00,17.34,deg C,10678300,19754,VOL,U24
9/22/2017 9:00,17.4,deg C,10678300,19754,VOL,U24
9/22/2017 10:00,17.49,deg C,10678300,19754,VOL,U24
9/22/2017 11:00,17.66,deg C,10678300,19754,VOL,U24
9/22/2017 12:00,17.78,deg C,10678300,19754,VOL,U24
9/22/2017 13:00,17.79,deg C,10678300,19754,VOL,U24
9/22/2017 14:00,17.75,deg C,10678300,19754,VOL,U24
9/22/2017 15:00,17.71,deg C,10678300,19754,VOL,U24
9/22/2017 16:00,17.63,deg C,10678300,19754,VOL,U24
9/22/2017 17:00,17.54,deg C,10678300,19754,VOL,U24
9/22/2017 18:00,17.44,deg C,10678300,19754,VOL,U24
9/22/2017 19:00,17.37,deg C,10678300,19754,VOL,U24
9/22/2017 20:00,17.3,deg C,10678300,19754,VOL,U24
9/22/2017 21:00,17.29,deg C,10678300,19754,VOL,U24
9/22/2017 22:00,17.3,deg C,10678300,19754,VOL,U24
9/22/2017 23:00,17.26,deg C,10678300,19754,VOL,U24
9/23/2017 0:00,17.24,deg C,10678300,19754,VOL,U24
9/23/2017 1:00,17.22,deg C,10678300,19754,VOL,U24
9/23/2017 2:00,17.2,deg C,10678300,19754,VOL,U24
9/23/2017 3:00,17.21,deg C,10678300,19754,VOL,U24
9/23/2017 4:00,17.12,deg C,10678300,19754,VOL,U24
9/23/2017 5:00,17.03,deg C,10678300,19754,VOL,U24
9/23/2017 6:00,16.93,deg C,10678300,19754,VOL,U24
9/23/2017 7:00,16.93,deg C,10678300,19754,VOL,U24
9/23/2017 8:00,17.03,deg C,10678300,19754,VOL,U24
9/23/2017 9:00,17.2,deg C,10678300,19754,VOL,U24
9/23/2017 10:00,17.4,deg C,10678300,19754,VOL,U24
9/23/2017 11:00,17.62,deg C,10678300,19754,VOL,U24
9/23/2017 12:00,17.75,deg C,10678300,19754,VOL,U24
9/23/2017 13:00,17.79,deg C,10678300,19754,VOL,U24
9/23/2017 14:00,17.77,deg C,10678300,19754,VOL,U24
9/23/2017 15:00,17.66,deg C,10678300,19754,VOL,U24
9/23/2017 16:00,17.66,deg C,10678300,19754,VOL,U24
9/23/2017 17:00,17.65,deg C,10678300,19754,VOL,U24
9/23/2017 18:00,17.58,deg C,10678300,19754,VOL,U24
9/23/2017 19:00,17.5,deg C,10678300,19754,VOL,U24
9/23/2017 20:00,17.4,deg C,10678300,19754,VOL,U24
9/23/2017 21:00,17.33,deg C,10678300,19754,VOL,U24
9/23/2017 22:00,17.24,deg C,10678300,19754,VOL,U24
9/23/2017 23:00,17.17,deg C,10678300,19754,VOL,U24
9/24/2017 0:00,17.12,deg C,10678300,19754,VOL,U24
9/24/2017 1:00,17.08,deg C,10678300,19754,VOL,U24
9/24/2017 2:00,17.04,deg C,10678300,19754,VOL,U24
9/24/2017 3:00,17,deg C,10678300,19754,VOL,U24
9/24/2017 4:00,16.99,deg C,10678300,19754,VOL,U24
9/24/2017 5:00,16.99,deg C,10678300,19754,VOL,U24
9/24/2017 6:00,17,deg C,10678300,19754,VOL,U24
9/24/2017 7:00,17.05,deg C,10678300,19754,VOL,U24
9/24/2017 8:00,17.18,deg C,10678300,19754,VOL,U24
9/24/2017 9:00,17.4,deg C,10678300,19754,VOL,U24
9/24/2017 10:00,17.66,deg C,10678300,19754,VOL,U24
9/24/2017 11:00,18,deg C,10678300,19754,VOL,U24
9/24/2017 12:00,18.27,deg C,10678300,19754,VOL,U24
9/24/2017 13:00,18.41,deg C,10678300,19754,VOL,U24
9/24/2017 14:00,18.49,deg C,10678300,19754,VOL,U24
9/24/2017 15:00,18.53,deg C,10678300,19754,VOL,U24
9/24/2017 16:00,18.56,deg C,10678300,19754,VOL,U24
9/24/2017 17:00,18.55,deg C,10678300,19754,VOL,U24
9/24/2017 18:00,18.53,deg C,10678300,19754,VOL,U24
9/24/2017 19:00,18.48,deg C,10678300,19754,VOL,U24
9/24/2017 20:00,18.43,deg C,10678300,19754,VOL,U24
9/24/2017 21:00,18.38,deg C,10678300,19754,VOL,U24
9/24/2017 22:00,18.34,deg C,10678300,19754,VOL,U24
9/24/2017 23:00,18.3,deg C,10678300,19754,VOL,U24
9/25/2017 0:00,18.24,deg C,10678300,19754,VOL,U24
9/25/2017 1:00,18.22,deg C,10678300,19754,VOL,U24
9/25/2017 2:00,18.19,deg C,10678300,19754,VOL,U24
9/25/2017 3:00,18.19,deg C,10678300,19754,VOL,U24
9/25/2017 4:00,18.19,deg C,10678300,19754,VOL,U24
9/25/2017 5:00,18.18,deg C,10678300,19754,VOL,U24
9/25/2017 6:00,18.16,deg C,10678300,19754,VOL,U24
9/25/2017 7:00,18.2,deg C,10678300,19754,VOL,U24
9/25/2017 8:00,18.28,deg C,10678300,19754,VOL,U24
9/25/2017 9:00,18.45,deg C,10678300,19754,VOL,U24
9/25/2017 10:00,18.72,deg C,10678300,19754,VOL,U24
9/25/2017 11:00,19.05,deg C,10678300,19754,VOL,U24
9/25/2017 12:00,19.3,deg C,10678300,19754,VOL,U24
9/25/2017 13:00,19.47,deg C,10678300,19754,VOL,U24
9/25/2017 14:00,19.59,deg C,10678300,19754,VOL,U24
9/25/2017 15:00,19.61,deg C,10678300,19754,VOL,U24
9/25/2017 16:00,19.62,deg C,10678300,19754,VOL,U24
9/25/2017 17:00,19.66,deg C,10678300,19754,VOL,U24
9/25/2017 18:00,19.61,deg C,10678300,19754,VOL,U24
9/25/2017 19:00,19.54,deg C,10678300,19754,VOL,U24
9/25/2017 20:00,19.49,deg C,10678300,19754,VOL,U24
9/25/2017 21:00,19.45,deg C,10678300,19754,VOL,U24
9/25/2017 22:00,19.37,deg C,10678300,19754,VOL,U24
9/25/2017 23:00,19.27,deg C,10678300,19754,VOL,U24
9/26/2017 0:00,19.18,deg C,10678300,19754,VOL,U24
9/26/2017 1:00,19.1,deg C,10678300,19754,VOL,U24
9/26/2017 2:00,19.04,deg C,10678300,19754,VOL,U24
9/26/2017 3:00,18.96,deg C,10678300,19754,VOL,U24
9/26/2017 4:00,18.86,deg C,10678300,19754,VOL,U24
9/26/2017 5:00,18.79,deg C,10678300,19754,VOL,U24
9/26/2017 6:00,18.71,deg C,10678300,19754,VOL,U24
9/26/2017 7:00,18.68,deg C,10678300,19754,VOL,U24
9/26/2017 8:00,18.73,deg C,10678300,19754,VOL,U24
9/26/2017 9:00,18.85,deg C,10678300,19754,VOL,U24
9/26/2017 10:00,19.05,deg C,10678300,19754,VOL,U24
9/26/2017 11:00,19.31,deg C,10678300,19754,VOL,U24
9/26/2017 12:00,19.53,deg C,10678300,19754,VOL,U24
9/26/2017 13:00,19.65,deg C,10678300,19754,VOL,U24
9/26/2017 14:00,19.67,deg C,10678300,19754,VOL,U24
9/26/2017 15:00,19.66,deg C,10678300,19754,VOL,U24
9/26/2017 16:00,19.66,deg C,10678300,19754,VOL,U24
9/26/2017 17:00,19.63,deg C,10678300,19754,VOL,U24
9/26/2017 18:00,19.57,deg C,10678300,19754,VOL,U24
9/26/2017 19:00,19.49,deg C,10678300,19754,VOL,U24
9/26/2017 20:00,19.45,deg C,10678300,19754,VOL,U24
9/26/2017 21:00,19.42,deg C,10678300,19754,VOL,U24
9/26/2017 22:00,19.35,deg C,10678300,19754,VOL,U24
9/26/2017 23:00,19.3,deg C,10678300,19754,VOL,U24
9/27/2017 0:00,19.21,deg C,10678300,19754,VOL,U24
9/27/2017 1:00,19.1,deg C,10678300,19754,VOL,U24
9/27/2017 2:00,19.02,deg C,10678300,19754,VOL,U24
9/27/2017 3:00,18.93,deg C,10678300,19754,VOL,U24
9/27/2017 4:00,18.88,deg C,10678300,19754,VOL,U24
9/27/2017 5:00,18.84,deg C,10678300,19754,VOL,U24
9/27/2017 6:00,18.79,deg C,10678300,19754,VOL,U24
9/27/2017 7:00,18.76,deg C,10678300,19754,VOL,U24
9/27/2017 8:00,18.79,deg C,10678300,19754,VOL,U24
9/27/2017 9:00,18.89,deg C,10678300,19754,VOL,U24
9/27/2017 10:00,19.08,deg C,10678300,19754,VOL,U24
9/27/2017 11:00,19.35,deg C,10678300,19754,VOL,U24
9/27/2017 12:00,19.55,deg C,10678300,19754,VOL,U24
9/27/2017 13:00,19.67,deg C,10678300,19754,VOL,U24
9/27/2017 14:00,19.74,deg C,10678300,19754,VOL,U24
9/27/2017 15:00,19.74,deg C,10678300,19754,VOL,U24
9/27/2017 16:00,19.75,deg C,10678300,19754,VOL,U24
9/27/2017 17:00,19.72,deg C,10678300,19754,VOL,U24
9/27/2017 18:00,19.72,deg C,10678300,19754,VOL,U24
9/27/2017 19:00,19.69,deg C,10678300,19754,VOL,U24
9/27/2017 20:00,19.66,deg C,10678300,19754,VOL,U24
9/27/2017 21:00,19.61,deg C,10678300,19754,VOL,U24
9/27/2017 22:00,19.55,deg C,10678300,19754,VOL,U24
9/27/2017 23:00,19.5,deg C,10678300,19754,VOL,U24
9/28/2017 0:00,19.47,deg C,10678300,19754,VOL,U24
9/28/2017 1:00,19.45,deg C,10678300,19754,VOL,U24
9/28/2017 2:00,19.45,deg C,10678300,19754,VOL,U24
9/28/2017 3:00,19.45,deg C,10678300,19754,VOL,U24
9/28/2017 4:00,19.43,deg C,10678300,19754,VOL,U24
9/28/2017 5:00,19.25,deg C,10678300,19754,VOL,U24
9/28/2017 6:00,18.97,deg C,10678300,19754,VOL,U24
9/28/2017 7:00,18.76,deg C,10678300,19754,VOL,U24
9/28/2017 8:00,18.56,deg C,10678300,19754,VOL,U24
9/28/2017 9:00,18.53,deg C,10678300,19754,VOL,U24
9/28/2017 10:00,18.51,deg C,10678300,19754,VOL,U24
9/28/2017 11:00,18.57,deg C,10678300,19754,VOL,U24
9/28/2017 12:00,18.57,deg C,10678300,19754,VOL,U24
9/28/2017 13:00,18.49,deg C,10678300,19754,VOL,U24
9/28/2017 14:00,18.34,deg C,10678300,19754,VOL,U24
9/28/2017 15:00,18.16,deg C,10678300,19754,VOL,U24
9/28/2017 16:00,18,deg C,10678300,19754,VOL,U24
9/28/2017 17:00,17.86,deg C,10678300,19754,VOL,U24
9/28/2017 18:00,17.7,deg C,10678300,19754,VOL,U24
9/28/2017 19:00,17.49,deg C,10678300,19754,VOL,U24
9/28/2017 20:00,17.32,deg C,10678300,19754,VOL,U24
9/28/2017 21:00,17.09,deg C,10678300,19754,VOL,U24
9/28/2017 22:00,16.89,deg C,10678300,19754,VOL,U24
9/28/2017 23:00,16.75,deg C,10678300,19754,VOL,U24
9/29/2017 0:00,16.51,deg C,10678300,19754,VOL,U24
9/29/2017 1:00,16.31,deg C,10678300,19754,VOL,U24
9/29/2017 2:00,16.1,deg C,10678300,19754,VOL,U24
9/29/2017 3:00,15.86,deg C,10678300,19754,VOL,U24
9/29/2017 4:00,15.57,deg C,10678300,19754,VOL,U24
9/29/2017 5:00,15.31,deg C,10678300,19754,VOL,U24
9/29/2017 6:00,15.05,deg C,10678300,19754,VOL,U24
9/29/2017 7:00,14.9,deg C,10678300,19754,VOL,U24
9/29/2017 8:00,14.9,deg C,10678300,19754,VOL,U24
9/29/2017 9:00,15.05,deg C,10678300,19754,VOL,U24
9/29/2017 10:00,15.2,deg C,10678300,19754,VOL,U24
9/29/2017 11:00,15.35,deg C,10678300,19754,VOL,U24
9/29/2017 12:00,15.41,deg C,10678300,19754,VOL,U24
9/29/2017 13:00,15.45,deg C,10678300,19754,VOL,U24
9/29/2017 14:00,15.46,deg C,10678300,19754,VOL,U24
9/29/2017 15:00,15.39,deg C,10678300,19754,VOL,U24
9/29/2017 16:00,15.28,deg C,10678300,19754,VOL,U24
9/29/2017 17:00,15.2,deg C,10678300,19754,VOL,U24
9/29/2017 18:00,15.09,deg C,10678300,19754,VOL,U24
9/29/2017 19:00,14.92,deg C,10678300,19754,VOL,U24
9/29/2017 20:00,14.75,deg C,10678300,19754,VOL,U24
9/29/2017 21:00,14.55,deg C,10678300,19754,VOL,U24
9/29/2017 22:00,14.41,deg C,10678300,19754,VOL,U24
9/29/2017 23:00,14.33,deg C,10678300,19754,VOL,U24
9/30/2017 0:00,14.27,deg C,10678300,19754,VOL,U24
9/30/2017 1:00,14.25,deg C,10678300,19754,VOL,U24
9/30/2017 2:00,14.19,deg C,10678300,19754,VOL,U24
9/30/2017 3:00,14.12,deg C,10678300,19754,VOL,U24
9/30/2017 4:00,14.08,deg C,10678300,19754,VOL,U24
9/30/2017 5:00,14.05,deg C,10678300,19754,VOL,U24
9/30/2017 6:00,14.02,deg C,10678300,19754,VOL,U24
9/30/2017 7:00,14.04,deg C,10678300,19754,VOL,U24
9/30/2017 8:00,14.04,deg C,10678300,19754,VOL,U24
9/30/2017 9:00,14.02,deg C,10678300,19754,VOL,U24
9/30/2017 10:00,14.08,deg C,10678300,19754,VOL,U24
9/30/2017 11:00,14.1,deg C,10678300,19754,VOL,U24
9/30/2017 12:00,14.12,deg C,10678300,19754,VOL,U24
9/30/2017 13:00,14.09,deg C,10678300,19754,VOL,U24
9/30/2017 14:00,14.01,deg C,10678300,19754,VOL,U24
9/30/2017 15:00,13.96,deg C,10678300,19754,VOL,U24
9/30/2017 16:00,13.9,deg C,10678300,19754,VOL,U24
9/30/2017 17:00,13.86,deg C,10678300,19754,VOL,U24
9/30/2017 18:00,13.8,deg C,10678300,19754,VOL,U24
9/30/2017 19:00,13.74,deg C,10678300,19754,VOL,U24
9/30/2017 20:00,13.69,deg C,10678300,19754,VOL,U24
9/30/2017 21:00,13.63,deg C,10678300,19754,VOL,U24
9/30/2017 22:00,13.52,deg C,10678300,19754,VOL,U24
9/30/2017 23:00,13.36,deg C,10678300,19754,VOL,U24
10/1/2017 0:00,13.18,deg C,10678300,19754,VOL,U24
10/1/2017 1:00,13,deg C,10678300,19754,VOL,U24
10/1/2017 2:00,12.86,deg C,10678300,19754,VOL,U24
10/1/2017 3:00,12.73,deg C,10678300,19754,VOL,U24
10/1/2017 4:00,12.58,deg C,10678300,19754,VOL,U24
10/1/2017 5:00,12.44,deg C,10678300,19754,VOL,U24
10/1/2017 6:00,12.32,deg C,10678300,19754,VOL,U24
10/1/2017 7:00,12.2,deg C,10678300,19754,VOL,U24
10/1/2017 8:00,12.28,deg C,10678300,19754,VOL,U24
10/1/2017 9:00,12.51,deg C,10678300,19754,VOL,U24
10/1/2017 10:00,12.75,deg C,10678300,19754,VOL,U24
10/1/2017 11:00,12.98,deg C,10678300,19754,VOL,U24
10/1/2017 12:00,13.08,deg C,10678300,19754,VOL,U24
10/1/2017 13:00,13.14,deg C,10678300,19754,VOL,U24
10/1/2017 14:00,13.15,deg C,10678300,19754,VOL,U24
10/1/2017 15:00,13.08,deg C,10678300,19754,VOL,U24
10/1/2017 16:00,13,deg C,10678300,19754,VOL,U24
10/1/2017 17:00,12.92,deg C,10678300,19754,VOL,U24
10/1/2017 18:00,12.83,deg C,10678300,19754,VOL,U24
10/1/2017 19:00,12.71,deg C,10678300,19754,VOL,U24
10/1/2017 20:00,12.55,deg C,10678300,19754,VOL,U24
10/1/2017 21:00,12.41,deg C,10678300,19754,VOL,U24
10/1/2017 22:00,12.24,deg C,10678300,19754,VOL,U24
10/1/2017 23:00,12.08,deg C,10678300,19754,VOL,U24
10/2/2017 0:00,11.91,deg C,10678300,19754,VOL,U24
10/2/2017 1:00,11.76,deg C,10678300,19754,VOL,U24
10/2/2017 2:00,11.64,deg C,10678300,19754,VOL,U24
10/2/2017 3:00,11.58,deg C,10678300,19754,VOL,U24
10/2/2017 4:00,11.46,deg C,10678300,19754,VOL,U24
10/2/2017 5:00,11.34,deg C,10678300,19754,VOL,U24
10/2/2017 6:00,11.23,deg C,10678300,19754,VOL,U24
10/2/2017 7:00,11.19,deg C,10678300,19754,VOL,U24
10/2/2017 8:00,11.35,deg C,10678300,19754,VOL,U24
10/2/2017 9:00,11.67,deg C,10678300,19754,VOL,U24
10/2/2017 10:00,12.04,deg C,10678300,19754,VOL,U24
10/2/2017 11:00,12.36,deg C,10678300,19754,VOL,U24
10/2/2017 12:00,12.54,deg C,10678300,19754,VOL,U24
10/2/2017 13:00,12.63,deg C,10678300,19754,VOL,U24
10/2/2017 14:00,12.67,deg C,10678300,19754,VOL,U24
10/2/2017 15:00,12.62,deg C,10678300,19754,VOL,U24
10/2/2017 16:00,12.59,deg C,10678300,19754,VOL,U24
10/2/2017 17:00,12.57,deg C,10678300,19754,VOL,U24
10/2/2017 18:00,12.5,deg C,10678300,19754,VOL,U24
10/2/2017 19:00,12.41,deg C,10678300,19754,VOL,U24
10/2/2017 20:00,12.32,deg C,10678300,19754,VOL,U24
10/2/2017 21:00,12.21,deg C,10678300,19754,VOL,U24
10/2/2017 22:00,12.1,deg C,10678300,19754,VOL,U24
10/2/2017 23:00,11.99,deg C,10678300,19754,VOL,U24
10/3/2017 0:00,11.87,deg C,10678300,19754,VOL,U24
10/3/2017 1:00,11.73,deg C,10678300,19754,VOL,U24
10/3/2017 2:00,11.63,deg C,10678300,19754,VOL,U24
10/3/2017 3:00,11.51,deg C,10678300,19754,VOL,U24
10/3/2017 4:00,11.4,deg C,10678300,19754,VOL,U24
10/3/2017 5:00,11.28,deg C,10678300,19754,VOL,U24
10/3/2017 6:00,11.18,deg C,10678300,19754,VOL,U24
10/3/2017 7:00,11.14,deg C,10678300,19754,VOL,U24
10/3/2017 8:00,11.26,deg C,10678300,19754,VOL,U24
10/3/2017 9:00,11.55,deg C,10678300,19754,VOL,U24
10/3/2017 10:00,11.99,deg C,10678300,19754,VOL,U24
10/3/2017 11:00,12.36,deg C,10678300,19754,VOL,U24
10/3/2017 12:00,12.63,deg C,10678300,19754,VOL,U24
10/3/2017 13:00,12.77,deg C,10678300,19754,VOL,U24
10/3/2017 14:00,12.83,deg C,10678300,19754,VOL,U24
10/3/2017 15:00,12.81,deg C,10678300,19754,VOL,U24
10/3/2017 16:00,12.77,deg C,10678300,19754,VOL,U24
10/3/2017 17:00,12.75,deg C,10678300,19754,VOL,U24
10/3/2017 18:00,12.7,deg C,10678300,19754,VOL,U24
10/3/2017 19:00,12.66,deg C,10678300,19754,VOL,U24
10/3/2017 20:00,12.63,deg C,10678300,19754,VOL,U24
10/3/2017 21:00,12.59,deg C,10678300,19754,VOL,U24
10/3/2017 22:00,12.53,deg C,10678300,19754,VOL,U24
10/3/2017 23:00,12.44,deg C,10678300,19754,VOL,U24
10/4/2017 0:00,12.36,deg C,10678300,19754,VOL,U24
10/4/2017 1:00,12.3,deg C,10678300,19754,VOL,U24
10/4/2017 2:00,12.2,deg C,10678300,19754,VOL,U24
10/4/2017 3:00,12.08,deg C,10678300,19754,VOL,U24
10/4/2017 4:00,11.96,deg C,10678300,19754,VOL,U24
10/4/2017 5:00,11.91,deg C,10678300,19754,VOL,U24
10/4/2017 6:00,11.96,deg C,10678300,19754,VOL,U24
10/4/2017 7:00,12.12,deg C,10678300,19754,VOL,U24
10/4/2017 8:00,12.33,deg C,10678300,19754,VOL,U24
10/4/2017 9:00,12.63,deg C,10678300,19754,VOL,U24
10/4/2017 10:00,12.98,deg C,10678300,19754,VOL,U24
