"Date_Time","Temp","UOM","ProbeID","SID","Collector","ProbeType"
"06/28/23 00:00:00",20.126,"deg C","21109931","20856","ABM","HOBO"
"06/28/23 01:00:00",19.984,"deg C","21109931","20856","ABM","HOBO"
"06/28/23 02:00:00",19.888,"deg C","21109931","20856","ABM","HOBO"
"06/28/23 03:00:00",19.817,"deg C","21109931","20856","ABM","HOBO"
"06/28/23 04:00:00",19.77,"deg C","21109931","20856","ABM","HOBO"
"06/28/23 05:00:00",19.722,"deg C","21109931","20856","ABM","HOBO"
"06/28/23 06:00:00",19.674,"deg C","21109931","20856","ABM","HOBO"
"06/28/23 07:00:00",19.627,"deg C","21109931","20856","ABM","HOBO"
"06/28/23 08:00:00",19.603,"deg C","21109931","20856","ABM","HOBO"
"06/28/23 09:00:00",19.603,"deg C","21109931","20856","ABM","HOBO"
"06/28/23 10:00:00",19.579,"deg C","21109931","20856","ABM","HOBO"
"06/28/23 11:00:00",19.651,"deg C","21109931","20856","ABM","HOBO"
"06/28/23 12:00:00",19.77,"deg C","21109931","20856","ABM","HOBO"
"06/28/23 13:00:00",19.912,"deg C","21109931","20856","ABM","HOBO"
"06/28/23 14:00:00",20.174,"deg C","21109931","20856","ABM","HOBO"
"06/28/23 15:00:00",20.531,"deg C","21109931","20856","ABM","HOBO"
"06/28/23 16:00:00",20.77,"deg C","21109931","20856","ABM","HOBO"
"06/28/23 17:00:00",20.936,"deg C","21109931","20856","ABM","HOBO"
"06/28/23 18:00:00",21.032,"deg C","21109931","20856","ABM","HOBO"
"06/28/23 19:00:00",20.913,"deg C","21109931","20856","ABM","HOBO"
"06/28/23 20:00:00",20.698,"deg C","21109931","20856","ABM","HOBO"
"06/28/23 21:00:00",20.484,"deg C","21109931","20856","ABM","HOBO"
"06/28/23 22:00:00",20.317,"deg C","21109931","20856","ABM","HOBO"
"06/28/23 23:00:00",20.15,"deg C","21109931","20856","ABM","HOBO"
"06/29/23 00:00:00",20.007,"deg C","21109931","20856","ABM","HOBO"
"06/29/23 01:00:00",19.888,"deg C","21109931","20856","ABM","HOBO"
"06/29/23 02:00:00",19.746,"deg C","21109931","20856","ABM","HOBO"
"06/29/23 03:00:00",19.579,"deg C","21109931","20856","ABM","HOBO"
"06/29/23 04:00:00",19.389,"deg C","21109931","20856","ABM","HOBO"
"06/29/23 05:00:00",19.199,"deg C","21109931","20856","ABM","HOBO"
"06/29/23 06:00:00",19.032,"deg C","21109931","20856","ABM","HOBO"
"06/29/23 07:00:00",18.937,"deg C","21109931","20856","ABM","HOBO"
"06/29/23 08:00:00",18.985,"deg C","21109931","20856","ABM","HOBO"
"06/29/23 09:00:00",19.103,"deg C","21109931","20856","ABM","HOBO"
"06/29/23 10:00:00",19.341,"deg C","21109931","20856","ABM","HOBO"
"06/29/23 11:00:00",19.722,"deg C","21109931","20856","ABM","HOBO"
"06/29/23 12:00:00",20.103,"deg C","21109931","20856","ABM","HOBO"
"06/29/23 13:00:00",20.627,"deg C","21109931","20856","ABM","HOBO"
"06/29/23 14:00:00",21.103,"deg C","21109931","20856","ABM","HOBO"
"06/29/23 15:00:00",21.342,"deg C","21109931","20856","ABM","HOBO"
"06/29/23 16:00:00",21.509,"deg C","21109931","20856","ABM","HOBO"
"06/29/23 17:00:00",21.39,"deg C","21109931","20856","ABM","HOBO"
"06/29/23 18:00:00",21.366,"deg C","21109931","20856","ABM","HOBO"
"06/29/23 19:00:00",21.223,"deg C","21109931","20856","ABM","HOBO"
"06/29/23 20:00:00",21.008,"deg C","21109931","20856","ABM","HOBO"
"06/29/23 21:00:00",20.746,"deg C","21109931","20856","ABM","HOBO"
"06/29/23 22:00:00",20.436,"deg C","21109931","20856","ABM","HOBO"
"06/29/23 23:00:00",20.103,"deg C","21109931","20856","ABM","HOBO"
"06/30/23 00:00:00",19.746,"deg C","21109931","20856","ABM","HOBO"
"06/30/23 01:00:00",19.389,"deg C","21109931","20856","ABM","HOBO"
"06/30/23 02:00:00",19.08,"deg C","21109931","20856","ABM","HOBO"
"06/30/23 03:00:00",18.771,"deg C","21109931","20856","ABM","HOBO"
"06/30/23 04:00:00",18.461,"deg C","21109931","20856","ABM","HOBO"
"06/30/23 05:00:00",18.2,"deg C","21109931","20856","ABM","HOBO"
"06/30/23 06:00:00",17.986,"deg C","21109931","20856","ABM","HOBO"
"06/30/23 07:00:00",17.915,"deg C","21109931","20856","ABM","HOBO"
"06/30/23 08:00:00",17.986,"deg C","21109931","20856","ABM","HOBO"
"06/30/23 09:00:00",18.247,"deg C","21109931","20856","ABM","HOBO"
"06/30/23 10:00:00",18.699,"deg C","21109931","20856","ABM","HOBO"
"06/30/23 11:00:00",19.27,"deg C","21109931","20856","ABM","HOBO"
"06/30/23 12:00:00",19.746,"deg C","21109931","20856","ABM","HOBO"
"06/30/23 13:00:00",20.317,"deg C","21109931","20856","ABM","HOBO"
"06/30/23 14:00:00",21.079,"deg C","21109931","20856","ABM","HOBO"
"06/30/23 15:00:00",21.461,"deg C","21109931","20856","ABM","HOBO"
"06/30/23 16:00:00",21.652,"deg C","21109931","20856","ABM","HOBO"
"06/30/23 17:00:00",21.795,"deg C","21109931","20856","ABM","HOBO"
"06/30/23 18:00:00",21.819,"deg C","21109931","20856","ABM","HOBO"
"06/30/23 19:00:00",21.676,"deg C","21109931","20856","ABM","HOBO"
"06/30/23 20:00:00",21.461,"deg C","21109931","20856","ABM","HOBO"
"06/30/23 21:00:00",21.175,"deg C","21109931","20856","ABM","HOBO"
"06/30/23 22:00:00",20.889,"deg C","21109931","20856","ABM","HOBO"
"06/30/23 23:00:00",20.579,"deg C","21109931","20856","ABM","HOBO"
"07/01/23 00:00:00",20.246,"deg C","21109931","20856","ABM","HOBO"
"07/01/23 01:00:00",19.912,"deg C","21109931","20856","ABM","HOBO"
"07/01/23 02:00:00",19.603,"deg C","21109931","20856","ABM","HOBO"
"07/01/23 03:00:00",19.389,"deg C","21109931","20856","ABM","HOBO"
"07/01/23 04:00:00",19.246,"deg C","21109931","20856","ABM","HOBO"
"07/01/23 05:00:00",19.151,"deg C","21109931","20856","ABM","HOBO"
"07/01/23 06:00:00",19.056,"deg C","21109931","20856","ABM","HOBO"
"07/01/23 07:00:00",19.008,"deg C","21109931","20856","ABM","HOBO"
"07/01/23 08:00:00",19.08,"deg C","21109931","20856","ABM","HOBO"
"07/01/23 09:00:00",19.27,"deg C","21109931","20856","ABM","HOBO"
"07/01/23 10:00:00",19.627,"deg C","21109931","20856","ABM","HOBO"
"07/01/23 11:00:00",20.103,"deg C","21109931","20856","ABM","HOBO"
"07/01/23 12:00:00",20.698,"deg C","21109931","20856","ABM","HOBO"
"07/01/23 13:00:00",21.39,"deg C","21109931","20856","ABM","HOBO"
"07/01/23 14:00:00",22.058,"deg C","21109931","20856","ABM","HOBO"
"07/01/23 15:00:00",22.369,"deg C","21109931","20856","ABM","HOBO"
"07/01/23 16:00:00",22.417,"deg C","21109931","20856","ABM","HOBO"
"07/01/23 17:00:00",22.417,"deg C","21109931","20856","ABM","HOBO"
"07/01/23 18:00:00",22.345,"deg C","21109931","20856","ABM","HOBO"
"07/01/23 19:00:00",22.178,"deg C","21109931","20856","ABM","HOBO"
"07/01/23 20:00:00",21.867,"deg C","21109931","20856","ABM","HOBO"
"07/01/23 21:00:00",21.461,"deg C","21109931","20856","ABM","HOBO"
"07/01/23 22:00:00",21.079,"deg C","21109931","20856","ABM","HOBO"
"07/01/23 23:00:00",20.698,"deg C","21109931","20856","ABM","HOBO"
"07/02/23 00:00:00",20.365,"deg C","21109931","20856","ABM","HOBO"
"07/02/23 01:00:00",20.031,"deg C","21109931","20856","ABM","HOBO"
"07/02/23 02:00:00",19.722,"deg C","21109931","20856","ABM","HOBO"
"07/02/23 03:00:00",19.436,"deg C","21109931","20856","ABM","HOBO"
"07/02/23 04:00:00",19.246,"deg C","21109931","20856","ABM","HOBO"
"07/02/23 05:00:00",19.127,"deg C","21109931","20856","ABM","HOBO"
"07/02/23 06:00:00",19.056,"deg C","21109931","20856","ABM","HOBO"
"07/02/23 07:00:00",19.056,"deg C","21109931","20856","ABM","HOBO"
"07/02/23 08:00:00",19.103,"deg C","21109931","20856","ABM","HOBO"
"07/02/23 09:00:00",19.199,"deg C","21109931","20856","ABM","HOBO"
"07/02/23 10:00:00",19.365,"deg C","21109931","20856","ABM","HOBO"
"07/02/23 11:00:00",19.532,"deg C","21109931","20856","ABM","HOBO"
"07/02/23 12:00:00",19.674,"deg C","21109931","20856","ABM","HOBO"
"07/02/23 13:00:00",19.817,"deg C","21109931","20856","ABM","HOBO"
"07/02/23 14:00:00",20.007,"deg C","21109931","20856","ABM","HOBO"
"07/02/23 15:00:00",20.341,"deg C","21109931","20856","ABM","HOBO"
"07/02/23 16:00:00",20.65,"deg C","21109931","20856","ABM","HOBO"
"07/02/23 17:00:00",20.817,"deg C","21109931","20856","ABM","HOBO"
"07/02/23 18:00:00",20.936,"deg C","21109931","20856","ABM","HOBO"
"07/02/23 19:00:00",20.936,"deg C","21109931","20856","ABM","HOBO"
"07/02/23 20:00:00",20.817,"deg C","21109931","20856","ABM","HOBO"
"07/02/23 21:00:00",20.65,"deg C","21109931","20856","ABM","HOBO"
"07/02/23 22:00:00",20.531,"deg C","21109931","20856","ABM","HOBO"
"07/02/23 23:00:00",20.46,"deg C","21109931","20856","ABM","HOBO"
"07/03/23 00:00:00",20.388,"deg C","21109931","20856","ABM","HOBO"
"07/03/23 01:00:00",20.293,"deg C","21109931","20856","ABM","HOBO"
"07/03/23 02:00:00",20.222,"deg C","21109931","20856","ABM","HOBO"
"07/03/23 03:00:00",20.15,"deg C","21109931","20856","ABM","HOBO"
"07/03/23 04:00:00",20.079,"deg C","21109931","20856","ABM","HOBO"
"07/03/23 05:00:00",20.031,"deg C","21109931","20856","ABM","HOBO"
"07/03/23 06:00:00",19.984,"deg C","21109931","20856","ABM","HOBO"
"07/03/23 07:00:00",19.96,"deg C","21109931","20856","ABM","HOBO"
"07/03/23 08:00:00",20.007,"deg C","21109931","20856","ABM","HOBO"
"07/03/23 09:00:00",20.15,"deg C","21109931","20856","ABM","HOBO"
"07/03/23 10:00:00",20.507,"deg C","21109931","20856","ABM","HOBO"
"07/03/23 11:00:00",20.889,"deg C","21109931","20856","ABM","HOBO"
"07/03/23 12:00:00",21.27,"deg C","21109931","20856","ABM","HOBO"
"07/03/23 13:00:00",21.939,"deg C","21109931","20856","ABM","HOBO"
"07/03/23 14:00:00",22.106,"deg C","21109931","20856","ABM","HOBO"
"07/03/23 15:00:00",22.369,"deg C","21109931","20856","ABM","HOBO"
"07/03/23 16:00:00",22.633,"deg C","21109931","20856","ABM","HOBO"
"07/03/23 17:00:00",22.681,"deg C","21109931","20856","ABM","HOBO"
"07/03/23 18:00:00",22.776,"deg C","21109931","20856","ABM","HOBO"
"07/03/23 19:00:00",22.681,"deg C","21109931","20856","ABM","HOBO"
"07/03/23 20:00:00",22.561,"deg C","21109931","20856","ABM","HOBO"
"07/03/23 21:00:00",22.345,"deg C","21109931","20856","ABM","HOBO"
"07/03/23 22:00:00",22.154,"deg C","21109931","20856","ABM","HOBO"
"07/03/23 23:00:00",21.987,"deg C","21109931","20856","ABM","HOBO"
"07/04/23 00:00:00",21.819,"deg C","21109931","20856","ABM","HOBO"
"07/04/23 01:00:00",21.676,"deg C","21109931","20856","ABM","HOBO"
"07/04/23 02:00:00",21.533,"deg C","21109931","20856","ABM","HOBO"
"07/04/23 03:00:00",21.366,"deg C","21109931","20856","ABM","HOBO"
"07/04/23 04:00:00",21.175,"deg C","21109931","20856","ABM","HOBO"
"07/04/23 05:00:00",21.032,"deg C","21109931","20856","ABM","HOBO"
"07/04/23 06:00:00",20.936,"deg C","21109931","20856","ABM","HOBO"
"07/04/23 07:00:00",20.865,"deg C","21109931","20856","ABM","HOBO"
"07/04/23 08:00:00",20.865,"deg C","21109931","20856","ABM","HOBO"
"07/04/23 09:00:00",20.865,"deg C","21109931","20856","ABM","HOBO"
"07/04/23 10:00:00",20.913,"deg C","21109931","20856","ABM","HOBO"
"07/04/23 11:00:00",21.127,"deg C","21109931","20856","ABM","HOBO"
"07/04/23 12:00:00",21.318,"deg C","21109931","20856","ABM","HOBO"
"07/04/23 13:00:00",21.533,"deg C","21109931","20856","ABM","HOBO"
"07/04/23 14:00:00",21.963,"deg C","21109931","20856","ABM","HOBO"
"07/04/23 15:00:00",22.178,"deg C","21109931","20856","ABM","HOBO"
"07/04/23 16:00:00",22.202,"deg C","21109931","20856","ABM","HOBO"
"07/04/23 17:00:00",22.011,"deg C","21109931","20856","ABM","HOBO"
"07/04/23 18:00:00",21.987,"deg C","21109931","20856","ABM","HOBO"
"07/04/23 19:00:00",21.963,"deg C","21109931","20856","ABM","HOBO"
"07/04/23 20:00:00",21.867,"deg C","21109931","20856","ABM","HOBO"
"07/04/23 21:00:00",21.772,"deg C","21109931","20856","ABM","HOBO"
"07/04/23 22:00:00",21.652,"deg C","21109931","20856","ABM","HOBO"
"07/04/23 23:00:00",21.485,"deg C","21109931","20856","ABM","HOBO"
"07/05/23 00:00:00",21.342,"deg C","21109931","20856","ABM","HOBO"
"07/05/23 01:00:00",21.175,"deg C","21109931","20856","ABM","HOBO"
"07/05/23 02:00:00",21.056,"deg C","21109931","20856","ABM","HOBO"
"07/05/23 03:00:00",20.936,"deg C","21109931","20856","ABM","HOBO"
"07/05/23 04:00:00",20.817,"deg C","21109931","20856","ABM","HOBO"
"07/05/23 05:00:00",20.674,"deg C","21109931","20856","ABM","HOBO"
"07/05/23 06:00:00",20.531,"deg C","21109931","20856","ABM","HOBO"
"07/05/23 07:00:00",20.436,"deg C","21109931","20856","ABM","HOBO"
"07/05/23 08:00:00",20.436,"deg C","21109931","20856","ABM","HOBO"
"07/05/23 09:00:00",20.531,"deg C","21109931","20856","ABM","HOBO"
"07/05/23 10:00:00",20.817,"deg C","21109931","20856","ABM","HOBO"
"07/05/23 11:00:00",21.294,"deg C","21109931","20856","ABM","HOBO"
"07/05/23 12:00:00",21.819,"deg C","21109931","20856","ABM","HOBO"
"07/05/23 13:00:00",22.729,"deg C","21109931","20856","ABM","HOBO"
"07/05/23 14:00:00",23.521,"deg C","21109931","20856","ABM","HOBO"
"07/05/23 15:00:00",23.857,"deg C","21109931","20856","ABM","HOBO"
"07/05/23 16:00:00",24.146,"deg C","21109931","20856","ABM","HOBO"
"07/05/23 17:00:00",24.267,"deg C","21109931","20856","ABM","HOBO"
"07/05/23 18:00:00",24.315,"deg C","21109931","20856","ABM","HOBO"
"07/05/23 19:00:00",24.171,"deg C","21109931","20856","ABM","HOBO"
"07/05/23 20:00:00",23.954,"deg C","21109931","20856","ABM","HOBO"
"07/05/23 21:00:00",23.713,"deg C","21109931","20856","ABM","HOBO"
"07/05/23 22:00:00",23.424,"deg C","21109931","20856","ABM","HOBO"
"07/05/23 23:00:00",23.136,"deg C","21109931","20856","ABM","HOBO"
"07/06/23 00:00:00",22.8,"deg C","21109931","20856","ABM","HOBO"
"07/06/23 01:00:00",22.465,"deg C","21109931","20856","ABM","HOBO"
"07/06/23 02:00:00",22.13,"deg C","21109931","20856","ABM","HOBO"
"07/06/23 03:00:00",21.819,"deg C","21109931","20856","ABM","HOBO"
"07/06/23 04:00:00",21.533,"deg C","21109931","20856","ABM","HOBO"
"07/06/23 05:00:00",21.246,"deg C","21109931","20856","ABM","HOBO"
"07/06/23 06:00:00",21.032,"deg C","21109931","20856","ABM","HOBO"
"07/06/23 07:00:00",20.865,"deg C","21109931","20856","ABM","HOBO"
"07/06/23 08:00:00",20.865,"deg C","21109931","20856","ABM","HOBO"
"07/06/23 09:00:00",21.056,"deg C","21109931","20856","ABM","HOBO"
"07/06/23 10:00:00",21.437,"deg C","21109931","20856","ABM","HOBO"
"07/06/23 11:00:00",22.011,"deg C","21109931","20856","ABM","HOBO"
"07/06/23 12:00:00",22.681,"deg C","21109931","20856","ABM","HOBO"
"07/06/23 13:00:00",23.545,"deg C","21109931","20856","ABM","HOBO"
"07/06/23 14:00:00",24.363,"deg C","21109931","20856","ABM","HOBO"
"07/06/23 15:00:00",24.702,"deg C","21109931","20856","ABM","HOBO"
"07/06/23 16:00:00",24.847,"deg C","21109931","20856","ABM","HOBO"
"07/06/23 17:00:00",24.823,"deg C","21109931","20856","ABM","HOBO"
"07/06/23 18:00:00",24.677,"deg C","21109931","20856","ABM","HOBO"
"07/06/23 19:00:00",24.412,"deg C","21109931","20856","ABM","HOBO"
"07/06/23 20:00:00",24.026,"deg C","21109931","20856","ABM","HOBO"
"07/06/23 21:00:00",23.641,"deg C","21109931","20856","ABM","HOBO"
"07/06/23 22:00:00",23.208,"deg C","21109931","20856","ABM","HOBO"
"07/06/23 23:00:00",22.776,"deg C","21109931","20856","ABM","HOBO"
"07/07/23 00:00:00",22.369,"deg C","21109931","20856","ABM","HOBO"
"07/07/23 01:00:00",21.963,"deg C","21109931","20856","ABM","HOBO"
"07/07/23 02:00:00",21.604,"deg C","21109931","20856","ABM","HOBO"
"07/07/23 03:00:00",21.366,"deg C","21109931","20856","ABM","HOBO"
"07/07/23 04:00:00",21.175,"deg C","21109931","20856","ABM","HOBO"
"07/07/23 05:00:00",21.056,"deg C","21109931","20856","ABM","HOBO"
"07/07/23 06:00:00",21.008,"deg C","21109931","20856","ABM","HOBO"
"07/07/23 07:00:00",21.008,"deg C","21109931","20856","ABM","HOBO"
"07/07/23 08:00:00",21.056,"deg C","21109931","20856","ABM","HOBO"
"07/07/23 09:00:00",21.151,"deg C","21109931","20856","ABM","HOBO"
"07/07/23 10:00:00",21.413,"deg C","21109931","20856","ABM","HOBO"
"07/07/23 11:00:00",21.843,"deg C","21109931","20856","ABM","HOBO"
"07/07/23 12:00:00",22.345,"deg C","21109931","20856","ABM","HOBO"
"07/07/23 13:00:00",23.136,"deg C","21109931","20856","ABM","HOBO"
"07/07/23 14:00:00",23.93,"deg C","21109931","20856","ABM","HOBO"
"07/07/23 15:00:00",24.219,"deg C","21109931","20856","ABM","HOBO"
"07/07/23 16:00:00",24.219,"deg C","21109931","20856","ABM","HOBO"
"07/07/23 17:00:00",24.195,"deg C","21109931","20856","ABM","HOBO"
"07/07/23 18:00:00",24.074,"deg C","21109931","20856","ABM","HOBO"
"07/07/23 19:00:00",23.809,"deg C","21109931","20856","ABM","HOBO"
"07/07/23 20:00:00",23.569,"deg C","21109931","20856","ABM","HOBO"
"07/07/23 21:00:00",23.352,"deg C","21109931","20856","ABM","HOBO"
"07/07/23 22:00:00",23.184,"deg C","21109931","20856","ABM","HOBO"
"07/07/23 23:00:00",23.04,"deg C","21109931","20856","ABM","HOBO"
"07/08/23 00:00:00",22.896,"deg C","21109931","20856","ABM","HOBO"
"07/08/23 01:00:00",22.753,"deg C","21109931","20856","ABM","HOBO"
"07/08/23 02:00:00",22.609,"deg C","21109931","20856","ABM","HOBO"
"07/08/23 03:00:00",22.489,"deg C","21109931","20856","ABM","HOBO"
"07/08/23 04:00:00",22.345,"deg C","21109931","20856","ABM","HOBO"
"07/08/23 05:00:00",22.226,"deg C","21109931","20856","ABM","HOBO"
"07/08/23 06:00:00",22.106,"deg C","21109931","20856","ABM","HOBO"
"07/08/23 07:00:00",22.034,"deg C","21109931","20856","ABM","HOBO"
"07/08/23 08:00:00",21.963,"deg C","21109931","20856","ABM","HOBO"
"07/08/23 09:00:00",21.963,"deg C","21109931","20856","ABM","HOBO"
"07/08/23 10:00:00",22.034,"deg C","21109931","20856","ABM","HOBO"
"07/08/23 11:00:00",22.13,"deg C","21109931","20856","ABM","HOBO"
"07/08/23 12:00:00",22.513,"deg C","21109931","20856","ABM","HOBO"
"07/08/23 13:00:00",23.04,"deg C","21109931","20856","ABM","HOBO"
"07/08/23 14:00:00",23.761,"deg C","21109931","20856","ABM","HOBO"
"07/08/23 15:00:00",24.267,"deg C","21109931","20856","ABM","HOBO"
"07/08/23 16:00:00",24.532,"deg C","21109931","20856","ABM","HOBO"
"07/08/23 17:00:00",24.532,"deg C","21109931","20856","ABM","HOBO"
"07/08/23 18:00:00",24.363,"deg C","21109931","20856","ABM","HOBO"
"07/08/23 19:00:00",24.074,"deg C","21109931","20856","ABM","HOBO"
"07/08/23 20:00:00",23.761,"deg C","21109931","20856","ABM","HOBO"
"07/08/23 21:00:00",23.497,"deg C","21109931","20856","ABM","HOBO"
"07/08/23 22:00:00",23.304,"deg C","21109931","20856","ABM","HOBO"
"07/08/23 23:00:00",23.136,"deg C","21109931","20856","ABM","HOBO"
"07/09/23 00:00:00",22.92,"deg C","21109931","20856","ABM","HOBO"
"07/09/23 01:00:00",22.705,"deg C","21109931","20856","ABM","HOBO"
"07/09/23 02:00:00",22.489,"deg C","21109931","20856","ABM","HOBO"
"07/09/23 03:00:00",22.298,"deg C","21109931","20856","ABM","HOBO"
"07/09/23 04:00:00",22.154,"deg C","21109931","20856","ABM","HOBO"
"07/09/23 05:00:00",22.034,"deg C","21109931","20856","ABM","HOBO"
"07/09/23 06:00:00",21.915,"deg C","21109931","20856","ABM","HOBO"
"07/09/23 07:00:00",21.867,"deg C","21109931","20856","ABM","HOBO"
"07/09/23 08:00:00",21.891,"deg C","21109931","20856","ABM","HOBO"
"07/09/23 09:00:00",22.011,"deg C","21109931","20856","ABM","HOBO"
"07/09/23 10:00:00",22.154,"deg C","21109931","20856","ABM","HOBO"
"07/09/23 11:00:00",22.489,"deg C","21109931","20856","ABM","HOBO"
"07/09/23 12:00:00",22.848,"deg C","21109931","20856","ABM","HOBO"
"07/09/23 13:00:00",23.064,"deg C","21109931","20856","ABM","HOBO"
"07/09/23 14:00:00",23.304,"deg C","21109931","20856","ABM","HOBO"
"07/09/23 15:00:00",23.328,"deg C","21109931","20856","ABM","HOBO"
"07/09/23 16:00:00",23.304,"deg C","21109931","20856","ABM","HOBO"
"07/09/23 17:00:00",23.256,"deg C","21109931","20856","ABM","HOBO"
"07/09/23 18:00:00",23.136,"deg C","21109931","20856","ABM","HOBO"
"07/09/23 19:00:00",22.944,"deg C","21109931","20856","ABM","HOBO"
"07/09/23 20:00:00",22.705,"deg C","21109931","20856","ABM","HOBO"
"07/09/23 21:00:00",22.537,"deg C","21109931","20856","ABM","HOBO"
"07/09/23 22:00:00",22.345,"deg C","21109931","20856","ABM","HOBO"
"07/09/23 23:00:00",22.178,"deg C","21109931","20856","ABM","HOBO"
"07/10/23 00:00:00",22.034,"deg C","21109931","20856","ABM","HOBO"
"07/10/23 01:00:00",21.891,"deg C","21109931","20856","ABM","HOBO"
"07/10/23 02:00:00",21.748,"deg C","21109931","20856","ABM","HOBO"
"07/10/23 03:00:00",21.628,"deg C","21109931","20856","ABM","HOBO"
"07/10/23 04:00:00",21.509,"deg C","21109931","20856","ABM","HOBO"
"07/10/23 05:00:00",21.39,"deg C","21109931","20856","ABM","HOBO"
"07/10/23 06:00:00",21.294,"deg C","21109931","20856","ABM","HOBO"
"07/10/23 07:00:00",21.199,"deg C","21109931","20856","ABM","HOBO"
"07/10/23 08:00:00",21.032,"deg C","21109931","20856","ABM","HOBO"
"07/10/23 09:00:00",20.913,"deg C","21109931","20856","ABM","HOBO"
"07/10/23 10:00:00",21.39,"deg C","21109931","20856","ABM","HOBO"
"07/10/23 11:00:00",21.127,"deg C","21109931","20856","ABM","HOBO"
"07/10/23 12:00:00",21.199,"deg C","21109931","20856","ABM","HOBO"
"07/10/23 13:00:00",21.39,"deg C","21109931","20856","ABM","HOBO"
"07/10/23 14:00:00",21.604,"deg C","21109931","20856","ABM","HOBO"
"07/10/23 15:00:00",21.748,"deg C","21109931","20856","ABM","HOBO"
"07/10/23 16:00:00",21.843,"deg C","21109931","20856","ABM","HOBO"
"07/10/23 17:00:00",22.058,"deg C","21109931","20856","ABM","HOBO"
"07/10/23 18:00:00",22.106,"deg C","21109931","20856","ABM","HOBO"
"07/10/23 19:00:00",22.13,"deg C","21109931","20856","ABM","HOBO"
"07/10/23 20:00:00",22.082,"deg C","21109931","20856","ABM","HOBO"
"07/10/23 21:00:00",21.915,"deg C","21109931","20856","ABM","HOBO"
"07/10/23 22:00:00",21.7,"deg C","21109931","20856","ABM","HOBO"
"07/10/23 23:00:00",21.413,"deg C","21109931","20856","ABM","HOBO"
"07/11/23 00:00:00",21.151,"deg C","21109931","20856","ABM","HOBO"
"07/11/23 01:00:00",20.913,"deg C","21109931","20856","ABM","HOBO"
"07/11/23 02:00:00",20.698,"deg C","21109931","20856","ABM","HOBO"
"07/11/23 03:00:00",20.484,"deg C","21109931","20856","ABM","HOBO"
"07/11/23 04:00:00",20.293,"deg C","21109931","20856","ABM","HOBO"
"07/11/23 05:00:00",20.126,"deg C","21109931","20856","ABM","HOBO"
"07/11/23 06:00:00",19.96,"deg C","21109931","20856","ABM","HOBO"
"07/11/23 07:00:00",19.865,"deg C","21109931","20856","ABM","HOBO"
"07/11/23 08:00:00",19.912,"deg C","21109931","20856","ABM","HOBO"
"07/11/23 09:00:00",20.079,"deg C","21109931","20856","ABM","HOBO"
"07/11/23 10:00:00",20.388,"deg C","21109931","20856","ABM","HOBO"
"07/11/23 11:00:00",20.889,"deg C","21109931","20856","ABM","HOBO"
"07/11/23 12:00:00",21.509,"deg C","21109931","20856","ABM","HOBO"
"07/11/23 13:00:00",22.25,"deg C","21109931","20856","ABM","HOBO"
"07/11/23 14:00:00",22.944,"deg C","21109931","20856","ABM","HOBO"
"07/11/23 15:00:00",23.352,"deg C","21109931","20856","ABM","HOBO"
"07/11/23 16:00:00",23.569,"deg C","21109931","20856","ABM","HOBO"
"07/11/23 17:00:00",23.689,"deg C","21109931","20856","ABM","HOBO"
"07/11/23 18:00:00",23.641,"deg C","21109931","20856","ABM","HOBO"
"07/11/23 19:00:00",23.472,"deg C","21109931","20856","ABM","HOBO"
"07/11/23 20:00:00",23.28,"deg C","21109931","20856","ABM","HOBO"
"07/11/23 21:00:00",23.016,"deg C","21109931","20856","ABM","HOBO"
"07/11/23 22:00:00",22.657,"deg C","21109931","20856","ABM","HOBO"
"07/11/23 23:00:00",22.298,"deg C","21109931","20856","ABM","HOBO"
"07/12/23 00:00:00",21.939,"deg C","21109931","20856","ABM","HOBO"
"07/12/23 01:00:00",21.604,"deg C","21109931","20856","ABM","HOBO"
"07/12/23 02:00:00",21.318,"deg C","21109931","20856","ABM","HOBO"
"07/12/23 03:00:00",21.056,"deg C","21109931","20856","ABM","HOBO"
"07/12/23 04:00:00",20.817,"deg C","21109931","20856","ABM","HOBO"
"07/12/23 05:00:00",20.579,"deg C","21109931","20856","ABM","HOBO"
"07/12/23 06:00:00",20.388,"deg C","21109931","20856","ABM","HOBO"
"07/12/23 07:00:00",20.246,"deg C","21109931","20856","ABM","HOBO"
"07/12/23 08:00:00",20.269,"deg C","21109931","20856","ABM","HOBO"
"07/12/23 09:00:00",20.507,"deg C","21109931","20856","ABM","HOBO"
"07/12/23 10:00:00",20.889,"deg C","21109931","20856","ABM","HOBO"
"07/12/23 11:00:00",21.437,"deg C","21109931","20856","ABM","HOBO"
"07/12/23 12:00:00",22.058,"deg C","21109931","20856","ABM","HOBO"
"07/12/23 13:00:00",22.872,"deg C","21109931","20856","ABM","HOBO"
"07/12/23 14:00:00",23.593,"deg C","21109931","20856","ABM","HOBO"
"07/12/23 15:00:00",23.93,"deg C","21109931","20856","ABM","HOBO"
"07/12/23 16:00:00",24.074,"deg C","21109931","20856","ABM","HOBO"
"07/12/23 17:00:00",24.098,"deg C","21109931","20856","ABM","HOBO"
"07/12/23 18:00:00",24.026,"deg C","21109931","20856","ABM","HOBO"
"07/12/23 19:00:00",23.857,"deg C","21109931","20856","ABM","HOBO"
"07/12/23 20:00:00",23.641,"deg C","21109931","20856","ABM","HOBO"
"07/12/23 21:00:00",23.448,"deg C","21109931","20856","ABM","HOBO"
"07/12/23 22:00:00",23.016,"deg C","21109931","20856","ABM","HOBO"
"07/12/23 23:00:00",22.681,"deg C","21109931","20856","ABM","HOBO"
"07/13/23 00:00:00",22.321,"deg C","21109931","20856","ABM","HOBO"
"07/13/23 01:00:00",21.987,"deg C","21109931","20856","ABM","HOBO"
"07/13/23 02:00:00",21.676,"deg C","21109931","20856","ABM","HOBO"
"07/13/23 03:00:00",21.413,"deg C","21109931","20856","ABM","HOBO"
"07/13/23 04:00:00",21.151,"deg C","21109931","20856","ABM","HOBO"
"07/13/23 05:00:00",20.936,"deg C","21109931","20856","ABM","HOBO"
"07/13/23 06:00:00",20.722,"deg C","21109931","20856","ABM","HOBO"
"07/13/23 07:00:00",20.627,"deg C","21109931","20856","ABM","HOBO"
"07/13/23 08:00:00",20.674,"deg C","21109931","20856","ABM","HOBO"
"07/13/23 09:00:00",20.865,"deg C","21109931","20856","ABM","HOBO"
"07/13/23 10:00:00",21.27,"deg C","21109931","20856","ABM","HOBO"
"07/13/23 11:00:00",21.819,"deg C","21109931","20856","ABM","HOBO"
"07/13/23 12:00:00",22.321,"deg C","21109931","20856","ABM","HOBO"
"07/13/23 13:00:00",22.824,"deg C","21109931","20856","ABM","HOBO"
"07/13/23 14:00:00",23.569,"deg C","21109931","20856","ABM","HOBO"
"07/13/23 15:00:00",23.761,"deg C","21109931","20856","ABM","HOBO"
"07/13/23 16:00:00",23.785,"deg C","21109931","20856","ABM","HOBO"
"07/13/23 17:00:00",23.857,"deg C","21109931","20856","ABM","HOBO"
"07/13/23 18:00:00",23.761,"deg C","21109931","20856","ABM","HOBO"
"07/13/23 19:00:00",23.617,"deg C","21109931","20856","ABM","HOBO"
"07/13/23 20:00:00",23.448,"deg C","21109931","20856","ABM","HOBO"
"07/13/23 21:00:00",23.28,"deg C","21109931","20856","ABM","HOBO"
"07/13/23 22:00:00",23.112,"deg C","21109931","20856","ABM","HOBO"
"07/13/23 23:00:00",22.968,"deg C","21109931","20856","ABM","HOBO"
"07/14/23 00:00:00",22.872,"deg C","21109931","20856","ABM","HOBO"
"07/14/23 01:00:00",22.776,"deg C","21109931","20856","ABM","HOBO"
"07/14/23 02:00:00",22.513,"deg C","21109931","20856","ABM","HOBO"
"07/14/23 03:00:00",22.178,"deg C","21109931","20856","ABM","HOBO"
"07/14/23 04:00:00",21.843,"deg C","21109931","20856","ABM","HOBO"
"07/14/23 05:00:00",21.652,"deg C","21109931","20856","ABM","HOBO"
"07/14/23 06:00:00",21.509,"deg C","21109931","20856","ABM","HOBO"
"07/14/23 07:00:00",21.485,"deg C","21109931","20856","ABM","HOBO"
"07/14/23 08:00:00",21.437,"deg C","21109931","20856","ABM","HOBO"
"07/14/23 09:00:00",21.366,"deg C","21109931","20856","ABM","HOBO"
"07/14/23 10:00:00",21.294,"deg C","21109931","20856","ABM","HOBO"
"07/14/23 11:00:00",21.223,"deg C","21109931","20856","ABM","HOBO"
"07/14/23 12:00:00",21.246,"deg C","21109931","20856","ABM","HOBO"
"07/14/23 13:00:00",21.485,"deg C","21109931","20856","ABM","HOBO"
"07/14/23 14:00:00",21.795,"deg C","21109931","20856","ABM","HOBO"
"07/14/23 15:00:00",22.202,"deg C","21109931","20856","ABM","HOBO"
"07/14/23 16:00:00",22.441,"deg C","21109931","20856","ABM","HOBO"
"07/14/23 17:00:00",22.441,"deg C","21109931","20856","ABM","HOBO"
"07/14/23 18:00:00",22.369,"deg C","21109931","20856","ABM","HOBO"
"07/14/23 19:00:00",22.298,"deg C","21109931","20856","ABM","HOBO"
"07/14/23 20:00:00",22.202,"deg C","21109931","20856","ABM","HOBO"
"07/14/23 21:00:00",22.106,"deg C","21109931","20856","ABM","HOBO"
"07/14/23 22:00:00",22.011,"deg C","21109931","20856","ABM","HOBO"
"07/14/23 23:00:00",21.891,"deg C","21109931","20856","ABM","HOBO"
"07/15/23 00:00:00",21.795,"deg C","21109931","20856","ABM","HOBO"
"07/15/23 01:00:00",21.724,"deg C","21109931","20856","ABM","HOBO"
"07/15/23 02:00:00",21.676,"deg C","21109931","20856","ABM","HOBO"
"07/15/23 03:00:00",21.628,"deg C","21109931","20856","ABM","HOBO"
"07/15/23 04:00:00",21.581,"deg C","21109931","20856","ABM","HOBO"
"07/15/23 05:00:00",21.557,"deg C","21109931","20856","ABM","HOBO"
"07/15/23 06:00:00",21.485,"deg C","21109931","20856","ABM","HOBO"
"07/15/23 07:00:00",21.413,"deg C","21109931","20856","ABM","HOBO"
"07/15/23 08:00:00",21.413,"deg C","21109931","20856","ABM","HOBO"
"07/15/23 09:00:00",21.533,"deg C","21109931","20856","ABM","HOBO"
"07/15/23 10:00:00",21.843,"deg C","21109931","20856","ABM","HOBO"
"07/15/23 11:00:00",22.058,"deg C","21109931","20856","ABM","HOBO"
"07/15/23 12:00:00",22.489,"deg C","21109931","20856","ABM","HOBO"
"07/15/23 13:00:00",23.064,"deg C","21109931","20856","ABM","HOBO"
"07/15/23 14:00:00",23.737,"deg C","21109931","20856","ABM","HOBO"
"07/15/23 15:00:00",24.146,"deg C","21109931","20856","ABM","HOBO"
"07/15/23 16:00:00",24.315,"deg C","21109931","20856","ABM","HOBO"
"07/15/23 17:00:00",24.388,"deg C","21109931","20856","ABM","HOBO"
"07/15/23 18:00:00",24.363,"deg C","21109931","20856","ABM","HOBO"
"07/15/23 19:00:00",24.267,"deg C","21109931","20856","ABM","HOBO"
"07/15/23 20:00:00",24.122,"deg C","21109931","20856","ABM","HOBO"
"07/15/23 21:00:00",23.978,"deg C","21109931","20856","ABM","HOBO"
"07/15/23 22:00:00",23.857,"deg C","21109931","20856","ABM","HOBO"
"07/15/23 23:00:00",23.737,"deg C","21109931","20856","ABM","HOBO"
"07/16/23 00:00:00",23.641,"deg C","21109931","20856","ABM","HOBO"
"07/16/23 01:00:00",23.545,"deg C","21109931","20856","ABM","HOBO"
"07/16/23 02:00:00",23.472,"deg C","21109931","20856","ABM","HOBO"
"07/16/23 03:00:00",23.376,"deg C","21109931","20856","ABM","HOBO"
"07/16/23 04:00:00",23.352,"deg C","21109931","20856","ABM","HOBO"
"07/16/23 05:00:00",23.28,"deg C","21109931","20856","ABM","HOBO"
"07/16/23 06:00:00",23.136,"deg C","21109931","20856","ABM","HOBO"
"07/16/23 07:00:00",22.992,"deg C","21109931","20856","ABM","HOBO"
"07/16/23 08:00:00",22.872,"deg C","21109931","20856","ABM","HOBO"
"07/16/23 09:00:00",22.8,"deg C","21109931","20856","ABM","HOBO"
"07/16/23 10:00:00",22.705,"deg C","21109931","20856","ABM","HOBO"
"07/16/23 11:00:00",22.609,"deg C","21109931","20856","ABM","HOBO"
"07/16/23 12:00:00",22.489,"deg C","21109931","20856","ABM","HOBO"
"07/16/23 13:00:00",22.393,"deg C","21109931","20856","ABM","HOBO"
"07/16/23 14:00:00",22.202,"deg C","21109931","20856","ABM","HOBO"
"07/16/23 15:00:00",22.274,"deg C","21109931","20856","ABM","HOBO"
"07/16/23 16:00:00",22.274,"deg C","21109931","20856","ABM","HOBO"
"07/16/23 17:00:00",22.202,"deg C","21109931","20856","ABM","HOBO"
"07/16/23 18:00:00",22.178,"deg C","21109931","20856","ABM","HOBO"
"07/16/23 19:00:00",22.154,"deg C","21109931","20856","ABM","HOBO"
"07/16/23 20:00:00",22.154,"deg C","21109931","20856","ABM","HOBO"
"07/16/23 21:00:00",22.226,"deg C","21109931","20856","ABM","HOBO"
"07/16/23 22:00:00",22.345,"deg C","21109931","20856","ABM","HOBO"
"07/16/23 23:00:00",22.489,"deg C","21109931","20856","ABM","HOBO"
"07/17/23 00:00:00",22.633,"deg C","21109931","20856","ABM","HOBO"
"07/17/23 01:00:00",22.729,"deg C","21109931","20856","ABM","HOBO"
"07/17/23 02:00:00",22.824,"deg C","21109931","20856","ABM","HOBO"
"07/17/23 03:00:00",22.92,"deg C","21109931","20856","ABM","HOBO"
"07/17/23 04:00:00",23.016,"deg C","21109931","20856","ABM","HOBO"
"07/17/23 05:00:00",23.064,"deg C","21109931","20856","ABM","HOBO"
"07/17/23 06:00:00",23.112,"deg C","21109931","20856","ABM","HOBO"
"07/17/23 07:00:00",23.16,"deg C","21109931","20856","ABM","HOBO"
"07/17/23 08:00:00",23.256,"deg C","21109931","20856","ABM","HOBO"
"07/17/23 09:00:00",23.376,"deg C","21109931","20856","ABM","HOBO"
"07/17/23 10:00:00",23.593,"deg C","21109931","20856","ABM","HOBO"
"07/17/23 11:00:00",23.857,"deg C","21109931","20856","ABM","HOBO"
"07/17/23 12:00:00",24.171,"deg C","21109931","20856","ABM","HOBO"
"07/17/23 13:00:00",24.581,"deg C","21109931","20856","ABM","HOBO"
"07/17/23 14:00:00",24.968,"deg C","21109931","20856","ABM","HOBO"
"07/17/23 15:00:00",25.234,"deg C","21109931","20856","ABM","HOBO"
"07/17/23 16:00:00",25.428,"deg C","21109931","20856","ABM","HOBO"
"07/17/23 17:00:00",25.501,"deg C","21109931","20856","ABM","HOBO"
"07/17/23 18:00:00",25.598,"deg C","21109931","20856","ABM","HOBO"
"07/17/23 19:00:00",25.623,"deg C","21109931","20856","ABM","HOBO"
"07/17/23 20:00:00",25.574,"deg C","21109931","20856","ABM","HOBO"
"07/17/23 21:00:00",25.404,"deg C","21109931","20856","ABM","HOBO"
"07/17/23 22:00:00",25.162,"deg C","21109931","20856","ABM","HOBO"
"07/17/23 23:00:00",24.823,"deg C","21109931","20856","ABM","HOBO"
"07/18/23 00:00:00",24.532,"deg C","21109931","20856","ABM","HOBO"
"07/18/23 01:00:00",24.243,"deg C","21109931","20856","ABM","HOBO"
"07/18/23 02:00:00",24.074,"deg C","21109931","20856","ABM","HOBO"
"07/18/23 03:00:00",23.954,"deg C","21109931","20856","ABM","HOBO"
"07/18/23 04:00:00",23.881,"deg C","21109931","20856","ABM","HOBO"
"07/18/23 05:00:00",23.809,"deg C","21109931","20856","ABM","HOBO"
"07/18/23 06:00:00",23.761,"deg C","21109931","20856","ABM","HOBO"
"07/18/23 07:00:00",23.713,"deg C","21109931","20856","ABM","HOBO"
"07/18/23 08:00:00",23.713,"deg C","21109931","20856","ABM","HOBO"
"07/18/23 09:00:00",23.737,"deg C","21109931","20856","ABM","HOBO"
"07/18/23 10:00:00",23.857,"deg C","21109931","20856","ABM","HOBO"
"07/18/23 11:00:00",24.074,"deg C","21109931","20856","ABM","HOBO"
"07/18/23 12:00:00",24.339,"deg C","21109931","20856","ABM","HOBO"
"07/18/23 13:00:00",24.557,"deg C","21109931","20856","ABM","HOBO"
"07/18/23 14:00:00",24.774,"deg C","21109931","20856","ABM","HOBO"
"07/18/23 15:00:00",24.847,"deg C","21109931","20856","ABM","HOBO"
"07/18/23 16:00:00",24.895,"deg C","21109931","20856","ABM","HOBO"
"07/18/23 17:00:00",24.798,"deg C","21109931","20856","ABM","HOBO"
"07/18/23 18:00:00",24.508,"deg C","21109931","20856","ABM","HOBO"
"07/18/23 19:00:00",24.339,"deg C","21109931","20856","ABM","HOBO"
"07/18/23 20:00:00",24.171,"deg C","21109931","20856","ABM","HOBO"
"07/18/23 21:00:00",23.954,"deg C","21109931","20856","ABM","HOBO"
"07/18/23 22:00:00",23.737,"deg C","21109931","20856","ABM","HOBO"
"07/18/23 23:00:00",23.521,"deg C","21109931","20856","ABM","HOBO"
"07/19/23 00:00:00",23.352,"deg C","21109931","20856","ABM","HOBO"
"07/19/23 01:00:00",23.232,"deg C","21109931","20856","ABM","HOBO"
"07/19/23 02:00:00",23.136,"deg C","21109931","20856","ABM","HOBO"
"07/19/23 03:00:00",23.04,"deg C","21109931","20856","ABM","HOBO"
"07/19/23 04:00:00",22.896,"deg C","21109931","20856","ABM","HOBO"
"07/19/23 05:00:00",22.729,"deg C","21109931","20856","ABM","HOBO"
"07/19/23 06:00:00",22.537,"deg C","21109931","20856","ABM","HOBO"
"07/19/23 07:00:00",22.417,"deg C","21109931","20856","ABM","HOBO"
"07/19/23 08:00:00",22.393,"deg C","21109931","20856","ABM","HOBO"
"07/19/23 09:00:00",22.513,"deg C","21109931","20856","ABM","HOBO"
"07/19/23 10:00:00",22.705,"deg C","21109931","20856","ABM","HOBO"
"07/19/23 11:00:00",22.848,"deg C","21109931","20856","ABM","HOBO"
"07/19/23 12:00:00",22.968,"deg C","21109931","20856","ABM","HOBO"
"07/19/23 13:00:00",23.184,"deg C","21109931","20856","ABM","HOBO"
"07/19/23 14:00:00",23.424,"deg C","21109931","20856","ABM","HOBO"
"07/19/23 15:00:00",23.593,"deg C","21109931","20856","ABM","HOBO"
"07/19/23 16:00:00",23.665,"deg C","21109931","20856","ABM","HOBO"
"07/19/23 17:00:00",23.713,"deg C","21109931","20856","ABM","HOBO"
"07/19/23 18:00:00",23.737,"deg C","21109931","20856","ABM","HOBO"
"07/19/23 19:00:00",23.689,"deg C","21109931","20856","ABM","HOBO"
"07/19/23 20:00:00",23.569,"deg C","21109931","20856","ABM","HOBO"
"07/19/23 21:00:00",23.424,"deg C","21109931","20856","ABM","HOBO"
"07/19/23 22:00:00",23.232,"deg C","21109931","20856","ABM","HOBO"
"07/19/23 23:00:00",23.016,"deg C","21109931","20856","ABM","HOBO"
"07/20/23 00:00:00",22.753,"deg C","21109931","20856","ABM","HOBO"
"07/20/23 01:00:00",22.489,"deg C","21109931","20856","ABM","HOBO"
"07/20/23 02:00:00",22.202,"deg C","21109931","20856","ABM","HOBO"
"07/20/23 03:00:00",21.939,"deg C","21109931","20856","ABM","HOBO"
"07/20/23 04:00:00",21.676,"deg C","21109931","20856","ABM","HOBO"
"07/20/23 05:00:00",21.461,"deg C","21109931","20856","ABM","HOBO"
"07/20/23 06:00:00",21.27,"deg C","21109931","20856","ABM","HOBO"
"07/20/23 07:00:00",21.175,"deg C","21109931","20856","ABM","HOBO"
"07/20/23 08:00:00",21.175,"deg C","21109931","20856","ABM","HOBO"
"07/20/23 09:00:00",21.342,"deg C","21109931","20856","ABM","HOBO"
"07/20/23 10:00:00",21.652,"deg C","21109931","20856","ABM","HOBO"
"07/20/23 11:00:00",22.13,"deg C","21109931","20856","ABM","HOBO"
"07/20/23 12:00:00",22.681,"deg C","21109931","20856","ABM","HOBO"
"07/20/23 13:00:00",23.4,"deg C","21109931","20856","ABM","HOBO"
"07/20/23 14:00:00",24.05,"deg C","21109931","20856","ABM","HOBO"
"07/20/23 15:00:00",24.243,"deg C","21109931","20856","ABM","HOBO"
"07/20/23 16:00:00",24.412,"deg C","21109931","20856","ABM","HOBO"
"07/20/23 17:00:00",24.412,"deg C","21109931","20856","ABM","HOBO"
"07/20/23 18:00:00",24.363,"deg C","21109931","20856","ABM","HOBO"
"07/20/23 19:00:00",24.195,"deg C","21109931","20856","ABM","HOBO"
"07/20/23 20:00:00",24.026,"deg C","21109931","20856","ABM","HOBO"
"07/20/23 21:00:00",23.809,"deg C","21109931","20856","ABM","HOBO"
"07/20/23 22:00:00",23.497,"deg C","21109931","20856","ABM","HOBO"
"07/20/23 23:00:00",23.136,"deg C","21109931","20856","ABM","HOBO"
"07/21/23 00:00:00",22.776,"deg C","21109931","20856","ABM","HOBO"
"07/21/23 01:00:00",22.441,"deg C","21109931","20856","ABM","HOBO"
"07/21/23 02:00:00",22.202,"deg C","21109931","20856","ABM","HOBO"
"07/21/23 03:00:00",22.034,"deg C","21109931","20856","ABM","HOBO"
"07/21/23 04:00:00",21.915,"deg C","21109931","20856","ABM","HOBO"
"07/21/23 05:00:00",21.748,"deg C","21109931","20856","ABM","HOBO"
"07/21/23 06:00:00",21.628,"deg C","21109931","20856","ABM","HOBO"
"07/21/23 07:00:00",21.581,"deg C","21109931","20856","ABM","HOBO"
"07/21/23 08:00:00",21.604,"deg C","21109931","20856","ABM","HOBO"
"07/21/23 09:00:00",21.724,"deg C","21109931","20856","ABM","HOBO"
"07/21/23 10:00:00",21.819,"deg C","21109931","20856","ABM","HOBO"
"07/21/23 11:00:00",21.915,"deg C","21109931","20856","ABM","HOBO"
"07/21/23 12:00:00",22.011,"deg C","21109931","20856","ABM","HOBO"
"07/21/23 13:00:00",22.25,"deg C","21109931","20856","ABM","HOBO"
"07/21/23 14:00:00",22.705,"deg C","21109931","20856","ABM","HOBO"
"07/21/23 15:00:00",22.824,"deg C","21109931","20856","ABM","HOBO"
"07/21/23 16:00:00",23.04,"deg C","21109931","20856","ABM","HOBO"
"07/21/23 17:00:00",23.112,"deg C","21109931","20856","ABM","HOBO"
"07/21/23 18:00:00",23.04,"deg C","21109931","20856","ABM","HOBO"
"07/21/23 19:00:00",22.944,"deg C","21109931","20856","ABM","HOBO"
"07/21/23 20:00:00",22.872,"deg C","21109931","20856","ABM","HOBO"
"07/21/23 21:00:00",22.369,"deg C","21109931","20856","ABM","HOBO"
"07/21/23 22:00:00",22.178,"deg C","21109931","20856","ABM","HOBO"
"07/21/23 23:00:00",21.963,"deg C","21109931","20856","ABM","HOBO"
"07/22/23 00:00:00",21.772,"deg C","21109931","20856","ABM","HOBO"
"07/22/23 01:00:00",21.604,"deg C","21109931","20856","ABM","HOBO"
"07/22/23 02:00:00",21.39,"deg C","21109931","20856","ABM","HOBO"
"07/22/23 03:00:00",21.175,"deg C","21109931","20856","ABM","HOBO"
"07/22/23 04:00:00",20.984,"deg C","21109931","20856","ABM","HOBO"
"07/22/23 05:00:00",20.817,"deg C","21109931","20856","ABM","HOBO"
"07/22/23 06:00:00",20.698,"deg C","21109931","20856","ABM","HOBO"
"07/22/23 07:00:00",20.603,"deg C","21109931","20856","ABM","HOBO"
"07/22/23 08:00:00",20.627,"deg C","21109931","20856","ABM","HOBO"
"07/22/23 09:00:00",20.746,"deg C","21109931","20856","ABM","HOBO"
"07/22/23 10:00:00",20.936,"deg C","21109931","20856","ABM","HOBO"
"07/22/23 11:00:00",21.342,"deg C","21109931","20856","ABM","HOBO"
"07/22/23 12:00:00",21.867,"deg C","21109931","20856","ABM","HOBO"
"07/22/23 13:00:00",22.537,"deg C","21109931","20856","ABM","HOBO"
"07/22/23 14:00:00",23.136,"deg C","21109931","20856","ABM","HOBO"
"07/22/23 15:00:00",23.497,"deg C","21109931","20856","ABM","HOBO"
"07/22/23 16:00:00",23.713,"deg C","21109931","20856","ABM","HOBO"
"07/22/23 17:00:00",23.761,"deg C","21109931","20856","ABM","HOBO"
"07/22/23 18:00:00",23.737,"deg C","21109931","20856","ABM","HOBO"
"07/22/23 19:00:00",23.665,"deg C","21109931","20856","ABM","HOBO"
"07/22/23 20:00:00",23.545,"deg C","21109931","20856","ABM","HOBO"
"07/22/23 21:00:00",23.304,"deg C","21109931","20856","ABM","HOBO"
"07/22/23 22:00:00",22.992,"deg C","21109931","20856","ABM","HOBO"
"07/22/23 23:00:00",22.681,"deg C","21109931","20856","ABM","HOBO"
"07/23/23 00:00:00",22.393,"deg C","21109931","20856","ABM","HOBO"
"07/23/23 01:00:00",22.106,"deg C","21109931","20856","ABM","HOBO"
"07/23/23 02:00:00",21.772,"deg C","21109931","20856","ABM","HOBO"
"07/23/23 03:00:00",21.485,"deg C","21109931","20856","ABM","HOBO"
"07/23/23 04:00:00",21.151,"deg C","21109931","20856","ABM","HOBO"
"07/23/23 05:00:00",20.865,"deg C","21109931","20856","ABM","HOBO"
"07/23/23 06:00:00",20.579,"deg C","21109931","20856","ABM","HOBO"
"07/23/23 07:00:00",20.365,"deg C","21109931","20856","ABM","HOBO"
"07/23/23 08:00:00",20.317,"deg C","21109931","20856","ABM","HOBO"
"07/23/23 09:00:00",20.507,"deg C","21109931","20856","ABM","HOBO"
"07/23/23 10:00:00",20.913,"deg C","21109931","20856","ABM","HOBO"
"07/23/23 11:00:00",21.437,"deg C","21109931","20856","ABM","HOBO"
"07/23/23 12:00:00",22.034,"deg C","21109931","20856","ABM","HOBO"
"07/23/23 13:00:00",22.753,"deg C","21109931","20856","ABM","HOBO"
"07/23/23 14:00:00",23.448,"deg C","21109931","20856","ABM","HOBO"
"07/23/23 15:00:00",23.713,"deg C","21109931","20856","ABM","HOBO"
"07/23/23 16:00:00",23.905,"deg C","21109931","20856","ABM","HOBO"
"07/23/23 17:00:00",23.954,"deg C","21109931","20856","ABM","HOBO"
"07/23/23 18:00:00",23.905,"deg C","21109931","20856","ABM","HOBO"
"07/23/23 19:00:00",23.761,"deg C","21109931","20856","ABM","HOBO"
"07/23/23 20:00:00",23.593,"deg C","21109931","20856","ABM","HOBO"
"07/23/23 21:00:00",23.28,"deg C","21109931","20856","ABM","HOBO"
"07/23/23 22:00:00",22.872,"deg C","21109931","20856","ABM","HOBO"
"07/23/23 23:00:00",22.489,"deg C","21109931","20856","ABM","HOBO"
"07/24/23 00:00:00",22.106,"deg C","21109931","20856","ABM","HOBO"
"07/24/23 01:00:00",21.772,"deg C","21109931","20856","ABM","HOBO"
"07/24/23 02:00:00",21.485,"deg C","21109931","20856","ABM","HOBO"
"07/24/23 03:00:00",21.199,"deg C","21109931","20856","ABM","HOBO"
"07/24/23 04:00:00",20.936,"deg C","21109931","20856","ABM","HOBO"
"07/24/23 05:00:00",20.698,"deg C","21109931","20856","ABM","HOBO"
"07/24/23 06:00:00",20.484,"deg C","21109931","20856","ABM","HOBO"
"07/24/23 07:00:00",20.341,"deg C","21109931","20856","ABM","HOBO"
"07/24/23 08:00:00",20.341,"deg C","21109931","20856","ABM","HOBO"
"07/24/23 09:00:00",20.531,"deg C","21109931","20856","ABM","HOBO"
"07/24/23 10:00:00",20.913,"deg C","21109931","20856","ABM","HOBO"
"07/24/23 11:00:00",21.294,"deg C","21109931","20856","ABM","HOBO"
"07/24/23 12:00:00",21.676,"deg C","21109931","20856","ABM","HOBO"
"07/24/23 13:00:00",22.034,"deg C","21109931","20856","ABM","HOBO"
"07/24/23 14:00:00",22.561,"deg C","21109931","20856","ABM","HOBO"
"07/24/23 15:00:00",22.992,"deg C","21109931","20856","ABM","HOBO"
"07/24/23 16:00:00",23.256,"deg C","21109931","20856","ABM","HOBO"
"07/24/23 17:00:00",23.4,"deg C","21109931","20856","ABM","HOBO"
"07/24/23 18:00:00",23.376,"deg C","21109931","20856","ABM","HOBO"
"07/24/23 19:00:00",23.28,"deg C","21109931","20856","ABM","HOBO"
"07/24/23 20:00:00",23.16,"deg C","21109931","20856","ABM","HOBO"
"07/24/23 21:00:00",22.944,"deg C","21109931","20856","ABM","HOBO"
"07/24/23 22:00:00",22.633,"deg C","21109931","20856","ABM","HOBO"
"07/24/23 23:00:00",22.321,"deg C","21109931","20856","ABM","HOBO"
"07/25/23 00:00:00",21.963,"deg C","21109931","20856","ABM","HOBO"
"07/25/23 01:00:00",21.628,"deg C","21109931","20856","ABM","HOBO"
"07/25/23 02:00:00",21.366,"deg C","21109931","20856","ABM","HOBO"
"07/25/23 03:00:00",21.151,"deg C","21109931","20856","ABM","HOBO"
"07/25/23 04:00:00",20.984,"deg C","21109931","20856","ABM","HOBO"
"07/25/23 05:00:00",20.865,"deg C","21109931","20856","ABM","HOBO"
"07/25/23 06:00:00",20.77,"deg C","21109931","20856","ABM","HOBO"
"07/25/23 07:00:00",20.77,"deg C","21109931","20856","ABM","HOBO"
"07/25/23 08:00:00",20.865,"deg C","21109931","20856","ABM","HOBO"
"07/25/23 09:00:00",21.079,"deg C","21109931","20856","ABM","HOBO"
"07/25/23 10:00:00",21.461,"deg C","21109931","20856","ABM","HOBO"
"07/25/23 11:00:00",21.867,"deg C","21109931","20856","ABM","HOBO"
"07/25/23 12:00:00",22.298,"deg C","21109931","20856","ABM","HOBO"
"07/25/23 13:00:00",22.753,"deg C","21109931","20856","ABM","HOBO"
"07/25/23 14:00:00",23.4,"deg C","21109931","20856","ABM","HOBO"
"07/25/23 15:00:00",23.569,"deg C","21109931","20856","ABM","HOBO"
"07/25/23 16:00:00",23.761,"deg C","21109931","20856","ABM","HOBO"
"07/25/23 17:00:00",23.737,"deg C","21109931","20856","ABM","HOBO"
"07/25/23 18:00:00",23.617,"deg C","21109931","20856","ABM","HOBO"
"07/25/23 19:00:00",23.352,"deg C","21109931","20856","ABM","HOBO"
"07/25/23 20:00:00",22.992,"deg C","21109931","20856","ABM","HOBO"
"07/25/23 21:00:00",22.657,"deg C","21109931","20856","ABM","HOBO"
"07/25/23 22:00:00",22.369,"deg C","21109931","20856","ABM","HOBO"
"07/25/23 23:00:00",22.058,"deg C","21109931","20856","ABM","HOBO"
"07/26/23 00:00:00",21.748,"deg C","21109931","20856","ABM","HOBO"
"07/26/23 01:00:00",21.437,"deg C","21109931","20856","ABM","HOBO"
"07/26/23 02:00:00",21.151,"deg C","21109931","20856","ABM","HOBO"
"07/26/23 03:00:00",20.889,"deg C","21109931","20856","ABM","HOBO"
"07/26/23 04:00:00",20.627,"deg C","21109931","20856","ABM","HOBO"
"07/26/23 05:00:00",20.365,"deg C","21109931","20856","ABM","HOBO"
"07/26/23 06:00:00",20.126,"deg C","21109931","20856","ABM","HOBO"
"07/26/23 07:00:00",19.936,"deg C","21109931","20856","ABM","HOBO"
"07/26/23 08:00:00",19.912,"deg C","21109931","20856","ABM","HOBO"
"07/26/23 09:00:00",20.103,"deg C","21109931","20856","ABM","HOBO"
"07/26/23 10:00:00",20.484,"deg C","21109931","20856","ABM","HOBO"
"07/26/23 11:00:00",21.056,"deg C","21109931","20856","ABM","HOBO"
"07/26/23 12:00:00",22.753,"deg C","21109931","20856","ABM","HOBO"
"07/26/23 13:00:00",23.376,"deg C","21109931","20856","ABM","HOBO"
"07/26/23 14:00:00",23.857,"deg C","21109931","20856","ABM","HOBO"
"07/26/23 15:00:00",24.098,"deg C","21109931","20856","ABM","HOBO"
"07/26/23 16:00:00",24.195,"deg C","21109931","20856","ABM","HOBO"
"07/26/23 17:00:00",24.243,"deg C","21109931","20856","ABM","HOBO"
"07/26/23 18:00:00",24.146,"deg C","21109931","20856","ABM","HOBO"
"07/26/23 19:00:00",24.026,"deg C","21109931","20856","ABM","HOBO"
"07/26/23 20:00:00",23.978,"deg C","21109931","20856","ABM","HOBO"
"07/26/23 21:00:00",23.785,"deg C","21109931","20856","ABM","HOBO"
"07/26/23 22:00:00",23.617,"deg C","21109931","20856","ABM","HOBO"
"07/26/23 23:00:00",23.448,"deg C","21109931","20856","ABM","HOBO"
"07/27/23 00:00:00",23.232,"deg C","21109931","20856","ABM","HOBO"
"07/27/23 01:00:00",23.04,"deg C","21109931","20856","ABM","HOBO"
"07/27/23 02:00:00",22.896,"deg C","21109931","20856","ABM","HOBO"
"07/27/23 03:00:00",22.705,"deg C","21109931","20856","ABM","HOBO"
"07/27/23 04:00:00",22.609,"deg C","21109931","20856","ABM","HOBO"
"07/27/23 05:00:00",22.585,"deg C","21109931","20856","ABM","HOBO"
"07/27/23 06:00:00",22.609,"deg C","21109931","20856","ABM","HOBO"
"07/27/23 07:00:00",22.657,"deg C","21109931","20856","ABM","HOBO"
"07/27/23 08:00:00",22.753,"deg C","21109931","20856","ABM","HOBO"
"07/27/23 09:00:00",22.896,"deg C","21109931","20856","ABM","HOBO"
"07/27/23 10:00:00",23.112,"deg C","21109931","20856","ABM","HOBO"
"07/27/23 11:00:00",23.376,"deg C","21109931","20856","ABM","HOBO"
"07/27/23 12:00:00",23.713,"deg C","21109931","20856","ABM","HOBO"
"07/27/23 13:00:00",24.074,"deg C","21109931","20856","ABM","HOBO"
"07/27/23 14:00:00",24.195,"deg C","21109931","20856","ABM","HOBO"
"07/27/23 15:00:00",24.508,"deg C","21109931","20856","ABM","HOBO"
"07/27/23 16:00:00",24.557,"deg C","21109931","20856","ABM","HOBO"
"07/27/23 17:00:00",24.629,"deg C","21109931","20856","ABM","HOBO"
"07/27/23 18:00:00",24.653,"deg C","21109931","20856","ABM","HOBO"
"07/27/23 19:00:00",24.557,"deg C","21109931","20856","ABM","HOBO"
"07/27/23 20:00:00",24.315,"deg C","21109931","20856","ABM","HOBO"
"07/27/23 21:00:00",24.122,"deg C","21109931","20856","ABM","HOBO"
"07/27/23 22:00:00",23.93,"deg C","21109931","20856","ABM","HOBO"
"07/27/23 23:00:00",23.857,"deg C","21109931","20856","ABM","HOBO"
"07/28/23 00:00:00",23.713,"deg C","21109931","20856","ABM","HOBO"
"07/28/23 01:00:00",23.521,"deg C","21109931","20856","ABM","HOBO"
"07/28/23 02:00:00",23.448,"deg C","21109931","20856","ABM","HOBO"
"07/28/23 03:00:00",23.28,"deg C","21109931","20856","ABM","HOBO"
"07/28/23 04:00:00",23.136,"deg C","21109931","20856","ABM","HOBO"
"07/28/23 05:00:00",22.992,"deg C","21109931","20856","ABM","HOBO"
"07/28/23 06:00:00",22.848,"deg C","21109931","20856","ABM","HOBO"
"07/28/23 07:00:00",22.8,"deg C","21109931","20856","ABM","HOBO"
"07/28/23 08:00:00",22.8,"deg C","21109931","20856","ABM","HOBO"
"07/28/23 09:00:00",22.992,"deg C","21109931","20856","ABM","HOBO"
"07/28/23 10:00:00",23.352,"deg C","21109931","20856","ABM","HOBO"
"07/28/23 11:00:00",23.641,"deg C","21109931","20856","ABM","HOBO"
"07/28/23 12:00:00",24.002,"deg C","21109931","20856","ABM","HOBO"
"07/28/23 13:00:00",24.412,"deg C","21109931","20856","ABM","HOBO"
"07/28/23 14:00:00",24.75,"deg C","21109931","20856","ABM","HOBO"
"07/28/23 15:00:00",24.944,"deg C","21109931","20856","ABM","HOBO"
"07/28/23 16:00:00",25.065,"deg C","21109931","20856","ABM","HOBO"
"07/28/23 17:00:00",25.089,"deg C","21109931","20856","ABM","HOBO"
"07/28/23 18:00:00",24.992,"deg C","21109931","20856","ABM","HOBO"
"07/28/23 19:00:00",24.895,"deg C","21109931","20856","ABM","HOBO"
"07/28/23 20:00:00",24.774,"deg C","21109931","20856","ABM","HOBO"
"07/28/23 21:00:00",24.653,"deg C","21109931","20856","ABM","HOBO"
"07/28/23 22:00:00",24.484,"deg C","21109931","20856","ABM","HOBO"
"07/28/23 23:00:00",24.339,"deg C","21109931","20856","ABM","HOBO"
"07/29/23 00:00:00",24.195,"deg C","21109931","20856","ABM","HOBO"
"07/29/23 01:00:00",24.026,"deg C","21109931","20856","ABM","HOBO"
"07/29/23 02:00:00",23.881,"deg C","21109931","20856","ABM","HOBO"
"07/29/23 03:00:00",23.737,"deg C","21109931","20856","ABM","HOBO"
"07/29/23 04:00:00",23.641,"deg C","21109931","20856","ABM","HOBO"
"07/29/23 05:00:00",23.569,"deg C","21109931","20856","ABM","HOBO"
"07/29/23 06:00:00",23.545,"deg C","21109931","20856","ABM","HOBO"
"07/29/23 07:00:00",23.497,"deg C","21109931","20856","ABM","HOBO"
"07/29/23 08:00:00",23.545,"deg C","21109931","20856","ABM","HOBO"
"07/29/23 09:00:00",23.689,"deg C","21109931","20856","ABM","HOBO"
"07/29/23 10:00:00",23.881,"deg C","21109931","20856","ABM","HOBO"
"07/29/23 11:00:00",24.026,"deg C","21109931","20856","ABM","HOBO"
"07/29/23 12:00:00",24.291,"deg C","21109931","20856","ABM","HOBO"
"07/29/23 13:00:00",24.605,"deg C","21109931","20856","ABM","HOBO"
"07/29/23 14:00:00",24.992,"deg C","21109931","20856","ABM","HOBO"
"07/29/23 15:00:00",25.04,"deg C","21109931","20856","ABM","HOBO"
"07/29/23 16:00:00",25.065,"deg C","21109931","20856","ABM","HOBO"
"07/29/23 17:00:00",24.992,"deg C","21109931","20856","ABM","HOBO"
"07/29/23 18:00:00",25.016,"deg C","21109931","20856","ABM","HOBO"
"07/29/23 19:00:00",24.992,"deg C","21109931","20856","ABM","HOBO"
"07/29/23 20:00:00",24.895,"deg C","21109931","20856","ABM","HOBO"
"07/29/23 21:00:00",24.629,"deg C","21109931","20856","ABM","HOBO"
"07/29/23 22:00:00",24.46,"deg C","21109931","20856","ABM","HOBO"
"07/29/23 23:00:00",24.267,"deg C","21109931","20856","ABM","HOBO"
"07/30/23 00:00:00",24.146,"deg C","21109931","20856","ABM","HOBO"
"07/30/23 01:00:00",23.857,"deg C","21109931","20856","ABM","HOBO"
"07/30/23 02:00:00",23.497,"deg C","21109931","20856","ABM","HOBO"
"07/30/23 03:00:00",23.304,"deg C","21109931","20856","ABM","HOBO"
"07/30/23 04:00:00",23.04,"deg C","21109931","20856","ABM","HOBO"
"07/30/23 05:00:00",22.848,"deg C","21109931","20856","ABM","HOBO"
"07/30/23 06:00:00",22.609,"deg C","21109931","20856","ABM","HOBO"
"07/30/23 07:00:00",22.465,"deg C","21109931","20856","ABM","HOBO"
"07/30/23 08:00:00",22.393,"deg C","21109931","20856","ABM","HOBO"
"07/30/23 09:00:00",22.441,"deg C","21109931","20856","ABM","HOBO"
"07/30/23 10:00:00",22.537,"deg C","21109931","20856","ABM","HOBO"
"07/30/23 11:00:00",22.729,"deg C","21109931","20856","ABM","HOBO"
"07/30/23 12:00:00",22.92,"deg C","21109931","20856","ABM","HOBO"
"07/30/23 13:00:00",23.112,"deg C","21109931","20856","ABM","HOBO"
"07/30/23 14:00:00",23.497,"deg C","21109931","20856","ABM","HOBO"
"07/30/23 15:00:00",23.521,"deg C","21109931","20856","ABM","HOBO"
"07/30/23 16:00:00",23.689,"deg C","21109931","20856","ABM","HOBO"
"07/30/23 17:00:00",23.641,"deg C","21109931","20856","ABM","HOBO"
"07/30/23 18:00:00",23.569,"deg C","21109931","20856","ABM","HOBO"
"07/30/23 19:00:00",23.521,"deg C","21109931","20856","ABM","HOBO"
"07/30/23 20:00:00",23.352,"deg C","21109931","20856","ABM","HOBO"
"07/30/23 21:00:00",23.112,"deg C","21109931","20856","ABM","HOBO"
"07/30/23 22:00:00",22.896,"deg C","21109931","20856","ABM","HOBO"
"07/30/23 23:00:00",22.633,"deg C","21109931","20856","ABM","HOBO"
"07/31/23 00:00:00",22.441,"deg C","21109931","20856","ABM","HOBO"
"07/31/23 01:00:00",22.25,"deg C","21109931","20856","ABM","HOBO"
"07/31/23 02:00:00",22.082,"deg C","21109931","20856","ABM","HOBO"
"07/31/23 03:00:00",21.915,"deg C","21109931","20856","ABM","HOBO"
"07/31/23 04:00:00",21.795,"deg C","21109931","20856","ABM","HOBO"
"07/31/23 05:00:00",21.7,"deg C","21109931","20856","ABM","HOBO"
"07/31/23 06:00:00",21.581,"deg C","21109931","20856","ABM","HOBO"
"07/31/23 07:00:00",21.485,"deg C","21109931","20856","ABM","HOBO"
"07/31/23 08:00:00",21.557,"deg C","21109931","20856","ABM","HOBO"
"07/31/23 09:00:00",21.795,"deg C","21109931","20856","ABM","HOBO"
"07/31/23 10:00:00",22.13,"deg C","21109931","20856","ABM","HOBO"
"07/31/23 11:00:00",22.465,"deg C","21109931","20856","ABM","HOBO"
"07/31/23 12:00:00",22.729,"deg C","21109931","20856","ABM","HOBO"
"07/31/23 13:00:00",23.256,"deg C","21109931","20856","ABM","HOBO"
"07/31/23 14:00:00",23.617,"deg C","21109931","20856","ABM","HOBO"
"07/31/23 15:00:00",23.713,"deg C","21109931","20856","ABM","HOBO"
"07/31/23 16:00:00",23.857,"deg C","21109931","20856","ABM","HOBO"
"07/31/23 17:00:00",23.761,"deg C","21109931","20856","ABM","HOBO"
"07/31/23 18:00:00",23.713,"deg C","21109931","20856","ABM","HOBO"
"07/31/23 19:00:00",23.689,"deg C","21109931","20856","ABM","HOBO"
"07/31/23 20:00:00",23.569,"deg C","21109931","20856","ABM","HOBO"
"07/31/23 21:00:00",23.4,"deg C","21109931","20856","ABM","HOBO"
"07/31/23 22:00:00",23.256,"deg C","21109931","20856","ABM","HOBO"
"07/31/23 23:00:00",23.136,"deg C","21109931","20856","ABM","HOBO"
"08/01/23 00:00:00",23.016,"deg C","21109931","20856","ABM","HOBO"
"08/01/23 01:00:00",22.872,"deg C","21109931","20856","ABM","HOBO"
"08/01/23 02:00:00",22.657,"deg C","21109931","20856","ABM","HOBO"
"08/01/23 03:00:00",22.513,"deg C","21109931","20856","ABM","HOBO"
"08/01/23 04:00:00",22.369,"deg C","21109931","20856","ABM","HOBO"
"08/01/23 05:00:00",22.202,"deg C","21109931","20856","ABM","HOBO"
"08/01/23 06:00:00",22.082,"deg C","21109931","20856","ABM","HOBO"
"08/01/23 07:00:00",22.011,"deg C","21109931","20856","ABM","HOBO"
"08/01/23 08:00:00",22.058,"deg C","21109931","20856","ABM","HOBO"
"08/01/23 09:00:00",22.226,"deg C","21109931","20856","ABM","HOBO"
"08/01/23 10:00:00",22.393,"deg C","21109931","20856","ABM","HOBO"
"08/01/23 11:00:00",22.633,"deg C","21109931","20856","ABM","HOBO"
"08/01/23 12:00:00",22.968,"deg C","21109931","20856","ABM","HOBO"
"08/01/23 13:00:00",23.304,"deg C","21109931","20856","ABM","HOBO"
"08/01/23 14:00:00",23.593,"deg C","21109931","20856","ABM","HOBO"
"08/01/23 15:00:00",23.545,"deg C","21109931","20856","ABM","HOBO"
"08/01/23 16:00:00",23.569,"deg C","21109931","20856","ABM","HOBO"
"08/01/23 17:00:00",23.497,"deg C","21109931","20856","ABM","HOBO"
"08/01/23 18:00:00",23.448,"deg C","21109931","20856","ABM","HOBO"
"08/01/23 19:00:00",23.352,"deg C","21109931","20856","ABM","HOBO"
"08/01/23 20:00:00",23.088,"deg C","21109931","20856","ABM","HOBO"
"08/01/23 21:00:00",22.824,"deg C","21109931","20856","ABM","HOBO"
"08/01/23 22:00:00",22.585,"deg C","21109931","20856","ABM","HOBO"
"08/01/23 23:00:00",22.393,"deg C","21109931","20856","ABM","HOBO"
"08/02/23 00:00:00",22.226,"deg C","21109931","20856","ABM","HOBO"
"08/02/23 01:00:00",22.058,"deg C","21109931","20856","ABM","HOBO"
"08/02/23 02:00:00",21.963,"deg C","21109931","20856","ABM","HOBO"
"08/02/23 03:00:00",21.843,"deg C","21109931","20856","ABM","HOBO"
"08/02/23 04:00:00",21.676,"deg C","21109931","20856","ABM","HOBO"
"08/02/23 05:00:00",21.533,"deg C","21109931","20856","ABM","HOBO"
"08/02/23 06:00:00",21.366,"deg C","21109931","20856","ABM","HOBO"
"08/02/23 07:00:00",21.246,"deg C","21109931","20856","ABM","HOBO"
"08/02/23 08:00:00",21.318,"deg C","21109931","20856","ABM","HOBO"
"08/02/23 09:00:00",21.485,"deg C","21109931","20856","ABM","HOBO"
"08/02/23 10:00:00",21.748,"deg C","21109931","20856","ABM","HOBO"
"08/02/23 11:00:00",22.058,"deg C","21109931","20856","ABM","HOBO"
"08/02/23 12:00:00",22.298,"deg C","21109931","20856","ABM","HOBO"
"08/02/23 13:00:00",22.609,"deg C","21109931","20856","ABM","HOBO"
"08/02/23 14:00:00",22.896,"deg C","21109931","20856","ABM","HOBO"
"08/02/23 15:00:00",22.944,"deg C","21109931","20856","ABM","HOBO"
"08/02/23 16:00:00",22.968,"deg C","21109931","20856","ABM","HOBO"
"08/02/23 17:00:00",23.04,"deg C","21109931","20856","ABM","HOBO"
"08/02/23 18:00:00",23.04,"deg C","21109931","20856","ABM","HOBO"
"08/02/23 19:00:00",22.968,"deg C","21109931","20856","ABM","HOBO"
"08/02/23 20:00:00",22.848,"deg C","21109931","20856","ABM","HOBO"
"08/02/23 21:00:00",22.657,"deg C","21109931","20856","ABM","HOBO"
"08/02/23 22:00:00",22.441,"deg C","21109931","20856","ABM","HOBO"
"08/02/23 23:00:00",22.25,"deg C","21109931","20856","ABM","HOBO"
"08/03/23 00:00:00",22.058,"deg C","21109931","20856","ABM","HOBO"
"08/03/23 01:00:00",21.843,"deg C","21109931","20856","ABM","HOBO"
"08/03/23 02:00:00",21.7,"deg C","21109931","20856","ABM","HOBO"
"08/03/23 03:00:00",21.557,"deg C","21109931","20856","ABM","HOBO"
"08/03/23 04:00:00",21.461,"deg C","21109931","20856","ABM","HOBO"
"08/03/23 05:00:00",21.318,"deg C","21109931","20856","ABM","HOBO"
"08/03/23 06:00:00",21.199,"deg C","21109931","20856","ABM","HOBO"
"08/03/23 07:00:00",21.103,"deg C","21109931","20856","ABM","HOBO"
"08/03/23 08:00:00",21.199,"deg C","21109931","20856","ABM","HOBO"
"08/03/23 09:00:00",21.461,"deg C","21109931","20856","ABM","HOBO"
"08/03/23 10:00:00",21.772,"deg C","21109931","20856","ABM","HOBO"
"08/03/23 11:00:00",22.106,"deg C","21109931","20856","ABM","HOBO"
"08/03/23 12:00:00",22.441,"deg C","21109931","20856","ABM","HOBO"
"08/03/23 13:00:00",22.872,"deg C","21109931","20856","ABM","HOBO"
"08/03/23 14:00:00",23.16,"deg C","21109931","20856","ABM","HOBO"
"08/03/23 15:00:00",23.208,"deg C","21109931","20856","ABM","HOBO"
"08/03/23 16:00:00",23.208,"deg C","21109931","20856","ABM","HOBO"
"08/03/23 17:00:00",23.16,"deg C","21109931","20856","ABM","HOBO"
"08/03/23 18:00:00",23.088,"deg C","21109931","20856","ABM","HOBO"
"08/03/23 19:00:00",22.968,"deg C","21109931","20856","ABM","HOBO"
"08/03/23 20:00:00",22.872,"deg C","21109931","20856","ABM","HOBO"
"08/03/23 21:00:00",22.705,"deg C","21109931","20856","ABM","HOBO"
"08/03/23 22:00:00",22.537,"deg C","21109931","20856","ABM","HOBO"
"08/03/23 23:00:00",22.393,"deg C","21109931","20856","ABM","HOBO"
"08/04/23 00:00:00",22.274,"deg C","21109931","20856","ABM","HOBO"
"08/04/23 01:00:00",22.202,"deg C","21109931","20856","ABM","HOBO"
"08/04/23 02:00:00",22.13,"deg C","21109931","20856","ABM","HOBO"
"08/04/23 03:00:00",22.082,"deg C","21109931","20856","ABM","HOBO"
"08/04/23 04:00:00",22.058,"deg C","21109931","20856","ABM","HOBO"
"08/04/23 05:00:00",22.082,"deg C","21109931","20856","ABM","HOBO"
"08/04/23 06:00:00",22.034,"deg C","21109931","20856","ABM","HOBO"
"08/04/23 07:00:00",22.034,"deg C","21109931","20856","ABM","HOBO"
"08/04/23 08:00:00",22.058,"deg C","21109931","20856","ABM","HOBO"
"08/04/23 09:00:00",22.106,"deg C","21109931","20856","ABM","HOBO"
"08/04/23 10:00:00",22.274,"deg C","21109931","20856","ABM","HOBO"
"08/04/23 11:00:00",22.513,"deg C","21109931","20856","ABM","HOBO"
"08/04/23 12:00:00",22.633,"deg C","21109931","20856","ABM","HOBO"
"08/04/23 13:00:00",22.872,"deg C","21109931","20856","ABM","HOBO"
"08/04/23 14:00:00",22.92,"deg C","21109931","20856","ABM","HOBO"
"08/04/23 15:00:00",22.968,"deg C","21109931","20856","ABM","HOBO"
"08/04/23 16:00:00",23.04,"deg C","21109931","20856","ABM","HOBO"
"08/04/23 17:00:00",23.016,"deg C","21109931","20856","ABM","HOBO"
"08/04/23 18:00:00",23.04,"deg C","21109931","20856","ABM","HOBO"
"08/04/23 19:00:00",23.04,"deg C","21109931","20856","ABM","HOBO"
"08/04/23 20:00:00",23.04,"deg C","21109931","20856","ABM","HOBO"
"08/04/23 21:00:00",22.992,"deg C","21109931","20856","ABM","HOBO"
"08/04/23 22:00:00",22.992,"deg C","21109931","20856","ABM","HOBO"
"08/04/23 23:00:00",22.992,"deg C","21109931","20856","ABM","HOBO"
"08/05/23 00:00:00",22.968,"deg C","21109931","20856","ABM","HOBO"
"08/05/23 01:00:00",22.968,"deg C","21109931","20856","ABM","HOBO"
"08/05/23 02:00:00",22.92,"deg C","21109931","20856","ABM","HOBO"
"08/05/23 03:00:00",22.872,"deg C","21109931","20856","ABM","HOBO"
"08/05/23 04:00:00",22.824,"deg C","21109931","20856","ABM","HOBO"
"08/05/23 05:00:00",22.753,"deg C","21109931","20856","ABM","HOBO"
"08/05/23 06:00:00",22.633,"deg C","21109931","20856","ABM","HOBO"
"08/05/23 07:00:00",22.537,"deg C","21109931","20856","ABM","HOBO"
"08/05/23 08:00:00",22.537,"deg C","21109931","20856","ABM","HOBO"
"08/05/23 09:00:00",22.609,"deg C","21109931","20856","ABM","HOBO"
"08/05/23 10:00:00",22.8,"deg C","21109931","20856","ABM","HOBO"
"08/05/23 11:00:00",23.088,"deg C","21109931","20856","ABM","HOBO"
"08/05/23 12:00:00",23.328,"deg C","21109931","20856","ABM","HOBO"
"08/05/23 13:00:00",23.665,"deg C","21109931","20856","ABM","HOBO"
"08/05/23 14:00:00",24.122,"deg C","21109931","20856","ABM","HOBO"
"08/05/23 15:00:00",24.146,"deg C","21109931","20856","ABM","HOBO"
"08/05/23 16:00:00",24.146,"deg C","21109931","20856","ABM","HOBO"
"08/05/23 17:00:00",24.171,"deg C","21109931","20856","ABM","HOBO"
"08/05/23 18:00:00",24.074,"deg C","21109931","20856","ABM","HOBO"
"08/05/23 19:00:00",23.978,"deg C","21109931","20856","ABM","HOBO"
"08/05/23 20:00:00",23.857,"deg C","21109931","20856","ABM","HOBO"
"08/05/23 21:00:00",23.689,"deg C","21109931","20856","ABM","HOBO"
"08/05/23 22:00:00",23.521,"deg C","21109931","20856","ABM","HOBO"
"08/05/23 23:00:00",23.4,"deg C","21109931","20856","ABM","HOBO"
"08/06/23 00:00:00",23.232,"deg C","21109931","20856","ABM","HOBO"
"08/06/23 01:00:00",23.088,"deg C","21109931","20856","ABM","HOBO"
"08/06/23 02:00:00",22.896,"deg C","21109931","20856","ABM","HOBO"
"08/06/23 03:00:00",22.776,"deg C","21109931","20856","ABM","HOBO"
"08/06/23 04:00:00",22.609,"deg C","21109931","20856","ABM","HOBO"
"08/06/23 05:00:00",22.393,"deg C","21109931","20856","ABM","HOBO"
"08/06/23 06:00:00",22.202,"deg C","21109931","20856","ABM","HOBO"
"08/06/23 07:00:00",22.13,"deg C","21109931","20856","ABM","HOBO"
"08/06/23 08:00:00",22.13,"deg C","21109931","20856","ABM","HOBO"
"08/06/23 09:00:00",22.298,"deg C","21109931","20856","ABM","HOBO"
"08/06/23 10:00:00",22.561,"deg C","21109931","20856","ABM","HOBO"
"08/06/23 11:00:00",22.824,"deg C","21109931","20856","ABM","HOBO"
"08/06/23 12:00:00",23.088,"deg C","21109931","20856","ABM","HOBO"
"08/06/23 13:00:00",23.328,"deg C","21109931","20856","ABM","HOBO"
"08/06/23 14:00:00",23.641,"deg C","21109931","20856","ABM","HOBO"
"08/06/23 15:00:00",23.785,"deg C","21109931","20856","ABM","HOBO"
"08/06/23 16:00:00",23.785,"deg C","21109931","20856","ABM","HOBO"
"08/06/23 17:00:00",23.833,"deg C","21109931","20856","ABM","HOBO"
"08/06/23 18:00:00",23.737,"deg C","21109931","20856","ABM","HOBO"
"08/06/23 19:00:00",23.641,"deg C","21109931","20856","ABM","HOBO"
"08/06/23 20:00:00",23.448,"deg C","21109931","20856","ABM","HOBO"
"08/06/23 21:00:00",23.184,"deg C","21109931","20856","ABM","HOBO"
"08/06/23 22:00:00",23.016,"deg C","21109931","20856","ABM","HOBO"
"08/06/23 23:00:00",22.8,"deg C","21109931","20856","ABM","HOBO"
"08/07/23 00:00:00",22.633,"deg C","21109931","20856","ABM","HOBO"
"08/07/23 01:00:00",22.489,"deg C","21109931","20856","ABM","HOBO"
"08/07/23 02:00:00",22.369,"deg C","21109931","20856","ABM","HOBO"
"08/07/23 03:00:00",22.25,"deg C","21109931","20856","ABM","HOBO"
"08/07/23 04:00:00",22.154,"deg C","21109931","20856","ABM","HOBO"
"08/07/23 05:00:00",22.13,"deg C","21109931","20856","ABM","HOBO"
"08/07/23 06:00:00",22.082,"deg C","21109931","20856","ABM","HOBO"
"08/07/23 07:00:00",22.082,"deg C","21109931","20856","ABM","HOBO"
"08/07/23 08:00:00",22.106,"deg C","21109931","20856","ABM","HOBO"
"08/07/23 09:00:00",22.25,"deg C","21109931","20856","ABM","HOBO"
"08/07/23 10:00:00",22.369,"deg C","21109931","20856","ABM","HOBO"
"08/07/23 11:00:00",22.489,"deg C","21109931","20856","ABM","HOBO"
"08/07/23 12:00:00",22.441,"deg C","21109931","20856","ABM","HOBO"
"08/07/23 13:00:00",22.321,"deg C","21109931","20856","ABM","HOBO"
"08/07/23 14:00:00",22.178,"deg C","21109931","20856","ABM","HOBO"
"08/07/23 15:00:00",22.178,"deg C","21109931","20856","ABM","HOBO"
"08/07/23 16:00:00",22.25,"deg C","21109931","20856","ABM","HOBO"
"08/07/23 17:00:00",22.274,"deg C","21109931","20856","ABM","HOBO"
"08/07/23 18:00:00",22.298,"deg C","21109931","20856","ABM","HOBO"
"08/07/23 19:00:00",22.369,"deg C","21109931","20856","ABM","HOBO"
"08/07/23 20:00:00",22.417,"deg C","21109931","20856","ABM","HOBO"
"08/07/23 21:00:00",22.417,"deg C","21109931","20856","ABM","HOBO"
"08/07/23 22:00:00",22.441,"deg C","21109931","20856","ABM","HOBO"
"08/07/23 23:00:00",22.489,"deg C","21109931","20856","ABM","HOBO"
"08/08/23 00:00:00",22.537,"deg C","21109931","20856","ABM","HOBO"
"08/08/23 01:00:00",22.537,"deg C","21109931","20856","ABM","HOBO"
"08/08/23 02:00:00",22.561,"deg C","21109931","20856","ABM","HOBO"
"08/08/23 03:00:00",22.609,"deg C","21109931","20856","ABM","HOBO"
"08/08/23 04:00:00",22.633,"deg C","21109931","20856","ABM","HOBO"
"08/08/23 05:00:00",22.633,"deg C","21109931","20856","ABM","HOBO"
"08/08/23 06:00:00",22.633,"deg C","21109931","20856","ABM","HOBO"
"08/08/23 07:00:00",22.657,"deg C","21109931","20856","ABM","HOBO"
"08/08/23 08:00:00",22.489,"deg C","21109931","20856","ABM","HOBO"
"08/08/23 09:00:00",22.585,"deg C","21109931","20856","ABM","HOBO"
"08/08/23 10:00:00",22.8,"deg C","21109931","20856","ABM","HOBO"
"08/08/23 11:00:00",23.088,"deg C","21109931","20856","ABM","HOBO"
"08/08/23 12:00:00",23.208,"deg C","21109931","20856","ABM","HOBO"
"08/08/23 13:00:00",23.4,"deg C","21109931","20856","ABM","HOBO"
"08/08/23 14:00:00",23.689,"deg C","21109931","20856","ABM","HOBO"
"08/08/23 15:00:00",23.905,"deg C","21109931","20856","ABM","HOBO"
"08/08/23 16:00:00",24.002,"deg C","21109931","20856","ABM","HOBO"
"08/08/23 17:00:00",24.026,"deg C","21109931","20856","ABM","HOBO"
"08/08/23 18:00:00",23.857,"deg C","21109931","20856","ABM","HOBO"
"08/08/23 19:00:00",23.881,"deg C","21109931","20856","ABM","HOBO"
"08/08/23 20:00:00",23.689,"deg C","21109931","20856","ABM","HOBO"
"08/08/23 21:00:00",23.569,"deg C","21109931","20856","ABM","HOBO"
"08/08/23 22:00:00",23.545,"deg C","21109931","20856","ABM","HOBO"
"08/08/23 23:00:00",23.352,"deg C","21109931","20856","ABM","HOBO"
"08/09/23 00:00:00",23.184,"deg C","21109931","20856","ABM","HOBO"
"08/09/23 01:00:00",23.04,"deg C","21109931","20856","ABM","HOBO"
"08/09/23 02:00:00",22.968,"deg C","21109931","20856","ABM","HOBO"
"08/09/23 03:00:00",22.896,"deg C","21109931","20856","ABM","HOBO"
"08/09/23 04:00:00",22.776,"deg C","21109931","20856","ABM","HOBO"
"08/09/23 05:00:00",22.681,"deg C","21109931","20856","ABM","HOBO"
"08/09/23 06:00:00",22.609,"deg C","21109931","20856","ABM","HOBO"
"08/09/23 07:00:00",22.561,"deg C","21109931","20856","ABM","HOBO"
"08/09/23 08:00:00",22.513,"deg C","21109931","20856","ABM","HOBO"
"08/09/23 09:00:00",22.561,"deg C","21109931","20856","ABM","HOBO"
"08/09/23 10:00:00",22.705,"deg C","21109931","20856","ABM","HOBO"
"08/09/23 11:00:00",22.944,"deg C","21109931","20856","ABM","HOBO"
"08/09/23 12:00:00",23.208,"deg C","21109931","20856","ABM","HOBO"
"08/09/23 13:00:00",23.665,"deg C","21109931","20856","ABM","HOBO"
"08/09/23 14:00:00",24.05,"deg C","21109931","20856","ABM","HOBO"
"08/09/23 15:00:00",24.146,"deg C","21109931","20856","ABM","HOBO"
"08/09/23 16:00:00",24.074,"deg C","21109931","20856","ABM","HOBO"
"08/09/23 17:00:00",23.978,"deg C","21109931","20856","ABM","HOBO"
"08/09/23 18:00:00",23.93,"deg C","21109931","20856","ABM","HOBO"
"08/09/23 19:00:00",23.857,"deg C","21109931","20856","ABM","HOBO"
"08/09/23 20:00:00",23.761,"deg C","21109931","20856","ABM","HOBO"
"08/09/23 21:00:00",23.593,"deg C","21109931","20856","ABM","HOBO"
"08/09/23 22:00:00",23.376,"deg C","21109931","20856","ABM","HOBO"
"08/09/23 23:00:00",23.16,"deg C","21109931","20856","ABM","HOBO"
"08/10/23 00:00:00",22.92,"deg C","21109931","20856","ABM","HOBO"
"08/10/23 01:00:00",22.776,"deg C","21109931","20856","ABM","HOBO"
"08/10/23 02:00:00",22.633,"deg C","21109931","20856","ABM","HOBO"
"08/10/23 03:00:00",22.513,"deg C","21109931","20856","ABM","HOBO"
"08/10/23 04:00:00",22.369,"deg C","21109931","20856","ABM","HOBO"
"08/10/23 05:00:00",22.226,"deg C","21109931","20856","ABM","HOBO"
"08/10/23 06:00:00",22.082,"deg C","21109931","20856","ABM","HOBO"
"08/10/23 07:00:00",22.034,"deg C","21109931","20856","ABM","HOBO"
"08/10/23 08:00:00",22.082,"deg C","21109931","20856","ABM","HOBO"
"08/10/23 09:00:00",22.226,"deg C","21109931","20856","ABM","HOBO"
"08/10/23 10:00:00",22.465,"deg C","21109931","20856","ABM","HOBO"
"08/10/23 11:00:00",22.729,"deg C","21109931","20856","ABM","HOBO"
"08/10/23 12:00:00",22.896,"deg C","21109931","20856","ABM","HOBO"
"08/10/23 13:00:00",23.16,"deg C","21109931","20856","ABM","HOBO"
"08/10/23 14:00:00",23.16,"deg C","21109931","20856","ABM","HOBO"
"08/10/23 15:00:00",23.112,"deg C","21109931","20856","ABM","HOBO"
"08/10/23 16:00:00",23.16,"deg C","21109931","20856","ABM","HOBO"
"08/10/23 17:00:00",23.16,"deg C","21109931","20856","ABM","HOBO"
"08/10/23 18:00:00",23.112,"deg C","21109931","20856","ABM","HOBO"
"08/10/23 19:00:00",23.088,"deg C","21109931","20856","ABM","HOBO"
"08/10/23 20:00:00",23.088,"deg C","21109931","20856","ABM","HOBO"
"08/10/23 21:00:00",23.016,"deg C","21109931","20856","ABM","HOBO"
"08/10/23 22:00:00",22.944,"deg C","21109931","20856","ABM","HOBO"
"08/10/23 23:00:00",22.92,"deg C","21109931","20856","ABM","HOBO"
"08/11/23 00:00:00",22.896,"deg C","21109931","20856","ABM","HOBO"
"08/11/23 01:00:00",22.872,"deg C","21109931","20856","ABM","HOBO"
"08/11/23 02:00:00",22.753,"deg C","21109931","20856","ABM","HOBO"
"08/11/23 03:00:00",22.609,"deg C","21109931","20856","ABM","HOBO"
"08/11/23 04:00:00",22.465,"deg C","21109931","20856","ABM","HOBO"
"08/11/23 05:00:00",22.369,"deg C","21109931","20856","ABM","HOBO"
"08/11/23 06:00:00",22.274,"deg C","21109931","20856","ABM","HOBO"
"08/11/23 07:00:00",22.178,"deg C","21109931","20856","ABM","HOBO"
"08/11/23 08:00:00",22.154,"deg C","21109931","20856","ABM","HOBO"
"08/11/23 09:00:00",22.25,"deg C","21109931","20856","ABM","HOBO"
"08/11/23 10:00:00",22.465,"deg C","21109931","20856","ABM","HOBO"
"08/11/23 11:00:00",22.753,"deg C","21109931","20856","ABM","HOBO"
"08/11/23 12:00:00",23.064,"deg C","21109931","20856","ABM","HOBO"
"08/11/23 13:00:00",23.328,"deg C","21109931","20856","ABM","HOBO"
"08/11/23 14:00:00",23.641,"deg C","21109931","20856","ABM","HOBO"
"08/11/23 15:00:00",23.641,"deg C","21109931","20856","ABM","HOBO"
"08/11/23 16:00:00",23.809,"deg C","21109931","20856","ABM","HOBO"
"08/11/23 17:00:00",23.833,"deg C","21109931","20856","ABM","HOBO"
"08/11/23 18:00:00",23.785,"deg C","21109931","20856","ABM","HOBO"
"08/11/23 19:00:00",23.737,"deg C","21109931","20856","ABM","HOBO"
"08/11/23 20:00:00",23.617,"deg C","21109931","20856","ABM","HOBO"
"08/11/23 21:00:00",23.4,"deg C","21109931","20856","ABM","HOBO"
"08/11/23 22:00:00",23.184,"deg C","21109931","20856","ABM","HOBO"
"08/11/23 23:00:00",22.992,"deg C","21109931","20856","ABM","HOBO"
"08/12/23 00:00:00",22.753,"deg C","21109931","20856","ABM","HOBO"
"08/12/23 01:00:00",22.561,"deg C","21109931","20856","ABM","HOBO"
"08/12/23 02:00:00",22.393,"deg C","21109931","20856","ABM","HOBO"
"08/12/23 03:00:00",22.226,"deg C","21109931","20856","ABM","HOBO"
"08/12/23 04:00:00",22.058,"deg C","21109931","20856","ABM","HOBO"
"08/12/23 05:00:00",21.891,"deg C","21109931","20856","ABM","HOBO"
"08/12/23 06:00:00",21.748,"deg C","21109931","20856","ABM","HOBO"
"08/12/23 07:00:00",21.7,"deg C","21109931","20856","ABM","HOBO"
"08/12/23 08:00:00",21.748,"deg C","21109931","20856","ABM","HOBO"
"08/12/23 09:00:00",21.939,"deg C","21109931","20856","ABM","HOBO"
"08/12/23 10:00:00",22.25,"deg C","21109931","20856","ABM","HOBO"
"08/12/23 11:00:00",22.585,"deg C","21109931","20856","ABM","HOBO"
"08/12/23 12:00:00",22.896,"deg C","21109931","20856","ABM","HOBO"
"08/12/23 13:00:00",23.4,"deg C","21109931","20856","ABM","HOBO"
"08/12/23 14:00:00",23.689,"deg C","21109931","20856","ABM","HOBO"
"08/12/23 15:00:00",23.593,"deg C","21109931","20856","ABM","HOBO"
"08/12/23 16:00:00",23.304,"deg C","21109931","20856","ABM","HOBO"
"08/12/23 17:00:00",23.4,"deg C","21109931","20856","ABM","HOBO"
"08/12/23 18:00:00",23.521,"deg C","21109931","20856","ABM","HOBO"
"08/12/23 19:00:00",23.4,"deg C","21109931","20856","ABM","HOBO"
"08/12/23 20:00:00",23.4,"deg C","21109931","20856","ABM","HOBO"
"08/12/23 21:00:00",23.328,"deg C","21109931","20856","ABM","HOBO"
"08/12/23 22:00:00",23.28,"deg C","21109931","20856","ABM","HOBO"
"08/12/23 23:00:00",23.256,"deg C","21109931","20856","ABM","HOBO"
"08/13/23 00:00:00",23.16,"deg C","21109931","20856","ABM","HOBO"
"08/13/23 01:00:00",23.04,"deg C","21109931","20856","ABM","HOBO"
"08/13/23 02:00:00",22.992,"deg C","21109931","20856","ABM","HOBO"
"08/13/23 03:00:00",22.968,"deg C","21109931","20856","ABM","HOBO"
"08/13/23 04:00:00",22.944,"deg C","21109931","20856","ABM","HOBO"
"08/13/23 05:00:00",22.92,"deg C","21109931","20856","ABM","HOBO"
"08/13/23 06:00:00",22.8,"deg C","21109931","20856","ABM","HOBO"
"08/13/23 07:00:00",22.657,"deg C","21109931","20856","ABM","HOBO"
"08/13/23 08:00:00",22.489,"deg C","21109931","20856","ABM","HOBO"
"08/13/23 09:00:00",22.561,"deg C","21109931","20856","ABM","HOBO"
"08/13/23 10:00:00",22.657,"deg C","21109931","20856","ABM","HOBO"
"08/13/23 11:00:00",22.872,"deg C","21109931","20856","ABM","HOBO"
"08/13/23 12:00:00",23.064,"deg C","21109931","20856","ABM","HOBO"
"08/13/23 13:00:00",23.569,"deg C","21109931","20856","ABM","HOBO"
"08/13/23 14:00:00",23.881,"deg C","21109931","20856","ABM","HOBO"
"08/13/23 15:00:00",24.098,"deg C","21109931","20856","ABM","HOBO"
"08/13/23 16:00:00",24.122,"deg C","21109931","20856","ABM","HOBO"
"08/13/23 17:00:00",24.219,"deg C","21109931","20856","ABM","HOBO"
"08/13/23 18:00:00",24.219,"deg C","21109931","20856","ABM","HOBO"
"08/13/23 19:00:00",24.146,"deg C","21109931","20856","ABM","HOBO"
"08/13/23 20:00:00",24.122,"deg C","21109931","20856","ABM","HOBO"
"08/13/23 21:00:00",23.905,"deg C","21109931","20856","ABM","HOBO"
"08/13/23 22:00:00",23.737,"deg C","21109931","20856","ABM","HOBO"
"08/13/23 23:00:00",23.593,"deg C","21109931","20856","ABM","HOBO"
"08/14/23 00:00:00",23.352,"deg C","21109931","20856","ABM","HOBO"
"08/14/23 01:00:00",23.136,"deg C","21109931","20856","ABM","HOBO"
"08/14/23 02:00:00",22.968,"deg C","21109931","20856","ABM","HOBO"
"08/14/23 03:00:00",22.8,"deg C","21109931","20856","ABM","HOBO"
"08/14/23 04:00:00",22.609,"deg C","21109931","20856","ABM","HOBO"
"08/14/23 05:00:00",22.465,"deg C","21109931","20856","ABM","HOBO"
"08/14/23 06:00:00",22.345,"deg C","21109931","20856","ABM","HOBO"
"08/14/23 07:00:00",22.25,"deg C","21109931","20856","ABM","HOBO"
"08/14/23 08:00:00",22.274,"deg C","21109931","20856","ABM","HOBO"
"08/14/23 09:00:00",22.369,"deg C","21109931","20856","ABM","HOBO"
"08/14/23 10:00:00",22.561,"deg C","21109931","20856","ABM","HOBO"
"08/14/23 11:00:00",22.753,"deg C","21109931","20856","ABM","HOBO"
"08/14/23 12:00:00",23.016,"deg C","21109931","20856","ABM","HOBO"
"08/14/23 13:00:00",23.328,"deg C","21109931","20856","ABM","HOBO"
"08/14/23 14:00:00",23.448,"deg C","21109931","20856","ABM","HOBO"
"08/14/23 15:00:00",23.713,"deg C","21109931","20856","ABM","HOBO"
"08/14/23 16:00:00",23.785,"deg C","21109931","20856","ABM","HOBO"
"08/14/23 17:00:00",23.809,"deg C","21109931","20856","ABM","HOBO"
"08/14/23 18:00:00",23.809,"deg C","21109931","20856","ABM","HOBO"
"08/14/23 19:00:00",23.713,"deg C","21109931","20856","ABM","HOBO"
"08/14/23 20:00:00",23.641,"deg C","21109931","20856","ABM","HOBO"
"08/14/23 21:00:00",23.545,"deg C","21109931","20856","ABM","HOBO"
"08/14/23 22:00:00",23.521,"deg C","21109931","20856","ABM","HOBO"
"08/14/23 23:00:00",23.424,"deg C","21109931","20856","ABM","HOBO"
"08/15/23 00:00:00",23.352,"deg C","21109931","20856","ABM","HOBO"
"08/15/23 01:00:00",23.304,"deg C","21109931","20856","ABM","HOBO"
"08/15/23 02:00:00",23.256,"deg C","21109931","20856","ABM","HOBO"
"08/15/23 03:00:00",23.208,"deg C","21109931","20856","ABM","HOBO"
"08/15/23 04:00:00",23.16,"deg C","21109931","20856","ABM","HOBO"
"08/15/23 05:00:00",23.064,"deg C","21109931","20856","ABM","HOBO"
"08/15/23 06:00:00",22.968,"deg C","21109931","20856","ABM","HOBO"
"08/15/23 07:00:00",22.872,"deg C","21109931","20856","ABM","HOBO"
"08/15/23 08:00:00",22.848,"deg C","21109931","20856","ABM","HOBO"
"08/15/23 09:00:00",22.753,"deg C","21109931","20856","ABM","HOBO"
"08/15/23 10:00:00",22.753,"deg C","21109931","20856","ABM","HOBO"
"08/15/23 11:00:00",22.824,"deg C","21109931","20856","ABM","HOBO"
"08/15/23 12:00:00",22.872,"deg C","21109931","20856","ABM","HOBO"
"08/15/23 13:00:00",22.896,"deg C","21109931","20856","ABM","HOBO"
"08/15/23 14:00:00",22.944,"deg C","21109931","20856","ABM","HOBO"
"08/15/23 15:00:00",22.968,"deg C","21109931","20856","ABM","HOBO"
"08/15/23 16:00:00",22.992,"deg C","21109931","20856","ABM","HOBO"
"08/15/23 17:00:00",22.992,"deg C","21109931","20856","ABM","HOBO"
"08/15/23 18:00:00",22.968,"deg C","21109931","20856","ABM","HOBO"
"08/15/23 19:00:00",22.944,"deg C","21109931","20856","ABM","HOBO"
"08/15/23 20:00:00",22.896,"deg C","21109931","20856","ABM","HOBO"
"08/15/23 21:00:00",22.824,"deg C","21109931","20856","ABM","HOBO"
"08/15/23 22:00:00",22.8,"deg C","21109931","20856","ABM","HOBO"
"08/15/23 23:00:00",22.776,"deg C","21109931","20856","ABM","HOBO"
"08/16/23 00:00:00",22.729,"deg C","21109931","20856","ABM","HOBO"
"08/16/23 01:00:00",22.681,"deg C","21109931","20856","ABM","HOBO"
"08/16/23 02:00:00",22.609,"deg C","21109931","20856","ABM","HOBO"
"08/16/23 03:00:00",22.561,"deg C","21109931","20856","ABM","HOBO"
"08/16/23 04:00:00",22.513,"deg C","21109931","20856","ABM","HOBO"
"08/16/23 05:00:00",22.489,"deg C","21109931","20856","ABM","HOBO"
"08/16/23 06:00:00",22.441,"deg C","21109931","20856","ABM","HOBO"
"08/16/23 07:00:00",22.417,"deg C","21109931","20856","ABM","HOBO"
"08/16/23 08:00:00",22.417,"deg C","21109931","20856","ABM","HOBO"
"08/16/23 09:00:00",22.465,"deg C","21109931","20856","ABM","HOBO"
"08/16/23 10:00:00",22.489,"deg C","21109931","20856","ABM","HOBO"
"08/16/23 11:00:00",22.537,"deg C","21109931","20856","ABM","HOBO"
"08/16/23 12:00:00",22.585,"deg C","21109931","20856","ABM","HOBO"
"08/16/23 13:00:00",22.657,"deg C","21109931","20856","ABM","HOBO"
"08/16/23 14:00:00",22.729,"deg C","21109931","20856","ABM","HOBO"
"08/16/23 15:00:00",22.872,"deg C","21109931","20856","ABM","HOBO"
"08/16/23 16:00:00",23.016,"deg C","21109931","20856","ABM","HOBO"
"08/16/23 17:00:00",23.064,"deg C","21109931","20856","ABM","HOBO"
"08/16/23 18:00:00",23.136,"deg C","21109931","20856","ABM","HOBO"
"08/16/23 19:00:00",23.088,"deg C","21109931","20856","ABM","HOBO"
"08/16/23 20:00:00",23.04,"deg C","21109931","20856","ABM","HOBO"
"08/16/23 21:00:00",22.968,"deg C","21109931","20856","ABM","HOBO"
"08/16/23 22:00:00",22.92,"deg C","21109931","20856","ABM","HOBO"
"08/16/23 23:00:00",22.848,"deg C","21109931","20856","ABM","HOBO"
"08/17/23 00:00:00",22.824,"deg C","21109931","20856","ABM","HOBO"
"08/17/23 01:00:00",22.776,"deg C","21109931","20856","ABM","HOBO"
"08/17/23 02:00:00",22.729,"deg C","21109931","20856","ABM","HOBO"
"08/17/23 03:00:00",22.681,"deg C","21109931","20856","ABM","HOBO"
"08/17/23 04:00:00",22.681,"deg C","21109931","20856","ABM","HOBO"
"08/17/23 05:00:00",22.633,"deg C","21109931","20856","ABM","HOBO"
"08/17/23 06:00:00",22.585,"deg C","21109931","20856","ABM","HOBO"
"08/17/23 07:00:00",22.537,"deg C","21109931","20856","ABM","HOBO"
"08/17/23 08:00:00",22.561,"deg C","21109931","20856","ABM","HOBO"
"08/17/23 09:00:00",22.561,"deg C","21109931","20856","ABM","HOBO"
"08/17/23 10:00:00",22.585,"deg C","21109931","20856","ABM","HOBO"
"08/17/23 11:00:00",22.609,"deg C","21109931","20856","ABM","HOBO"
"08/17/23 12:00:00",22.681,"deg C","21109931","20856","ABM","HOBO"
"08/17/23 13:00:00",22.753,"deg C","21109931","20856","ABM","HOBO"
"08/17/23 14:00:00",22.872,"deg C","21109931","20856","ABM","HOBO"
"08/17/23 15:00:00",22.848,"deg C","21109931","20856","ABM","HOBO"
"08/17/23 16:00:00",22.896,"deg C","21109931","20856","ABM","HOBO"
"08/17/23 17:00:00",22.92,"deg C","21109931","20856","ABM","HOBO"
"08/17/23 18:00:00",22.896,"deg C","21109931","20856","ABM","HOBO"
"08/17/23 19:00:00",22.896,"deg C","21109931","20856","ABM","HOBO"
"08/17/23 20:00:00",22.872,"deg C","21109931","20856","ABM","HOBO"
"08/17/23 21:00:00",22.824,"deg C","21109931","20856","ABM","HOBO"
"08/17/23 22:00:00",22.944,"deg C","21109931","20856","ABM","HOBO"
"08/17/23 23:00:00",22.92,"deg C","21109931","20856","ABM","HOBO"
"08/18/23 00:00:00",22.92,"deg C","21109931","20856","ABM","HOBO"
"08/18/23 01:00:00",22.92,"deg C","21109931","20856","ABM","HOBO"
"08/18/23 02:00:00",22.896,"deg C","21109931","20856","ABM","HOBO"
"08/18/23 03:00:00",22.872,"deg C","21109931","20856","ABM","HOBO"
"08/18/23 04:00:00",22.848,"deg C","21109931","20856","ABM","HOBO"
"08/18/23 05:00:00",22.848,"deg C","21109931","20856","ABM","HOBO"
"08/18/23 06:00:00",22.872,"deg C","21109931","20856","ABM","HOBO"
"08/18/23 07:00:00",22.872,"deg C","21109931","20856","ABM","HOBO"
"08/18/23 08:00:00",22.705,"deg C","21109931","20856","ABM","HOBO"
"08/18/23 09:00:00",21.461,"deg C","21109931","20856","ABM","HOBO"
"08/18/23 10:00:00",20.913,"deg C","21109931","20856","ABM","HOBO"
"08/18/23 11:00:00",21.008,"deg C","21109931","20856","ABM","HOBO"
"08/18/23 12:00:00",21.27,"deg C","21109931","20856","ABM","HOBO"
"08/18/23 13:00:00",21.533,"deg C","21109931","20856","ABM","HOBO"
"08/18/23 14:00:00",21.843,"deg C","21109931","20856","ABM","HOBO"
"08/18/23 15:00:00",22.011,"deg C","21109931","20856","ABM","HOBO"
"08/18/23 16:00:00",22.25,"deg C","21109931","20856","ABM","HOBO"
"08/18/23 17:00:00",22.393,"deg C","21109931","20856","ABM","HOBO"
"08/18/23 18:00:00",22.465,"deg C","21109931","20856","ABM","HOBO"
"08/18/23 19:00:00",22.489,"deg C","21109931","20856","ABM","HOBO"
"08/18/23 20:00:00",22.393,"deg C","21109931","20856","ABM","HOBO"
"08/18/23 21:00:00",22.202,"deg C","21109931","20856","ABM","HOBO"
"08/18/23 22:00:00",22.011,"deg C","21109931","20856","ABM","HOBO"
"08/18/23 23:00:00",21.748,"deg C","21109931","20856","ABM","HOBO"
"08/19/23 00:00:00",21.485,"deg C","21109931","20856","ABM","HOBO"
"08/19/23 01:00:00",21.27,"deg C","21109931","20856","ABM","HOBO"
"08/19/23 02:00:00",21.079,"deg C","21109931","20856","ABM","HOBO"
"08/19/23 03:00:00",20.889,"deg C","21109931","20856","ABM","HOBO"
"08/19/23 04:00:00",20.698,"deg C","21109931","20856","ABM","HOBO"
"08/19/23 05:00:00",20.531,"deg C","21109931","20856","ABM","HOBO"
"08/19/23 06:00:00",20.365,"deg C","21109931","20856","ABM","HOBO"
"08/19/23 07:00:00",20.222,"deg C","21109931","20856","ABM","HOBO"
"08/19/23 08:00:00",20.222,"deg C","21109931","20856","ABM","HOBO"
"08/19/23 09:00:00",20.388,"deg C","21109931","20856","ABM","HOBO"
"08/19/23 10:00:00",20.65,"deg C","21109931","20856","ABM","HOBO"
"08/19/23 11:00:00",20.913,"deg C","21109931","20856","ABM","HOBO"
"08/19/23 12:00:00",21.175,"deg C","21109931","20856","ABM","HOBO"
"08/19/23 13:00:00",21.581,"deg C","21109931","20856","ABM","HOBO"
"08/19/23 14:00:00",21.843,"deg C","21109931","20856","ABM","HOBO"
"08/19/23 15:00:00",21.843,"deg C","21109931","20856","ABM","HOBO"
"08/19/23 16:00:00",21.963,"deg C","21109931","20856","ABM","HOBO"
"08/19/23 17:00:00",22.034,"deg C","21109931","20856","ABM","HOBO"
"08/19/23 18:00:00",22.011,"deg C","21109931","20856","ABM","HOBO"
"08/19/23 19:00:00",22.034,"deg C","21109931","20856","ABM","HOBO"
"08/19/23 20:00:00",21.915,"deg C","21109931","20856","ABM","HOBO"
"08/19/23 21:00:00",21.772,"deg C","21109931","20856","ABM","HOBO"
"08/19/23 22:00:00",21.581,"deg C","21109931","20856","ABM","HOBO"
"08/19/23 23:00:00",21.366,"deg C","21109931","20856","ABM","HOBO"
"08/20/23 00:00:00",21.175,"deg C","21109931","20856","ABM","HOBO"
"08/20/23 01:00:00",20.984,"deg C","21109931","20856","ABM","HOBO"
"08/20/23 02:00:00",20.817,"deg C","21109931","20856","ABM","HOBO"
"08/20/23 03:00:00",20.627,"deg C","21109931","20856","ABM","HOBO"
"08/20/23 04:00:00",20.436,"deg C","21109931","20856","ABM","HOBO"
"08/20/23 05:00:00",20.269,"deg C","21109931","20856","ABM","HOBO"
"08/20/23 06:00:00",20.103,"deg C","21109931","20856","ABM","HOBO"
"08/20/23 07:00:00",19.936,"deg C","21109931","20856","ABM","HOBO"
"08/20/23 08:00:00",19.936,"deg C","21109931","20856","ABM","HOBO"
"08/20/23 09:00:00",20.126,"deg C","21109931","20856","ABM","HOBO"
"08/20/23 10:00:00",20.484,"deg C","21109931","20856","ABM","HOBO"
"08/20/23 11:00:00",20.936,"deg C","21109931","20856","ABM","HOBO"
"08/20/23 12:00:00",21.318,"deg C","21109931","20856","ABM","HOBO"
"08/20/23 13:00:00",21.819,"deg C","21109931","20856","ABM","HOBO"
"08/20/23 14:00:00",22.226,"deg C","21109931","20856","ABM","HOBO"
"08/20/23 15:00:00",22.393,"deg C","21109931","20856","ABM","HOBO"
"08/20/23 16:00:00",22.489,"deg C","21109931","20856","ABM","HOBO"
"08/20/23 17:00:00",22.537,"deg C","21109931","20856","ABM","HOBO"
"08/20/23 18:00:00",22.585,"deg C","21109931","20856","ABM","HOBO"
"08/20/23 19:00:00",22.465,"deg C","21109931","20856","ABM","HOBO"
"08/20/23 20:00:00",22.393,"deg C","21109931","20856","ABM","HOBO"
"08/20/23 21:00:00",22.274,"deg C","21109931","20856","ABM","HOBO"
"08/20/23 22:00:00",22.106,"deg C","21109931","20856","ABM","HOBO"
"08/20/23 23:00:00",21.963,"deg C","21109931","20856","ABM","HOBO"
"08/21/23 00:00:00",21.843,"deg C","21109931","20856","ABM","HOBO"
"08/21/23 01:00:00",21.7,"deg C","21109931","20856","ABM","HOBO"
"08/21/23 02:00:00",21.581,"deg C","21109931","20856","ABM","HOBO"
"08/21/23 03:00:00",21.413,"deg C","21109931","20856","ABM","HOBO"
"08/21/23 04:00:00",21.27,"deg C","21109931","20856","ABM","HOBO"
"08/21/23 05:00:00",21.127,"deg C","21109931","20856","ABM","HOBO"
"08/21/23 06:00:00",21.008,"deg C","21109931","20856","ABM","HOBO"
"08/21/23 07:00:00",20.96,"deg C","21109931","20856","ABM","HOBO"
"08/21/23 08:00:00",20.96,"deg C","21109931","20856","ABM","HOBO"
"08/21/23 09:00:00",21.127,"deg C","21109931","20856","ABM","HOBO"
"08/21/23 10:00:00",21.437,"deg C","21109931","20856","ABM","HOBO"
"08/21/23 11:00:00",21.748,"deg C","21109931","20856","ABM","HOBO"
"08/21/23 12:00:00",22.082,"deg C","21109931","20856","ABM","HOBO"
"08/21/23 13:00:00",22.417,"deg C","21109931","20856","ABM","HOBO"
"08/21/23 14:00:00",22.681,"deg C","21109931","20856","ABM","HOBO"
"08/21/23 15:00:00",22.872,"deg C","21109931","20856","ABM","HOBO"
"08/21/23 16:00:00",22.944,"deg C","21109931","20856","ABM","HOBO"
"08/21/23 17:00:00",23.04,"deg C","21109931","20856","ABM","HOBO"
"08/21/23 18:00:00",23.064,"deg C","21109931","20856","ABM","HOBO"
"08/21/23 19:00:00",23.04,"deg C","21109931","20856","ABM","HOBO"
"08/21/23 20:00:00",22.968,"deg C","21109931","20856","ABM","HOBO"
"08/21/23 21:00:00",22.944,"deg C","21109931","20856","ABM","HOBO"
"08/21/23 22:00:00",22.848,"deg C","21109931","20856","ABM","HOBO"
"08/21/23 23:00:00",22.705,"deg C","21109931","20856","ABM","HOBO"
"08/22/23 00:00:00",22.633,"deg C","21109931","20856","ABM","HOBO"
"08/22/23 01:00:00",22.633,"deg C","21109931","20856","ABM","HOBO"
"08/22/23 02:00:00",22.537,"deg C","21109931","20856","ABM","HOBO"
"08/22/23 03:00:00",22.417,"deg C","21109931","20856","ABM","HOBO"
"08/22/23 04:00:00",22.178,"deg C","21109931","20856","ABM","HOBO"
"08/22/23 05:00:00",21.987,"deg C","21109931","20856","ABM","HOBO"
"08/22/23 06:00:00",21.795,"deg C","21109931","20856","ABM","HOBO"
"08/22/23 07:00:00",21.676,"deg C","21109931","20856","ABM","HOBO"
"08/22/23 08:00:00",21.604,"deg C","21109931","20856","ABM","HOBO"
"08/22/23 09:00:00",21.604,"deg C","21109931","20856","ABM","HOBO"
"08/22/23 10:00:00",21.724,"deg C","21109931","20856","ABM","HOBO"
"08/22/23 11:00:00",21.939,"deg C","21109931","20856","ABM","HOBO"
"08/22/23 12:00:00",22.178,"deg C","21109931","20856","ABM","HOBO"
"08/22/23 13:00:00",22.489,"deg C","21109931","20856","ABM","HOBO"
"08/22/23 14:00:00",22.92,"deg C","21109931","20856","ABM","HOBO"
"08/22/23 15:00:00",22.824,"deg C","21109931","20856","ABM","HOBO"
"08/22/23 16:00:00",22.776,"deg C","21109931","20856","ABM","HOBO"
"08/22/23 17:00:00",22.753,"deg C","21109931","20856","ABM","HOBO"
"08/22/23 18:00:00",22.705,"deg C","21109931","20856","ABM","HOBO"
"08/22/23 19:00:00",22.609,"deg C","21109931","20856","ABM","HOBO"
"08/22/23 20:00:00",22.441,"deg C","21109931","20856","ABM","HOBO"
"08/22/23 21:00:00",22.226,"deg C","21109931","20856","ABM","HOBO"
"08/22/23 22:00:00",22.058,"deg C","21109931","20856","ABM","HOBO"
"08/22/23 23:00:00",21.867,"deg C","21109931","20856","ABM","HOBO"
"08/23/23 00:00:00",21.7,"deg C","21109931","20856","ABM","HOBO"
"08/23/23 01:00:00",21.604,"deg C","21109931","20856","ABM","HOBO"
"08/23/23 02:00:00",21.485,"deg C","21109931","20856","ABM","HOBO"
"08/23/23 03:00:00",21.318,"deg C","21109931","20856","ABM","HOBO"
"08/23/23 04:00:00",21.151,"deg C","21109931","20856","ABM","HOBO"
"08/23/23 05:00:00",21.008,"deg C","21109931","20856","ABM","HOBO"
"08/23/23 06:00:00",20.889,"deg C","21109931","20856","ABM","HOBO"
"08/23/23 07:00:00",20.77,"deg C","21109931","20856","ABM","HOBO"
"08/23/23 08:00:00",20.793,"deg C","21109931","20856","ABM","HOBO"
"08/23/23 09:00:00",20.841,"deg C","21109931","20856","ABM","HOBO"
"08/23/23 10:00:00",21.103,"deg C","21109931","20856","ABM","HOBO"
"08/23/23 11:00:00",21.39,"deg C","21109931","20856","ABM","HOBO"
"08/23/23 12:00:00",21.628,"deg C","21109931","20856","ABM","HOBO"
"08/23/23 13:00:00",22.011,"deg C","21109931","20856","ABM","HOBO"
"08/23/23 14:00:00",22.417,"deg C","21109931","20856","ABM","HOBO"
"08/23/23 15:00:00",22.441,"deg C","21109931","20856","ABM","HOBO"
"08/23/23 16:00:00",22.393,"deg C","21109931","20856","ABM","HOBO"
"08/23/23 17:00:00",22.393,"deg C","21109931","20856","ABM","HOBO"
"08/23/23 18:00:00",22.321,"deg C","21109931","20856","ABM","HOBO"
"08/23/23 19:00:00",22.226,"deg C","21109931","20856","ABM","HOBO"
"08/23/23 20:00:00",22.082,"deg C","21109931","20856","ABM","HOBO"
"08/23/23 21:00:00",21.819,"deg C","21109931","20856","ABM","HOBO"
"08/23/23 22:00:00",21.652,"deg C","21109931","20856","ABM","HOBO"
"08/23/23 23:00:00",21.461,"deg C","21109931","20856","ABM","HOBO"
"08/24/23 00:00:00",21.246,"deg C","21109931","20856","ABM","HOBO"
"08/24/23 01:00:00",21.079,"deg C","21109931","20856","ABM","HOBO"
"08/24/23 02:00:00",20.936,"deg C","21109931","20856","ABM","HOBO"
"08/24/23 03:00:00",20.793,"deg C","21109931","20856","ABM","HOBO"
"08/24/23 04:00:00",20.674,"deg C","21109931","20856","ABM","HOBO"
"08/24/23 05:00:00",20.555,"deg C","21109931","20856","ABM","HOBO"
"08/24/23 06:00:00",20.46,"deg C","21109931","20856","ABM","HOBO"
"08/24/23 07:00:00",20.412,"deg C","21109931","20856","ABM","HOBO"
"08/24/23 08:00:00",20.484,"deg C","21109931","20856","ABM","HOBO"
"08/24/23 09:00:00",20.698,"deg C","21109931","20856","ABM","HOBO"
"08/24/23 10:00:00",21.056,"deg C","21109931","20856","ABM","HOBO"
"08/24/23 11:00:00",21.27,"deg C","21109931","20856","ABM","HOBO"
"08/24/23 12:00:00",21.366,"deg C","21109931","20856","ABM","HOBO"
"08/24/23 13:00:00",21.485,"deg C","21109931","20856","ABM","HOBO"
"08/24/23 14:00:00",21.581,"deg C","21109931","20856","ABM","HOBO"
"08/24/23 15:00:00",21.604,"deg C","21109931","20856","ABM","HOBO"
"08/24/23 16:00:00",21.604,"deg C","21109931","20856","ABM","HOBO"
"08/24/23 17:00:00",21.557,"deg C","21109931","20856","ABM","HOBO"
"08/24/23 18:00:00",21.557,"deg C","21109931","20856","ABM","HOBO"
"08/24/23 19:00:00",21.533,"deg C","21109931","20856","ABM","HOBO"
"08/24/23 20:00:00",21.485,"deg C","21109931","20856","ABM","HOBO"
"08/24/23 21:00:00",21.461,"deg C","21109931","20856","ABM","HOBO"
"08/24/23 22:00:00",21.461,"deg C","21109931","20856","ABM","HOBO"
"08/24/23 23:00:00",21.413,"deg C","21109931","20856","ABM","HOBO"
"08/25/23 00:00:00",21.413,"deg C","21109931","20856","ABM","HOBO"
"08/25/23 01:00:00",21.413,"deg C","21109931","20856","ABM","HOBO"
"08/25/23 02:00:00",21.366,"deg C","21109931","20856","ABM","HOBO"
"08/25/23 03:00:00",21.39,"deg C","21109931","20856","ABM","HOBO"
"08/25/23 04:00:00",21.366,"deg C","21109931","20856","ABM","HOBO"
"08/25/23 05:00:00",21.342,"deg C","21109931","20856","ABM","HOBO"
"08/25/23 06:00:00",21.294,"deg C","21109931","20856","ABM","HOBO"
"08/25/23 07:00:00",21.294,"deg C","21109931","20856","ABM","HOBO"
"08/25/23 08:00:00",21.27,"deg C","21109931","20856","ABM","HOBO"
"08/25/23 09:00:00",21.294,"deg C","21109931","20856","ABM","HOBO"
"08/25/23 10:00:00",21.294,"deg C","21109931","20856","ABM","HOBO"
"08/25/23 11:00:00",21.294,"deg C","21109931","20856","ABM","HOBO"
"08/25/23 12:00:00",21.342,"deg C","21109931","20856","ABM","HOBO"
"08/25/23 13:00:00",21.342,"deg C","21109931","20856","ABM","HOBO"
"08/25/23 14:00:00",21.342,"deg C","21109931","20856","ABM","HOBO"
"08/25/23 15:00:00",21.366,"deg C","21109931","20856","ABM","HOBO"
"08/25/23 16:00:00",21.413,"deg C","21109931","20856","ABM","HOBO"
"08/25/23 17:00:00",21.461,"deg C","21109931","20856","ABM","HOBO"
"08/25/23 18:00:00",21.485,"deg C","21109931","20856","ABM","HOBO"
"08/25/23 19:00:00",21.485,"deg C","21109931","20856","ABM","HOBO"
"08/25/23 20:00:00",21.485,"deg C","21109931","20856","ABM","HOBO"
"08/25/23 21:00:00",21.509,"deg C","21109931","20856","ABM","HOBO"
"08/25/23 22:00:00",21.533,"deg C","21109931","20856","ABM","HOBO"
"08/25/23 23:00:00",21.557,"deg C","21109931","20856","ABM","HOBO"
"08/26/23 00:00:00",21.557,"deg C","21109931","20856","ABM","HOBO"
"08/26/23 01:00:00",21.533,"deg C","21109931","20856","ABM","HOBO"
"08/26/23 02:00:00",21.533,"deg C","21109931","20856","ABM","HOBO"
"08/26/23 03:00:00",21.533,"deg C","21109931","20856","ABM","HOBO"
"08/26/23 04:00:00",21.533,"deg C","21109931","20856","ABM","HOBO"
"08/26/23 05:00:00",21.533,"deg C","21109931","20856","ABM","HOBO"
"08/26/23 06:00:00",21.533,"deg C","21109931","20856","ABM","HOBO"
"08/26/23 07:00:00",21.557,"deg C","21109931","20856","ABM","HOBO"
"08/26/23 08:00:00",21.604,"deg C","21109931","20856","ABM","HOBO"
"08/26/23 09:00:00",21.628,"deg C","21109931","20856","ABM","HOBO"
"08/26/23 10:00:00",21.7,"deg C","21109931","20856","ABM","HOBO"
"08/26/23 11:00:00",21.748,"deg C","21109931","20856","ABM","HOBO"
"08/26/23 12:00:00",22.034,"deg C","21109931","20856","ABM","HOBO"
"08/26/23 13:00:00",22.345,"deg C","21109931","20856","ABM","HOBO"
"08/26/23 14:00:00",22.681,"deg C","21109931","20856","ABM","HOBO"
"08/26/23 15:00:00",22.753,"deg C","21109931","20856","ABM","HOBO"
"08/26/23 16:00:00",22.824,"deg C","21109931","20856","ABM","HOBO"
"08/26/23 17:00:00",22.848,"deg C","21109931","20856","ABM","HOBO"
"08/26/23 18:00:00",22.8,"deg C","21109931","20856","ABM","HOBO"
"08/26/23 19:00:00",22.776,"deg C","21109931","20856","ABM","HOBO"
"08/26/23 20:00:00",22.729,"deg C","21109931","20856","ABM","HOBO"
"08/26/23 21:00:00",22.633,"deg C","21109931","20856","ABM","HOBO"
"08/26/23 22:00:00",22.489,"deg C","21109931","20856","ABM","HOBO"
"08/26/23 23:00:00",22.345,"deg C","21109931","20856","ABM","HOBO"
"08/27/23 00:00:00",22.178,"deg C","21109931","20856","ABM","HOBO"
"08/27/23 01:00:00",22.011,"deg C","21109931","20856","ABM","HOBO"
"08/27/23 02:00:00",21.867,"deg C","21109931","20856","ABM","HOBO"
"08/27/23 03:00:00",21.724,"deg C","21109931","20856","ABM","HOBO"
"08/27/23 04:00:00",21.628,"deg C","21109931","20856","ABM","HOBO"
"08/27/23 05:00:00",21.557,"deg C","21109931","20856","ABM","HOBO"
"08/27/23 06:00:00",21.413,"deg C","21109931","20856","ABM","HOBO"
"08/27/23 07:00:00",21.318,"deg C","21109931","20856","ABM","HOBO"
"08/27/23 08:00:00",21.342,"deg C","21109931","20856","ABM","HOBO"
"08/27/23 09:00:00",21.485,"deg C","21109931","20856","ABM","HOBO"
"08/27/23 10:00:00",21.7,"deg C","21109931","20856","ABM","HOBO"
"08/27/23 11:00:00",22.058,"deg C","21109931","20856","ABM","HOBO"
"08/27/23 12:00:00",22.178,"deg C","21109931","20856","ABM","HOBO"
"08/27/23 13:00:00",22.537,"deg C","21109931","20856","ABM","HOBO"
"08/27/23 14:00:00",22.848,"deg C","21109931","20856","ABM","HOBO"
"08/27/23 15:00:00",22.729,"deg C","21109931","20856","ABM","HOBO"
"08/27/23 16:00:00",22.776,"deg C","21109931","20856","ABM","HOBO"
"08/27/23 17:00:00",22.729,"deg C","21109931","20856","ABM","HOBO"
"08/27/23 18:00:00",22.681,"deg C","21109931","20856","ABM","HOBO"
"08/27/23 19:00:00",22.609,"deg C","21109931","20856","ABM","HOBO"
"08/27/23 20:00:00",22.609,"deg C","21109931","20856","ABM","HOBO"
"08/27/23 21:00:00",22.513,"deg C","21109931","20856","ABM","HOBO"
"08/27/23 22:00:00",22.441,"deg C","21109931","20856","ABM","HOBO"
"08/27/23 23:00:00",22.369,"deg C","21109931","20856","ABM","HOBO"
"08/28/23 00:00:00",22.298,"deg C","21109931","20856","ABM","HOBO"
"08/28/23 01:00:00",22.154,"deg C","21109931","20856","ABM","HOBO"
"08/28/23 02:00:00",22.058,"deg C","21109931","20856","ABM","HOBO"
"08/28/23 03:00:00",21.939,"deg C","21109931","20856","ABM","HOBO"
"08/28/23 04:00:00",21.867,"deg C","21109931","20856","ABM","HOBO"
"08/28/23 05:00:00",21.843,"deg C","21109931","20856","ABM","HOBO"
"08/28/23 06:00:00",21.795,"deg C","21109931","20856","ABM","HOBO"
"08/28/23 07:00:00",21.748,"deg C","21109931","20856","ABM","HOBO"
"08/28/23 08:00:00",21.724,"deg C","21109931","20856","ABM","HOBO"
"08/28/23 09:00:00",21.795,"deg C","21109931","20856","ABM","HOBO"
"08/28/23 10:00:00",21.915,"deg C","21109931","20856","ABM","HOBO"
"08/28/23 11:00:00",22.034,"deg C","21109931","20856","ABM","HOBO"
"08/28/23 12:00:00",22.106,"deg C","21109931","20856","ABM","HOBO"
"08/28/23 13:00:00",22.465,"deg C","21109931","20856","ABM","HOBO"
"08/28/23 14:00:00",22.633,"deg C","21109931","20856","ABM","HOBO"
"08/28/23 15:00:00",22.633,"deg C","21109931","20856","ABM","HOBO"
"08/28/23 16:00:00",22.585,"deg C","21109931","20856","ABM","HOBO"
"08/28/23 17:00:00",22.561,"deg C","21109931","20856","ABM","HOBO"
"08/28/23 18:00:00",22.537,"deg C","21109931","20856","ABM","HOBO"
"08/28/23 19:00:00",22.441,"deg C","21109931","20856","ABM","HOBO"
"08/28/23 20:00:00",22.345,"deg C","21109931","20856","ABM","HOBO"
"08/28/23 21:00:00",22.226,"deg C","21109931","20856","ABM","HOBO"
"08/28/23 22:00:00",22.13,"deg C","21109931","20856","ABM","HOBO"
"08/28/23 23:00:00",22.011,"deg C","21109931","20856","ABM","HOBO"
"08/29/23 00:00:00",21.915,"deg C","21109931","20856","ABM","HOBO"
"08/29/23 01:00:00",21.867,"deg C","21109931","20856","ABM","HOBO"
"08/29/23 02:00:00",21.819,"deg C","21109931","20856","ABM","HOBO"
"08/29/23 03:00:00",21.724,"deg C","21109931","20856","ABM","HOBO"
"08/29/23 04:00:00",21.604,"deg C","21109931","20856","ABM","HOBO"
"08/29/23 05:00:00",21.509,"deg C","21109931","20856","ABM","HOBO"
"08/29/23 06:00:00",21.461,"deg C","21109931","20856","ABM","HOBO"
"08/29/23 07:00:00",21.366,"deg C","21109931","20856","ABM","HOBO"
"08/29/23 08:00:00",21.437,"deg C","21109931","20856","ABM","HOBO"
"08/29/23 09:00:00",21.533,"deg C","21109931","20856","ABM","HOBO"
"08/29/23 10:00:00",21.628,"deg C","21109931","20856","ABM","HOBO"
"08/29/23 11:00:00",21.748,"deg C","21109931","20856","ABM","HOBO"
"08/29/23 12:00:00",22.058,"deg C","21109931","20856","ABM","HOBO"
"08/29/23 13:00:00",22.298,"deg C","21109931","20856","ABM","HOBO"
"08/29/23 14:00:00",22.345,"deg C","21109931","20856","ABM","HOBO"
"08/29/23 15:00:00",22.393,"deg C","21109931","20856","ABM","HOBO"
"08/29/23 16:00:00",22.465,"deg C","21109931","20856","ABM","HOBO"
"08/29/23 17:00:00",22.465,"deg C","21109931","20856","ABM","HOBO"
"08/29/23 18:00:00",22.441,"deg C","21109931","20856","ABM","HOBO"
"08/29/23 19:00:00",22.417,"deg C","21109931","20856","ABM","HOBO"
"08/29/23 20:00:00",22.393,"deg C","21109931","20856","ABM","HOBO"
"08/29/23 21:00:00",22.393,"deg C","21109931","20856","ABM","HOBO"
"08/29/23 22:00:00",22.345,"deg C","21109931","20856","ABM","HOBO"
"08/29/23 23:00:00",22.298,"deg C","21109931","20856","ABM","HOBO"
"08/30/23 00:00:00",22.298,"deg C","21109931","20856","ABM","HOBO"
"08/30/23 01:00:00",22.298,"deg C","21109931","20856","ABM","HOBO"
"08/30/23 02:00:00",22.274,"deg C","21109931","20856","ABM","HOBO"
"08/30/23 03:00:00",22.25,"deg C","21109931","20856","ABM","HOBO"
"08/30/23 04:00:00",22.226,"deg C","21109931","20856","ABM","HOBO"
"08/30/23 05:00:00",22.202,"deg C","21109931","20856","ABM","HOBO"
"08/30/23 06:00:00",22.202,"deg C","21109931","20856","ABM","HOBO"
"08/30/23 07:00:00",22.178,"deg C","21109931","20856","ABM","HOBO"
"08/30/23 08:00:00",22.202,"deg C","21109931","20856","ABM","HOBO"
"08/30/23 09:00:00",22.226,"deg C","21109931","20856","ABM","HOBO"
"08/30/23 10:00:00",22.345,"deg C","21109931","20856","ABM","HOBO"
"08/30/23 11:00:00",22.393,"deg C","21109931","20856","ABM","HOBO"
"08/30/23 12:00:00",22.441,"deg C","21109931","20856","ABM","HOBO"
"08/30/23 13:00:00",22.465,"deg C","21109931","20856","ABM","HOBO"
"08/30/23 14:00:00",22.561,"deg C","21109931","20856","ABM","HOBO"
"08/30/23 15:00:00",22.657,"deg C","21109931","20856","ABM","HOBO"
"08/30/23 16:00:00",22.753,"deg C","21109931","20856","ABM","HOBO"
"08/30/23 17:00:00",22.824,"deg C","21109931","20856","ABM","HOBO"
"08/30/23 18:00:00",22.848,"deg C","21109931","20856","ABM","HOBO"
"08/30/23 19:00:00",22.753,"deg C","21109931","20856","ABM","HOBO"
"08/30/23 20:00:00",22.609,"deg C","21109931","20856","ABM","HOBO"
"08/30/23 21:00:00",22.417,"deg C","21109931","20856","ABM","HOBO"
"08/30/23 22:00:00",22.25,"deg C","21109931","20856","ABM","HOBO"
"08/30/23 23:00:00",22.106,"deg C","21109931","20856","ABM","HOBO"
"08/31/23 00:00:00",21.963,"deg C","21109931","20856","ABM","HOBO"
"08/31/23 01:00:00",21.843,"deg C","21109931","20856","ABM","HOBO"
"08/31/23 02:00:00",21.748,"deg C","21109931","20856","ABM","HOBO"
"08/31/23 03:00:00",21.652,"deg C","21109931","20856","ABM","HOBO"
"08/31/23 04:00:00",21.581,"deg C","21109931","20856","ABM","HOBO"
"08/31/23 05:00:00",21.461,"deg C","21109931","20856","ABM","HOBO"
"08/31/23 06:00:00",21.342,"deg C","21109931","20856","ABM","HOBO"
"08/31/23 07:00:00",21.246,"deg C","21109931","20856","ABM","HOBO"
"08/31/23 08:00:00",21.175,"deg C","21109931","20856","ABM","HOBO"
"08/31/23 09:00:00",21.151,"deg C","21109931","20856","ABM","HOBO"
"08/31/23 10:00:00",21.223,"deg C","21109931","20856","ABM","HOBO"
"08/31/23 11:00:00",21.413,"deg C","21109931","20856","ABM","HOBO"
"08/31/23 12:00:00",21.628,"deg C","21109931","20856","ABM","HOBO"
"08/31/23 13:00:00",22.058,"deg C","21109931","20856","ABM","HOBO"
"08/31/23 14:00:00",22.441,"deg C","21109931","20856","ABM","HOBO"
"08/31/23 15:00:00",22.417,"deg C","21109931","20856","ABM","HOBO"
"08/31/23 16:00:00",22.345,"deg C","21109931","20856","ABM","HOBO"
"08/31/23 17:00:00",22.321,"deg C","21109931","20856","ABM","HOBO"
"08/31/23 18:00:00",22.202,"deg C","21109931","20856","ABM","HOBO"
"08/31/23 19:00:00",22.011,"deg C","21109931","20856","ABM","HOBO"
"08/31/23 20:00:00",21.772,"deg C","21109931","20856","ABM","HOBO"
"08/31/23 21:00:00",21.557,"deg C","21109931","20856","ABM","HOBO"
"08/31/23 22:00:00",21.461,"deg C","21109931","20856","ABM","HOBO"
"08/31/23 23:00:00",21.342,"deg C","21109931","20856","ABM","HOBO"
"09/01/23 00:00:00",21.175,"deg C","21109931","20856","ABM","HOBO"
"09/01/23 01:00:00",20.984,"deg C","21109931","20856","ABM","HOBO"
"09/01/23 02:00:00",20.841,"deg C","21109931","20856","ABM","HOBO"
"09/01/23 03:00:00",20.698,"deg C","21109931","20856","ABM","HOBO"
"09/01/23 04:00:00",20.555,"deg C","21109931","20856","ABM","HOBO"
"09/01/23 05:00:00",20.412,"deg C","21109931","20856","ABM","HOBO"
"09/01/23 06:00:00",20.246,"deg C","21109931","20856","ABM","HOBO"
"09/01/23 07:00:00",20.055,"deg C","21109931","20856","ABM","HOBO"
"09/01/23 08:00:00",19.984,"deg C","21109931","20856","ABM","HOBO"
"09/01/23 09:00:00",20.103,"deg C","21109931","20856","ABM","HOBO"
"09/01/23 10:00:00",20.365,"deg C","21109931","20856","ABM","HOBO"
"09/01/23 11:00:00",20.627,"deg C","21109931","20856","ABM","HOBO"
"09/01/23 12:00:00",20.936,"deg C","21109931","20856","ABM","HOBO"
"09/01/23 13:00:00",21.318,"deg C","21109931","20856","ABM","HOBO"
"09/01/23 14:00:00",21.676,"deg C","21109931","20856","ABM","HOBO"
"09/01/23 15:00:00",21.7,"deg C","21109931","20856","ABM","HOBO"
"09/01/23 16:00:00",21.7,"deg C","21109931","20856","ABM","HOBO"
"09/01/23 17:00:00",21.7,"deg C","21109931","20856","ABM","HOBO"
"09/01/23 18:00:00",21.557,"deg C","21109931","20856","ABM","HOBO"
"09/01/23 19:00:00",21.39,"deg C","21109931","20856","ABM","HOBO"
"09/01/23 20:00:00",21.223,"deg C","21109931","20856","ABM","HOBO"
"09/01/23 21:00:00",21.079,"deg C","21109931","20856","ABM","HOBO"
"09/01/23 22:00:00",20.865,"deg C","21109931","20856","ABM","HOBO"
"09/01/23 23:00:00",20.698,"deg C","21109931","20856","ABM","HOBO"
"09/02/23 00:00:00",20.579,"deg C","21109931","20856","ABM","HOBO"
"09/02/23 01:00:00",20.388,"deg C","21109931","20856","ABM","HOBO"
"09/02/23 02:00:00",20.246,"deg C","21109931","20856","ABM","HOBO"
"09/02/23 03:00:00",20.103,"deg C","21109931","20856","ABM","HOBO"
"09/02/23 04:00:00",19.96,"deg C","21109931","20856","ABM","HOBO"
"09/02/23 05:00:00",19.817,"deg C","21109931","20856","ABM","HOBO"
"09/02/23 06:00:00",19.698,"deg C","21109931","20856","ABM","HOBO"
"09/02/23 07:00:00",19.603,"deg C","21109931","20856","ABM","HOBO"
"09/02/23 08:00:00",19.579,"deg C","21109931","20856","ABM","HOBO"
"09/02/23 09:00:00",19.77,"deg C","21109931","20856","ABM","HOBO"
"09/02/23 10:00:00",20.126,"deg C","21109931","20856","ABM","HOBO"
"09/02/23 11:00:00",20.484,"deg C","21109931","20856","ABM","HOBO"
"09/02/23 12:00:00",20.841,"deg C","21109931","20856","ABM","HOBO"
"09/02/23 13:00:00",21.27,"deg C","21109931","20856","ABM","HOBO"
"09/02/23 14:00:00",21.676,"deg C","21109931","20856","ABM","HOBO"
"09/02/23 15:00:00",21.628,"deg C","21109931","20856","ABM","HOBO"
"09/02/23 16:00:00",21.581,"deg C","21109931","20856","ABM","HOBO"
"09/02/23 17:00:00",21.604,"deg C","21109931","20856","ABM","HOBO"
"09/02/23 18:00:00",21.557,"deg C","21109931","20856","ABM","HOBO"
"09/02/23 19:00:00",21.437,"deg C","21109931","20856","ABM","HOBO"
"09/02/23 20:00:00",21.342,"deg C","21109931","20856","ABM","HOBO"
"09/02/23 21:00:00",21.27,"deg C","21109931","20856","ABM","HOBO"
"09/02/23 22:00:00",21.151,"deg C","21109931","20856","ABM","HOBO"
"09/02/23 23:00:00",21.079,"deg C","21109931","20856","ABM","HOBO"
"09/03/23 00:00:00",21.032,"deg C","21109931","20856","ABM","HOBO"
"09/03/23 01:00:00",21.008,"deg C","21109931","20856","ABM","HOBO"
"09/03/23 02:00:00",20.984,"deg C","21109931","20856","ABM","HOBO"
"09/03/23 03:00:00",20.984,"deg C","21109931","20856","ABM","HOBO"
"09/03/23 04:00:00",20.936,"deg C","21109931","20856","ABM","HOBO"
"09/03/23 05:00:00",20.841,"deg C","21109931","20856","ABM","HOBO"
"09/03/23 06:00:00",20.746,"deg C","21109931","20856","ABM","HOBO"
"09/03/23 07:00:00",20.674,"deg C","21109931","20856","ABM","HOBO"
"09/03/23 08:00:00",20.674,"deg C","21109931","20856","ABM","HOBO"
"09/03/23 09:00:00",20.793,"deg C","21109931","20856","ABM","HOBO"
"09/03/23 10:00:00",21.127,"deg C","21109931","20856","ABM","HOBO"
"09/03/23 11:00:00",21.461,"deg C","21109931","20856","ABM","HOBO"
"09/03/23 12:00:00",21.819,"deg C","21109931","20856","ABM","HOBO"
"09/03/23 13:00:00",22.298,"deg C","21109931","20856","ABM","HOBO"
"09/03/23 14:00:00",22.681,"deg C","21109931","20856","ABM","HOBO"
"09/03/23 15:00:00",22.705,"deg C","21109931","20856","ABM","HOBO"
"09/03/23 16:00:00",22.681,"deg C","21109931","20856","ABM","HOBO"
"09/03/23 17:00:00",22.681,"deg C","21109931","20856","ABM","HOBO"
"09/03/23 18:00:00",22.585,"deg C","21109931","20856","ABM","HOBO"
"09/03/23 19:00:00",22.537,"deg C","21109931","20856","ABM","HOBO"
"09/03/23 20:00:00",22.441,"deg C","21109931","20856","ABM","HOBO"
"09/03/23 21:00:00",22.321,"deg C","21109931","20856","ABM","HOBO"
"09/03/23 22:00:00",22.154,"deg C","21109931","20856","ABM","HOBO"
"09/03/23 23:00:00",22.011,"deg C","21109931","20856","ABM","HOBO"
"09/04/23 00:00:00",21.867,"deg C","21109931","20856","ABM","HOBO"
"09/04/23 01:00:00",21.748,"deg C","21109931","20856","ABM","HOBO"
"09/04/23 02:00:00",21.676,"deg C","21109931","20856","ABM","HOBO"
"09/04/23 03:00:00",21.581,"deg C","21109931","20856","ABM","HOBO"
"09/04/23 04:00:00",21.509,"deg C","21109931","20856","ABM","HOBO"
"09/04/23 05:00:00",21.437,"deg C","21109931","20856","ABM","HOBO"
"09/04/23 06:00:00",21.318,"deg C","21109931","20856","ABM","HOBO"
"09/04/23 07:00:00",21.27,"deg C","21109931","20856","ABM","HOBO"
"09/04/23 08:00:00",21.342,"deg C","21109931","20856","ABM","HOBO"
"09/04/23 09:00:00",21.557,"deg C","21109931","20856","ABM","HOBO"
"09/04/23 10:00:00",21.867,"deg C","21109931","20856","ABM","HOBO"
"09/04/23 11:00:00",22.178,"deg C","21109931","20856","ABM","HOBO"
"09/04/23 12:00:00",22.465,"deg C","21109931","20856","ABM","HOBO"
"09/04/23 13:00:00",22.896,"deg C","21109931","20856","ABM","HOBO"
"09/04/23 14:00:00",22.968,"deg C","21109931","20856","ABM","HOBO"
"09/04/23 15:00:00",23.04,"deg C","21109931","20856","ABM","HOBO"
"09/04/23 16:00:00",23.088,"deg C","21109931","20856","ABM","HOBO"
"09/04/23 17:00:00",23.112,"deg C","21109931","20856","ABM","HOBO"
"09/04/23 18:00:00",23.064,"deg C","21109931","20856","ABM","HOBO"
"09/04/23 19:00:00",22.992,"deg C","21109931","20856","ABM","HOBO"
"09/04/23 20:00:00",22.92,"deg C","21109931","20856","ABM","HOBO"
"09/04/23 21:00:00",22.776,"deg C","21109931","20856","ABM","HOBO"
"09/04/23 22:00:00",22.681,"deg C","21109931","20856","ABM","HOBO"
"09/04/23 23:00:00",22.657,"deg C","21109931","20856","ABM","HOBO"
