Date_Time,Temp,UOM,ProbeID,SID,Collector
6/9/2016 16:00,18.033,deg,9862220,14445,ABM
6/9/2016 17:00,17.962,deg,9862220,14445,ABM
6/9/2016 18:00,17.867,deg,9862220,14445,ABM
6/9/2016 19:00,17.724,deg,9862220,14445,ABM
6/9/2016 20:00,17.463,deg,9862220,14445,ABM
6/9/2016 21:00,17.296,deg,9862220,14445,ABM
6/9/2016 22:00,17.13,deg,9862220,14445,ABM
6/9/2016 23:00,16.939,deg,9862220,14445,ABM
6/10/2016 0:00,16.749,deg,9862220,14445,ABM
6/10/2016 1:00,16.534,deg,9862220,14445,ABM
6/10/2016 2:00,16.296,deg,9862220,14445,ABM
6/10/2016 3:00,16.058,deg,9862220,14445,ABM
6/10/2016 4:00,15.819,deg,9862220,14445,ABM
6/10/2016 5:00,15.581,deg,9862220,14445,ABM
6/10/2016 6:00,15.39,deg,9862220,14445,ABM
6/10/2016 7:00,15.247,deg,9862220,14445,ABM
6/10/2016 8:00,15.151,deg,9862220,14445,ABM
6/10/2016 9:00,15.199,deg,9862220,14445,ABM
6/10/2016 10:00,15.342,deg,9862220,14445,ABM
6/10/2016 11:00,15.676,deg,9862220,14445,ABM
6/10/2016 12:00,16.106,deg,9862220,14445,ABM
6/10/2016 13:00,16.677,deg,9862220,14445,ABM
6/10/2016 14:00,17.272,deg,9862220,14445,ABM
6/10/2016 15:00,17.796,deg,9862220,14445,ABM
6/10/2016 16:00,18.033,deg,9862220,14445,ABM
6/10/2016 17:00,17.938,deg,9862220,14445,ABM
6/10/2016 18:00,17.915,deg,9862220,14445,ABM
6/10/2016 19:00,17.796,deg,9862220,14445,ABM
6/10/2016 20:00,17.677,deg,9862220,14445,ABM
6/10/2016 21:00,17.486,deg,9862220,14445,ABM
6/10/2016 22:00,17.32,deg,9862220,14445,ABM
6/10/2016 23:00,17.177,deg,9862220,14445,ABM
6/11/2016 0:00,17.034,deg,9862220,14445,ABM
6/11/2016 1:00,16.868,deg,9862220,14445,ABM
6/11/2016 2:00,16.677,deg,9862220,14445,ABM
6/11/2016 3:00,16.415,deg,9862220,14445,ABM
6/11/2016 4:00,16.153,deg,9862220,14445,ABM
6/11/2016 5:00,15.915,deg,9862220,14445,ABM
6/11/2016 6:00,15.7,deg,9862220,14445,ABM
6/11/2016 7:00,15.533,deg,9862220,14445,ABM
6/11/2016 8:00,15.509,deg,9862220,14445,ABM
6/11/2016 9:00,15.724,deg,9862220,14445,ABM
6/11/2016 10:00,15.867,deg,9862220,14445,ABM
6/11/2016 11:00,16.01,deg,9862220,14445,ABM
6/11/2016 12:00,16.034,deg,9862220,14445,ABM
6/11/2016 13:00,16.034,deg,9862220,14445,ABM
6/11/2016 14:00,16.225,deg,9862220,14445,ABM
6/11/2016 15:00,16.344,deg,9862220,14445,ABM
6/11/2016 16:00,16.749,deg,9862220,14445,ABM
6/11/2016 17:00,16.844,deg,9862220,14445,ABM
6/11/2016 18:00,16.939,deg,9862220,14445,ABM
6/11/2016 19:00,16.915,deg,9862220,14445,ABM
6/11/2016 20:00,16.892,deg,9862220,14445,ABM
6/11/2016 21:00,16.82,deg,9862220,14445,ABM
6/11/2016 22:00,16.749,deg,9862220,14445,ABM
6/11/2016 23:00,16.725,deg,9862220,14445,ABM
6/12/2016 0:00,16.701,deg,9862220,14445,ABM
6/12/2016 1:00,16.677,deg,9862220,14445,ABM
6/12/2016 2:00,16.63,deg,9862220,14445,ABM
6/12/2016 3:00,16.558,deg,9862220,14445,ABM
6/12/2016 4:00,16.487,deg,9862220,14445,ABM
6/12/2016 5:00,16.415,deg,9862220,14445,ABM
6/12/2016 6:00,16.368,deg,9862220,14445,ABM
6/12/2016 7:00,16.344,deg,9862220,14445,ABM
6/12/2016 8:00,16.392,deg,9862220,14445,ABM
6/12/2016 9:00,16.701,deg,9862220,14445,ABM
6/12/2016 10:00,16.963,deg,9862220,14445,ABM
6/12/2016 11:00,17.272,deg,9862220,14445,ABM
6/12/2016 12:00,17.772,deg,9862220,14445,ABM
6/12/2016 13:00,18.295,deg,9862220,14445,ABM
6/12/2016 14:00,18.961,deg,9862220,14445,ABM
6/12/2016 15:00,19.199,deg,9862220,14445,ABM
6/12/2016 16:00,19.199,deg,9862220,14445,ABM
6/12/2016 17:00,19.127,deg,9862220,14445,ABM
6/12/2016 18:00,19.008,deg,9862220,14445,ABM
6/12/2016 19:00,18.889,deg,9862220,14445,ABM
6/12/2016 20:00,18.675,deg,9862220,14445,ABM
6/12/2016 21:00,18.485,deg,9862220,14445,ABM
6/12/2016 22:00,18.295,deg,9862220,14445,ABM
6/12/2016 23:00,18.129,deg,9862220,14445,ABM
6/13/2016 0:00,17.962,deg,9862220,14445,ABM
6/13/2016 1:00,17.772,deg,9862220,14445,ABM
6/13/2016 2:00,17.558,deg,9862220,14445,ABM
6/13/2016 3:00,17.296,deg,9862220,14445,ABM
6/13/2016 4:00,17.034,deg,9862220,14445,ABM
6/13/2016 5:00,16.796,deg,9862220,14445,ABM
6/13/2016 6:00,16.558,deg,9862220,14445,ABM
6/13/2016 7:00,16.392,deg,9862220,14445,ABM
6/13/2016 8:00,16.296,deg,9862220,14445,ABM
6/13/2016 9:00,16.368,deg,9862220,14445,ABM
6/13/2016 10:00,16.606,deg,9862220,14445,ABM
6/13/2016 11:00,16.963,deg,9862220,14445,ABM
6/13/2016 12:00,17.368,deg,9862220,14445,ABM
6/13/2016 13:00,17.962,deg,9862220,14445,ABM
6/13/2016 14:00,18.343,deg,9862220,14445,ABM
6/13/2016 15:00,18.794,deg,9862220,14445,ABM
6/13/2016 16:00,19.08,deg,9862220,14445,ABM
6/13/2016 17:00,18.866,deg,9862220,14445,ABM
6/13/2016 18:00,18.723,deg,9862220,14445,ABM
6/13/2016 19:00,18.628,deg,9862220,14445,ABM
6/13/2016 20:00,18.438,deg,9862220,14445,ABM
6/13/2016 21:00,18.247,deg,9862220,14445,ABM
6/13/2016 22:00,18.105,deg,9862220,14445,ABM
6/13/2016 23:00,18.033,deg,9862220,14445,ABM
6/14/2016 0:00,17.891,deg,9862220,14445,ABM
6/14/2016 1:00,17.701,deg,9862220,14445,ABM
6/14/2016 2:00,17.51,deg,9862220,14445,ABM
6/14/2016 3:00,17.296,deg,9862220,14445,ABM
6/14/2016 4:00,17.082,deg,9862220,14445,ABM
6/14/2016 5:00,16.892,deg,9862220,14445,ABM
6/14/2016 6:00,16.701,deg,9862220,14445,ABM
6/14/2016 7:00,16.558,deg,9862220,14445,ABM
6/14/2016 8:00,16.439,deg,9862220,14445,ABM
6/14/2016 9:00,16.511,deg,9862220,14445,ABM
6/14/2016 10:00,16.773,deg,9862220,14445,ABM
6/14/2016 11:00,17.201,deg,9862220,14445,ABM
6/14/2016 12:00,17.724,deg,9862220,14445,ABM
6/14/2016 13:00,18.343,deg,9862220,14445,ABM
6/14/2016 14:00,18.913,deg,9862220,14445,ABM
6/14/2016 15:00,19.484,deg,9862220,14445,ABM
6/14/2016 16:00,19.722,deg,9862220,14445,ABM
6/14/2016 17:00,19.508,deg,9862220,14445,ABM
6/14/2016 18:00,19.389,deg,9862220,14445,ABM
6/14/2016 19:00,19.246,deg,9862220,14445,ABM
6/14/2016 20:00,19.056,deg,9862220,14445,ABM
6/14/2016 21:00,18.842,deg,9862220,14445,ABM
6/14/2016 22:00,18.604,deg,9862220,14445,ABM
6/14/2016 23:00,18.39,deg,9862220,14445,ABM
6/15/2016 0:00,18.247,deg,9862220,14445,ABM
6/15/2016 1:00,18.105,deg,9862220,14445,ABM
6/15/2016 2:00,17.938,deg,9862220,14445,ABM
6/15/2016 3:00,17.772,deg,9862220,14445,ABM
6/15/2016 4:00,17.582,deg,9862220,14445,ABM
6/15/2016 5:00,17.368,deg,9862220,14445,ABM
6/15/2016 6:00,17.177,deg,9862220,14445,ABM
6/15/2016 7:00,17.011,deg,9862220,14445,ABM
6/15/2016 8:00,16.987,deg,9862220,14445,ABM
6/15/2016 9:00,17.177,deg,9862220,14445,ABM
6/15/2016 10:00,17.534,deg,9862220,14445,ABM
6/15/2016 11:00,18.033,deg,9862220,14445,ABM
6/15/2016 12:00,18.747,deg,9862220,14445,ABM
6/15/2016 13:00,19.389,deg,9862220,14445,ABM
6/15/2016 14:00,19.841,deg,9862220,14445,ABM
6/15/2016 15:00,20.293,deg,9862220,14445,ABM
6/15/2016 16:00,20.555,deg,9862220,14445,ABM
6/15/2016 17:00,20.46,deg,9862220,14445,ABM
6/15/2016 18:00,20.269,deg,9862220,14445,ABM
6/15/2016 19:00,20.15,deg,9862220,14445,ABM
6/15/2016 20:00,19.888,deg,9862220,14445,ABM
6/15/2016 21:00,19.746,deg,9862220,14445,ABM
6/15/2016 22:00,19.579,deg,9862220,14445,ABM
6/15/2016 23:00,19.413,deg,9862220,14445,ABM
6/16/2016 0:00,19.294,deg,9862220,14445,ABM
6/16/2016 1:00,19.151,deg,9862220,14445,ABM
6/16/2016 2:00,18.985,deg,9862220,14445,ABM
6/16/2016 3:00,18.866,deg,9862220,14445,ABM
6/16/2016 4:00,18.747,deg,9862220,14445,ABM
6/16/2016 5:00,18.652,deg,9862220,14445,ABM
6/16/2016 6:00,18.58,deg,9862220,14445,ABM
6/16/2016 7:00,18.509,deg,9862220,14445,ABM
6/16/2016 8:00,18.533,deg,9862220,14445,ABM
6/16/2016 9:00,18.604,deg,9862220,14445,ABM
6/16/2016 10:00,18.699,deg,9862220,14445,ABM
6/16/2016 11:00,18.699,deg,9862220,14445,ABM
6/16/2016 12:00,18.747,deg,9862220,14445,ABM
6/16/2016 13:00,18.866,deg,9862220,14445,ABM
6/16/2016 14:00,18.889,deg,9862220,14445,ABM
6/16/2016 15:00,19.199,deg,9862220,14445,ABM
6/16/2016 16:00,19.651,deg,9862220,14445,ABM
6/16/2016 17:00,19.579,deg,9862220,14445,ABM
6/16/2016 18:00,19.436,deg,9862220,14445,ABM
6/16/2016 19:00,19.318,deg,9862220,14445,ABM
6/16/2016 20:00,19.27,deg,9862220,14445,ABM
6/16/2016 21:00,19.151,deg,9862220,14445,ABM
6/16/2016 22:00,18.985,deg,9862220,14445,ABM
6/16/2016 23:00,18.842,deg,9862220,14445,ABM
6/17/2016 0:00,18.699,deg,9862220,14445,ABM
6/17/2016 1:00,18.557,deg,9862220,14445,ABM
6/17/2016 2:00,18.461,deg,9862220,14445,ABM
6/17/2016 3:00,18.366,deg,9862220,14445,ABM
6/17/2016 4:00,18.295,deg,9862220,14445,ABM
6/17/2016 5:00,18.247,deg,9862220,14445,ABM
6/17/2016 6:00,18.176,deg,9862220,14445,ABM
6/17/2016 7:00,18.129,deg,9862220,14445,ABM
6/17/2016 8:00,18.152,deg,9862220,14445,ABM
6/17/2016 9:00,18.271,deg,9862220,14445,ABM
6/17/2016 10:00,18.438,deg,9862220,14445,ABM
6/17/2016 11:00,18.889,deg,9862220,14445,ABM
6/17/2016 12:00,19.27,deg,9862220,14445,ABM
6/17/2016 13:00,19.603,deg,9862220,14445,ABM
6/17/2016 14:00,20.079,deg,9862220,14445,ABM
6/17/2016 15:00,20.555,deg,9862220,14445,ABM
6/17/2016 16:00,20.817,deg,9862220,14445,ABM
6/17/2016 17:00,20.46,deg,9862220,14445,ABM
6/17/2016 18:00,20.15,deg,9862220,14445,ABM
6/17/2016 19:00,19.888,deg,9862220,14445,ABM
6/17/2016 20:00,19.746,deg,9862220,14445,ABM
6/17/2016 21:00,19.579,deg,9862220,14445,ABM
6/17/2016 22:00,19.436,deg,9862220,14445,ABM
6/17/2016 23:00,19.27,deg,9862220,14445,ABM
6/18/2016 0:00,19.056,deg,9862220,14445,ABM
6/18/2016 1:00,18.842,deg,9862220,14445,ABM
6/18/2016 2:00,18.652,deg,9862220,14445,ABM
6/18/2016 3:00,18.485,deg,9862220,14445,ABM
6/18/2016 4:00,18.295,deg,9862220,14445,ABM
6/18/2016 5:00,18.129,deg,9862220,14445,ABM
6/18/2016 6:00,17.962,deg,9862220,14445,ABM
6/18/2016 7:00,17.819,deg,9862220,14445,ABM
6/18/2016 8:00,17.796,deg,9862220,14445,ABM
6/18/2016 9:00,17.938,deg,9862220,14445,ABM
6/18/2016 10:00,18.295,deg,9862220,14445,ABM
6/18/2016 11:00,18.818,deg,9862220,14445,ABM
6/18/2016 12:00,19.46,deg,9862220,14445,ABM
6/18/2016 13:00,20.174,deg,9862220,14445,ABM
6/18/2016 14:00,20.65,deg,9862220,14445,ABM
6/18/2016 15:00,20.841,deg,9862220,14445,ABM
6/18/2016 16:00,20.889,deg,9862220,14445,ABM
6/18/2016 17:00,20.603,deg,9862220,14445,ABM
6/18/2016 18:00,20.46,deg,9862220,14445,ABM
6/18/2016 19:00,20.388,deg,9862220,14445,ABM
6/18/2016 20:00,20.269,deg,9862220,14445,ABM
6/18/2016 21:00,20.079,deg,9862220,14445,ABM
6/18/2016 22:00,19.865,deg,9862220,14445,ABM
6/18/2016 23:00,19.698,deg,9862220,14445,ABM
6/19/2016 0:00,19.532,deg,9862220,14445,ABM
6/19/2016 1:00,19.341,deg,9862220,14445,ABM
6/19/2016 2:00,19.175,deg,9862220,14445,ABM
6/19/2016 3:00,19.008,deg,9862220,14445,ABM
6/19/2016 4:00,18.866,deg,9862220,14445,ABM
6/19/2016 5:00,18.699,deg,9862220,14445,ABM
6/19/2016 6:00,18.557,deg,9862220,14445,ABM
6/19/2016 7:00,18.461,deg,9862220,14445,ABM
6/19/2016 8:00,18.485,deg,9862220,14445,ABM
6/19/2016 9:00,18.652,deg,9862220,14445,ABM
6/19/2016 10:00,18.961,deg,9862220,14445,ABM
6/19/2016 11:00,19.508,deg,9862220,14445,ABM
6/19/2016 12:00,20.15,deg,9862220,14445,ABM
6/19/2016 13:00,20.841,deg,9862220,14445,ABM
6/19/2016 14:00,21.294,deg,9862220,14445,ABM
6/19/2016 15:00,21.628,deg,9862220,14445,ABM
6/19/2016 16:00,21.7,deg,9862220,14445,ABM
6/19/2016 17:00,21.27,deg,9862220,14445,ABM
6/19/2016 18:00,20.96,deg,9862220,14445,ABM
6/19/2016 19:00,20.77,deg,9862220,14445,ABM
6/19/2016 20:00,20.579,deg,9862220,14445,ABM
6/19/2016 21:00,20.388,deg,9862220,14445,ABM
6/19/2016 22:00,20.269,deg,9862220,14445,ABM
6/19/2016 23:00,20.079,deg,9862220,14445,ABM
6/20/2016 0:00,19.888,deg,9862220,14445,ABM
6/20/2016 1:00,19.698,deg,9862220,14445,ABM
6/20/2016 2:00,19.532,deg,9862220,14445,ABM
6/20/2016 3:00,19.389,deg,9862220,14445,ABM
6/20/2016 4:00,19.246,deg,9862220,14445,ABM
6/20/2016 5:00,19.127,deg,9862220,14445,ABM
6/20/2016 6:00,19.032,deg,9862220,14445,ABM
6/20/2016 7:00,19.032,deg,9862220,14445,ABM
6/20/2016 8:00,19.032,deg,9862220,14445,ABM
6/20/2016 9:00,19.151,deg,9862220,14445,ABM
6/20/2016 10:00,19.484,deg,9862220,14445,ABM
6/20/2016 11:00,20.007,deg,9862220,14445,ABM
6/20/2016 12:00,20.436,deg,9862220,14445,ABM
6/20/2016 13:00,21.056,deg,9862220,14445,ABM
6/20/2016 14:00,21.652,deg,9862220,14445,ABM
6/20/2016 15:00,21.963,deg,9862220,14445,ABM
6/20/2016 16:00,21.939,deg,9862220,14445,ABM
6/20/2016 17:00,21.533,deg,9862220,14445,ABM
6/20/2016 18:00,21.294,deg,9862220,14445,ABM
6/20/2016 19:00,21.223,deg,9862220,14445,ABM
6/20/2016 20:00,21.103,deg,9862220,14445,ABM
6/20/2016 21:00,20.96,deg,9862220,14445,ABM
6/20/2016 22:00,20.841,deg,9862220,14445,ABM
6/20/2016 23:00,20.722,deg,9862220,14445,ABM
6/21/2016 0:00,20.579,deg,9862220,14445,ABM
6/21/2016 1:00,20.46,deg,9862220,14445,ABM
6/21/2016 2:00,20.317,deg,9862220,14445,ABM
6/21/2016 3:00,20.222,deg,9862220,14445,ABM
6/21/2016 4:00,20.15,deg,9862220,14445,ABM
6/21/2016 5:00,20.055,deg,9862220,14445,ABM
6/21/2016 6:00,19.984,deg,9862220,14445,ABM
6/21/2016 7:00,19.96,deg,9862220,14445,ABM
6/21/2016 8:00,19.936,deg,9862220,14445,ABM
6/21/2016 9:00,19.96,deg,9862220,14445,ABM
6/21/2016 10:00,20.079,deg,9862220,14445,ABM
6/21/2016 11:00,20.674,deg,9862220,14445,ABM
6/21/2016 12:00,21.413,deg,9862220,14445,ABM
6/21/2016 13:00,22.106,deg,9862220,14445,ABM
6/21/2016 14:00,22.609,deg,9862220,14445,ABM
6/21/2016 15:00,22.824,deg,9862220,14445,ABM
6/21/2016 16:00,22.968,deg,9862220,14445,ABM
6/21/2016 17:00,22.561,deg,9862220,14445,ABM
6/21/2016 18:00,22.321,deg,9862220,14445,ABM
6/21/2016 19:00,22.25,deg,9862220,14445,ABM
6/21/2016 20:00,22.106,deg,9862220,14445,ABM
6/21/2016 21:00,21.915,deg,9862220,14445,ABM
6/21/2016 22:00,21.652,deg,9862220,14445,ABM
6/21/2016 23:00,21.413,deg,9862220,14445,ABM
6/22/2016 0:00,21.199,deg,9862220,14445,ABM
6/22/2016 1:00,20.96,deg,9862220,14445,ABM
6/22/2016 2:00,20.77,deg,9862220,14445,ABM
6/22/2016 3:00,20.579,deg,9862220,14445,ABM
6/22/2016 4:00,20.388,deg,9862220,14445,ABM
6/22/2016 5:00,20.198,deg,9862220,14445,ABM
6/22/2016 6:00,20.007,deg,9862220,14445,ABM
6/22/2016 7:00,19.888,deg,9862220,14445,ABM
6/22/2016 8:00,19.888,deg,9862220,14445,ABM
6/22/2016 9:00,19.984,deg,9862220,14445,ABM
6/22/2016 10:00,20.269,deg,9862220,14445,ABM
6/22/2016 11:00,20.817,deg,9862220,14445,ABM
6/22/2016 12:00,21.39,deg,9862220,14445,ABM
6/22/2016 13:00,22.106,deg,9862220,14445,ABM
6/22/2016 14:00,22.681,deg,9862220,14445,ABM
6/22/2016 15:00,23.088,deg,9862220,14445,ABM
6/22/2016 16:00,22.848,deg,9862220,14445,ABM
6/22/2016 17:00,22.345,deg,9862220,14445,ABM
6/22/2016 18:00,22.106,deg,9862220,14445,ABM
6/22/2016 19:00,21.915,deg,9862220,14445,ABM
6/22/2016 20:00,21.724,deg,9862220,14445,ABM
6/22/2016 21:00,21.461,deg,9862220,14445,ABM
6/22/2016 22:00,21.175,deg,9862220,14445,ABM
6/22/2016 23:00,20.913,deg,9862220,14445,ABM
6/23/2016 0:00,20.674,deg,9862220,14445,ABM
6/23/2016 1:00,20.46,deg,9862220,14445,ABM
6/23/2016 2:00,20.269,deg,9862220,14445,ABM
6/23/2016 3:00,20.055,deg,9862220,14445,ABM
6/23/2016 4:00,19.865,deg,9862220,14445,ABM
6/23/2016 5:00,19.674,deg,9862220,14445,ABM
6/23/2016 6:00,19.532,deg,9862220,14445,ABM
6/23/2016 7:00,19.508,deg,9862220,14445,ABM
6/23/2016 8:00,19.532,deg,9862220,14445,ABM
6/23/2016 9:00,19.651,deg,9862220,14445,ABM
6/23/2016 10:00,19.865,deg,9862220,14445,ABM
6/23/2016 11:00,20.222,deg,9862220,14445,ABM
6/23/2016 12:00,20.722,deg,9862220,14445,ABM
6/23/2016 13:00,21.032,deg,9862220,14445,ABM
6/23/2016 14:00,21.318,deg,9862220,14445,ABM
6/23/2016 15:00,21.39,deg,9862220,14445,ABM
6/23/2016 16:00,21.342,deg,9862220,14445,ABM
6/23/2016 17:00,21.27,deg,9862220,14445,ABM
6/23/2016 18:00,21.127,deg,9862220,14445,ABM
6/23/2016 19:00,20.913,deg,9862220,14445,ABM
6/23/2016 20:00,20.817,deg,9862220,14445,ABM
6/23/2016 21:00,20.65,deg,9862220,14445,ABM
6/23/2016 22:00,20.484,deg,9862220,14445,ABM
6/23/2016 23:00,20.317,deg,9862220,14445,ABM
6/24/2016 0:00,20.174,deg,9862220,14445,ABM
6/24/2016 1:00,20.007,deg,9862220,14445,ABM
6/24/2016 2:00,19.841,deg,9862220,14445,ABM
6/24/2016 3:00,19.674,deg,9862220,14445,ABM
6/24/2016 4:00,19.532,deg,9862220,14445,ABM
6/24/2016 5:00,19.389,deg,9862220,14445,ABM
6/24/2016 6:00,19.27,deg,9862220,14445,ABM
6/24/2016 7:00,19.199,deg,9862220,14445,ABM
6/24/2016 8:00,19.199,deg,9862220,14445,ABM
6/24/2016 9:00,19.341,deg,9862220,14445,ABM
6/24/2016 10:00,19.698,deg,9862220,14445,ABM
6/24/2016 11:00,20.222,deg,9862220,14445,ABM
6/24/2016 12:00,20.913,deg,9862220,14445,ABM
6/24/2016 13:00,21.652,deg,9862220,14445,ABM
6/24/2016 14:00,22.202,deg,9862220,14445,ABM
6/24/2016 15:00,22.369,deg,9862220,14445,ABM
6/24/2016 16:00,22.25,deg,9862220,14445,ABM
6/24/2016 17:00,21.843,deg,9862220,14445,ABM
6/24/2016 18:00,21.604,deg,9862220,14445,ABM
6/24/2016 19:00,21.461,deg,9862220,14445,ABM
6/24/2016 20:00,21.342,deg,9862220,14445,ABM
6/24/2016 21:00,21.127,deg,9862220,14445,ABM
6/24/2016 22:00,20.913,deg,9862220,14445,ABM
6/24/2016 23:00,20.698,deg,9862220,14445,ABM
6/25/2016 0:00,20.46,deg,9862220,14445,ABM
6/25/2016 1:00,20.222,deg,9862220,14445,ABM
6/25/2016 2:00,20.007,deg,9862220,14445,ABM
6/25/2016 3:00,19.817,deg,9862220,14445,ABM
6/25/2016 4:00,19.651,deg,9862220,14445,ABM
6/25/2016 5:00,19.508,deg,9862220,14445,ABM
6/25/2016 6:00,19.365,deg,9862220,14445,ABM
6/25/2016 7:00,19.27,deg,9862220,14445,ABM
6/25/2016 8:00,19.294,deg,9862220,14445,ABM
6/25/2016 9:00,19.436,deg,9862220,14445,ABM
6/25/2016 10:00,19.793,deg,9862220,14445,ABM
6/25/2016 11:00,20.388,deg,9862220,14445,ABM
6/25/2016 12:00,21.127,deg,9862220,14445,ABM
6/25/2016 13:00,21.843,deg,9862220,14445,ABM
6/25/2016 14:00,22.393,deg,9862220,14445,ABM
6/25/2016 15:00,22.681,deg,9862220,14445,ABM
6/25/2016 16:00,22.561,deg,9862220,14445,ABM
6/25/2016 17:00,22.106,deg,9862220,14445,ABM
6/25/2016 18:00,21.7,deg,9862220,14445,ABM
6/25/2016 19:00,21.557,deg,9862220,14445,ABM
6/25/2016 20:00,21.461,deg,9862220,14445,ABM
6/25/2016 21:00,21.294,deg,9862220,14445,ABM
6/25/2016 22:00,21.103,deg,9862220,14445,ABM
6/25/2016 23:00,20.913,deg,9862220,14445,ABM
6/26/2016 0:00,20.698,deg,9862220,14445,ABM
6/26/2016 1:00,20.484,deg,9862220,14445,ABM
6/26/2016 2:00,20.293,deg,9862220,14445,ABM
6/26/2016 3:00,20.126,deg,9862220,14445,ABM
6/26/2016 4:00,19.96,deg,9862220,14445,ABM
6/26/2016 5:00,19.793,deg,9862220,14445,ABM
6/26/2016 6:00,19.651,deg,9862220,14445,ABM
6/26/2016 7:00,19.555,deg,9862220,14445,ABM
6/26/2016 8:00,19.555,deg,9862220,14445,ABM
6/26/2016 9:00,19.722,deg,9862220,14445,ABM
6/26/2016 10:00,20.126,deg,9862220,14445,ABM
6/26/2016 11:00,20.722,deg,9862220,14445,ABM
6/26/2016 12:00,21.39,deg,9862220,14445,ABM
6/26/2016 13:00,22.082,deg,9862220,14445,ABM
6/26/2016 14:00,22.657,deg,9862220,14445,ABM
6/26/2016 15:00,23.04,deg,9862220,14445,ABM
6/26/2016 16:00,22.968,deg,9862220,14445,ABM
6/26/2016 17:00,22.465,deg,9862220,14445,ABM
6/26/2016 18:00,22.058,deg,9862220,14445,ABM
6/26/2016 19:00,21.843,deg,9862220,14445,ABM
6/26/2016 20:00,21.724,deg,9862220,14445,ABM
6/26/2016 21:00,21.557,deg,9862220,14445,ABM
6/26/2016 22:00,21.366,deg,9862220,14445,ABM
6/26/2016 23:00,21.175,deg,9862220,14445,ABM
6/27/2016 0:00,20.984,deg,9862220,14445,ABM
6/27/2016 1:00,20.77,deg,9862220,14445,ABM
6/27/2016 2:00,20.555,deg,9862220,14445,ABM
6/27/2016 3:00,20.365,deg,9862220,14445,ABM
6/27/2016 4:00,20.174,deg,9862220,14445,ABM
6/27/2016 5:00,20.007,deg,9862220,14445,ABM
6/27/2016 6:00,19.841,deg,9862220,14445,ABM
6/27/2016 7:00,19.746,deg,9862220,14445,ABM
6/27/2016 8:00,19.746,deg,9862220,14445,ABM
6/27/2016 9:00,19.912,deg,9862220,14445,ABM
6/27/2016 10:00,20.293,deg,9862220,14445,ABM
6/27/2016 11:00,20.984,deg,9862220,14445,ABM
6/27/2016 12:00,21.7,deg,9862220,14445,ABM
6/27/2016 13:00,22.226,deg,9862220,14445,ABM
6/27/2016 14:00,22.92,deg,9862220,14445,ABM
6/27/2016 15:00,22.968,deg,9862220,14445,ABM
6/27/2016 16:00,22.776,deg,9862220,14445,ABM
6/27/2016 17:00,22.345,deg,9862220,14445,ABM
6/27/2016 18:00,22.058,deg,9862220,14445,ABM
6/27/2016 19:00,21.939,deg,9862220,14445,ABM
6/27/2016 20:00,21.819,deg,9862220,14445,ABM
6/27/2016 21:00,21.652,deg,9862220,14445,ABM
6/27/2016 22:00,21.557,deg,9862220,14445,ABM
6/27/2016 23:00,21.461,deg,9862220,14445,ABM
6/28/2016 0:00,21.39,deg,9862220,14445,ABM
6/28/2016 1:00,21.294,deg,9862220,14445,ABM
6/28/2016 2:00,21.223,deg,9862220,14445,ABM
6/28/2016 3:00,21.151,deg,9862220,14445,ABM
6/28/2016 4:00,21.079,deg,9862220,14445,ABM
6/28/2016 5:00,21.032,deg,9862220,14445,ABM
6/28/2016 6:00,20.984,deg,9862220,14445,ABM
6/28/2016 7:00,20.96,deg,9862220,14445,ABM
6/28/2016 8:00,20.96,deg,9862220,14445,ABM
6/28/2016 9:00,20.984,deg,9862220,14445,ABM
6/28/2016 10:00,21.056,deg,9862220,14445,ABM
6/28/2016 11:00,21.032,deg,9862220,14445,ABM
6/28/2016 12:00,21.008,deg,9862220,14445,ABM
6/28/2016 13:00,21.056,deg,9862220,14445,ABM
6/28/2016 14:00,21.008,deg,9862220,14445,ABM
6/28/2016 15:00,21.079,deg,9862220,14445,ABM
6/28/2016 16:00,21.175,deg,9862220,14445,ABM
6/28/2016 17:00,21.151,deg,9862220,14445,ABM
6/28/2016 18:00,21.056,deg,9862220,14445,ABM
6/28/2016 19:00,20.936,deg,9862220,14445,ABM
6/28/2016 20:00,20.841,deg,9862220,14445,ABM
6/28/2016 21:00,20.77,deg,9862220,14445,ABM
6/28/2016 22:00,20.674,deg,9862220,14445,ABM
6/28/2016 23:00,20.579,deg,9862220,14445,ABM
6/29/2016 0:00,20.531,deg,9862220,14445,ABM
6/29/2016 1:00,20.436,deg,9862220,14445,ABM
6/29/2016 2:00,20.365,deg,9862220,14445,ABM
6/29/2016 3:00,20.293,deg,9862220,14445,ABM
6/29/2016 4:00,20.198,deg,9862220,14445,ABM
6/29/2016 5:00,20.15,deg,9862220,14445,ABM
6/29/2016 6:00,20.079,deg,9862220,14445,ABM
6/29/2016 7:00,20.031,deg,9862220,14445,ABM
6/29/2016 8:00,20.007,deg,9862220,14445,ABM
6/29/2016 9:00,20.079,deg,9862220,14445,ABM
6/29/2016 10:00,20.388,deg,9862220,14445,ABM
6/29/2016 11:00,20.865,deg,9862220,14445,ABM
6/29/2016 12:00,21.509,deg,9862220,14445,ABM
6/29/2016 13:00,22.034,deg,9862220,14445,ABM
6/29/2016 14:00,22.681,deg,9862220,14445,ABM
6/29/2016 15:00,23.208,deg,9862220,14445,ABM
6/29/2016 16:00,23.28,deg,9862220,14445,ABM
6/29/2016 17:00,22.968,deg,9862220,14445,ABM
6/29/2016 18:00,22.681,deg,9862220,14445,ABM
6/29/2016 19:00,22.489,deg,9862220,14445,ABM
6/29/2016 20:00,22.226,deg,9862220,14445,ABM
6/29/2016 21:00,21.963,deg,9862220,14445,ABM
6/29/2016 22:00,21.7,deg,9862220,14445,ABM
6/29/2016 23:00,21.437,deg,9862220,14445,ABM
6/30/2016 0:00,21.223,deg,9862220,14445,ABM
6/30/2016 1:00,21.032,deg,9862220,14445,ABM
6/30/2016 2:00,20.841,deg,9862220,14445,ABM
6/30/2016 3:00,20.65,deg,9862220,14445,ABM
6/30/2016 4:00,20.507,deg,9862220,14445,ABM
6/30/2016 5:00,20.365,deg,9862220,14445,ABM
6/30/2016 6:00,20.246,deg,9862220,14445,ABM
6/30/2016 7:00,20.174,deg,9862220,14445,ABM
6/30/2016 8:00,20.198,deg,9862220,14445,ABM
6/30/2016 9:00,20.293,deg,9862220,14445,ABM
6/30/2016 10:00,20.603,deg,9862220,14445,ABM
6/30/2016 11:00,21.199,deg,9862220,14445,ABM
6/30/2016 12:00,22.082,deg,9862220,14445,ABM
6/30/2016 13:00,22.848,deg,9862220,14445,ABM
6/30/2016 14:00,23.497,deg,9862220,14445,ABM
6/30/2016 15:00,23.352,deg,9862220,14445,ABM
6/30/2016 16:00,23.208,deg,9862220,14445,ABM
6/30/2016 17:00,22.848,deg,9862220,14445,ABM
6/30/2016 18:00,22.465,deg,9862220,14445,ABM
6/30/2016 19:00,22.345,deg,9862220,14445,ABM
6/30/2016 20:00,22.274,deg,9862220,14445,ABM
6/30/2016 21:00,22.106,deg,9862220,14445,ABM
6/30/2016 22:00,21.867,deg,9862220,14445,ABM
6/30/2016 23:00,21.652,deg,9862220,14445,ABM
7/1/2016 0:00,21.485,deg,9862220,14445,ABM
7/1/2016 1:00,21.318,deg,9862220,14445,ABM
7/1/2016 2:00,21.151,deg,9862220,14445,ABM
7/1/2016 3:00,20.984,deg,9862220,14445,ABM
7/1/2016 4:00,20.817,deg,9862220,14445,ABM
7/1/2016 5:00,20.65,deg,9862220,14445,ABM
7/1/2016 6:00,20.507,deg,9862220,14445,ABM
7/1/2016 7:00,20.412,deg,9862220,14445,ABM
7/1/2016 8:00,20.46,deg,9862220,14445,ABM
7/1/2016 9:00,20.698,deg,9862220,14445,ABM
7/1/2016 10:00,21.032,deg,9862220,14445,ABM
7/1/2016 11:00,21.461,deg,9862220,14445,ABM
7/1/2016 12:00,21.748,deg,9862220,14445,ABM
7/1/2016 13:00,21.987,deg,9862220,14445,ABM
7/1/2016 14:00,22.202,deg,9862220,14445,ABM
7/1/2016 15:00,22.178,deg,9862220,14445,ABM
7/1/2016 16:00,22.226,deg,9862220,14445,ABM
7/1/2016 17:00,21.963,deg,9862220,14445,ABM
7/1/2016 18:00,21.819,deg,9862220,14445,ABM
7/1/2016 19:00,21.7,deg,9862220,14445,ABM
7/1/2016 20:00,21.604,deg,9862220,14445,ABM
7/1/2016 21:00,21.509,deg,9862220,14445,ABM
7/1/2016 22:00,21.39,deg,9862220,14445,ABM
7/1/2016 23:00,21.246,deg,9862220,14445,ABM
7/2/2016 0:00,21.103,deg,9862220,14445,ABM
7/2/2016 1:00,20.936,deg,9862220,14445,ABM
7/2/2016 2:00,20.77,deg,9862220,14445,ABM
7/2/2016 3:00,20.627,deg,9862220,14445,ABM
7/2/2016 4:00,20.46,deg,9862220,14445,ABM
7/2/2016 5:00,20.341,deg,9862220,14445,ABM
7/2/2016 6:00,20.198,deg,9862220,14445,ABM
7/2/2016 7:00,20.079,deg,9862220,14445,ABM
7/2/2016 8:00,20.007,deg,9862220,14445,ABM
7/2/2016 9:00,20.031,deg,9862220,14445,ABM
7/2/2016 10:00,20.222,deg,9862220,14445,ABM
7/2/2016 11:00,20.627,deg,9862220,14445,ABM
7/2/2016 12:00,20.936,deg,9862220,14445,ABM
7/2/2016 13:00,21.461,deg,9862220,14445,ABM
7/2/2016 14:00,21.772,deg,9862220,14445,ABM
7/2/2016 15:00,21.867,deg,9862220,14445,ABM
7/2/2016 16:00,21.795,deg,9862220,14445,ABM
7/2/2016 17:00,21.533,deg,9862220,14445,ABM
7/2/2016 18:00,21.223,deg,9862220,14445,ABM
7/2/2016 19:00,21.008,deg,9862220,14445,ABM
7/2/2016 20:00,20.865,deg,9862220,14445,ABM
7/2/2016 21:00,20.674,deg,9862220,14445,ABM
7/2/2016 22:00,20.436,deg,9862220,14445,ABM
7/2/2016 23:00,20.222,deg,9862220,14445,ABM
7/3/2016 0:00,20.031,deg,9862220,14445,ABM
7/3/2016 1:00,19.841,deg,9862220,14445,ABM
7/3/2016 2:00,19.674,deg,9862220,14445,ABM
7/3/2016 3:00,19.508,deg,9862220,14445,ABM
7/3/2016 4:00,19.341,deg,9862220,14445,ABM
7/3/2016 5:00,19.175,deg,9862220,14445,ABM
7/3/2016 6:00,19.032,deg,9862220,14445,ABM
7/3/2016 7:00,18.937,deg,9862220,14445,ABM
7/3/2016 8:00,18.961,deg,9862220,14445,ABM
7/3/2016 9:00,19.127,deg,9862220,14445,ABM
7/3/2016 10:00,19.484,deg,9862220,14445,ABM
7/3/2016 11:00,20.126,deg,9862220,14445,ABM
7/3/2016 12:00,20.936,deg,9862220,14445,ABM
7/3/2016 13:00,21.628,deg,9862220,14445,ABM
7/3/2016 14:00,21.748,deg,9862220,14445,ABM
7/3/2016 15:00,21.604,deg,9862220,14445,ABM
7/3/2016 16:00,21.366,deg,9862220,14445,ABM
7/3/2016 17:00,21.127,deg,9862220,14445,ABM
7/3/2016 18:00,20.96,deg,9862220,14445,ABM
7/3/2016 19:00,20.817,deg,9862220,14445,ABM
7/3/2016 20:00,20.65,deg,9862220,14445,ABM
7/3/2016 21:00,20.484,deg,9862220,14445,ABM
7/3/2016 22:00,20.317,deg,9862220,14445,ABM
7/3/2016 23:00,20.126,deg,9862220,14445,ABM
7/4/2016 0:00,19.96,deg,9862220,14445,ABM
7/4/2016 1:00,19.793,deg,9862220,14445,ABM
7/4/2016 2:00,19.627,deg,9862220,14445,ABM
7/4/2016 3:00,19.436,deg,9862220,14445,ABM
7/4/2016 4:00,19.27,deg,9862220,14445,ABM
7/4/2016 5:00,19.127,deg,9862220,14445,ABM
7/4/2016 6:00,18.961,deg,9862220,14445,ABM
7/4/2016 7:00,18.866,deg,9862220,14445,ABM
7/4/2016 8:00,18.889,deg,9862220,14445,ABM
7/4/2016 9:00,19.056,deg,9862220,14445,ABM
7/4/2016 10:00,19.436,deg,9862220,14445,ABM
7/4/2016 11:00,20.15,deg,9862220,14445,ABM
7/4/2016 12:00,21.032,deg,9862220,14445,ABM
7/4/2016 13:00,21.843,deg,9862220,14445,ABM
7/4/2016 14:00,22.489,deg,9862220,14445,ABM
7/4/2016 15:00,22.872,deg,9862220,14445,ABM
7/4/2016 16:00,22.657,deg,9862220,14445,ABM
7/4/2016 17:00,22.106,deg,9862220,14445,ABM
7/4/2016 18:00,21.7,deg,9862220,14445,ABM
7/4/2016 19:00,21.533,deg,9862220,14445,ABM
7/4/2016 20:00,21.485,deg,9862220,14445,ABM
7/4/2016 21:00,21.437,deg,9862220,14445,ABM
7/4/2016 22:00,21.39,deg,9862220,14445,ABM
7/4/2016 23:00,21.294,deg,9862220,14445,ABM
7/5/2016 0:00,21.199,deg,9862220,14445,ABM
7/5/2016 1:00,21.127,deg,9862220,14445,ABM
7/5/2016 2:00,21.032,deg,9862220,14445,ABM
7/5/2016 3:00,20.936,deg,9862220,14445,ABM
7/5/2016 4:00,20.936,deg,9862220,14445,ABM
7/5/2016 5:00,20.746,deg,9862220,14445,ABM
7/5/2016 6:00,20.436,deg,9862220,14445,ABM
7/5/2016 7:00,20.174,deg,9862220,14445,ABM
7/5/2016 8:00,19.984,deg,9862220,14445,ABM
7/5/2016 9:00,19.865,deg,9862220,14445,ABM
7/5/2016 10:00,19.96,deg,9862220,14445,ABM
7/5/2016 11:00,20.055,deg,9862220,14445,ABM
7/5/2016 12:00,20.365,deg,9862220,14445,ABM
7/5/2016 13:00,20.507,deg,9862220,14445,ABM
7/5/2016 14:00,20.793,deg,9862220,14445,ABM
7/5/2016 15:00,21.366,deg,9862220,14445,ABM
7/5/2016 16:00,21.748,deg,9862220,14445,ABM
7/5/2016 17:00,21.724,deg,9862220,14445,ABM
7/5/2016 18:00,21.724,deg,9862220,14445,ABM
7/5/2016 19:00,21.7,deg,9862220,14445,ABM
7/5/2016 20:00,21.604,deg,9862220,14445,ABM
7/5/2016 21:00,21.557,deg,9862220,14445,ABM
7/5/2016 22:00,21.509,deg,9862220,14445,ABM
7/5/2016 23:00,21.461,deg,9862220,14445,ABM
7/6/2016 0:00,21.461,deg,9862220,14445,ABM
7/6/2016 1:00,21.39,deg,9862220,14445,ABM
7/6/2016 2:00,21.318,deg,9862220,14445,ABM
7/6/2016 3:00,21.223,deg,9862220,14445,ABM
7/6/2016 4:00,21.127,deg,9862220,14445,ABM
7/6/2016 5:00,21.008,deg,9862220,14445,ABM
7/6/2016 6:00,20.889,deg,9862220,14445,ABM
7/6/2016 7:00,20.793,deg,9862220,14445,ABM
7/6/2016 8:00,20.793,deg,9862220,14445,ABM
7/6/2016 9:00,20.936,deg,9862220,14445,ABM
7/6/2016 10:00,21.27,deg,9862220,14445,ABM
7/6/2016 11:00,21.724,deg,9862220,14445,ABM
7/6/2016 12:00,22.369,deg,9862220,14445,ABM
7/6/2016 13:00,22.848,deg,9862220,14445,ABM
7/6/2016 14:00,23.16,deg,9862220,14445,ABM
7/6/2016 15:00,23.448,deg,9862220,14445,ABM
7/6/2016 16:00,23.569,deg,9862220,14445,ABM
7/6/2016 17:00,23.4,deg,9862220,14445,ABM
7/6/2016 18:00,23.328,deg,9862220,14445,ABM
7/6/2016 19:00,23.328,deg,9862220,14445,ABM
7/6/2016 20:00,23.376,deg,9862220,14445,ABM
7/6/2016 21:00,23.328,deg,9862220,14445,ABM
7/6/2016 22:00,23.232,deg,9862220,14445,ABM
7/6/2016 23:00,23.112,deg,9862220,14445,ABM
7/7/2016 0:00,22.968,deg,9862220,14445,ABM
7/7/2016 1:00,22.824,deg,9862220,14445,ABM
7/7/2016 2:00,22.705,deg,9862220,14445,ABM
7/7/2016 3:00,22.609,deg,9862220,14445,ABM
7/7/2016 4:00,22.465,deg,9862220,14445,ABM
7/7/2016 5:00,22.345,deg,9862220,14445,ABM
7/7/2016 6:00,22.202,deg,9862220,14445,ABM
7/7/2016 7:00,22.082,deg,9862220,14445,ABM
7/7/2016 8:00,22.082,deg,9862220,14445,ABM
7/7/2016 9:00,22.274,deg,9862220,14445,ABM
7/7/2016 10:00,22.465,deg,9862220,14445,ABM
7/7/2016 11:00,22.896,deg,9862220,14445,ABM
7/7/2016 12:00,23.448,deg,9862220,14445,ABM
7/7/2016 13:00,23.833,deg,9862220,14445,ABM
7/7/2016 14:00,24.195,deg,9862220,14445,ABM
7/7/2016 15:00,24.026,deg,9862220,14445,ABM
7/7/2016 16:00,23.737,deg,9862220,14445,ABM
7/7/2016 17:00,23.448,deg,9862220,14445,ABM
7/7/2016 18:00,23.352,deg,9862220,14445,ABM
7/7/2016 19:00,23.328,deg,9862220,14445,ABM
7/7/2016 20:00,23.256,deg,9862220,14445,ABM
7/7/2016 21:00,23.112,deg,9862220,14445,ABM
7/7/2016 22:00,22.968,deg,9862220,14445,ABM
7/7/2016 23:00,22.824,deg,9862220,14445,ABM
7/8/2016 0:00,22.705,deg,9862220,14445,ABM
7/8/2016 1:00,22.585,deg,9862220,14445,ABM
7/8/2016 2:00,22.417,deg,9862220,14445,ABM
7/8/2016 3:00,22.226,deg,9862220,14445,ABM
7/8/2016 4:00,22.058,deg,9862220,14445,ABM
7/8/2016 5:00,21.867,deg,9862220,14445,ABM
7/8/2016 6:00,21.413,deg,9862220,14445,ABM
7/8/2016 7:00,21.366,deg,9862220,14445,ABM
7/8/2016 8:00,21.652,deg,9862220,14445,ABM
7/8/2016 9:00,22.034,deg,9862220,14445,ABM
7/8/2016 10:00,22.345,deg,9862220,14445,ABM
7/8/2016 11:00,22.393,deg,9862220,14445,ABM
7/8/2016 12:00,22.489,deg,9862220,14445,ABM
7/8/2016 13:00,22.537,deg,9862220,14445,ABM
7/8/2016 14:00,22.705,deg,9862220,14445,ABM
7/8/2016 15:00,23.016,deg,9862220,14445,ABM
7/8/2016 16:00,23.28,deg,9862220,14445,ABM
7/8/2016 17:00,23.232,deg,9862220,14445,ABM
7/8/2016 18:00,23.136,deg,9862220,14445,ABM
7/8/2016 19:00,23.088,deg,9862220,14445,ABM
7/8/2016 20:00,23.016,deg,9862220,14445,ABM
7/8/2016 21:00,22.872,deg,9862220,14445,ABM
7/8/2016 22:00,22.705,deg,9862220,14445,ABM
7/8/2016 23:00,22.561,deg,9862220,14445,ABM
7/9/2016 0:00,22.417,deg,9862220,14445,ABM
7/9/2016 1:00,22.25,deg,9862220,14445,ABM
7/9/2016 2:00,22.034,deg,9862220,14445,ABM
7/9/2016 3:00,21.795,deg,9862220,14445,ABM
7/9/2016 4:00,21.604,deg,9862220,14445,ABM
7/9/2016 5:00,21.39,deg,9862220,14445,ABM
7/9/2016 6:00,21.223,deg,9862220,14445,ABM
7/9/2016 7:00,21.056,deg,9862220,14445,ABM
7/9/2016 8:00,20.913,deg,9862220,14445,ABM
7/9/2016 9:00,20.841,deg,9862220,14445,ABM
7/9/2016 10:00,20.841,deg,9862220,14445,ABM
7/9/2016 11:00,20.793,deg,9862220,14445,ABM
7/9/2016 12:00,20.77,deg,9862220,14445,ABM
7/9/2016 13:00,20.817,deg,9862220,14445,ABM
7/9/2016 14:00,20.817,deg,9862220,14445,ABM
7/9/2016 15:00,20.77,deg,9862220,14445,ABM
7/9/2016 16:00,20.698,deg,9862220,14445,ABM
7/9/2016 17:00,20.627,deg,9862220,14445,ABM
7/9/2016 18:00,20.579,deg,9862220,14445,ABM
7/9/2016 19:00,20.507,deg,9862220,14445,ABM
7/9/2016 20:00,20.436,deg,9862220,14445,ABM
7/9/2016 21:00,20.341,deg,9862220,14445,ABM
7/9/2016 22:00,20.269,deg,9862220,14445,ABM
7/9/2016 23:00,20.198,deg,9862220,14445,ABM
7/10/2016 0:00,20.103,deg,9862220,14445,ABM
7/10/2016 1:00,20.031,deg,9862220,14445,ABM
7/10/2016 2:00,19.96,deg,9862220,14445,ABM
7/10/2016 3:00,19.865,deg,9862220,14445,ABM
7/10/2016 4:00,19.77,deg,9862220,14445,ABM
7/10/2016 5:00,19.674,deg,9862220,14445,ABM
7/10/2016 6:00,19.579,deg,9862220,14445,ABM
7/10/2016 7:00,19.508,deg,9862220,14445,ABM
7/10/2016 8:00,19.436,deg,9862220,14445,ABM
7/10/2016 9:00,19.413,deg,9862220,14445,ABM
7/10/2016 10:00,19.555,deg,9862220,14445,ABM
7/10/2016 11:00,19.722,deg,9862220,14445,ABM
7/10/2016 12:00,19.888,deg,9862220,14445,ABM
7/10/2016 13:00,20.103,deg,9862220,14445,ABM
7/10/2016 14:00,20.317,deg,9862220,14445,ABM
7/10/2016 15:00,20.436,deg,9862220,14445,ABM
7/10/2016 16:00,20.388,deg,9862220,14445,ABM
7/10/2016 17:00,20.388,deg,9862220,14445,ABM
7/10/2016 18:00,20.341,deg,9862220,14445,ABM
7/10/2016 19:00,20.317,deg,9862220,14445,ABM
7/10/2016 20:00,20.293,deg,9862220,14445,ABM
7/10/2016 21:00,20.222,deg,9862220,14445,ABM
7/10/2016 22:00,20.126,deg,9862220,14445,ABM
7/10/2016 23:00,20.031,deg,9862220,14445,ABM
7/11/2016 0:00,19.936,deg,9862220,14445,ABM
7/11/2016 1:00,19.817,deg,9862220,14445,ABM
7/11/2016 2:00,19.674,deg,9862220,14445,ABM
7/11/2016 3:00,19.508,deg,9862220,14445,ABM
7/11/2016 4:00,19.318,deg,9862220,14445,ABM
7/11/2016 5:00,19.151,deg,9862220,14445,ABM
7/11/2016 6:00,18.985,deg,9862220,14445,ABM
7/11/2016 7:00,18.842,deg,9862220,14445,ABM
7/11/2016 8:00,18.747,deg,9862220,14445,ABM
7/11/2016 9:00,18.771,deg,9862220,14445,ABM
7/11/2016 10:00,18.913,deg,9862220,14445,ABM
7/11/2016 11:00,19.199,deg,9862220,14445,ABM
7/11/2016 12:00,19.532,deg,9862220,14445,ABM
7/11/2016 13:00,19.746,deg,9862220,14445,ABM
7/11/2016 14:00,20.103,deg,9862220,14445,ABM
7/11/2016 15:00,20.46,deg,9862220,14445,ABM
7/11/2016 16:00,20.674,deg,9862220,14445,ABM
7/11/2016 17:00,20.603,deg,9862220,14445,ABM
7/11/2016 18:00,20.531,deg,9862220,14445,ABM
7/11/2016 19:00,20.46,deg,9862220,14445,ABM
7/11/2016 20:00,20.341,deg,9862220,14445,ABM
7/11/2016 21:00,20.198,deg,9862220,14445,ABM
7/11/2016 22:00,20.055,deg,9862220,14445,ABM
7/11/2016 23:00,19.96,deg,9862220,14445,ABM
7/12/2016 0:00,19.865,deg,9862220,14445,ABM
7/12/2016 1:00,19.722,deg,9862220,14445,ABM
7/12/2016 2:00,19.579,deg,9862220,14445,ABM
7/12/2016 3:00,19.365,deg,9862220,14445,ABM
7/12/2016 4:00,19.151,deg,9862220,14445,ABM
7/12/2016 5:00,18.913,deg,9862220,14445,ABM
7/12/2016 6:00,18.699,deg,9862220,14445,ABM
7/12/2016 7:00,18.533,deg,9862220,14445,ABM
7/12/2016 8:00,18.509,deg,9862220,14445,ABM
7/12/2016 9:00,18.628,deg,9862220,14445,ABM
7/12/2016 10:00,18.889,deg,9862220,14445,ABM
7/12/2016 11:00,19.222,deg,9862220,14445,ABM
7/12/2016 12:00,19.651,deg,9862220,14445,ABM
7/12/2016 13:00,20.222,deg,9862220,14445,ABM
7/12/2016 14:00,20.746,deg,9862220,14445,ABM
7/12/2016 15:00,21.27,deg,9862220,14445,ABM
7/12/2016 16:00,21.485,deg,9862220,14445,ABM
7/12/2016 17:00,21.413,deg,9862220,14445,ABM
7/12/2016 18:00,21.294,deg,9862220,14445,ABM
7/12/2016 19:00,21.199,deg,9862220,14445,ABM
7/12/2016 20:00,21.079,deg,9862220,14445,ABM
7/12/2016 21:00,20.96,deg,9862220,14445,ABM
7/12/2016 22:00,20.889,deg,9862220,14445,ABM
7/12/2016 23:00,20.817,deg,9862220,14445,ABM
7/13/2016 0:00,20.77,deg,9862220,14445,ABM
7/13/2016 1:00,20.674,deg,9862220,14445,ABM
7/13/2016 2:00,20.603,deg,9862220,14445,ABM
7/13/2016 3:00,20.507,deg,9862220,14445,ABM
7/13/2016 4:00,20.388,deg,9862220,14445,ABM
7/13/2016 5:00,20.246,deg,9862220,14445,ABM
7/13/2016 6:00,20.079,deg,9862220,14445,ABM
7/13/2016 7:00,19.936,deg,9862220,14445,ABM
7/13/2016 8:00,19.912,deg,9862220,14445,ABM
7/13/2016 9:00,20.007,deg,9862220,14445,ABM
7/13/2016 10:00,20.246,deg,9862220,14445,ABM
7/13/2016 11:00,20.531,deg,9862220,14445,ABM
7/13/2016 12:00,20.96,deg,9862220,14445,ABM
7/13/2016 13:00,21.366,deg,9862220,14445,ABM
7/13/2016 14:00,21.867,deg,9862220,14445,ABM
7/13/2016 15:00,22.274,deg,9862220,14445,ABM
7/13/2016 16:00,22.513,deg,9862220,14445,ABM
7/13/2016 17:00,22.417,deg,9862220,14445,ABM
7/13/2016 18:00,22.321,deg,9862220,14445,ABM
7/13/2016 19:00,22.202,deg,9862220,14445,ABM
7/13/2016 20:00,22.082,deg,9862220,14445,ABM
7/13/2016 21:00,21.963,deg,9862220,14445,ABM
7/13/2016 22:00,21.867,deg,9862220,14445,ABM
7/13/2016 23:00,21.772,deg,9862220,14445,ABM
7/14/2016 0:00,21.7,deg,9862220,14445,ABM
7/14/2016 1:00,21.628,deg,9862220,14445,ABM
7/14/2016 2:00,21.557,deg,9862220,14445,ABM
7/14/2016 3:00,21.509,deg,9862220,14445,ABM
7/14/2016 4:00,21.39,deg,9862220,14445,ABM
7/14/2016 5:00,21.27,deg,9862220,14445,ABM
7/14/2016 6:00,21.103,deg,9862220,14445,ABM
7/14/2016 7:00,20.936,deg,9862220,14445,ABM
7/14/2016 8:00,20.817,deg,9862220,14445,ABM
7/14/2016 9:00,20.746,deg,9862220,14445,ABM
7/14/2016 10:00,20.722,deg,9862220,14445,ABM
7/14/2016 11:00,20.793,deg,9862220,14445,ABM
7/14/2016 12:00,21.103,deg,9862220,14445,ABM
7/14/2016 13:00,21.318,deg,9862220,14445,ABM
7/14/2016 14:00,21.628,deg,9862220,14445,ABM
7/14/2016 15:00,21.819,deg,9862220,14445,ABM
7/14/2016 16:00,21.939,deg,9862220,14445,ABM
7/14/2016 17:00,21.843,deg,9862220,14445,ABM
7/14/2016 18:00,21.772,deg,9862220,14445,ABM
7/14/2016 19:00,21.724,deg,9862220,14445,ABM
7/14/2016 20:00,21.724,deg,9862220,14445,ABM
7/14/2016 21:00,21.652,deg,9862220,14445,ABM
7/14/2016 22:00,21.581,deg,9862220,14445,ABM
7/14/2016 23:00,21.533,deg,9862220,14445,ABM
7/15/2016 0:00,21.485,deg,9862220,14445,ABM
7/15/2016 1:00,21.437,deg,9862220,14445,ABM
7/15/2016 2:00,21.39,deg,9862220,14445,ABM
7/15/2016 3:00,21.342,deg,9862220,14445,ABM
7/15/2016 4:00,21.294,deg,9862220,14445,ABM
7/15/2016 5:00,21.223,deg,9862220,14445,ABM
7/15/2016 6:00,21.127,deg,9862220,14445,ABM
7/15/2016 7:00,21.079,deg,9862220,14445,ABM
7/15/2016 8:00,21.079,deg,9862220,14445,ABM
7/15/2016 9:00,21.223,deg,9862220,14445,ABM
7/15/2016 10:00,21.557,deg,9862220,14445,ABM
7/15/2016 11:00,22.058,deg,9862220,14445,ABM
7/15/2016 12:00,22.417,deg,9862220,14445,ABM
7/15/2016 13:00,22.609,deg,9862220,14445,ABM
7/15/2016 14:00,22.944,deg,9862220,14445,ABM
7/15/2016 15:00,23.112,deg,9862220,14445,ABM
7/15/2016 16:00,23.232,deg,9862220,14445,ABM
7/15/2016 17:00,23.208,deg,9862220,14445,ABM
7/15/2016 18:00,23.16,deg,9862220,14445,ABM
7/15/2016 19:00,23.088,deg,9862220,14445,ABM
7/15/2016 20:00,22.968,deg,9862220,14445,ABM
7/15/2016 21:00,22.8,deg,9862220,14445,ABM
7/15/2016 22:00,22.633,deg,9862220,14445,ABM
7/15/2016 23:00,22.489,deg,9862220,14445,ABM
7/16/2016 0:00,22.369,deg,9862220,14445,ABM
7/16/2016 1:00,22.25,deg,9862220,14445,ABM
7/16/2016 2:00,22.13,deg,9862220,14445,ABM
7/16/2016 3:00,22.034,deg,9862220,14445,ABM
7/16/2016 4:00,21.939,deg,9862220,14445,ABM
7/16/2016 5:00,21.843,deg,9862220,14445,ABM
7/16/2016 6:00,21.748,deg,9862220,14445,ABM
7/16/2016 7:00,21.676,deg,9862220,14445,ABM
7/16/2016 8:00,21.676,deg,9862220,14445,ABM
7/16/2016 9:00,21.819,deg,9862220,14445,ABM
7/16/2016 10:00,22.106,deg,9862220,14445,ABM
7/16/2016 11:00,22.633,deg,9862220,14445,ABM
7/16/2016 12:00,23.28,deg,9862220,14445,ABM
7/16/2016 13:00,23.954,deg,9862220,14445,ABM
7/16/2016 14:00,24.291,deg,9862220,14445,ABM
7/16/2016 15:00,24.581,deg,9862220,14445,ABM
7/16/2016 16:00,24.677,deg,9862220,14445,ABM
7/16/2016 17:00,24.388,deg,9862220,14445,ABM
7/16/2016 18:00,24.146,deg,9862220,14445,ABM
7/16/2016 19:00,24.026,deg,9862220,14445,ABM
7/16/2016 20:00,23.978,deg,9862220,14445,ABM
7/16/2016 21:00,23.833,deg,9862220,14445,ABM
7/16/2016 22:00,23.641,deg,9862220,14445,ABM
7/16/2016 23:00,23.424,deg,9862220,14445,ABM
7/17/2016 0:00,23.256,deg,9862220,14445,ABM
7/17/2016 1:00,23.136,deg,9862220,14445,ABM
7/17/2016 2:00,23.016,deg,9862220,14445,ABM
7/17/2016 3:00,22.896,deg,9862220,14445,ABM
7/17/2016 4:00,22.8,deg,9862220,14445,ABM
7/17/2016 5:00,22.681,deg,9862220,14445,ABM
7/17/2016 6:00,22.561,deg,9862220,14445,ABM
7/17/2016 7:00,22.513,deg,9862220,14445,ABM
7/17/2016 8:00,22.513,deg,9862220,14445,ABM
7/17/2016 9:00,22.537,deg,9862220,14445,ABM
7/17/2016 10:00,22.657,deg,9862220,14445,ABM
7/17/2016 11:00,23.112,deg,9862220,14445,ABM
7/17/2016 12:00,23.761,deg,9862220,14445,ABM
7/17/2016 13:00,24.557,deg,9862220,14445,ABM
7/17/2016 14:00,24.992,deg,9862220,14445,ABM
7/17/2016 15:00,25.453,deg,9862220,14445,ABM
7/17/2016 16:00,25.162,deg,9862220,14445,ABM
7/17/2016 17:00,24.774,deg,9862220,14445,ABM
7/17/2016 18:00,24.629,deg,9862220,14445,ABM
7/17/2016 19:00,24.605,deg,9862220,14445,ABM
7/17/2016 20:00,24.436,deg,9862220,14445,ABM
7/17/2016 21:00,24.291,deg,9862220,14445,ABM
7/17/2016 22:00,24.098,deg,9862220,14445,ABM
7/17/2016 23:00,23.93,deg,9862220,14445,ABM
7/18/2016 0:00,23.737,deg,9862220,14445,ABM
7/18/2016 1:00,23.545,deg,9862220,14445,ABM
7/18/2016 2:00,23.328,deg,9862220,14445,ABM
7/18/2016 3:00,23.136,deg,9862220,14445,ABM
7/18/2016 4:00,22.968,deg,9862220,14445,ABM
7/18/2016 5:00,22.776,deg,9862220,14445,ABM
7/18/2016 6:00,22.633,deg,9862220,14445,ABM
7/18/2016 7:00,22.513,deg,9862220,14445,ABM
7/18/2016 8:00,22.489,deg,9862220,14445,ABM
7/18/2016 9:00,22.609,deg,9862220,14445,ABM
7/18/2016 10:00,22.92,deg,9862220,14445,ABM
7/18/2016 11:00,23.497,deg,9862220,14445,ABM
7/18/2016 12:00,24.267,deg,9862220,14445,ABM
7/18/2016 13:00,24.919,deg,9862220,14445,ABM
7/18/2016 14:00,25.477,deg,9862220,14445,ABM
7/18/2016 15:00,25.671,deg,9862220,14445,ABM
7/18/2016 16:00,25.162,deg,9862220,14445,ABM
7/18/2016 17:00,24.702,deg,9862220,14445,ABM
7/18/2016 18:00,24.46,deg,9862220,14445,ABM
7/18/2016 19:00,24.339,deg,9862220,14445,ABM
7/18/2016 20:00,24.219,deg,9862220,14445,ABM
7/18/2016 21:00,24.122,deg,9862220,14445,ABM
7/18/2016 22:00,23.978,deg,9862220,14445,ABM
7/18/2016 23:00,23.809,deg,9862220,14445,ABM
7/19/2016 0:00,23.665,deg,9862220,14445,ABM
7/19/2016 1:00,23.521,deg,9862220,14445,ABM
7/19/2016 2:00,23.376,deg,9862220,14445,ABM
7/19/2016 3:00,23.256,deg,9862220,14445,ABM
7/19/2016 4:00,23.112,deg,9862220,14445,ABM
7/19/2016 5:00,23.016,deg,9862220,14445,ABM
7/19/2016 6:00,22.872,deg,9862220,14445,ABM
7/19/2016 7:00,22.729,deg,9862220,14445,ABM
7/19/2016 8:00,22.633,deg,9862220,14445,ABM
7/19/2016 9:00,22.561,deg,9862220,14445,ABM
7/19/2016 10:00,22.657,deg,9862220,14445,ABM
7/19/2016 11:00,23.016,deg,9862220,14445,ABM
7/19/2016 12:00,23.737,deg,9862220,14445,ABM
7/19/2016 13:00,24.484,deg,9862220,14445,ABM
7/19/2016 14:00,25.186,deg,9862220,14445,ABM
7/19/2016 15:00,25.258,deg,9862220,14445,ABM
7/19/2016 16:00,25.258,deg,9862220,14445,ABM
7/19/2016 17:00,24.702,deg,9862220,14445,ABM
7/19/2016 18:00,24.195,deg,9862220,14445,ABM
7/19/2016 19:00,23.978,deg,9862220,14445,ABM
7/19/2016 20:00,23.737,deg,9862220,14445,ABM
7/19/2016 21:00,23.448,deg,9862220,14445,ABM
7/19/2016 22:00,23.136,deg,9862220,14445,ABM
7/19/2016 23:00,22.848,deg,9862220,14445,ABM
7/20/2016 0:00,22.585,deg,9862220,14445,ABM
7/20/2016 1:00,22.321,deg,9862220,14445,ABM
7/20/2016 2:00,22.106,deg,9862220,14445,ABM
7/20/2016 3:00,21.939,deg,9862220,14445,ABM
7/20/2016 4:00,21.819,deg,9862220,14445,ABM
7/20/2016 5:00,21.7,deg,9862220,14445,ABM
7/20/2016 6:00,21.533,deg,9862220,14445,ABM
7/20/2016 7:00,21.366,deg,9862220,14445,ABM
7/20/2016 8:00,21.294,deg,9862220,14445,ABM
7/20/2016 9:00,21.342,deg,9862220,14445,ABM
7/20/2016 10:00,21.533,deg,9862220,14445,ABM
7/20/2016 11:00,21.915,deg,9862220,14445,ABM
7/20/2016 12:00,22.537,deg,9862220,14445,ABM
7/20/2016 13:00,23.112,deg,9862220,14445,ABM
7/20/2016 14:00,23.641,deg,9862220,14445,ABM
7/20/2016 15:00,23.954,deg,9862220,14445,ABM
7/20/2016 16:00,23.93,deg,9862220,14445,ABM
7/20/2016 17:00,23.352,deg,9862220,14445,ABM
7/20/2016 18:00,23.088,deg,9862220,14445,ABM
7/20/2016 19:00,23.064,deg,9862220,14445,ABM
7/20/2016 20:00,22.92,deg,9862220,14445,ABM
7/20/2016 21:00,22.705,deg,9862220,14445,ABM
7/20/2016 22:00,22.417,deg,9862220,14445,ABM
7/20/2016 23:00,22.154,deg,9862220,14445,ABM
7/21/2016 0:00,21.915,deg,9862220,14445,ABM
7/21/2016 1:00,21.7,deg,9862220,14445,ABM
7/21/2016 2:00,21.485,deg,9862220,14445,ABM
7/21/2016 3:00,21.318,deg,9862220,14445,ABM
7/21/2016 4:00,21.151,deg,9862220,14445,ABM
7/21/2016 5:00,20.984,deg,9862220,14445,ABM
7/21/2016 6:00,20.841,deg,9862220,14445,ABM
7/21/2016 7:00,20.746,deg,9862220,14445,ABM
7/21/2016 8:00,20.722,deg,9862220,14445,ABM
7/21/2016 9:00,20.865,deg,9862220,14445,ABM
7/21/2016 10:00,21.175,deg,9862220,14445,ABM
7/21/2016 11:00,21.748,deg,9862220,14445,ABM
7/21/2016 12:00,22.585,deg,9862220,14445,ABM
7/21/2016 13:00,23.424,deg,9862220,14445,ABM
7/21/2016 14:00,23.809,deg,9862220,14445,ABM
7/21/2016 15:00,23.28,deg,9862220,14445,ABM
7/21/2016 16:00,22.992,deg,9862220,14445,ABM
7/21/2016 17:00,23.04,deg,9862220,14445,ABM
7/21/2016 18:00,22.944,deg,9862220,14445,ABM
7/21/2016 19:00,22.824,deg,9862220,14445,ABM
7/21/2016 20:00,22.753,deg,9862220,14445,ABM
7/21/2016 21:00,22.657,deg,9862220,14445,ABM
7/21/2016 22:00,22.537,deg,9862220,14445,ABM
7/21/2016 23:00,22.441,deg,9862220,14445,ABM
7/22/2016 0:00,22.345,deg,9862220,14445,ABM
7/22/2016 1:00,22.226,deg,9862220,14445,ABM
7/22/2016 2:00,22.106,deg,9862220,14445,ABM
7/22/2016 3:00,21.987,deg,9862220,14445,ABM
7/22/2016 4:00,21.843,deg,9862220,14445,ABM
7/22/2016 5:00,21.676,deg,9862220,14445,ABM
7/22/2016 6:00,21.533,deg,9862220,14445,ABM
7/22/2016 7:00,21.485,deg,9862220,14445,ABM
7/22/2016 8:00,21.509,deg,9862220,14445,ABM
7/22/2016 9:00,21.7,deg,9862220,14445,ABM
7/22/2016 10:00,21.963,deg,9862220,14445,ABM
7/22/2016 11:00,22.417,deg,9862220,14445,ABM
7/22/2016 12:00,23.256,deg,9862220,14445,ABM
7/22/2016 13:00,24.291,deg,9862220,14445,ABM
7/22/2016 14:00,25.162,deg,9862220,14445,ABM
7/22/2016 15:00,25.793,deg,9862220,14445,ABM
7/22/2016 16:00,25.866,deg,9862220,14445,ABM
7/22/2016 17:00,25.355,deg,9862220,14445,ABM
7/22/2016 18:00,24.968,deg,9862220,14445,ABM
7/22/2016 19:00,24.823,deg,9862220,14445,ABM
7/22/2016 20:00,24.702,deg,9862220,14445,ABM
7/22/2016 21:00,24.581,deg,9862220,14445,ABM
7/22/2016 22:00,24.388,deg,9862220,14445,ABM
7/22/2016 23:00,24.219,deg,9862220,14445,ABM
7/23/2016 0:00,24.098,deg,9862220,14445,ABM
7/23/2016 1:00,23.978,deg,9862220,14445,ABM
7/23/2016 2:00,23.857,deg,9862220,14445,ABM
7/23/2016 3:00,23.689,deg,9862220,14445,ABM
7/23/2016 4:00,23.545,deg,9862220,14445,ABM
7/23/2016 5:00,23.376,deg,9862220,14445,ABM
7/23/2016 6:00,23.28,deg,9862220,14445,ABM
7/23/2016 7:00,23.16,deg,9862220,14445,ABM
7/23/2016 8:00,23.112,deg,9862220,14445,ABM
7/23/2016 9:00,23.136,deg,9862220,14445,ABM
7/23/2016 10:00,23.28,deg,9862220,14445,ABM
7/23/2016 11:00,23.737,deg,9862220,14445,ABM
7/23/2016 12:00,24.557,deg,9862220,14445,ABM
7/23/2016 13:00,25.453,deg,9862220,14445,ABM
7/23/2016 14:00,26.158,deg,9862220,14445,ABM
7/23/2016 15:00,26.695,deg,9862220,14445,ABM
7/23/2016 16:00,26.793,deg,9862220,14445,ABM
7/23/2016 17:00,26.256,deg,9862220,14445,ABM
7/23/2016 18:00,25.671,deg,9862220,14445,ABM
7/23/2016 19:00,25.453,deg,9862220,14445,ABM
7/23/2016 20:00,25.283,deg,9862220,14445,ABM
7/23/2016 21:00,25.04,deg,9862220,14445,ABM
7/23/2016 22:00,24.798,deg,9862220,14445,ABM
7/23/2016 23:00,24.508,deg,9862220,14445,ABM
7/24/2016 0:00,24.243,deg,9862220,14445,ABM
7/24/2016 1:00,23.978,deg,9862220,14445,ABM
7/24/2016 2:00,23.713,deg,9862220,14445,ABM
7/24/2016 3:00,23.497,deg,9862220,14445,ABM
7/24/2016 4:00,23.28,deg,9862220,14445,ABM
7/24/2016 5:00,23.088,deg,9862220,14445,ABM
7/24/2016 6:00,22.896,deg,9862220,14445,ABM
7/24/2016 7:00,22.776,deg,9862220,14445,ABM
7/24/2016 8:00,22.729,deg,9862220,14445,ABM
7/24/2016 9:00,22.8,deg,9862220,14445,ABM
7/24/2016 10:00,23.04,deg,9862220,14445,ABM
7/24/2016 11:00,23.497,deg,9862220,14445,ABM
7/24/2016 12:00,24.339,deg,9862220,14445,ABM
7/24/2016 13:00,24.871,deg,9862220,14445,ABM
7/24/2016 14:00,25.695,deg,9862220,14445,ABM
7/24/2016 15:00,26.085,deg,9862220,14445,ABM
7/24/2016 16:00,26.28,deg,9862220,14445,ABM
7/24/2016 17:00,25.841,deg,9862220,14445,ABM
7/24/2016 18:00,25.453,deg,9862220,14445,ABM
7/24/2016 19:00,25.04,deg,9862220,14445,ABM
7/24/2016 20:00,24.798,deg,9862220,14445,ABM
7/24/2016 21:00,24.581,deg,9862220,14445,ABM
7/24/2016 22:00,24.363,deg,9862220,14445,ABM
7/24/2016 23:00,24.171,deg,9862220,14445,ABM
7/25/2016 0:00,23.978,deg,9862220,14445,ABM
7/25/2016 1:00,23.785,deg,9862220,14445,ABM
7/25/2016 2:00,23.593,deg,9862220,14445,ABM
7/25/2016 3:00,23.4,deg,9862220,14445,ABM
7/25/2016 4:00,23.28,deg,9862220,14445,ABM
7/25/2016 5:00,23.184,deg,9862220,14445,ABM
7/25/2016 6:00,23.088,deg,9862220,14445,ABM
7/25/2016 7:00,23.064,deg,9862220,14445,ABM
7/25/2016 8:00,23.064,deg,9862220,14445,ABM
7/25/2016 9:00,23.136,deg,9862220,14445,ABM
7/25/2016 10:00,23.352,deg,9862220,14445,ABM
7/25/2016 11:00,23.665,deg,9862220,14445,ABM
7/25/2016 12:00,24.315,deg,9862220,14445,ABM
7/25/2016 13:00,25.38,deg,9862220,14445,ABM
7/25/2016 14:00,26.109,deg,9862220,14445,ABM
7/25/2016 15:00,26.28,deg,9862220,14445,ABM
7/25/2016 16:00,25.574,deg,9862220,14445,ABM
7/25/2016 17:00,25.234,deg,9862220,14445,ABM
7/25/2016 18:00,25.065,deg,9862220,14445,ABM
7/25/2016 19:00,25.016,deg,9862220,14445,ABM
7/25/2016 20:00,24.532,deg,9862220,14445,ABM
7/25/2016 21:00,24.171,deg,9862220,14445,ABM
7/25/2016 22:00,23.713,deg,9862220,14445,ABM
7/25/2016 23:00,22.992,deg,9862220,14445,ABM
7/26/2016 0:00,22.872,deg,9862220,14445,ABM
7/26/2016 1:00,22.729,deg,9862220,14445,ABM
7/26/2016 2:00,22.537,deg,9862220,14445,ABM
7/26/2016 3:00,22.393,deg,9862220,14445,ABM
7/26/2016 4:00,22.298,deg,9862220,14445,ABM
7/26/2016 5:00,22.202,deg,9862220,14445,ABM
7/26/2016 6:00,22.082,deg,9862220,14445,ABM
7/26/2016 7:00,21.987,deg,9862220,14445,ABM
7/26/2016 8:00,21.939,deg,9862220,14445,ABM
7/26/2016 9:00,21.987,deg,9862220,14445,ABM
7/26/2016 10:00,22.13,deg,9862220,14445,ABM
7/26/2016 11:00,22.393,deg,9862220,14445,ABM
7/26/2016 12:00,22.824,deg,9862220,14445,ABM
7/26/2016 13:00,23.28,deg,9862220,14445,ABM
7/26/2016 14:00,23.809,deg,9862220,14445,ABM
7/26/2016 15:00,24.195,deg,9862220,14445,ABM
7/26/2016 16:00,24.436,deg,9862220,14445,ABM
7/26/2016 17:00,24.484,deg,9862220,14445,ABM
7/26/2016 18:00,24.484,deg,9862220,14445,ABM
7/26/2016 19:00,24.388,deg,9862220,14445,ABM
7/26/2016 20:00,24.291,deg,9862220,14445,ABM
7/26/2016 21:00,24.122,deg,9862220,14445,ABM
7/26/2016 22:00,23.978,deg,9862220,14445,ABM
7/26/2016 23:00,23.833,deg,9862220,14445,ABM
7/27/2016 0:00,23.665,deg,9862220,14445,ABM
7/27/2016 1:00,23.472,deg,9862220,14445,ABM
7/27/2016 2:00,23.256,deg,9862220,14445,ABM
7/27/2016 3:00,23.064,deg,9862220,14445,ABM
7/27/2016 4:00,22.848,deg,9862220,14445,ABM
7/27/2016 5:00,22.657,deg,9862220,14445,ABM
7/27/2016 6:00,22.465,deg,9862220,14445,ABM
7/27/2016 7:00,22.321,deg,9862220,14445,ABM
7/27/2016 8:00,22.274,deg,9862220,14445,ABM
7/27/2016 9:00,22.345,deg,9862220,14445,ABM
7/27/2016 10:00,22.537,deg,9862220,14445,ABM
7/27/2016 11:00,22.824,deg,9862220,14445,ABM
7/27/2016 12:00,23.328,deg,9862220,14445,ABM
7/27/2016 13:00,23.785,deg,9862220,14445,ABM
7/27/2016 14:00,24.195,deg,9862220,14445,ABM
7/27/2016 15:00,24.532,deg,9862220,14445,ABM
7/27/2016 16:00,24.823,deg,9862220,14445,ABM
7/27/2016 17:00,24.653,deg,9862220,14445,ABM
7/27/2016 18:00,24.629,deg,9862220,14445,ABM
7/27/2016 19:00,24.532,deg,9862220,14445,ABM
7/27/2016 20:00,24.388,deg,9862220,14445,ABM
7/27/2016 21:00,24.243,deg,9862220,14445,ABM
7/27/2016 22:00,24.05,deg,9862220,14445,ABM
7/27/2016 23:00,23.881,deg,9862220,14445,ABM
7/28/2016 0:00,23.737,deg,9862220,14445,ABM
7/28/2016 1:00,23.593,deg,9862220,14445,ABM
7/28/2016 2:00,23.472,deg,9862220,14445,ABM
7/28/2016 3:00,23.328,deg,9862220,14445,ABM
7/28/2016 4:00,23.16,deg,9862220,14445,ABM
7/28/2016 5:00,23.016,deg,9862220,14445,ABM
7/28/2016 6:00,22.848,deg,9862220,14445,ABM
7/28/2016 7:00,22.705,deg,9862220,14445,ABM
7/28/2016 8:00,22.681,deg,9862220,14445,ABM
7/28/2016 9:00,22.776,deg,9862220,14445,ABM
7/28/2016 10:00,23.04,deg,9862220,14445,ABM
7/28/2016 11:00,23.545,deg,9862220,14445,ABM
7/28/2016 12:00,24.002,deg,9862220,14445,ABM
7/28/2016 13:00,24.508,deg,9862220,14445,ABM
7/28/2016 14:00,25.04,deg,9862220,14445,ABM
7/28/2016 15:00,25.404,deg,9862220,14445,ABM
7/28/2016 16:00,25.404,deg,9862220,14445,ABM
7/28/2016 17:00,25.065,deg,9862220,14445,ABM
7/28/2016 18:00,24.871,deg,9862220,14445,ABM
7/28/2016 19:00,24.798,deg,9862220,14445,ABM
7/28/2016 20:00,24.726,deg,9862220,14445,ABM
7/28/2016 21:00,24.653,deg,9862220,14445,ABM
7/28/2016 22:00,24.532,deg,9862220,14445,ABM
7/28/2016 23:00,24.388,deg,9862220,14445,ABM
7/29/2016 0:00,24.315,deg,9862220,14445,ABM
7/29/2016 1:00,24.219,deg,9862220,14445,ABM
7/29/2016 2:00,24.122,deg,9862220,14445,ABM
7/29/2016 3:00,24.026,deg,9862220,14445,ABM
7/29/2016 4:00,23.93,deg,9862220,14445,ABM
7/29/2016 5:00,23.833,deg,9862220,14445,ABM
7/29/2016 6:00,23.713,deg,9862220,14445,ABM
7/29/2016 7:00,23.545,deg,9862220,14445,ABM
7/29/2016 8:00,23.424,deg,9862220,14445,ABM
7/29/2016 9:00,23.352,deg,9862220,14445,ABM
7/29/2016 10:00,23.256,deg,9862220,14445,ABM
7/29/2016 11:00,23.232,deg,9862220,14445,ABM
7/29/2016 12:00,23.256,deg,9862220,14445,ABM
7/29/2016 13:00,23.617,deg,9862220,14445,ABM
7/29/2016 14:00,23.978,deg,9862220,14445,ABM
7/29/2016 15:00,24.195,deg,9862220,14445,ABM
7/29/2016 16:00,24.339,deg,9862220,14445,ABM
7/29/2016 17:00,24.146,deg,9862220,14445,ABM
7/29/2016 18:00,23.978,deg,9862220,14445,ABM
7/29/2016 19:00,23.857,deg,9862220,14445,ABM
7/29/2016 20:00,23.785,deg,9862220,14445,ABM
7/29/2016 21:00,23.641,deg,9862220,14445,ABM
7/29/2016 22:00,23.521,deg,9862220,14445,ABM
7/29/2016 23:00,23.424,deg,9862220,14445,ABM
7/30/2016 0:00,23.352,deg,9862220,14445,ABM
7/30/2016 1:00,23.28,deg,9862220,14445,ABM
7/30/2016 2:00,23.16,deg,9862220,14445,ABM
7/30/2016 3:00,23.064,deg,9862220,14445,ABM
7/30/2016 4:00,22.944,deg,9862220,14445,ABM
7/30/2016 5:00,22.824,deg,9862220,14445,ABM
7/30/2016 6:00,22.681,deg,9862220,14445,ABM
7/30/2016 7:00,22.585,deg,9862220,14445,ABM
7/30/2016 8:00,22.585,deg,9862220,14445,ABM
7/30/2016 9:00,22.705,deg,9862220,14445,ABM
7/30/2016 10:00,22.8,deg,9862220,14445,ABM
7/30/2016 11:00,22.944,deg,9862220,14445,ABM
7/30/2016 12:00,23.208,deg,9862220,14445,ABM
7/30/2016 13:00,23.761,deg,9862220,14445,ABM
7/30/2016 14:00,24.026,deg,9862220,14445,ABM
7/30/2016 15:00,24.074,deg,9862220,14445,ABM
7/30/2016 16:00,24.171,deg,9862220,14445,ABM
7/30/2016 17:00,23.954,deg,9862220,14445,ABM
7/30/2016 18:00,23.857,deg,9862220,14445,ABM
7/30/2016 19:00,23.761,deg,9862220,14445,ABM
7/30/2016 20:00,23.641,deg,9862220,14445,ABM
7/30/2016 21:00,23.569,deg,9862220,14445,ABM
7/30/2016 22:00,23.472,deg,9862220,14445,ABM
7/30/2016 23:00,23.376,deg,9862220,14445,ABM
7/31/2016 0:00,23.28,deg,9862220,14445,ABM
7/31/2016 1:00,23.208,deg,9862220,14445,ABM
7/31/2016 2:00,23.136,deg,9862220,14445,ABM
7/31/2016 3:00,23.064,deg,9862220,14445,ABM
7/31/2016 4:00,23.016,deg,9862220,14445,ABM
7/31/2016 5:00,22.944,deg,9862220,14445,ABM
7/31/2016 6:00,22.872,deg,9862220,14445,ABM
7/31/2016 7:00,22.824,deg,9862220,14445,ABM
7/31/2016 8:00,22.8,deg,9862220,14445,ABM
7/31/2016 9:00,22.848,deg,9862220,14445,ABM
7/31/2016 10:00,22.992,deg,9862220,14445,ABM
7/31/2016 11:00,23.232,deg,9862220,14445,ABM
7/31/2016 12:00,23.4,deg,9862220,14445,ABM
7/31/2016 13:00,23.641,deg,9862220,14445,ABM
7/31/2016 14:00,23.641,deg,9862220,14445,ABM
7/31/2016 15:00,23.665,deg,9862220,14445,ABM
7/31/2016 16:00,23.665,deg,9862220,14445,ABM
7/31/2016 17:00,23.593,deg,9862220,14445,ABM
7/31/2016 18:00,23.472,deg,9862220,14445,ABM
7/31/2016 19:00,23.328,deg,9862220,14445,ABM
7/31/2016 20:00,23.16,deg,9862220,14445,ABM
7/31/2016 21:00,23.016,deg,9862220,14445,ABM
7/31/2016 22:00,22.896,deg,9862220,14445,ABM
7/31/2016 23:00,22.609,deg,9862220,14445,ABM
8/1/2016 0:00,22.585,deg,9862220,14445,ABM
8/1/2016 1:00,22.489,deg,9862220,14445,ABM
8/1/2016 2:00,22.393,deg,9862220,14445,ABM
8/1/2016 3:00,22.298,deg,9862220,14445,ABM
8/1/2016 4:00,22.178,deg,9862220,14445,ABM
8/1/2016 5:00,22.058,deg,9862220,14445,ABM
8/1/2016 6:00,21.963,deg,9862220,14445,ABM
8/1/2016 7:00,21.867,deg,9862220,14445,ABM
8/1/2016 8:00,21.819,deg,9862220,14445,ABM
8/1/2016 9:00,21.819,deg,9862220,14445,ABM
8/1/2016 10:00,21.915,deg,9862220,14445,ABM
8/1/2016 11:00,22.034,deg,9862220,14445,ABM
8/1/2016 12:00,22.274,deg,9862220,14445,ABM
8/1/2016 13:00,22.681,deg,9862220,14445,ABM
8/1/2016 14:00,23.136,deg,9862220,14445,ABM
8/1/2016 15:00,23.376,deg,9862220,14445,ABM
8/1/2016 16:00,23.328,deg,9862220,14445,ABM
8/1/2016 17:00,23.232,deg,9862220,14445,ABM
8/1/2016 18:00,23.184,deg,9862220,14445,ABM
8/1/2016 19:00,23.136,deg,9862220,14445,ABM
8/1/2016 20:00,23.016,deg,9862220,14445,ABM
8/1/2016 21:00,22.92,deg,9862220,14445,ABM
8/1/2016 22:00,22.848,deg,9862220,14445,ABM
8/1/2016 23:00,22.776,deg,9862220,14445,ABM
8/2/2016 0:00,22.705,deg,9862220,14445,ABM
8/2/2016 1:00,22.561,deg,9862220,14445,ABM
8/2/2016 2:00,22.393,deg,9862220,14445,ABM
8/2/2016 3:00,22.274,deg,9862220,14445,ABM
8/2/2016 4:00,22.178,deg,9862220,14445,ABM
8/2/2016 5:00,22.082,deg,9862220,14445,ABM
8/2/2016 6:00,21.987,deg,9862220,14445,ABM
8/2/2016 7:00,21.843,deg,9862220,14445,ABM
8/2/2016 8:00,21.748,deg,9862220,14445,ABM
8/2/2016 9:00,21.676,deg,9862220,14445,ABM
8/2/2016 10:00,21.724,deg,9862220,14445,ABM
8/2/2016 11:00,21.843,deg,9862220,14445,ABM
8/2/2016 12:00,21.915,deg,9862220,14445,ABM
8/2/2016 13:00,21.843,deg,9862220,14445,ABM
8/2/2016 14:00,21.772,deg,9862220,14445,ABM
8/2/2016 15:00,21.724,deg,9862220,14445,ABM
8/2/2016 16:00,21.724,deg,9862220,14445,ABM
8/2/2016 17:00,21.748,deg,9862220,14445,ABM
8/2/2016 18:00,21.7,deg,9862220,14445,ABM
8/2/2016 19:00,21.628,deg,9862220,14445,ABM
8/2/2016 20:00,21.533,deg,9862220,14445,ABM
8/2/2016 21:00,21.39,deg,9862220,14445,ABM
8/2/2016 22:00,21.27,deg,9862220,14445,ABM
8/2/2016 23:00,21.127,deg,9862220,14445,ABM
8/3/2016 0:00,20.984,deg,9862220,14445,ABM
8/3/2016 1:00,20.841,deg,9862220,14445,ABM
8/3/2016 2:00,20.722,deg,9862220,14445,ABM
8/3/2016 3:00,20.579,deg,9862220,14445,ABM
8/3/2016 4:00,20.436,deg,9862220,14445,ABM
8/3/2016 5:00,20.269,deg,9862220,14445,ABM
8/3/2016 6:00,20.126,deg,9862220,14445,ABM
8/3/2016 7:00,19.984,deg,9862220,14445,ABM
8/3/2016 8:00,19.936,deg,9862220,14445,ABM
8/3/2016 9:00,20.007,deg,9862220,14445,ABM
8/3/2016 10:00,20.198,deg,9862220,14445,ABM
8/3/2016 11:00,20.507,deg,9862220,14445,ABM
8/3/2016 12:00,20.889,deg,9862220,14445,ABM
8/3/2016 13:00,21.366,deg,9862220,14445,ABM
8/3/2016 14:00,21.843,deg,9862220,14445,ABM
8/3/2016 15:00,22.345,deg,9862220,14445,ABM
8/3/2016 16:00,22.585,deg,9862220,14445,ABM
8/3/2016 17:00,22.25,deg,9862220,14445,ABM
8/3/2016 18:00,22.082,deg,9862220,14445,ABM
8/3/2016 19:00,22.082,deg,9862220,14445,ABM
8/3/2016 20:00,21.963,deg,9862220,14445,ABM
8/3/2016 21:00,21.748,deg,9862220,14445,ABM
8/3/2016 22:00,21.533,deg,9862220,14445,ABM
8/3/2016 23:00,21.342,deg,9862220,14445,ABM
8/4/2016 0:00,21.175,deg,9862220,14445,ABM
8/4/2016 1:00,21.008,deg,9862220,14445,ABM
8/4/2016 2:00,20.865,deg,9862220,14445,ABM
8/4/2016 3:00,20.722,deg,9862220,14445,ABM
8/4/2016 4:00,20.555,deg,9862220,14445,ABM
8/4/2016 5:00,20.388,deg,9862220,14445,ABM
8/4/2016 6:00,20.198,deg,9862220,14445,ABM
8/4/2016 7:00,20.031,deg,9862220,14445,ABM
8/4/2016 8:00,19.936,deg,9862220,14445,ABM
8/4/2016 9:00,20.007,deg,9862220,14445,ABM
8/4/2016 10:00,20.222,deg,9862220,14445,ABM
8/4/2016 11:00,20.579,deg,9862220,14445,ABM
8/4/2016 12:00,21.032,deg,9862220,14445,ABM
8/4/2016 13:00,21.485,deg,9862220,14445,ABM
8/4/2016 14:00,21.915,deg,9862220,14445,ABM
8/4/2016 15:00,22.298,deg,9862220,14445,ABM
8/4/2016 16:00,22.489,deg,9862220,14445,ABM
8/4/2016 17:00,22.178,deg,9862220,14445,ABM
8/4/2016 18:00,22.058,deg,9862220,14445,ABM
8/4/2016 19:00,22.011,deg,9862220,14445,ABM
8/4/2016 20:00,21.939,deg,9862220,14445,ABM
8/4/2016 21:00,21.819,deg,9862220,14445,ABM
8/4/2016 22:00,21.652,deg,9862220,14445,ABM
8/4/2016 23:00,21.461,deg,9862220,14445,ABM
8/5/2016 0:00,21.294,deg,9862220,14445,ABM
8/5/2016 1:00,21.151,deg,9862220,14445,ABM
8/5/2016 2:00,21.008,deg,9862220,14445,ABM
8/5/2016 3:00,20.889,deg,9862220,14445,ABM
8/5/2016 4:00,20.746,deg,9862220,14445,ABM
8/5/2016 5:00,20.603,deg,9862220,14445,ABM
8/5/2016 6:00,20.46,deg,9862220,14445,ABM
8/5/2016 7:00,20.341,deg,9862220,14445,ABM
8/5/2016 8:00,20.269,deg,9862220,14445,ABM
8/5/2016 9:00,20.317,deg,9862220,14445,ABM
8/5/2016 10:00,20.555,deg,9862220,14445,ABM
8/5/2016 11:00,20.936,deg,9862220,14445,ABM
8/5/2016 12:00,21.509,deg,9862220,14445,ABM
8/5/2016 13:00,21.915,deg,9862220,14445,ABM
8/5/2016 14:00,22.13,deg,9862220,14445,ABM
8/5/2016 15:00,22.489,deg,9862220,14445,ABM
8/5/2016 16:00,22.585,deg,9862220,14445,ABM
8/5/2016 17:00,22.321,deg,9862220,14445,ABM
8/5/2016 18:00,22.202,deg,9862220,14445,ABM
8/5/2016 19:00,22.154,deg,9862220,14445,ABM
8/5/2016 20:00,22.011,deg,9862220,14445,ABM
8/5/2016 21:00,21.867,deg,9862220,14445,ABM
8/5/2016 22:00,21.772,deg,9862220,14445,ABM
8/5/2016 23:00,21.676,deg,9862220,14445,ABM
8/6/2016 0:00,21.581,deg,9862220,14445,ABM
8/6/2016 1:00,21.485,deg,9862220,14445,ABM
8/6/2016 2:00,21.39,deg,9862220,14445,ABM
8/6/2016 3:00,21.294,deg,9862220,14445,ABM
8/6/2016 4:00,21.199,deg,9862220,14445,ABM
8/6/2016 5:00,21.103,deg,9862220,14445,ABM
8/6/2016 6:00,21.032,deg,9862220,14445,ABM
8/6/2016 7:00,20.984,deg,9862220,14445,ABM
8/6/2016 8:00,21.008,deg,9862220,14445,ABM
8/6/2016 9:00,21.151,deg,9862220,14445,ABM
8/6/2016 10:00,21.413,deg,9862220,14445,ABM
8/6/2016 11:00,21.867,deg,9862220,14445,ABM
8/6/2016 12:00,22.441,deg,9862220,14445,ABM
8/6/2016 13:00,22.729,deg,9862220,14445,ABM
8/6/2016 14:00,23.136,deg,9862220,14445,ABM
8/6/2016 15:00,23.232,deg,9862220,14445,ABM
8/6/2016 16:00,23.16,deg,9862220,14445,ABM
8/6/2016 17:00,23.016,deg,9862220,14445,ABM
8/6/2016 18:00,22.968,deg,9862220,14445,ABM
8/6/2016 19:00,22.944,deg,9862220,14445,ABM
8/6/2016 20:00,22.896,deg,9862220,14445,ABM
8/6/2016 21:00,22.729,deg,9862220,14445,ABM
8/6/2016 22:00,22.585,deg,9862220,14445,ABM
8/6/2016 23:00,22.417,deg,9862220,14445,ABM
8/7/2016 0:00,22.274,deg,9862220,14445,ABM
8/7/2016 1:00,22.13,deg,9862220,14445,ABM
8/7/2016 2:00,21.963,deg,9862220,14445,ABM
8/7/2016 3:00,21.819,deg,9862220,14445,ABM
8/7/2016 4:00,21.652,deg,9862220,14445,ABM
8/7/2016 5:00,21.485,deg,9862220,14445,ABM
8/7/2016 6:00,21.366,deg,9862220,14445,ABM
8/7/2016 7:00,21.246,deg,9862220,14445,ABM
8/7/2016 8:00,21.199,deg,9862220,14445,ABM
8/7/2016 9:00,21.294,deg,9862220,14445,ABM
8/7/2016 10:00,21.509,deg,9862220,14445,ABM
8/7/2016 11:00,21.939,deg,9862220,14445,ABM
8/7/2016 12:00,22.633,deg,9862220,14445,ABM
8/7/2016 13:00,23.304,deg,9862220,14445,ABM
8/7/2016 14:00,23.93,deg,9862220,14445,ABM
8/7/2016 15:00,24.339,deg,9862220,14445,ABM
8/7/2016 16:00,24.315,deg,9862220,14445,ABM
8/7/2016 17:00,23.833,deg,9862220,14445,ABM
8/7/2016 18:00,23.448,deg,9862220,14445,ABM
8/7/2016 19:00,23.304,deg,9862220,14445,ABM
8/7/2016 20:00,23.16,deg,9862220,14445,ABM
8/7/2016 21:00,22.896,deg,9862220,14445,ABM
8/7/2016 22:00,22.681,deg,9862220,14445,ABM
8/7/2016 23:00,22.489,deg,9862220,14445,ABM
8/8/2016 0:00,22.298,deg,9862220,14445,ABM
8/8/2016 1:00,22.106,deg,9862220,14445,ABM
8/8/2016 2:00,21.915,deg,9862220,14445,ABM
8/8/2016 3:00,21.748,deg,9862220,14445,ABM
8/8/2016 4:00,21.581,deg,9862220,14445,ABM
8/8/2016 5:00,21.437,deg,9862220,14445,ABM
8/8/2016 6:00,21.27,deg,9862220,14445,ABM
8/8/2016 7:00,21.151,deg,9862220,14445,ABM
8/8/2016 8:00,21.127,deg,9862220,14445,ABM
8/8/2016 9:00,21.199,deg,9862220,14445,ABM
8/8/2016 10:00,21.461,deg,9862220,14445,ABM
8/8/2016 11:00,21.867,deg,9862220,14445,ABM
8/8/2016 12:00,22.537,deg,9862220,14445,ABM
8/8/2016 13:00,22.968,deg,9862220,14445,ABM
8/8/2016 14:00,23.521,deg,9862220,14445,ABM
8/8/2016 15:00,23.521,deg,9862220,14445,ABM
8/8/2016 16:00,23.737,deg,9862220,14445,ABM
8/8/2016 17:00,23.376,deg,9862220,14445,ABM
8/8/2016 18:00,23.136,deg,9862220,14445,ABM
8/8/2016 19:00,22.896,deg,9862220,14445,ABM
8/8/2016 20:00,22.705,deg,9862220,14445,ABM
8/8/2016 21:00,22.537,deg,9862220,14445,ABM
8/8/2016 22:00,22.345,deg,9862220,14445,ABM
8/8/2016 23:00,22.154,deg,9862220,14445,ABM
8/9/2016 0:00,21.963,deg,9862220,14445,ABM
8/9/2016 1:00,21.772,deg,9862220,14445,ABM
8/9/2016 2:00,21.581,deg,9862220,14445,ABM
8/9/2016 3:00,21.413,deg,9862220,14445,ABM
8/9/2016 4:00,21.246,deg,9862220,14445,ABM
8/9/2016 5:00,21.103,deg,9862220,14445,ABM
8/9/2016 6:00,20.96,deg,9862220,14445,ABM
8/9/2016 7:00,20.841,deg,9862220,14445,ABM
8/9/2016 8:00,20.793,deg,9862220,14445,ABM
8/9/2016 9:00,20.889,deg,9862220,14445,ABM
8/9/2016 10:00,21.127,deg,9862220,14445,ABM
8/9/2016 11:00,21.628,deg,9862220,14445,ABM
8/9/2016 12:00,22.393,deg,9862220,14445,ABM
8/9/2016 13:00,23.208,deg,9862220,14445,ABM
8/9/2016 14:00,23.737,deg,9862220,14445,ABM
8/9/2016 15:00,24.098,deg,9862220,14445,ABM
8/9/2016 16:00,24.026,deg,9862220,14445,ABM
8/9/2016 17:00,23.593,deg,9862220,14445,ABM
8/9/2016 18:00,23.112,deg,9862220,14445,ABM
8/9/2016 19:00,22.872,deg,9862220,14445,ABM
8/9/2016 20:00,22.753,deg,9862220,14445,ABM
8/9/2016 21:00,22.657,deg,9862220,14445,ABM
8/9/2016 22:00,22.537,deg,9862220,14445,ABM
8/9/2016 23:00,22.441,deg,9862220,14445,ABM
8/10/2016 0:00,22.321,deg,9862220,14445,ABM
8/10/2016 1:00,22.178,deg,9862220,14445,ABM
8/10/2016 2:00,22.034,deg,9862220,14445,ABM
8/10/2016 3:00,21.915,deg,9862220,14445,ABM
8/10/2016 4:00,21.843,deg,9862220,14445,ABM
8/10/2016 5:00,21.819,deg,9862220,14445,ABM
8/10/2016 6:00,21.795,deg,9862220,14445,ABM
8/10/2016 7:00,21.819,deg,9862220,14445,ABM
8/10/2016 8:00,21.891,deg,9862220,14445,ABM
8/10/2016 9:00,21.987,deg,9862220,14445,ABM
8/10/2016 10:00,22.154,deg,9862220,14445,ABM
8/10/2016 11:00,22.274,deg,9862220,14445,ABM
8/10/2016 12:00,22.393,deg,9862220,14445,ABM
8/10/2016 13:00,22.537,deg,9862220,14445,ABM
8/10/2016 14:00,22.513,deg,9862220,14445,ABM
8/10/2016 15:00,22.513,deg,9862220,14445,ABM
8/10/2016 16:00,22.776,deg,9862220,14445,ABM
8/10/2016 17:00,22.657,deg,9862220,14445,ABM
8/10/2016 18:00,22.513,deg,9862220,14445,ABM
8/10/2016 19:00,22.441,deg,9862220,14445,ABM
8/10/2016 20:00,22.345,deg,9862220,14445,ABM
8/10/2016 21:00,22.274,deg,9862220,14445,ABM
8/10/2016 22:00,22.202,deg,9862220,14445,ABM
8/10/2016 23:00,22.202,deg,9862220,14445,ABM
8/11/2016 0:00,22.202,deg,9862220,14445,ABM
8/11/2016 1:00,22.13,deg,9862220,14445,ABM
8/11/2016 2:00,22.106,deg,9862220,14445,ABM
8/11/2016 3:00,22.034,deg,9862220,14445,ABM
8/11/2016 4:00,21.987,deg,9862220,14445,ABM
8/11/2016 5:00,21.939,deg,9862220,14445,ABM
8/11/2016 6:00,21.891,deg,9862220,14445,ABM
8/11/2016 7:00,21.867,deg,9862220,14445,ABM
8/11/2016 8:00,21.891,deg,9862220,14445,ABM
8/11/2016 9:00,21.963,deg,9862220,14445,ABM
8/11/2016 10:00,22.25,deg,9862220,14445,ABM
8/11/2016 11:00,22.705,deg,9862220,14445,ABM
8/11/2016 12:00,23.184,deg,9862220,14445,ABM
8/11/2016 13:00,23.857,deg,9862220,14445,ABM
8/11/2016 14:00,24.243,deg,9862220,14445,ABM
8/11/2016 15:00,24.46,deg,9862220,14445,ABM
8/11/2016 16:00,24.532,deg,9862220,14445,ABM
8/11/2016 17:00,24.436,deg,9862220,14445,ABM
8/11/2016 18:00,24.243,deg,9862220,14445,ABM
8/11/2016 19:00,24.122,deg,9862220,14445,ABM
8/11/2016 20:00,24.002,deg,9862220,14445,ABM
8/11/2016 21:00,23.954,deg,9862220,14445,ABM
8/11/2016 22:00,23.881,deg,9862220,14445,ABM
8/11/2016 23:00,23.761,deg,9862220,14445,ABM
8/12/2016 0:00,23.665,deg,9862220,14445,ABM
8/12/2016 1:00,23.593,deg,9862220,14445,ABM
8/12/2016 2:00,23.545,deg,9862220,14445,ABM
8/12/2016 3:00,23.497,deg,9862220,14445,ABM
8/12/2016 4:00,23.424,deg,9862220,14445,ABM
8/12/2016 5:00,23.328,deg,9862220,14445,ABM
8/12/2016 6:00,23.232,deg,9862220,14445,ABM
8/12/2016 7:00,23.136,deg,9862220,14445,ABM
8/12/2016 8:00,23.16,deg,9862220,14445,ABM
8/12/2016 9:00,23.232,deg,9862220,14445,ABM
8/12/2016 10:00,23.4,deg,9862220,14445,ABM
8/12/2016 11:00,23.737,deg,9862220,14445,ABM
8/12/2016 12:00,24.363,deg,9862220,14445,ABM
8/12/2016 13:00,25.089,deg,9862220,14445,ABM
8/12/2016 14:00,25.55,deg,9862220,14445,ABM
8/12/2016 15:00,25.744,deg,9862220,14445,ABM
8/12/2016 16:00,25.55,deg,9862220,14445,ABM
8/12/2016 17:00,25.258,deg,9862220,14445,ABM
8/12/2016 18:00,25.089,deg,9862220,14445,ABM
8/12/2016 19:00,25.04,deg,9862220,14445,ABM
8/12/2016 20:00,24.944,deg,9862220,14445,ABM
8/12/2016 21:00,24.847,deg,9862220,14445,ABM
8/12/2016 22:00,24.702,deg,9862220,14445,ABM
8/12/2016 23:00,24.557,deg,9862220,14445,ABM
8/13/2016 0:00,24.412,deg,9862220,14445,ABM
8/13/2016 1:00,24.291,deg,9862220,14445,ABM
8/13/2016 2:00,24.171,deg,9862220,14445,ABM
8/13/2016 3:00,24.074,deg,9862220,14445,ABM
8/13/2016 4:00,23.978,deg,9862220,14445,ABM
8/13/2016 5:00,23.881,deg,9862220,14445,ABM
8/13/2016 6:00,23.785,deg,9862220,14445,ABM
8/13/2016 7:00,23.713,deg,9862220,14445,ABM
8/13/2016 8:00,23.665,deg,9862220,14445,ABM
8/13/2016 9:00,23.713,deg,9862220,14445,ABM
8/13/2016 10:00,23.93,deg,9862220,14445,ABM
8/13/2016 11:00,24.363,deg,9862220,14445,ABM
8/13/2016 12:00,25.016,deg,9862220,14445,ABM
8/13/2016 13:00,25.574,deg,9862220,14445,ABM
8/13/2016 14:00,26.109,deg,9862220,14445,ABM
8/13/2016 15:00,26.329,deg,9862220,14445,ABM
8/13/2016 16:00,26.402,deg,9862220,14445,ABM
8/13/2016 17:00,26.061,deg,9862220,14445,ABM
8/13/2016 18:00,25.841,deg,9862220,14445,ABM
8/13/2016 19:00,25.72,deg,9862220,14445,ABM
8/13/2016 20:00,25.598,deg,9862220,14445,ABM
8/13/2016 21:00,25.55,deg,9862220,14445,ABM
8/13/2016 22:00,25.501,deg,9862220,14445,ABM
8/13/2016 23:00,25.307,deg,9862220,14445,ABM
8/14/2016 0:00,25.089,deg,9862220,14445,ABM
8/14/2016 1:00,24.944,deg,9862220,14445,ABM
8/14/2016 2:00,24.847,deg,9862220,14445,ABM
8/14/2016 3:00,24.726,deg,9862220,14445,ABM
8/14/2016 4:00,24.581,deg,9862220,14445,ABM
8/14/2016 5:00,24.436,deg,9862220,14445,ABM
8/14/2016 6:00,24.315,deg,9862220,14445,ABM
8/14/2016 7:00,24.219,deg,9862220,14445,ABM
8/14/2016 8:00,24.195,deg,9862220,14445,ABM
8/14/2016 9:00,24.243,deg,9862220,14445,ABM
8/14/2016 10:00,24.46,deg,9862220,14445,ABM
8/14/2016 11:00,24.823,deg,9862220,14445,ABM
8/14/2016 12:00,25.355,deg,9862220,14445,ABM
8/14/2016 13:00,25.963,deg,9862220,14445,ABM
8/14/2016 14:00,26.402,deg,9862220,14445,ABM
8/14/2016 15:00,26.329,deg,9862220,14445,ABM
8/14/2016 16:00,26.549,deg,9862220,14445,ABM
8/14/2016 17:00,26.329,deg,9862220,14445,ABM
8/14/2016 18:00,26.207,deg,9862220,14445,ABM
8/14/2016 19:00,26.061,deg,9862220,14445,ABM
8/14/2016 20:00,25.914,deg,9862220,14445,ABM
8/14/2016 21:00,25.744,deg,9862220,14445,ABM
8/14/2016 22:00,25.574,deg,9862220,14445,ABM
8/14/2016 23:00,25.404,deg,9862220,14445,ABM
8/15/2016 0:00,25.307,deg,9862220,14445,ABM
8/15/2016 1:00,25.21,deg,9862220,14445,ABM
8/15/2016 2:00,25.113,deg,9862220,14445,ABM
8/15/2016 3:00,25.04,deg,9862220,14445,ABM
8/15/2016 4:00,24.919,deg,9862220,14445,ABM
8/15/2016 5:00,24.823,deg,9862220,14445,ABM
8/15/2016 6:00,24.702,deg,9862220,14445,ABM
8/15/2016 7:00,24.557,deg,9862220,14445,ABM
8/15/2016 8:00,24.484,deg,9862220,14445,ABM
8/15/2016 9:00,24.436,deg,9862220,14445,ABM
8/15/2016 10:00,24.532,deg,9862220,14445,ABM
8/15/2016 11:00,24.871,deg,9862220,14445,ABM
8/15/2016 12:00,25.453,deg,9862220,14445,ABM
8/15/2016 13:00,25.72,deg,9862220,14445,ABM
8/15/2016 14:00,25.987,deg,9862220,14445,ABM
8/15/2016 15:00,25.89,deg,9862220,14445,ABM
8/15/2016 16:00,26.134,deg,9862220,14445,ABM
8/15/2016 17:00,25.89,deg,9862220,14445,ABM
8/15/2016 18:00,25.768,deg,9862220,14445,ABM
8/15/2016 19:00,25.647,deg,9862220,14445,ABM
8/15/2016 20:00,25.501,deg,9862220,14445,ABM
8/15/2016 21:00,25.307,deg,9862220,14445,ABM
8/15/2016 22:00,25.113,deg,9862220,14445,ABM
8/15/2016 23:00,24.944,deg,9862220,14445,ABM
8/16/2016 0:00,24.774,deg,9862220,14445,ABM
8/16/2016 1:00,24.629,deg,9862220,14445,ABM
8/16/2016 2:00,24.508,deg,9862220,14445,ABM
8/16/2016 3:00,24.363,deg,9862220,14445,ABM
8/16/2016 4:00,24.243,deg,9862220,14445,ABM
8/16/2016 5:00,24.122,deg,9862220,14445,ABM
8/16/2016 6:00,24.026,deg,9862220,14445,ABM
8/16/2016 7:00,23.93,deg,9862220,14445,ABM
8/16/2016 8:00,23.954,deg,9862220,14445,ABM
8/16/2016 9:00,24.05,deg,9862220,14445,ABM
8/16/2016 10:00,24.243,deg,9862220,14445,ABM
8/16/2016 11:00,24.508,deg,9862220,14445,ABM
8/16/2016 12:00,24.919,deg,9862220,14445,ABM
8/16/2016 13:00,25.525,deg,9862220,14445,ABM
8/16/2016 14:00,25.987,deg,9862220,14445,ABM
8/16/2016 15:00,26.231,deg,9862220,14445,ABM
8/16/2016 16:00,26.353,deg,9862220,14445,ABM
8/16/2016 17:00,25.987,deg,9862220,14445,ABM
8/16/2016 18:00,25.695,deg,9862220,14445,ABM
8/16/2016 19:00,25.598,deg,9862220,14445,ABM
8/16/2016 20:00,25.525,deg,9862220,14445,ABM
8/16/2016 21:00,25.453,deg,9862220,14445,ABM
8/16/2016 22:00,25.307,deg,9862220,14445,ABM
8/16/2016 23:00,25.186,deg,9862220,14445,ABM
8/17/2016 0:00,25.04,deg,9862220,14445,ABM
8/17/2016 1:00,24.919,deg,9862220,14445,ABM
8/17/2016 2:00,24.847,deg,9862220,14445,ABM
8/17/2016 3:00,24.75,deg,9862220,14445,ABM
8/17/2016 4:00,24.629,deg,9862220,14445,ABM
8/17/2016 5:00,24.508,deg,9862220,14445,ABM
8/17/2016 6:00,24.388,deg,9862220,14445,ABM
8/17/2016 7:00,24.267,deg,9862220,14445,ABM
8/17/2016 8:00,24.219,deg,9862220,14445,ABM
8/17/2016 9:00,24.171,deg,9862220,14445,ABM
8/17/2016 10:00,24.219,deg,9862220,14445,ABM
8/17/2016 11:00,24.412,deg,9862220,14445,ABM
8/17/2016 12:00,24.702,deg,9862220,14445,ABM
8/17/2016 13:00,24.992,deg,9862220,14445,ABM
8/17/2016 14:00,25.258,deg,9862220,14445,ABM
8/17/2016 15:00,25.501,deg,9862220,14445,ABM
8/17/2016 16:00,25.695,deg,9862220,14445,ABM
8/17/2016 17:00,25.38,deg,9862220,14445,ABM
8/17/2016 18:00,25.186,deg,9862220,14445,ABM
8/17/2016 19:00,25.065,deg,9862220,14445,ABM
8/17/2016 20:00,24.871,deg,9862220,14445,ABM
8/17/2016 21:00,24.653,deg,9862220,14445,ABM
8/17/2016 22:00,24.508,deg,9862220,14445,ABM
8/17/2016 23:00,24.363,deg,9862220,14445,ABM
8/18/2016 0:00,24.243,deg,9862220,14445,ABM
8/18/2016 1:00,24.098,deg,9862220,14445,ABM
8/18/2016 2:00,23.978,deg,9862220,14445,ABM
8/18/2016 3:00,23.857,deg,9862220,14445,ABM
8/18/2016 4:00,23.761,deg,9862220,14445,ABM
8/18/2016 5:00,23.665,deg,9862220,14445,ABM
8/18/2016 6:00,23.569,deg,9862220,14445,ABM
8/18/2016 7:00,23.472,deg,9862220,14445,ABM
8/18/2016 8:00,23.424,deg,9862220,14445,ABM
8/18/2016 9:00,23.424,deg,9862220,14445,ABM
8/18/2016 10:00,23.521,deg,9862220,14445,ABM
8/18/2016 11:00,23.761,deg,9862220,14445,ABM
8/18/2016 12:00,24.026,deg,9862220,14445,ABM
8/18/2016 13:00,24.532,deg,9862220,14445,ABM
8/18/2016 14:00,25.04,deg,9862220,14445,ABM
8/18/2016 15:00,25.404,deg,9862220,14445,ABM
8/18/2016 16:00,25.525,deg,9862220,14445,ABM
8/18/2016 17:00,24.992,deg,9862220,14445,ABM
8/18/2016 18:00,24.702,deg,9862220,14445,ABM
8/18/2016 19:00,24.557,deg,9862220,14445,ABM
8/18/2016 20:00,24.46,deg,9862220,14445,ABM
8/18/2016 21:00,24.315,deg,9862220,14445,ABM
8/18/2016 22:00,24.171,deg,9862220,14445,ABM
8/18/2016 23:00,24.002,deg,9862220,14445,ABM
8/19/2016 0:00,23.857,deg,9862220,14445,ABM
8/19/2016 1:00,23.713,deg,9862220,14445,ABM
8/19/2016 2:00,23.569,deg,9862220,14445,ABM
8/19/2016 3:00,23.424,deg,9862220,14445,ABM
8/19/2016 4:00,23.304,deg,9862220,14445,ABM
8/19/2016 5:00,23.184,deg,9862220,14445,ABM
8/19/2016 6:00,23.04,deg,9862220,14445,ABM
8/19/2016 7:00,22.944,deg,9862220,14445,ABM
8/19/2016 8:00,22.92,deg,9862220,14445,ABM
8/19/2016 9:00,22.968,deg,9862220,14445,ABM
8/19/2016 10:00,23.064,deg,9862220,14445,ABM
8/19/2016 11:00,23.328,deg,9862220,14445,ABM
8/19/2016 12:00,23.881,deg,9862220,14445,ABM
8/19/2016 13:00,24.339,deg,9862220,14445,ABM
8/19/2016 14:00,24.702,deg,9862220,14445,ABM
8/19/2016 15:00,24.992,deg,9862220,14445,ABM
8/19/2016 16:00,24.677,deg,9862220,14445,ABM
8/19/2016 17:00,24.388,deg,9862220,14445,ABM
8/19/2016 18:00,24.243,deg,9862220,14445,ABM
8/19/2016 19:00,24.146,deg,9862220,14445,ABM
8/19/2016 20:00,23.978,deg,9862220,14445,ABM
8/19/2016 21:00,23.809,deg,9862220,14445,ABM
8/19/2016 22:00,23.617,deg,9862220,14445,ABM
8/19/2016 23:00,23.424,deg,9862220,14445,ABM
8/20/2016 0:00,23.232,deg,9862220,14445,ABM
8/20/2016 1:00,23.088,deg,9862220,14445,ABM
8/20/2016 2:00,22.944,deg,9862220,14445,ABM
8/20/2016 3:00,22.8,deg,9862220,14445,ABM
8/20/2016 4:00,22.705,deg,9862220,14445,ABM
8/20/2016 5:00,22.585,deg,9862220,14445,ABM
8/20/2016 6:00,22.465,deg,9862220,14445,ABM
8/20/2016 7:00,22.369,deg,9862220,14445,ABM
8/20/2016 8:00,22.345,deg,9862220,14445,ABM
8/20/2016 9:00,22.417,deg,9862220,14445,ABM
8/20/2016 10:00,22.561,deg,9862220,14445,ABM
8/20/2016 11:00,22.92,deg,9862220,14445,ABM
8/20/2016 12:00,23.328,deg,9862220,14445,ABM
8/20/2016 13:00,23.569,deg,9862220,14445,ABM
8/20/2016 14:00,23.978,deg,9862220,14445,ABM
8/20/2016 15:00,24.339,deg,9862220,14445,ABM
8/20/2016 16:00,24.195,deg,9862220,14445,ABM
8/20/2016 17:00,23.954,deg,9862220,14445,ABM
8/20/2016 18:00,23.761,deg,9862220,14445,ABM
8/20/2016 19:00,23.641,deg,9862220,14445,ABM
8/20/2016 20:00,23.472,deg,9862220,14445,ABM
8/20/2016 21:00,23.304,deg,9862220,14445,ABM
8/20/2016 22:00,23.184,deg,9862220,14445,ABM
8/20/2016 23:00,23.04,deg,9862220,14445,ABM
8/21/2016 0:00,22.872,deg,9862220,14445,ABM
8/21/2016 1:00,22.729,deg,9862220,14445,ABM
8/21/2016 2:00,22.585,deg,9862220,14445,ABM
8/21/2016 3:00,22.465,deg,9862220,14445,ABM
8/21/2016 4:00,22.393,deg,9862220,14445,ABM
8/21/2016 5:00,22.345,deg,9862220,14445,ABM
8/21/2016 6:00,22.345,deg,9862220,14445,ABM
8/21/2016 7:00,22.345,deg,9862220,14445,ABM
8/21/2016 8:00,22.417,deg,9862220,14445,ABM
8/21/2016 9:00,22.561,deg,9862220,14445,ABM
8/21/2016 10:00,22.681,deg,9862220,14445,ABM
8/21/2016 11:00,22.8,deg,9862220,14445,ABM
8/21/2016 12:00,23.136,deg,9862220,14445,ABM
8/21/2016 13:00,23.905,deg,9862220,14445,ABM
8/21/2016 14:00,24.436,deg,9862220,14445,ABM
8/21/2016 15:00,24.726,deg,9862220,14445,ABM
8/21/2016 16:00,24.581,deg,9862220,14445,ABM
8/21/2016 17:00,24.291,deg,9862220,14445,ABM
8/21/2016 18:00,24.074,deg,9862220,14445,ABM
8/21/2016 19:00,24.026,deg,9862220,14445,ABM
8/21/2016 20:00,23.93,deg,9862220,14445,ABM
8/21/2016 21:00,23.833,deg,9862220,14445,ABM
8/21/2016 22:00,23.737,deg,9862220,14445,ABM
8/21/2016 23:00,23.641,deg,9862220,14445,ABM
8/22/2016 0:00,23.497,deg,9862220,14445,ABM
8/22/2016 1:00,23.256,deg,9862220,14445,ABM
8/22/2016 2:00,22.968,deg,9862220,14445,ABM
8/22/2016 3:00,22.705,deg,9862220,14445,ABM
8/22/2016 4:00,22.681,deg,9862220,14445,ABM
8/22/2016 5:00,22.561,deg,9862220,14445,ABM
8/22/2016 6:00,22.345,deg,9862220,14445,ABM
8/22/2016 7:00,22.154,deg,9862220,14445,ABM
8/22/2016 8:00,22.058,deg,9862220,14445,ABM
8/22/2016 9:00,22.034,deg,9862220,14445,ABM
8/22/2016 10:00,22.082,deg,9862220,14445,ABM
8/22/2016 11:00,22.226,deg,9862220,14445,ABM
8/22/2016 12:00,22.489,deg,9862220,14445,ABM
8/22/2016 13:00,22.848,deg,9862220,14445,ABM
8/22/2016 14:00,23.16,deg,9862220,14445,ABM
8/22/2016 15:00,23.472,deg,9862220,14445,ABM
8/22/2016 16:00,23.617,deg,9862220,14445,ABM
8/22/2016 17:00,23.328,deg,9862220,14445,ABM
8/22/2016 18:00,23.16,deg,9862220,14445,ABM
8/22/2016 19:00,22.992,deg,9862220,14445,ABM
8/22/2016 20:00,22.8,deg,9862220,14445,ABM
8/22/2016 21:00,22.561,deg,9862220,14445,ABM
8/22/2016 22:00,22.274,deg,9862220,14445,ABM
8/22/2016 23:00,22.011,deg,9862220,14445,ABM
8/23/2016 0:00,21.748,deg,9862220,14445,ABM
8/23/2016 1:00,21.533,deg,9862220,14445,ABM
8/23/2016 2:00,21.294,deg,9862220,14445,ABM
8/23/2016 3:00,21.079,deg,9862220,14445,ABM
8/23/2016 4:00,20.817,deg,9862220,14445,ABM
8/23/2016 5:00,20.555,deg,9862220,14445,ABM
8/23/2016 6:00,20.317,deg,9862220,14445,ABM
8/23/2016 7:00,20.103,deg,9862220,14445,ABM
8/23/2016 8:00,19.936,deg,9862220,14445,ABM
8/23/2016 9:00,19.936,deg,9862220,14445,ABM
8/23/2016 10:00,20.103,deg,9862220,14445,ABM
8/23/2016 11:00,20.388,deg,9862220,14445,ABM
8/23/2016 12:00,20.793,deg,9862220,14445,ABM
8/23/2016 13:00,21.294,deg,9862220,14445,ABM
8/23/2016 14:00,21.724,deg,9862220,14445,ABM
8/23/2016 15:00,21.915,deg,9862220,14445,ABM
8/23/2016 16:00,21.987,deg,9862220,14445,ABM
8/23/2016 17:00,21.628,deg,9862220,14445,ABM
8/23/2016 18:00,21.485,deg,9862220,14445,ABM
8/23/2016 19:00,21.461,deg,9862220,14445,ABM
8/23/2016 20:00,21.342,deg,9862220,14445,ABM
8/23/2016 21:00,21.151,deg,9862220,14445,ABM
8/23/2016 22:00,20.936,deg,9862220,14445,ABM
8/23/2016 23:00,20.746,deg,9862220,14445,ABM
8/24/2016 0:00,20.579,deg,9862220,14445,ABM
8/24/2016 1:00,20.436,deg,9862220,14445,ABM
8/24/2016 2:00,20.293,deg,9862220,14445,ABM
8/24/2016 3:00,20.198,deg,9862220,14445,ABM
8/24/2016 4:00,20.079,deg,9862220,14445,ABM
8/24/2016 5:00,19.984,deg,9862220,14445,ABM
8/24/2016 6:00,19.865,deg,9862220,14445,ABM
8/24/2016 7:00,19.746,deg,9862220,14445,ABM
8/24/2016 8:00,19.698,deg,9862220,14445,ABM
8/24/2016 9:00,19.746,deg,9862220,14445,ABM
8/24/2016 10:00,19.984,deg,9862220,14445,ABM
8/24/2016 11:00,20.341,deg,9862220,14445,ABM
8/24/2016 12:00,20.913,deg,9862220,14445,ABM
8/24/2016 13:00,21.557,deg,9862220,14445,ABM
8/24/2016 14:00,22.082,deg,9862220,14445,ABM
8/24/2016 15:00,22.393,deg,9862220,14445,ABM
8/24/2016 16:00,22.417,deg,9862220,14445,ABM
8/24/2016 17:00,22.011,deg,9862220,14445,ABM
8/24/2016 18:00,21.819,deg,9862220,14445,ABM
8/24/2016 19:00,21.748,deg,9862220,14445,ABM
8/24/2016 20:00,21.676,deg,9862220,14445,ABM
8/24/2016 21:00,21.604,deg,9862220,14445,ABM
8/24/2016 22:00,21.485,deg,9862220,14445,ABM
8/24/2016 23:00,21.294,deg,9862220,14445,ABM
8/25/2016 0:00,21.151,deg,9862220,14445,ABM
8/25/2016 1:00,20.984,deg,9862220,14445,ABM
8/25/2016 2:00,20.841,deg,9862220,14445,ABM
8/25/2016 3:00,20.722,deg,9862220,14445,ABM
8/25/2016 4:00,20.603,deg,9862220,14445,ABM
8/25/2016 5:00,20.484,deg,9862220,14445,ABM
8/25/2016 6:00,20.341,deg,9862220,14445,ABM
8/25/2016 7:00,20.246,deg,9862220,14445,ABM
8/25/2016 8:00,20.174,deg,9862220,14445,ABM
8/25/2016 9:00,20.246,deg,9862220,14445,ABM
8/25/2016 10:00,20.484,deg,9862220,14445,ABM
8/25/2016 11:00,20.889,deg,9862220,14445,ABM
8/25/2016 12:00,21.413,deg,9862220,14445,ABM
8/25/2016 13:00,22.011,deg,9862220,14445,ABM
8/25/2016 14:00,22.369,deg,9862220,14445,ABM
8/25/2016 15:00,22.729,deg,9862220,14445,ABM
8/25/2016 16:00,22.729,deg,9862220,14445,ABM
8/25/2016 17:00,22.345,deg,9862220,14445,ABM
8/25/2016 18:00,22.13,deg,9862220,14445,ABM
8/25/2016 19:00,22.106,deg,9862220,14445,ABM
8/25/2016 20:00,22.082,deg,9862220,14445,ABM
8/25/2016 21:00,22.011,deg,9862220,14445,ABM
8/25/2016 22:00,21.939,deg,9862220,14445,ABM
8/25/2016 23:00,21.867,deg,9862220,14445,ABM
8/26/2016 0:00,21.748,deg,9862220,14445,ABM
8/26/2016 1:00,21.628,deg,9862220,14445,ABM
8/26/2016 2:00,21.509,deg,9862220,14445,ABM
8/26/2016 3:00,21.413,deg,9862220,14445,ABM
8/26/2016 4:00,21.342,deg,9862220,14445,ABM
8/26/2016 5:00,21.27,deg,9862220,14445,ABM
8/26/2016 6:00,21.223,deg,9862220,14445,ABM
8/26/2016 7:00,21.199,deg,9862220,14445,ABM
8/26/2016 8:00,21.199,deg,9862220,14445,ABM
8/26/2016 9:00,21.27,deg,9862220,14445,ABM
8/26/2016 10:00,21.437,deg,9862220,14445,ABM
8/26/2016 11:00,21.748,deg,9862220,14445,ABM
8/26/2016 12:00,22.298,deg,9862220,14445,ABM
8/26/2016 13:00,23.016,deg,9862220,14445,ABM
8/26/2016 14:00,23.641,deg,9862220,14445,ABM
8/26/2016 15:00,23.93,deg,9862220,14445,ABM
8/26/2016 16:00,24.195,deg,9862220,14445,ABM
8/26/2016 17:00,23.978,deg,9862220,14445,ABM
8/26/2016 18:00,23.737,deg,9862220,14445,ABM
8/26/2016 19:00,23.497,deg,9862220,14445,ABM
8/26/2016 20:00,23.28,deg,9862220,14445,ABM
8/26/2016 21:00,23.088,deg,9862220,14445,ABM
8/26/2016 22:00,22.896,deg,9862220,14445,ABM
8/26/2016 23:00,22.729,deg,9862220,14445,ABM
8/27/2016 0:00,22.537,deg,9862220,14445,ABM
8/27/2016 1:00,22.321,deg,9862220,14445,ABM
8/27/2016 2:00,22.154,deg,9862220,14445,ABM
8/27/2016 3:00,22.011,deg,9862220,14445,ABM
8/27/2016 4:00,21.843,deg,9862220,14445,ABM
8/27/2016 5:00,21.7,deg,9862220,14445,ABM
8/27/2016 6:00,21.581,deg,9862220,14445,ABM
8/27/2016 7:00,21.437,deg,9862220,14445,ABM
8/27/2016 8:00,21.366,deg,9862220,14445,ABM
8/27/2016 9:00,21.413,deg,9862220,14445,ABM
8/27/2016 10:00,21.581,deg,9862220,14445,ABM
8/27/2016 11:00,21.915,deg,9862220,14445,ABM
8/27/2016 12:00,22.489,deg,9862220,14445,ABM
8/27/2016 13:00,23.232,deg,9862220,14445,ABM
8/27/2016 14:00,23.737,deg,9862220,14445,ABM
8/27/2016 15:00,24.002,deg,9862220,14445,ABM
8/27/2016 16:00,24.026,deg,9862220,14445,ABM
8/27/2016 17:00,23.545,deg,9862220,14445,ABM
8/27/2016 18:00,23.184,deg,9862220,14445,ABM
8/27/2016 19:00,23.088,deg,9862220,14445,ABM
8/27/2016 20:00,23.016,deg,9862220,14445,ABM
8/27/2016 21:00,22.848,deg,9862220,14445,ABM
8/27/2016 22:00,22.681,deg,9862220,14445,ABM
8/27/2016 23:00,22.465,deg,9862220,14445,ABM
8/28/2016 0:00,22.25,deg,9862220,14445,ABM
8/28/2016 1:00,22.058,deg,9862220,14445,ABM
8/28/2016 2:00,21.867,deg,9862220,14445,ABM
8/28/2016 3:00,21.7,deg,9862220,14445,ABM
8/28/2016 4:00,21.557,deg,9862220,14445,ABM
8/28/2016 5:00,21.413,deg,9862220,14445,ABM
8/28/2016 6:00,21.294,deg,9862220,14445,ABM
8/28/2016 7:00,21.175,deg,9862220,14445,ABM
8/28/2016 8:00,21.151,deg,9862220,14445,ABM
8/28/2016 9:00,21.199,deg,9862220,14445,ABM
8/28/2016 10:00,21.366,deg,9862220,14445,ABM
8/28/2016 11:00,21.7,deg,9862220,14445,ABM
8/28/2016 12:00,22.226,deg,9862220,14445,ABM
8/28/2016 13:00,22.968,deg,9862220,14445,ABM
8/28/2016 14:00,23.521,deg,9862220,14445,ABM
8/28/2016 15:00,23.93,deg,9862220,14445,ABM
8/28/2016 16:00,23.978,deg,9862220,14445,ABM
8/28/2016 17:00,23.497,deg,9862220,14445,ABM
8/28/2016 18:00,23.064,deg,9862220,14445,ABM
8/28/2016 19:00,22.848,deg,9862220,14445,ABM
8/28/2016 20:00,22.729,deg,9862220,14445,ABM
8/28/2016 21:00,22.681,deg,9862220,14445,ABM
8/28/2016 22:00,22.585,deg,9862220,14445,ABM
8/28/2016 23:00,22.465,deg,9862220,14445,ABM
8/29/2016 0:00,22.298,deg,9862220,14445,ABM
8/29/2016 1:00,22.154,deg,9862220,14445,ABM
8/29/2016 2:00,22.011,deg,9862220,14445,ABM
8/29/2016 3:00,21.915,deg,9862220,14445,ABM
8/29/2016 4:00,21.867,deg,9862220,14445,ABM
8/29/2016 5:00,21.795,deg,9862220,14445,ABM
8/29/2016 6:00,21.772,deg,9862220,14445,ABM
8/29/2016 7:00,21.724,deg,9862220,14445,ABM
8/29/2016 8:00,21.748,deg,9862220,14445,ABM
8/29/2016 9:00,21.819,deg,9862220,14445,ABM
8/29/2016 10:00,21.915,deg,9862220,14445,ABM
8/29/2016 11:00,22.082,deg,9862220,14445,ABM
8/29/2016 12:00,22.585,deg,9862220,14445,ABM
8/29/2016 13:00,23.376,deg,9862220,14445,ABM
8/29/2016 14:00,24.05,deg,9862220,14445,ABM
8/29/2016 15:00,24.581,deg,9862220,14445,ABM
8/29/2016 16:00,24.798,deg,9862220,14445,ABM
8/29/2016 17:00,24.388,deg,9862220,14445,ABM
8/29/2016 18:00,23.93,deg,9862220,14445,ABM
8/29/2016 19:00,23.689,deg,9862220,14445,ABM
8/29/2016 20:00,23.448,deg,9862220,14445,ABM
8/29/2016 21:00,23.184,deg,9862220,14445,ABM
8/29/2016 22:00,22.872,deg,9862220,14445,ABM
8/29/2016 23:00,22.609,deg,9862220,14445,ABM
8/30/2016 0:00,22.369,deg,9862220,14445,ABM
8/30/2016 1:00,22.13,deg,9862220,14445,ABM
8/30/2016 2:00,21.915,deg,9862220,14445,ABM
8/30/2016 3:00,21.748,deg,9862220,14445,ABM
8/30/2016 4:00,21.557,deg,9862220,14445,ABM
8/30/2016 5:00,21.39,deg,9862220,14445,ABM
8/30/2016 6:00,21.223,deg,9862220,14445,ABM
8/30/2016 7:00,21.079,deg,9862220,14445,ABM
8/30/2016 8:00,20.984,deg,9862220,14445,ABM
8/30/2016 9:00,21.008,deg,9862220,14445,ABM
8/30/2016 10:00,21.151,deg,9862220,14445,ABM
8/30/2016 11:00,21.437,deg,9862220,14445,ABM
8/30/2016 12:00,22.011,deg,9862220,14445,ABM
8/30/2016 13:00,22.848,deg,9862220,14445,ABM
8/30/2016 14:00,23.328,deg,9862220,14445,ABM
8/30/2016 15:00,23.713,deg,9862220,14445,ABM
8/30/2016 16:00,23.641,deg,9862220,14445,ABM
8/30/2016 17:00,23.304,deg,9862220,14445,ABM
8/30/2016 18:00,22.92,deg,9862220,14445,ABM
8/30/2016 19:00,22.705,deg,9862220,14445,ABM
8/30/2016 20:00,22.537,deg,9862220,14445,ABM
8/30/2016 21:00,22.393,deg,9862220,14445,ABM
8/30/2016 22:00,22.25,deg,9862220,14445,ABM
8/30/2016 23:00,22.058,deg,9862220,14445,ABM
8/31/2016 0:00,21.867,deg,9862220,14445,ABM
8/31/2016 1:00,21.7,deg,9862220,14445,ABM
8/31/2016 2:00,21.533,deg,9862220,14445,ABM
8/31/2016 3:00,21.39,deg,9862220,14445,ABM
8/31/2016 4:00,21.27,deg,9862220,14445,ABM
8/31/2016 5:00,21.151,deg,9862220,14445,ABM
8/31/2016 6:00,21.103,deg,9862220,14445,ABM
8/31/2016 7:00,21.056,deg,9862220,14445,ABM
8/31/2016 8:00,21.056,deg,9862220,14445,ABM
8/31/2016 9:00,21.175,deg,9862220,14445,ABM
8/31/2016 10:00,21.413,deg,9862220,14445,ABM
8/31/2016 11:00,21.7,deg,9862220,14445,ABM
8/31/2016 12:00,21.963,deg,9862220,14445,ABM
8/31/2016 13:00,22.106,deg,9862220,14445,ABM
8/31/2016 14:00,22.154,deg,9862220,14445,ABM
8/31/2016 15:00,22.417,deg,9862220,14445,ABM
8/31/2016 16:00,22.633,deg,9862220,14445,ABM
8/31/2016 17:00,22.537,deg,9862220,14445,ABM
8/31/2016 18:00,22.417,deg,9862220,14445,ABM
8/31/2016 19:00,22.274,deg,9862220,14445,ABM
8/31/2016 20:00,22.154,deg,9862220,14445,ABM
8/31/2016 21:00,22.058,deg,9862220,14445,ABM
8/31/2016 22:00,21.939,deg,9862220,14445,ABM
8/31/2016 23:00,21.843,deg,9862220,14445,ABM
9/1/2016 0:00,21.748,deg,9862220,14445,ABM
9/1/2016 1:00,21.652,deg,9862220,14445,ABM
9/1/2016 2:00,21.581,deg,9862220,14445,ABM
9/1/2016 3:00,21.509,deg,9862220,14445,ABM
9/1/2016 4:00,21.437,deg,9862220,14445,ABM
9/1/2016 5:00,21.39,deg,9862220,14445,ABM
9/1/2016 6:00,21.342,deg,9862220,14445,ABM
9/1/2016 7:00,21.294,deg,9862220,14445,ABM
9/1/2016 8:00,21.27,deg,9862220,14445,ABM
9/1/2016 9:00,21.27,deg,9862220,14445,ABM
9/1/2016 10:00,21.27,deg,9862220,14445,ABM
9/1/2016 11:00,21.342,deg,9862220,14445,ABM
9/1/2016 12:00,21.413,deg,9862220,14445,ABM
9/1/2016 13:00,21.437,deg,9862220,14445,ABM
9/1/2016 14:00,21.437,deg,9862220,14445,ABM
9/1/2016 15:00,21.676,deg,9862220,14445,ABM
9/1/2016 16:00,21.604,deg,9862220,14445,ABM
9/1/2016 17:00,21.604,deg,9862220,14445,ABM
9/1/2016 18:00,21.628,deg,9862220,14445,ABM
9/1/2016 19:00,21.533,deg,9862220,14445,ABM
9/1/2016 20:00,21.437,deg,9862220,14445,ABM
9/1/2016 21:00,21.342,deg,9862220,14445,ABM
9/1/2016 22:00,21.199,deg,9862220,14445,ABM
9/1/2016 23:00,21.079,deg,9862220,14445,ABM
9/2/2016 0:00,20.96,deg,9862220,14445,ABM
9/2/2016 1:00,20.817,deg,9862220,14445,ABM
9/2/2016 2:00,20.674,deg,9862220,14445,ABM
9/2/2016 3:00,20.531,deg,9862220,14445,ABM
9/2/2016 4:00,20.412,deg,9862220,14445,ABM
9/2/2016 5:00,20.293,deg,9862220,14445,ABM
9/2/2016 6:00,20.174,deg,9862220,14445,ABM
9/2/2016 7:00,20.055,deg,9862220,14445,ABM
9/2/2016 8:00,19.96,deg,9862220,14445,ABM
9/2/2016 9:00,19.936,deg,9862220,14445,ABM
9/2/2016 10:00,20.007,deg,9862220,14445,ABM
9/2/2016 11:00,20.222,deg,9862220,14445,ABM
9/2/2016 12:00,20.722,deg,9862220,14445,ABM
9/2/2016 13:00,21.342,deg,9862220,14445,ABM
9/2/2016 14:00,21.676,deg,9862220,14445,ABM
9/2/2016 15:00,21.819,deg,9862220,14445,ABM
9/2/2016 16:00,21.915,deg,9862220,14445,ABM
9/2/2016 17:00,21.724,deg,9862220,14445,ABM
9/2/2016 18:00,21.509,deg,9862220,14445,ABM
9/2/2016 19:00,21.366,deg,9862220,14445,ABM
9/2/2016 20:00,21.199,deg,9862220,14445,ABM
9/2/2016 21:00,21.008,deg,9862220,14445,ABM
9/2/2016 22:00,20.793,deg,9862220,14445,ABM
9/2/2016 23:00,20.603,deg,9862220,14445,ABM
9/3/2016 0:00,20.412,deg,9862220,14445,ABM
9/3/2016 1:00,20.246,deg,9862220,14445,ABM
9/3/2016 2:00,20.103,deg,9862220,14445,ABM
9/3/2016 3:00,19.984,deg,9862220,14445,ABM
9/3/2016 4:00,19.888,deg,9862220,14445,ABM
9/3/2016 5:00,19.793,deg,9862220,14445,ABM
9/3/2016 6:00,19.722,deg,9862220,14445,ABM
9/3/2016 7:00,19.627,deg,9862220,14445,ABM
9/3/2016 8:00,19.555,deg,9862220,14445,ABM
9/3/2016 9:00,19.603,deg,9862220,14445,ABM
9/3/2016 10:00,19.746,deg,9862220,14445,ABM
9/3/2016 11:00,19.936,deg,9862220,14445,ABM
9/3/2016 12:00,20.174,deg,9862220,14445,ABM
9/3/2016 13:00,20.341,deg,9862220,14445,ABM
9/3/2016 14:00,20.46,deg,9862220,14445,ABM
9/3/2016 15:00,20.484,deg,9862220,14445,ABM
9/3/2016 16:00,20.579,deg,9862220,14445,ABM
9/3/2016 17:00,20.484,deg,9862220,14445,ABM
9/3/2016 18:00,20.341,deg,9862220,14445,ABM
9/3/2016 19:00,20.198,deg,9862220,14445,ABM
9/3/2016 20:00,19.984,deg,9862220,14445,ABM
9/3/2016 21:00,19.77,deg,9862220,14445,ABM
9/3/2016 22:00,19.555,deg,9862220,14445,ABM
9/3/2016 23:00,19.365,deg,9862220,14445,ABM
9/4/2016 0:00,19.199,deg,9862220,14445,ABM
9/4/2016 1:00,19.08,deg,9862220,14445,ABM
9/4/2016 2:00,18.961,deg,9862220,14445,ABM
9/4/2016 3:00,18.818,deg,9862220,14445,ABM
9/4/2016 4:00,18.699,deg,9862220,14445,ABM
9/4/2016 5:00,18.604,deg,9862220,14445,ABM
9/4/2016 6:00,18.485,deg,9862220,14445,ABM
9/4/2016 7:00,18.366,deg,9862220,14445,ABM
9/4/2016 8:00,18.295,deg,9862220,14445,ABM
9/4/2016 9:00,18.295,deg,9862220,14445,ABM
9/4/2016 10:00,18.366,deg,9862220,14445,ABM
9/4/2016 11:00,18.604,deg,9862220,14445,ABM
9/4/2016 12:00,19.08,deg,9862220,14445,ABM
9/4/2016 13:00,19.77,deg,9862220,14445,ABM
9/4/2016 14:00,20.365,deg,9862220,14445,ABM
9/4/2016 15:00,20.841,deg,9862220,14445,ABM
9/4/2016 16:00,20.984,deg,9862220,14445,ABM
9/4/2016 17:00,20.627,deg,9862220,14445,ABM
9/4/2016 18:00,20.341,deg,9862220,14445,ABM
9/4/2016 19:00,20.15,deg,9862220,14445,ABM
9/4/2016 20:00,19.984,deg,9862220,14445,ABM
9/4/2016 21:00,19.793,deg,9862220,14445,ABM
9/4/2016 22:00,19.555,deg,9862220,14445,ABM
9/4/2016 23:00,19.341,deg,9862220,14445,ABM
9/5/2016 0:00,19.103,deg,9862220,14445,ABM
9/5/2016 1:00,18.913,deg,9862220,14445,ABM
9/5/2016 2:00,18.723,deg,9862220,14445,ABM
9/5/2016 3:00,18.58,deg,9862220,14445,ABM
9/5/2016 4:00,18.461,deg,9862220,14445,ABM
9/5/2016 5:00,18.39,deg,9862220,14445,ABM
9/5/2016 6:00,18.271,deg,9862220,14445,ABM
9/5/2016 7:00,18.176,deg,9862220,14445,ABM
9/5/2016 8:00,18.152,deg,9862220,14445,ABM
9/5/2016 9:00,18.224,deg,9862220,14445,ABM
9/5/2016 10:00,18.366,deg,9862220,14445,ABM
9/5/2016 11:00,18.557,deg,9862220,14445,ABM
9/5/2016 12:00,18.723,deg,9862220,14445,ABM
9/5/2016 13:00,19.151,deg,9862220,14445,ABM
9/5/2016 14:00,19.508,deg,9862220,14445,ABM
9/5/2016 15:00,19.984,deg,9862220,14445,ABM
9/5/2016 16:00,20.412,deg,9862220,14445,ABM
9/5/2016 17:00,20.222,deg,9862220,14445,ABM
9/5/2016 18:00,20.031,deg,9862220,14445,ABM
9/5/2016 19:00,19.888,deg,9862220,14445,ABM
9/5/2016 20:00,19.746,deg,9862220,14445,ABM
9/5/2016 21:00,19.603,deg,9862220,14445,ABM
9/5/2016 22:00,19.46,deg,9862220,14445,ABM
9/5/2016 23:00,19.294,deg,9862220,14445,ABM
9/6/2016 0:00,19.151,deg,9862220,14445,ABM
9/6/2016 1:00,19.008,deg,9862220,14445,ABM
9/6/2016 2:00,18.889,deg,9862220,14445,ABM
9/6/2016 3:00,18.794,deg,9862220,14445,ABM
9/6/2016 4:00,18.723,deg,9862220,14445,ABM
9/6/2016 5:00,18.675,deg,9862220,14445,ABM
9/6/2016 6:00,18.675,deg,9862220,14445,ABM
9/6/2016 7:00,18.699,deg,9862220,14445,ABM
9/6/2016 8:00,18.747,deg,9862220,14445,ABM
9/6/2016 9:00,18.818,deg,9862220,14445,ABM
9/6/2016 10:00,18.937,deg,9862220,14445,ABM
9/6/2016 11:00,19.056,deg,9862220,14445,ABM
9/6/2016 12:00,19.294,deg,9862220,14445,ABM
9/6/2016 13:00,19.46,deg,9862220,14445,ABM
9/6/2016 14:00,19.651,deg,9862220,14445,ABM
9/6/2016 15:00,19.793,deg,9862220,14445,ABM
9/6/2016 16:00,19.865,deg,9862220,14445,ABM
9/6/2016 17:00,19.936,deg,9862220,14445,ABM
9/6/2016 18:00,19.912,deg,9862220,14445,ABM
9/6/2016 19:00,19.888,deg,9862220,14445,ABM
9/6/2016 20:00,19.817,deg,9862220,14445,ABM
9/6/2016 21:00,19.77,deg,9862220,14445,ABM
9/6/2016 22:00,19.722,deg,9862220,14445,ABM
9/6/2016 23:00,19.674,deg,9862220,14445,ABM
9/7/2016 0:00,19.651,deg,9862220,14445,ABM
9/7/2016 1:00,19.627,deg,9862220,14445,ABM
9/7/2016 2:00,19.603,deg,9862220,14445,ABM
9/7/2016 3:00,19.579,deg,9862220,14445,ABM
9/7/2016 4:00,19.555,deg,9862220,14445,ABM
9/7/2016 5:00,19.555,deg,9862220,14445,ABM
9/7/2016 6:00,19.532,deg,9862220,14445,ABM
9/7/2016 7:00,19.484,deg,9862220,14445,ABM
9/7/2016 8:00,19.508,deg,9862220,14445,ABM
9/7/2016 9:00,19.579,deg,9862220,14445,ABM
9/7/2016 10:00,19.722,deg,9862220,14445,ABM
9/7/2016 11:00,19.96,deg,9862220,14445,ABM
9/7/2016 12:00,20.222,deg,9862220,14445,ABM
9/7/2016 13:00,20.555,deg,9862220,14445,ABM
9/7/2016 14:00,21.294,deg,9862220,14445,ABM
9/7/2016 15:00,21.867,deg,9862220,14445,ABM
9/7/2016 16:00,22.058,deg,9862220,14445,ABM
9/7/2016 17:00,21.724,deg,9862220,14445,ABM
9/7/2016 18:00,21.557,deg,9862220,14445,ABM
9/7/2016 19:00,21.461,deg,9862220,14445,ABM
9/7/2016 20:00,21.366,deg,9862220,14445,ABM
9/7/2016 21:00,21.223,deg,9862220,14445,ABM
9/7/2016 22:00,21.151,deg,9862220,14445,ABM
9/7/2016 23:00,21.056,deg,9862220,14445,ABM
9/8/2016 0:00,20.936,deg,9862220,14445,ABM
9/8/2016 1:00,20.841,deg,9862220,14445,ABM
9/8/2016 2:00,20.746,deg,9862220,14445,ABM
9/8/2016 3:00,20.65,deg,9862220,14445,ABM
9/8/2016 4:00,20.555,deg,9862220,14445,ABM
9/8/2016 5:00,20.46,deg,9862220,14445,ABM
9/8/2016 6:00,20.365,deg,9862220,14445,ABM
9/8/2016 7:00,20.269,deg,9862220,14445,ABM
9/8/2016 8:00,20.222,deg,9862220,14445,ABM
9/8/2016 9:00,20.246,deg,9862220,14445,ABM
9/8/2016 10:00,20.365,deg,9862220,14445,ABM
9/8/2016 11:00,20.674,deg,9862220,14445,ABM
9/8/2016 12:00,21.151,deg,9862220,14445,ABM
9/8/2016 13:00,21.7,deg,9862220,14445,ABM
9/8/2016 14:00,22.058,deg,9862220,14445,ABM
9/8/2016 15:00,22.393,deg,9862220,14445,ABM
9/8/2016 16:00,22.657,deg,9862220,14445,ABM
9/8/2016 17:00,22.441,deg,9862220,14445,ABM
9/8/2016 18:00,22.178,deg,9862220,14445,ABM
9/8/2016 19:00,21.987,deg,9862220,14445,ABM
9/8/2016 20:00,21.867,deg,9862220,14445,ABM
9/8/2016 21:00,21.795,deg,9862220,14445,ABM
9/8/2016 22:00,21.772,deg,9862220,14445,ABM
9/8/2016 23:00,21.748,deg,9862220,14445,ABM
9/9/2016 0:00,21.7,deg,9862220,14445,ABM
9/9/2016 1:00,21.652,deg,9862220,14445,ABM
9/9/2016 2:00,21.581,deg,9862220,14445,ABM
9/9/2016 3:00,21.509,deg,9862220,14445,ABM
9/9/2016 4:00,21.437,deg,9862220,14445,ABM
9/9/2016 5:00,21.366,deg,9862220,14445,ABM
9/9/2016 6:00,21.318,deg,9862220,14445,ABM
9/9/2016 7:00,21.294,deg,9862220,14445,ABM
9/9/2016 8:00,21.318,deg,9862220,14445,ABM
9/9/2016 9:00,21.366,deg,9862220,14445,ABM
9/9/2016 10:00,21.604,deg,9862220,14445,ABM
9/9/2016 11:00,21.891,deg,9862220,14445,ABM
9/9/2016 12:00,22.298,deg,9862220,14445,ABM
9/9/2016 13:00,22.8,deg,9862220,14445,ABM
9/9/2016 14:00,22.992,deg,9862220,14445,ABM
9/9/2016 15:00,23.04,deg,9862220,14445,ABM
9/9/2016 16:00,23.28,deg,9862220,14445,ABM
9/9/2016 17:00,23.112,deg,9862220,14445,ABM
9/9/2016 18:00,22.968,deg,9862220,14445,ABM
9/9/2016 19:00,22.872,deg,9862220,14445,ABM
9/9/2016 20:00,22.776,deg,9862220,14445,ABM
9/9/2016 21:00,22.705,deg,9862220,14445,ABM
9/9/2016 22:00,22.633,deg,9862220,14445,ABM
9/9/2016 23:00,22.585,deg,9862220,14445,ABM
9/10/2016 0:00,22.513,deg,9862220,14445,ABM
9/10/2016 1:00,22.465,deg,9862220,14445,ABM
9/10/2016 2:00,22.369,deg,9862220,14445,ABM
9/10/2016 3:00,22.321,deg,9862220,14445,ABM
9/10/2016 4:00,22.25,deg,9862220,14445,ABM
9/10/2016 5:00,22.178,deg,9862220,14445,ABM
9/10/2016 6:00,22.13,deg,9862220,14445,ABM
9/10/2016 7:00,22.058,deg,9862220,14445,ABM
9/10/2016 8:00,22.034,deg,9862220,14445,ABM
9/10/2016 9:00,22.106,deg,9862220,14445,ABM
9/10/2016 10:00,22.25,deg,9862220,14445,ABM
9/10/2016 11:00,22.393,deg,9862220,14445,ABM
9/10/2016 12:00,22.681,deg,9862220,14445,ABM
9/10/2016 13:00,23.256,deg,9862220,14445,ABM
9/10/2016 14:00,23.785,deg,9862220,14445,ABM
9/10/2016 15:00,24.171,deg,9862220,14445,ABM
9/10/2016 16:00,24.122,deg,9862220,14445,ABM
9/10/2016 17:00,23.954,deg,9862220,14445,ABM
9/10/2016 18:00,23.809,deg,9862220,14445,ABM
9/10/2016 19:00,23.665,deg,9862220,14445,ABM
9/10/2016 20:00,23.593,deg,9862220,14445,ABM
9/10/2016 21:00,23.521,deg,9862220,14445,ABM
9/10/2016 22:00,23.472,deg,9862220,14445,ABM
9/10/2016 23:00,23.424,deg,9862220,14445,ABM
9/11/2016 0:00,23.352,deg,9862220,14445,ABM
9/11/2016 1:00,23.256,deg,9862220,14445,ABM
9/11/2016 2:00,23.16,deg,9862220,14445,ABM
9/11/2016 3:00,23.088,deg,9862220,14445,ABM
9/11/2016 4:00,23.04,deg,9862220,14445,ABM
9/11/2016 5:00,22.992,deg,9862220,14445,ABM
9/11/2016 6:00,22.968,deg,9862220,14445,ABM
9/11/2016 7:00,22.92,deg,9862220,14445,ABM
9/11/2016 8:00,22.92,deg,9862220,14445,ABM
9/11/2016 9:00,22.944,deg,9862220,14445,ABM
9/11/2016 10:00,22.968,deg,9862220,14445,ABM
9/11/2016 11:00,22.92,deg,9862220,14445,ABM
9/11/2016 12:00,22.992,deg,9862220,14445,ABM
9/11/2016 13:00,23.304,deg,9862220,14445,ABM
9/11/2016 14:00,23.665,deg,9862220,14445,ABM
9/11/2016 15:00,24.05,deg,9862220,14445,ABM
9/11/2016 16:00,24.315,deg,9862220,14445,ABM
9/11/2016 17:00,23.93,deg,9862220,14445,ABM
9/11/2016 18:00,23.545,deg,9862220,14445,ABM
9/11/2016 19:00,23.256,deg,9862220,14445,ABM
9/11/2016 20:00,23.016,deg,9862220,14445,ABM
9/11/2016 21:00,22.729,deg,9862220,14445,ABM
9/11/2016 22:00,22.441,deg,9862220,14445,ABM
9/11/2016 23:00,22.13,deg,9862220,14445,ABM
9/12/2016 0:00,21.867,deg,9862220,14445,ABM
9/12/2016 1:00,21.628,deg,9862220,14445,ABM
9/12/2016 2:00,21.413,deg,9862220,14445,ABM
9/12/2016 3:00,21.223,deg,9862220,14445,ABM
9/12/2016 4:00,21.008,deg,9862220,14445,ABM
9/12/2016 5:00,20.793,deg,9862220,14445,ABM
9/12/2016 6:00,20.579,deg,9862220,14445,ABM
9/12/2016 7:00,20.365,deg,9862220,14445,ABM
9/12/2016 8:00,20.222,deg,9862220,14445,ABM
9/12/2016 9:00,20.174,deg,9862220,14445,ABM
9/12/2016 10:00,20.222,deg,9862220,14445,ABM
9/12/2016 11:00,20.388,deg,9862220,14445,ABM
9/12/2016 12:00,20.698,deg,9862220,14445,ABM
9/12/2016 13:00,21.437,deg,9862220,14445,ABM
9/12/2016 14:00,22.106,deg,9862220,14445,ABM
9/12/2016 15:00,22.561,deg,9862220,14445,ABM
9/12/2016 16:00,22.753,deg,9862220,14445,ABM
9/12/2016 17:00,22.178,deg,9862220,14445,ABM
9/12/2016 18:00,21.628,deg,9862220,14445,ABM
9/12/2016 19:00,21.318,deg,9862220,14445,ABM
9/12/2016 20:00,21.103,deg,9862220,14445,ABM
9/12/2016 21:00,20.865,deg,9862220,14445,ABM
9/12/2016 22:00,20.627,deg,9862220,14445,ABM
9/12/2016 23:00,20.388,deg,9862220,14445,ABM
9/13/2016 0:00,20.198,deg,9862220,14445,ABM
9/13/2016 1:00,19.984,deg,9862220,14445,ABM
9/13/2016 2:00,19.817,deg,9862220,14445,ABM
9/13/2016 3:00,19.627,deg,9862220,14445,ABM
9/13/2016 4:00,19.46,deg,9862220,14445,ABM
9/13/2016 5:00,19.294,deg,9862220,14445,ABM
9/13/2016 6:00,19.151,deg,9862220,14445,ABM
9/13/2016 7:00,19.032,deg,9862220,14445,ABM
9/13/2016 8:00,18.913,deg,9862220,14445,ABM
9/13/2016 9:00,18.937,deg,9862220,14445,ABM
9/13/2016 10:00,19.056,deg,9862220,14445,ABM
9/13/2016 11:00,19.27,deg,9862220,14445,ABM
9/13/2016 12:00,19.722,deg,9862220,14445,ABM
9/13/2016 13:00,20.507,deg,9862220,14445,ABM
9/13/2016 14:00,21.246,deg,9862220,14445,ABM
9/13/2016 15:00,21.7,deg,9862220,14445,ABM
9/13/2016 16:00,21.891,deg,9862220,14445,ABM
9/13/2016 17:00,21.437,deg,9862220,14445,ABM
9/13/2016 18:00,20.984,deg,9862220,14445,ABM
9/13/2016 19:00,20.674,deg,9862220,14445,ABM
9/13/2016 20:00,20.484,deg,9862220,14445,ABM
9/13/2016 21:00,20.317,deg,9862220,14445,ABM
9/13/2016 22:00,20.174,deg,9862220,14445,ABM
9/13/2016 23:00,20.031,deg,9862220,14445,ABM
9/14/2016 0:00,19.888,deg,9862220,14445,ABM
9/14/2016 1:00,19.77,deg,9862220,14445,ABM
9/14/2016 2:00,19.627,deg,9862220,14445,ABM
9/14/2016 3:00,19.508,deg,9862220,14445,ABM
9/14/2016 4:00,19.389,deg,9862220,14445,ABM
9/14/2016 5:00,19.27,deg,9862220,14445,ABM
9/14/2016 6:00,19.151,deg,9862220,14445,ABM
9/14/2016 7:00,19.056,deg,9862220,14445,ABM
9/14/2016 8:00,18.985,deg,9862220,14445,ABM
9/14/2016 9:00,19.008,deg,9862220,14445,ABM
9/14/2016 10:00,19.151,deg,9862220,14445,ABM
9/14/2016 11:00,19.436,deg,9862220,14445,ABM
9/14/2016 12:00,19.888,deg,9862220,14445,ABM
9/14/2016 13:00,20.746,deg,9862220,14445,ABM
9/14/2016 14:00,21.533,deg,9862220,14445,ABM
9/14/2016 15:00,22.106,deg,9862220,14445,ABM
9/14/2016 16:00,22.226,deg,9862220,14445,ABM
9/14/2016 17:00,21.891,deg,9862220,14445,ABM
9/14/2016 18:00,21.413,deg,9862220,14445,ABM
9/14/2016 19:00,21.199,deg,9862220,14445,ABM
9/14/2016 20:00,21.032,deg,9862220,14445,ABM
9/14/2016 21:00,20.913,deg,9862220,14445,ABM
9/14/2016 22:00,20.746,deg,9862220,14445,ABM
9/14/2016 23:00,20.555,deg,9862220,14445,ABM
9/15/2016 0:00,20.388,deg,9862220,14445,ABM
9/15/2016 1:00,20.174,deg,9862220,14445,ABM
9/15/2016 2:00,19.96,deg,9862220,14445,ABM
9/15/2016 3:00,19.722,deg,9862220,14445,ABM
9/15/2016 4:00,19.484,deg,9862220,14445,ABM
9/15/2016 5:00,19.246,deg,9862220,14445,ABM
9/15/2016 6:00,19.032,deg,9862220,14445,ABM
9/15/2016 7:00,18.818,deg,9862220,14445,ABM
9/15/2016 8:00,18.652,deg,9862220,14445,ABM
9/15/2016 9:00,18.58,deg,9862220,14445,ABM
9/15/2016 10:00,18.58,deg,9862220,14445,ABM
9/15/2016 11:00,18.652,deg,9862220,14445,ABM
9/15/2016 12:00,18.937,deg,9862220,14445,ABM
9/15/2016 13:00,19.674,deg,9862220,14445,ABM
9/15/2016 14:00,20.46,deg,9862220,14445,ABM
9/15/2016 15:00,21.056,deg,9862220,14445,ABM
9/15/2016 16:00,21.294,deg,9862220,14445,ABM
9/15/2016 17:00,20.865,deg,9862220,14445,ABM
9/15/2016 18:00,20.412,deg,9862220,14445,ABM
9/15/2016 19:00,20.007,deg,9862220,14445,ABM
9/15/2016 20:00,19.674,deg,9862220,14445,ABM
9/15/2016 21:00,19.436,deg,9862220,14445,ABM
9/15/2016 22:00,19.222,deg,9862220,14445,ABM
9/15/2016 23:00,19.032,deg,9862220,14445,ABM
9/16/2016 0:00,18.866,deg,9862220,14445,ABM
9/16/2016 1:00,18.699,deg,9862220,14445,ABM
9/16/2016 2:00,18.557,deg,9862220,14445,ABM
9/16/2016 3:00,18.438,deg,9862220,14445,ABM
9/16/2016 4:00,18.319,deg,9862220,14445,ABM
9/16/2016 5:00,18.2,deg,9862220,14445,ABM
9/16/2016 6:00,18.057,deg,9862220,14445,ABM
9/16/2016 7:00,17.938,deg,9862220,14445,ABM
9/16/2016 8:00,17.938,deg,9862220,14445,ABM
9/16/2016 9:00,18.081,deg,9862220,14445,ABM
9/16/2016 10:00,18.176,deg,9862220,14445,ABM
9/16/2016 11:00,18.366,deg,9862220,14445,ABM
9/16/2016 12:00,18.604,deg,9862220,14445,ABM
9/16/2016 13:00,19.008,deg,9862220,14445,ABM
9/16/2016 14:00,19.532,deg,9862220,14445,ABM
9/16/2016 15:00,19.96,deg,9862220,14445,ABM
9/16/2016 16:00,20.222,deg,9862220,14445,ABM
9/16/2016 17:00,19.746,deg,9862220,14445,ABM
9/16/2016 18:00,19.294,deg,9862220,14445,ABM
9/16/2016 19:00,18.985,deg,9862220,14445,ABM
9/16/2016 20:00,18.771,deg,9862220,14445,ABM
9/16/2016 21:00,18.58,deg,9862220,14445,ABM
9/16/2016 22:00,18.414,deg,9862220,14445,ABM
9/16/2016 23:00,18.224,deg,9862220,14445,ABM
9/17/2016 0:00,18.01,deg,9862220,14445,ABM
9/17/2016 1:00,17.772,deg,9862220,14445,ABM
9/17/2016 2:00,17.582,deg,9862220,14445,ABM
9/17/2016 3:00,17.415,deg,9862220,14445,ABM
9/17/2016 4:00,17.249,deg,9862220,14445,ABM
9/17/2016 5:00,17.106,deg,9862220,14445,ABM
9/17/2016 6:00,16.987,deg,9862220,14445,ABM
9/17/2016 7:00,16.844,deg,9862220,14445,ABM
9/17/2016 8:00,16.773,deg,9862220,14445,ABM
9/17/2016 9:00,16.796,deg,9862220,14445,ABM
9/17/2016 10:00,16.963,deg,9862220,14445,ABM
9/17/2016 11:00,17.249,deg,9862220,14445,ABM
9/17/2016 12:00,17.653,deg,9862220,14445,ABM
9/17/2016 13:00,18.414,deg,9862220,14445,ABM
9/17/2016 14:00,19.199,deg,9862220,14445,ABM
9/17/2016 15:00,19.722,deg,9862220,14445,ABM
9/17/2016 16:00,19.888,deg,9862220,14445,ABM
9/17/2016 17:00,19.579,deg,9862220,14445,ABM
9/17/2016 18:00,19.127,deg,9862220,14445,ABM
9/17/2016 19:00,18.866,deg,9862220,14445,ABM
9/17/2016 20:00,18.675,deg,9862220,14445,ABM
9/17/2016 21:00,18.58,deg,9862220,14445,ABM
9/17/2016 22:00,18.509,deg,9862220,14445,ABM
9/17/2016 23:00,18.461,deg,9862220,14445,ABM
9/18/2016 0:00,18.414,deg,9862220,14445,ABM
9/18/2016 1:00,18.366,deg,9862220,14445,ABM
9/18/2016 2:00,18.295,deg,9862220,14445,ABM
9/18/2016 3:00,18.224,deg,9862220,14445,ABM
9/18/2016 4:00,18.129,deg,9862220,14445,ABM
9/18/2016 5:00,18.057,deg,9862220,14445,ABM
9/18/2016 6:00,17.986,deg,9862220,14445,ABM
9/18/2016 7:00,17.938,deg,9862220,14445,ABM
9/18/2016 8:00,17.938,deg,9862220,14445,ABM
9/18/2016 9:00,18.057,deg,9862220,14445,ABM
9/18/2016 10:00,18.224,deg,9862220,14445,ABM
9/18/2016 11:00,18.39,deg,9862220,14445,ABM
9/18/2016 12:00,18.675,deg,9862220,14445,ABM
9/18/2016 13:00,18.866,deg,9862220,14445,ABM
9/18/2016 14:00,18.985,deg,9862220,14445,ABM
9/18/2016 15:00,19.413,deg,9862220,14445,ABM
9/18/2016 16:00,19.508,deg,9862220,14445,ABM
9/18/2016 17:00,19.508,deg,9862220,14445,ABM
9/18/2016 18:00,19.436,deg,9862220,14445,ABM
9/18/2016 19:00,19.341,deg,9862220,14445,ABM
9/18/2016 20:00,19.222,deg,9862220,14445,ABM
9/18/2016 21:00,19.199,deg,9862220,14445,ABM
9/18/2016 22:00,19.151,deg,9862220,14445,ABM
9/18/2016 23:00,19.127,deg,9862220,14445,ABM
9/19/2016 0:00,19.08,deg,9862220,14445,ABM
9/19/2016 1:00,19.032,deg,9862220,14445,ABM
9/19/2016 2:00,19.008,deg,9862220,14445,ABM
9/19/2016 3:00,18.985,deg,9862220,14445,ABM
9/19/2016 4:00,18.961,deg,9862220,14445,ABM
9/19/2016 5:00,18.913,deg,9862220,14445,ABM
9/19/2016 6:00,18.913,deg,9862220,14445,ABM
9/19/2016 7:00,18.937,deg,9862220,14445,ABM
9/19/2016 8:00,19.008,deg,9862220,14445,ABM
9/19/2016 9:00,19.222,deg,9862220,14445,ABM
9/19/2016 10:00,19.175,deg,9862220,14445,ABM
9/19/2016 11:00,19.151,deg,9862220,14445,ABM
9/19/2016 12:00,19.151,deg,9862220,14445,ABM
9/19/2016 13:00,19.222,deg,9862220,14445,ABM
9/19/2016 14:00,19.246,deg,9862220,14445,ABM
9/19/2016 15:00,19.246,deg,9862220,14445,ABM
9/19/2016 16:00,19.27,deg,9862220,14445,ABM
9/19/2016 17:00,19.246,deg,9862220,14445,ABM
9/19/2016 18:00,19.222,deg,9862220,14445,ABM
9/19/2016 19:00,19.199,deg,9862220,14445,ABM
9/19/2016 20:00,19.151,deg,9862220,14445,ABM
9/19/2016 21:00,19.103,deg,9862220,14445,ABM
9/19/2016 22:00,19.08,deg,9862220,14445,ABM
9/19/2016 23:00,19.032,deg,9862220,14445,ABM
9/20/2016 0:00,19.008,deg,9862220,14445,ABM
9/20/2016 1:00,18.985,deg,9862220,14445,ABM
9/20/2016 2:00,18.961,deg,9862220,14445,ABM
9/20/2016 3:00,18.937,deg,9862220,14445,ABM
9/20/2016 4:00,18.889,deg,9862220,14445,ABM
9/20/2016 5:00,18.866,deg,9862220,14445,ABM
9/20/2016 6:00,18.842,deg,9862220,14445,ABM
9/20/2016 7:00,18.842,deg,9862220,14445,ABM
9/20/2016 8:00,18.842,deg,9862220,14445,ABM
9/20/2016 9:00,18.913,deg,9862220,14445,ABM
9/20/2016 10:00,19.032,deg,9862220,14445,ABM
9/20/2016 11:00,19.175,deg,9862220,14445,ABM
9/20/2016 12:00,19.508,deg,9862220,14445,ABM
9/20/2016 13:00,20.031,deg,9862220,14445,ABM
9/20/2016 14:00,20.484,deg,9862220,14445,ABM
9/20/2016 15:00,20.746,deg,9862220,14445,ABM
9/20/2016 16:00,20.793,deg,9862220,14445,ABM
9/20/2016 17:00,20.627,deg,9862220,14445,ABM
9/20/2016 18:00,20.436,deg,9862220,14445,ABM
9/20/2016 19:00,20.293,deg,9862220,14445,ABM
9/20/2016 20:00,20.198,deg,9862220,14445,ABM
9/20/2016 21:00,20.222,deg,9862220,14445,ABM
9/20/2016 22:00,20.174,deg,9862220,14445,ABM
9/20/2016 23:00,20.055,deg,9862220,14445,ABM
9/21/2016 0:00,19.936,deg,9862220,14445,ABM
9/21/2016 1:00,19.817,deg,9862220,14445,ABM
9/21/2016 2:00,19.722,deg,9862220,14445,ABM
9/21/2016 3:00,19.627,deg,9862220,14445,ABM
9/21/2016 4:00,19.532,deg,9862220,14445,ABM
9/21/2016 5:00,19.436,deg,9862220,14445,ABM
9/21/2016 6:00,19.365,deg,9862220,14445,ABM
9/21/2016 7:00,19.27,deg,9862220,14445,ABM
9/21/2016 8:00,19.222,deg,9862220,14445,ABM
9/21/2016 9:00,19.27,deg,9862220,14445,ABM
9/21/2016 10:00,19.365,deg,9862220,14445,ABM
9/21/2016 11:00,19.555,deg,9862220,14445,ABM
9/21/2016 12:00,19.841,deg,9862220,14445,ABM
9/21/2016 13:00,20.293,deg,9862220,14445,ABM
9/21/2016 14:00,20.793,deg,9862220,14445,ABM
9/21/2016 15:00,21.151,deg,9862220,14445,ABM
9/21/2016 16:00,21.318,deg,9862220,14445,ABM
9/21/2016 17:00,21.056,deg,9862220,14445,ABM
9/21/2016 18:00,20.841,deg,9862220,14445,ABM
9/21/2016 19:00,20.674,deg,9862220,14445,ABM
9/21/2016 20:00,20.484,deg,9862220,14445,ABM
9/21/2016 21:00,20.246,deg,9862220,14445,ABM
9/21/2016 22:00,20.031,deg,9862220,14445,ABM
9/21/2016 23:00,19.841,deg,9862220,14445,ABM
9/22/2016 0:00,19.651,deg,9862220,14445,ABM
9/22/2016 1:00,19.484,deg,9862220,14445,ABM
9/22/2016 2:00,19.341,deg,9862220,14445,ABM
9/22/2016 3:00,19.199,deg,9862220,14445,ABM
9/22/2016 4:00,19.056,deg,9862220,14445,ABM
9/22/2016 5:00,18.913,deg,9862220,14445,ABM
9/22/2016 6:00,18.771,deg,9862220,14445,ABM
9/22/2016 7:00,18.652,deg,9862220,14445,ABM
9/22/2016 8:00,18.58,deg,9862220,14445,ABM
9/22/2016 9:00,18.58,deg,9862220,14445,ABM
9/22/2016 10:00,18.675,deg,9862220,14445,ABM
9/22/2016 11:00,18.937,deg,9862220,14445,ABM
9/22/2016 12:00,19.318,deg,9862220,14445,ABM
9/22/2016 13:00,20.007,deg,9862220,14445,ABM
9/22/2016 14:00,20.603,deg,9862220,14445,ABM
9/22/2016 15:00,20.984,deg,9862220,14445,ABM
9/22/2016 16:00,21.127,deg,9862220,14445,ABM
9/22/2016 17:00,20.698,deg,9862220,14445,ABM
9/22/2016 18:00,20.388,deg,9862220,14445,ABM
9/22/2016 19:00,20.174,deg,9862220,14445,ABM
9/22/2016 20:00,20.007,deg,9862220,14445,ABM
9/22/2016 21:00,19.865,deg,9862220,14445,ABM
9/22/2016 22:00,19.698,deg,9862220,14445,ABM
9/22/2016 23:00,19.508,deg,9862220,14445,ABM
9/23/2016 0:00,19.318,deg,9862220,14445,ABM
9/23/2016 1:00,19.103,deg,9862220,14445,ABM
9/23/2016 2:00,18.913,deg,9862220,14445,ABM
9/23/2016 3:00,18.723,deg,9862220,14445,ABM
9/23/2016 4:00,18.557,deg,9862220,14445,ABM
9/23/2016 5:00,18.39,deg,9862220,14445,ABM
9/23/2016 6:00,18.247,deg,9862220,14445,ABM
9/23/2016 7:00,18.105,deg,9862220,14445,ABM
9/23/2016 8:00,18.01,deg,9862220,14445,ABM
9/23/2016 9:00,18.01,deg,9862220,14445,ABM
9/23/2016 10:00,18.152,deg,9862220,14445,ABM
9/23/2016 11:00,18.628,deg,9862220,14445,ABM
9/23/2016 12:00,22.106,deg,9862220,14445,ABM
9/23/2016 13:00,22.441,deg,9862220,14445,ABM
,,,,,
,,,,,
,,,,,
