DATE_TIME,TEMP,UOM,PROBEID,SID,COLLECTOR,PROBE_TYPE
5/10/2014 0:00,14.05,Logged,10015950,14609,VOL,HOBO
5/10/2014 1:00,14.05,Logged,10015950,14609,VOL,HOBO
5/10/2014 2:00,14.098,Logged,10015950,14609,VOL,HOBO
5/10/2014 3:00,14.122,Logged,10015950,14609,VOL,HOBO
5/10/2014 4:00,14.146,Logged,10015950,14609,VOL,HOBO
5/10/2014 5:00,14.146,Logged,10015950,14609,VOL,HOBO
5/10/2014 6:00,14.146,Logged,10015950,14609,VOL,HOBO
5/10/2014 7:00,14.17,Logged,10015950,14609,VOL,HOBO
5/10/2014 8:00,14.17,Logged,10015950,14609,VOL,HOBO
5/10/2014 9:00,14.218,Logged,10015950,14609,VOL,HOBO
5/10/2014 10:00,14.385,Logged,10015950,14609,VOL,HOBO
5/10/2014 11:00,14.481,Logged,10015950,14609,VOL,HOBO
5/10/2014 12:00,14.864,Logged,10015950,14609,VOL,HOBO
5/10/2014 13:00,15.342,Logged,10015950,14609,VOL,HOBO
5/10/2014 14:00,15.557,Logged,10015950,14609,VOL,HOBO
5/10/2014 15:00,15.7,Logged,10015950,14609,VOL,HOBO
5/10/2014 16:00,16.082,Logged,10015950,14609,VOL,HOBO
5/10/2014 17:00,16.01,Logged,10015950,14609,VOL,HOBO
5/10/2014 18:00,15.915,Logged,10015950,14609,VOL,HOBO
5/10/2014 19:00,15.891,Logged,10015950,14609,VOL,HOBO
5/10/2014 20:00,15.915,Logged,10015950,14609,VOL,HOBO
5/10/2014 21:00,15.891,Logged,10015950,14609,VOL,HOBO
5/10/2014 22:00,15.915,Logged,10015950,14609,VOL,HOBO
5/10/2014 23:00,15.915,Logged,10015950,14609,VOL,HOBO
5/11/2014 0:00,15.891,Logged,10015950,14609,VOL,HOBO
5/11/2014 1:00,15.867,Logged,10015950,14609,VOL,HOBO
5/11/2014 2:00,15.796,Logged,10015950,14609,VOL,HOBO
5/11/2014 3:00,15.772,Logged,10015950,14609,VOL,HOBO
5/11/2014 4:00,15.676,Logged,10015950,14609,VOL,HOBO
5/11/2014 5:00,15.557,Logged,10015950,14609,VOL,HOBO
5/11/2014 6:00,15.461,Logged,10015950,14609,VOL,HOBO
5/11/2014 7:00,15.39,Logged,10015950,14609,VOL,HOBO
5/11/2014 8:00,15.438,Logged,10015950,14609,VOL,HOBO
5/11/2014 9:00,15.581,Logged,10015950,14609,VOL,HOBO
5/11/2014 10:00,15.891,Logged,10015950,14609,VOL,HOBO
5/11/2014 11:00,16.272,Logged,10015950,14609,VOL,HOBO
5/11/2014 12:00,16.725,Logged,10015950,14609,VOL,HOBO
5/11/2014 13:00,17.13,Logged,10015950,14609,VOL,HOBO
5/11/2014 14:00,17.534,Logged,10015950,14609,VOL,HOBO
5/11/2014 15:00,17.819,Logged,10015950,14609,VOL,HOBO
5/11/2014 16:00,17.962,Logged,10015950,14609,VOL,HOBO
5/11/2014 17:00,17.986,Logged,10015950,14609,VOL,HOBO
5/11/2014 18:00,17.915,Logged,10015950,14609,VOL,HOBO
5/11/2014 19:00,17.748,Logged,10015950,14609,VOL,HOBO
5/11/2014 20:00,17.653,Logged,10015950,14609,VOL,HOBO
5/11/2014 21:00,17.629,Logged,10015950,14609,VOL,HOBO
5/11/2014 22:00,17.629,Logged,10015950,14609,VOL,HOBO
5/11/2014 23:00,17.629,Logged,10015950,14609,VOL,HOBO
5/12/2014 0:00,17.605,Logged,10015950,14609,VOL,HOBO
5/12/2014 1:00,17.534,Logged,10015950,14609,VOL,HOBO
5/12/2014 2:00,17.415,Logged,10015950,14609,VOL,HOBO
5/12/2014 3:00,17.272,Logged,10015950,14609,VOL,HOBO
5/12/2014 4:00,17.13,Logged,10015950,14609,VOL,HOBO
5/12/2014 5:00,17.011,Logged,10015950,14609,VOL,HOBO
5/12/2014 6:00,16.868,Logged,10015950,14609,VOL,HOBO
5/12/2014 7:00,16.773,Logged,10015950,14609,VOL,HOBO
5/12/2014 8:00,16.82,Logged,10015950,14609,VOL,HOBO
5/12/2014 9:00,17.011,Logged,10015950,14609,VOL,HOBO
5/12/2014 10:00,17.272,Logged,10015950,14609,VOL,HOBO
5/12/2014 11:00,17.582,Logged,10015950,14609,VOL,HOBO
5/12/2014 12:00,17.938,Logged,10015950,14609,VOL,HOBO
5/12/2014 13:00,18.319,Logged,10015950,14609,VOL,HOBO
5/12/2014 14:00,18.699,Logged,10015950,14609,VOL,HOBO
5/12/2014 15:00,18.866,Logged,10015950,14609,VOL,HOBO
5/12/2014 16:00,19.008,Logged,10015950,14609,VOL,HOBO
5/12/2014 17:00,18.985,Logged,10015950,14609,VOL,HOBO
5/12/2014 18:00,18.771,Logged,10015950,14609,VOL,HOBO
5/12/2014 19:00,18.557,Logged,10015950,14609,VOL,HOBO
5/12/2014 20:00,18.461,Logged,10015950,14609,VOL,HOBO
5/12/2014 21:00,18.438,Logged,10015950,14609,VOL,HOBO
5/12/2014 22:00,18.485,Logged,10015950,14609,VOL,HOBO
5/12/2014 23:00,18.485,Logged,10015950,14609,VOL,HOBO
5/13/2014 0:00,18.438,Logged,10015950,14609,VOL,HOBO
5/13/2014 1:00,18.461,Logged,10015950,14609,VOL,HOBO
5/13/2014 2:00,18.39,Logged,10015950,14609,VOL,HOBO
5/13/2014 3:00,18.152,Logged,10015950,14609,VOL,HOBO
5/13/2014 4:00,17.986,Logged,10015950,14609,VOL,HOBO
5/13/2014 5:00,17.915,Logged,10015950,14609,VOL,HOBO
5/13/2014 6:00,17.843,Logged,10015950,14609,VOL,HOBO
5/13/2014 7:00,17.796,Logged,10015950,14609,VOL,HOBO
5/13/2014 8:00,17.772,Logged,10015950,14609,VOL,HOBO
5/13/2014 9:00,17.843,Logged,10015950,14609,VOL,HOBO
5/13/2014 10:00,17.962,Logged,10015950,14609,VOL,HOBO
5/13/2014 11:00,18.176,Logged,10015950,14609,VOL,HOBO
5/13/2014 12:00,18.533,Logged,10015950,14609,VOL,HOBO
5/13/2014 13:00,18.937,Logged,10015950,14609,VOL,HOBO
5/13/2014 14:00,19.175,Logged,10015950,14609,VOL,HOBO
5/13/2014 15:00,19.056,Logged,10015950,14609,VOL,HOBO
5/13/2014 16:00,19.008,Logged,10015950,14609,VOL,HOBO
5/13/2014 17:00,18.961,Logged,10015950,14609,VOL,HOBO
5/13/2014 18:00,18.842,Logged,10015950,14609,VOL,HOBO
5/13/2014 19:00,18.699,Logged,10015950,14609,VOL,HOBO
5/13/2014 20:00,18.533,Logged,10015950,14609,VOL,HOBO
5/13/2014 21:00,18.39,Logged,10015950,14609,VOL,HOBO
5/13/2014 22:00,18.319,Logged,10015950,14609,VOL,HOBO
5/13/2014 23:00,18.224,Logged,10015950,14609,VOL,HOBO
5/14/2014 0:00,18.129,Logged,10015950,14609,VOL,HOBO
5/14/2014 1:00,18.033,Logged,10015950,14609,VOL,HOBO
5/14/2014 2:00,17.891,Logged,10015950,14609,VOL,HOBO
5/14/2014 3:00,17.772,Logged,10015950,14609,VOL,HOBO
5/14/2014 4:00,17.653,Logged,10015950,14609,VOL,HOBO
5/14/2014 5:00,17.534,Logged,10015950,14609,VOL,HOBO
5/14/2014 6:00,17.415,Logged,10015950,14609,VOL,HOBO
5/14/2014 7:00,17.344,Logged,10015950,14609,VOL,HOBO
5/14/2014 8:00,17.296,Logged,10015950,14609,VOL,HOBO
5/14/2014 9:00,17.296,Logged,10015950,14609,VOL,HOBO
5/14/2014 10:00,17.582,Logged,10015950,14609,VOL,HOBO
5/14/2014 11:00,17.915,Logged,10015950,14609,VOL,HOBO
5/14/2014 12:00,18.271,Logged,10015950,14609,VOL,HOBO
5/14/2014 13:00,18.461,Logged,10015950,14609,VOL,HOBO
5/14/2014 14:00,18.58,Logged,10015950,14609,VOL,HOBO
5/14/2014 15:00,18.961,Logged,10015950,14609,VOL,HOBO
5/14/2014 16:00,19.175,Logged,10015950,14609,VOL,HOBO
5/14/2014 17:00,19.151,Logged,10015950,14609,VOL,HOBO
5/14/2014 18:00,19.008,Logged,10015950,14609,VOL,HOBO
5/14/2014 19:00,18.747,Logged,10015950,14609,VOL,HOBO
5/14/2014 20:00,18.533,Logged,10015950,14609,VOL,HOBO
5/14/2014 21:00,18.319,Logged,10015950,14609,VOL,HOBO
5/14/2014 22:00,18.081,Logged,10015950,14609,VOL,HOBO
5/14/2014 23:00,17.891,Logged,10015950,14609,VOL,HOBO
5/15/2014 0:00,17.796,Logged,10015950,14609,VOL,HOBO
5/15/2014 1:00,17.796,Logged,10015950,14609,VOL,HOBO
5/15/2014 2:00,17.843,Logged,10015950,14609,VOL,HOBO
5/15/2014 3:00,17.891,Logged,10015950,14609,VOL,HOBO
5/15/2014 4:00,17.891,Logged,10015950,14609,VOL,HOBO
5/15/2014 5:00,17.915,Logged,10015950,14609,VOL,HOBO
5/15/2014 6:00,17.915,Logged,10015950,14609,VOL,HOBO
5/15/2014 7:00,17.938,Logged,10015950,14609,VOL,HOBO
5/15/2014 8:00,17.986,Logged,10015950,14609,VOL,HOBO
5/15/2014 9:00,18.057,Logged,10015950,14609,VOL,HOBO
5/15/2014 10:00,18.152,Logged,10015950,14609,VOL,HOBO
5/15/2014 11:00,18.438,Logged,10015950,14609,VOL,HOBO
5/15/2014 12:00,18.747,Logged,10015950,14609,VOL,HOBO
5/15/2014 13:00,18.675,Logged,10015950,14609,VOL,HOBO
5/15/2014 14:00,18.652,Logged,10015950,14609,VOL,HOBO
5/15/2014 15:00,18.723,Logged,10015950,14609,VOL,HOBO
5/15/2014 16:00,18.818,Logged,10015950,14609,VOL,HOBO
5/15/2014 17:00,18.771,Logged,10015950,14609,VOL,HOBO
5/15/2014 18:00,18.699,Logged,10015950,14609,VOL,HOBO
5/15/2014 19:00,18.675,Logged,10015950,14609,VOL,HOBO
5/15/2014 20:00,18.628,Logged,10015950,14609,VOL,HOBO
5/15/2014 21:00,18.604,Logged,10015950,14609,VOL,HOBO
5/15/2014 22:00,18.58,Logged,10015950,14609,VOL,HOBO
5/15/2014 23:00,18.58,Logged,10015950,14609,VOL,HOBO
5/16/2014 0:00,18.58,Logged,10015950,14609,VOL,HOBO
5/16/2014 1:00,18.557,Logged,10015950,14609,VOL,HOBO
5/16/2014 2:00,18.533,Logged,10015950,14609,VOL,HOBO
5/16/2014 3:00,18.461,Logged,10015950,14609,VOL,HOBO
5/16/2014 4:00,18.438,Logged,10015950,14609,VOL,HOBO
5/16/2014 5:00,18.414,Logged,10015950,14609,VOL,HOBO
5/16/2014 6:00,18.39,Logged,10015950,14609,VOL,HOBO
5/16/2014 7:00,18.366,Logged,10015950,14609,VOL,HOBO
5/16/2014 8:00,18.39,Logged,10015950,14609,VOL,HOBO
5/16/2014 9:00,18.414,Logged,10015950,14609,VOL,HOBO
5/16/2014 10:00,18.438,Logged,10015950,14609,VOL,HOBO
5/16/2014 11:00,18.461,Logged,10015950,14609,VOL,HOBO
5/16/2014 12:00,18.485,Logged,10015950,14609,VOL,HOBO
5/16/2014 13:00,18.533,Logged,10015950,14609,VOL,HOBO
5/16/2014 14:00,18.533,Logged,10015950,14609,VOL,HOBO
5/16/2014 15:00,18.533,Logged,10015950,14609,VOL,HOBO
5/16/2014 16:00,18.533,Logged,10015950,14609,VOL,HOBO
5/16/2014 17:00,18.533,Logged,10015950,14609,VOL,HOBO
5/16/2014 18:00,18.509,Logged,10015950,14609,VOL,HOBO
5/16/2014 19:00,18.485,Logged,10015950,14609,VOL,HOBO
5/16/2014 20:00,18.461,Logged,10015950,14609,VOL,HOBO
5/16/2014 21:00,18.438,Logged,10015950,14609,VOL,HOBO
5/16/2014 22:00,18.414,Logged,10015950,14609,VOL,HOBO
5/16/2014 23:00,18.414,Logged,10015950,14609,VOL,HOBO
5/17/2014 0:00,18.39,Logged,10015950,14609,VOL,HOBO
5/17/2014 1:00,18.39,Logged,10015950,14609,VOL,HOBO
5/17/2014 2:00,18.366,Logged,10015950,14609,VOL,HOBO
5/17/2014 3:00,18.343,Logged,10015950,14609,VOL,HOBO
5/17/2014 4:00,18.295,Logged,10015950,14609,VOL,HOBO
5/17/2014 5:00,18.295,Logged,10015950,14609,VOL,HOBO
5/17/2014 6:00,18.247,Logged,10015950,14609,VOL,HOBO
5/17/2014 7:00,18.176,Logged,10015950,14609,VOL,HOBO
5/17/2014 8:00,18.152,Logged,10015950,14609,VOL,HOBO
5/17/2014 9:00,18.152,Logged,10015950,14609,VOL,HOBO
5/17/2014 10:00,18.343,Logged,10015950,14609,VOL,HOBO
5/17/2014 11:00,18.652,Logged,10015950,14609,VOL,HOBO
5/17/2014 12:00,18.961,Logged,10015950,14609,VOL,HOBO
5/17/2014 13:00,19.246,Logged,10015950,14609,VOL,HOBO
5/17/2014 14:00,19.532,Logged,10015950,14609,VOL,HOBO
5/17/2014 15:00,19.722,Logged,10015950,14609,VOL,HOBO
5/17/2014 16:00,19.817,Logged,10015950,14609,VOL,HOBO
5/17/2014 17:00,19.912,Logged,10015950,14609,VOL,HOBO
5/17/2014 18:00,19.865,Logged,10015950,14609,VOL,HOBO
5/17/2014 19:00,19.77,Logged,10015950,14609,VOL,HOBO
5/17/2014 20:00,19.746,Logged,10015950,14609,VOL,HOBO
5/17/2014 21:00,19.674,Logged,10015950,14609,VOL,HOBO
5/17/2014 22:00,19.532,Logged,10015950,14609,VOL,HOBO
5/17/2014 23:00,19.389,Logged,10015950,14609,VOL,HOBO
5/18/2014 0:00,19.222,Logged,10015950,14609,VOL,HOBO
5/18/2014 1:00,19.08,Logged,10015950,14609,VOL,HOBO
5/18/2014 2:00,18.913,Logged,10015950,14609,VOL,HOBO
5/18/2014 3:00,18.771,Logged,10015950,14609,VOL,HOBO
5/18/2014 4:00,18.652,Logged,10015950,14609,VOL,HOBO
5/18/2014 5:00,18.533,Logged,10015950,14609,VOL,HOBO
5/18/2014 6:00,18.39,Logged,10015950,14609,VOL,HOBO
5/18/2014 7:00,18.295,Logged,10015950,14609,VOL,HOBO
5/18/2014 8:00,18.271,Logged,10015950,14609,VOL,HOBO
5/18/2014 9:00,18.319,Logged,10015950,14609,VOL,HOBO
5/18/2014 10:00,18.461,Logged,10015950,14609,VOL,HOBO
5/18/2014 11:00,18.652,Logged,10015950,14609,VOL,HOBO
5/18/2014 12:00,18.818,Logged,10015950,14609,VOL,HOBO
5/18/2014 13:00,18.985,Logged,10015950,14609,VOL,HOBO
5/18/2014 14:00,19.389,Logged,10015950,14609,VOL,HOBO
5/18/2014 15:00,19.603,Logged,10015950,14609,VOL,HOBO
5/18/2014 16:00,19.77,Logged,10015950,14609,VOL,HOBO
5/18/2014 17:00,19.817,Logged,10015950,14609,VOL,HOBO
5/18/2014 18:00,19.674,Logged,10015950,14609,VOL,HOBO
5/18/2014 19:00,19.627,Logged,10015950,14609,VOL,HOBO
5/18/2014 20:00,19.508,Logged,10015950,14609,VOL,HOBO
5/18/2014 21:00,19.365,Logged,10015950,14609,VOL,HOBO
5/18/2014 22:00,19.222,Logged,10015950,14609,VOL,HOBO
5/18/2014 23:00,19.056,Logged,10015950,14609,VOL,HOBO
5/19/2014 0:00,18.889,Logged,10015950,14609,VOL,HOBO
5/19/2014 1:00,18.723,Logged,10015950,14609,VOL,HOBO
5/19/2014 2:00,18.557,Logged,10015950,14609,VOL,HOBO
5/19/2014 3:00,18.366,Logged,10015950,14609,VOL,HOBO
5/19/2014 4:00,18.2,Logged,10015950,14609,VOL,HOBO
5/19/2014 5:00,18.01,Logged,10015950,14609,VOL,HOBO
5/19/2014 6:00,17.843,Logged,10015950,14609,VOL,HOBO
5/19/2014 7:00,17.724,Logged,10015950,14609,VOL,HOBO
5/19/2014 8:00,17.701,Logged,10015950,14609,VOL,HOBO
5/19/2014 9:00,17.724,Logged,10015950,14609,VOL,HOBO
5/19/2014 10:00,17.819,Logged,10015950,14609,VOL,HOBO
5/19/2014 11:00,18.033,Logged,10015950,14609,VOL,HOBO
5/19/2014 12:00,18.271,Logged,10015950,14609,VOL,HOBO
5/19/2014 13:00,18.509,Logged,10015950,14609,VOL,HOBO
5/19/2014 14:00,18.414,Logged,10015950,14609,VOL,HOBO
5/19/2014 15:00,18.414,Logged,10015950,14609,VOL,HOBO
5/19/2014 16:00,18.39,Logged,10015950,14609,VOL,HOBO
5/19/2014 17:00,18.39,Logged,10015950,14609,VOL,HOBO
5/19/2014 18:00,18.414,Logged,10015950,14609,VOL,HOBO
5/19/2014 19:00,18.366,Logged,10015950,14609,VOL,HOBO
5/19/2014 20:00,18.2,Logged,10015950,14609,VOL,HOBO
5/19/2014 21:00,18.057,Logged,10015950,14609,VOL,HOBO
5/19/2014 22:00,17.938,Logged,10015950,14609,VOL,HOBO
5/19/2014 23:00,17.843,Logged,10015950,14609,VOL,HOBO
5/20/2014 0:00,17.724,Logged,10015950,14609,VOL,HOBO
5/20/2014 1:00,17.605,Logged,10015950,14609,VOL,HOBO
5/20/2014 2:00,17.463,Logged,10015950,14609,VOL,HOBO
5/20/2014 3:00,17.368,Logged,10015950,14609,VOL,HOBO
5/20/2014 4:00,17.272,Logged,10015950,14609,VOL,HOBO
5/20/2014 5:00,17.153,Logged,10015950,14609,VOL,HOBO
5/20/2014 6:00,17.034,Logged,10015950,14609,VOL,HOBO
5/20/2014 7:00,16.987,Logged,10015950,14609,VOL,HOBO
5/20/2014 8:00,17.011,Logged,10015950,14609,VOL,HOBO
5/20/2014 9:00,17.106,Logged,10015950,14609,VOL,HOBO
5/20/2014 10:00,17.296,Logged,10015950,14609,VOL,HOBO
5/20/2014 11:00,17.51,Logged,10015950,14609,VOL,HOBO
5/20/2014 12:00,17.819,Logged,10015950,14609,VOL,HOBO
5/20/2014 13:00,18.176,Logged,10015950,14609,VOL,HOBO
5/20/2014 14:00,18.485,Logged,10015950,14609,VOL,HOBO
5/20/2014 15:00,18.747,Logged,10015950,14609,VOL,HOBO
5/20/2014 16:00,18.961,Logged,10015950,14609,VOL,HOBO
5/20/2014 17:00,18.961,Logged,10015950,14609,VOL,HOBO
5/20/2014 18:00,18.937,Logged,10015950,14609,VOL,HOBO
5/20/2014 19:00,18.913,Logged,10015950,14609,VOL,HOBO
5/20/2014 20:00,18.794,Logged,10015950,14609,VOL,HOBO
5/20/2014 21:00,18.675,Logged,10015950,14609,VOL,HOBO
5/20/2014 22:00,18.58,Logged,10015950,14609,VOL,HOBO
5/20/2014 23:00,18.438,Logged,10015950,14609,VOL,HOBO
5/21/2014 0:00,18.224,Logged,10015950,14609,VOL,HOBO
5/21/2014 1:00,18.033,Logged,10015950,14609,VOL,HOBO
5/21/2014 2:00,17.867,Logged,10015950,14609,VOL,HOBO
5/21/2014 3:00,17.701,Logged,10015950,14609,VOL,HOBO
5/21/2014 4:00,17.558,Logged,10015950,14609,VOL,HOBO
5/21/2014 5:00,17.391,Logged,10015950,14609,VOL,HOBO
5/21/2014 6:00,17.249,Logged,10015950,14609,VOL,HOBO
5/21/2014 7:00,17.153,Logged,10015950,14609,VOL,HOBO
5/21/2014 8:00,17.177,Logged,10015950,14609,VOL,HOBO
5/21/2014 9:00,17.32,Logged,10015950,14609,VOL,HOBO
5/21/2014 10:00,17.558,Logged,10015950,14609,VOL,HOBO
5/21/2014 11:00,17.891,Logged,10015950,14609,VOL,HOBO
5/21/2014 12:00,18.247,Logged,10015950,14609,VOL,HOBO
5/21/2014 13:00,18.604,Logged,10015950,14609,VOL,HOBO
5/21/2014 14:00,19.032,Logged,10015950,14609,VOL,HOBO
5/21/2014 15:00,19.175,Logged,10015950,14609,VOL,HOBO
5/21/2014 16:00,19.246,Logged,10015950,14609,VOL,HOBO
5/21/2014 17:00,19.365,Logged,10015950,14609,VOL,HOBO
5/21/2014 18:00,19.294,Logged,10015950,14609,VOL,HOBO
5/21/2014 19:00,19.175,Logged,10015950,14609,VOL,HOBO
5/21/2014 20:00,19.008,Logged,10015950,14609,VOL,HOBO
5/21/2014 21:00,18.675,Logged,10015950,14609,VOL,HOBO
5/21/2014 22:00,18.414,Logged,10015950,14609,VOL,HOBO
5/21/2014 23:00,18.271,Logged,10015950,14609,VOL,HOBO
5/22/2014 0:00,18.224,Logged,10015950,14609,VOL,HOBO
5/22/2014 1:00,18.176,Logged,10015950,14609,VOL,HOBO
5/22/2014 2:00,18.152,Logged,10015950,14609,VOL,HOBO
5/22/2014 3:00,18.129,Logged,10015950,14609,VOL,HOBO
5/22/2014 4:00,18.081,Logged,10015950,14609,VOL,HOBO
5/22/2014 5:00,18.01,Logged,10015950,14609,VOL,HOBO
5/22/2014 6:00,17.915,Logged,10015950,14609,VOL,HOBO
5/22/2014 7:00,17.843,Logged,10015950,14609,VOL,HOBO
5/22/2014 8:00,17.843,Logged,10015950,14609,VOL,HOBO
5/22/2014 9:00,17.938,Logged,10015950,14609,VOL,HOBO
5/22/2014 10:00,18.057,Logged,10015950,14609,VOL,HOBO
5/22/2014 11:00,18.152,Logged,10015950,14609,VOL,HOBO
5/22/2014 12:00,18.176,Logged,10015950,14609,VOL,HOBO
5/22/2014 13:00,18.129,Logged,10015950,14609,VOL,HOBO
5/22/2014 14:00,18.176,Logged,10015950,14609,VOL,HOBO
5/22/2014 15:00,18.2,Logged,10015950,14609,VOL,HOBO
5/22/2014 16:00,18.081,Logged,10015950,14609,VOL,HOBO
5/22/2014 17:00,18.057,Logged,10015950,14609,VOL,HOBO
5/22/2014 18:00,18.105,Logged,10015950,14609,VOL,HOBO
5/22/2014 19:00,18.105,Logged,10015950,14609,VOL,HOBO
5/22/2014 20:00,18.057,Logged,10015950,14609,VOL,HOBO
5/22/2014 21:00,18.033,Logged,10015950,14609,VOL,HOBO
5/22/2014 22:00,18.01,Logged,10015950,14609,VOL,HOBO
5/22/2014 23:00,17.938,Logged,10015950,14609,VOL,HOBO
5/23/2014 0:00,17.891,Logged,10015950,14609,VOL,HOBO
5/23/2014 1:00,17.819,Logged,10015950,14609,VOL,HOBO
5/23/2014 2:00,17.772,Logged,10015950,14609,VOL,HOBO
5/23/2014 3:00,17.724,Logged,10015950,14609,VOL,HOBO
5/23/2014 4:00,17.701,Logged,10015950,14609,VOL,HOBO
5/23/2014 5:00,17.653,Logged,10015950,14609,VOL,HOBO
5/23/2014 6:00,17.629,Logged,10015950,14609,VOL,HOBO
5/23/2014 7:00,17.582,Logged,10015950,14609,VOL,HOBO
5/23/2014 8:00,17.605,Logged,10015950,14609,VOL,HOBO
5/23/2014 9:00,17.605,Logged,10015950,14609,VOL,HOBO
5/23/2014 10:00,17.653,Logged,10015950,14609,VOL,HOBO
5/23/2014 11:00,17.748,Logged,10015950,14609,VOL,HOBO
5/23/2014 12:00,17.819,Logged,10015950,14609,VOL,HOBO
5/23/2014 13:00,17.819,Logged,10015950,14609,VOL,HOBO
5/23/2014 14:00,17.819,Logged,10015950,14609,VOL,HOBO
5/23/2014 15:00,17.796,Logged,10015950,14609,VOL,HOBO
5/23/2014 16:00,17.796,Logged,10015950,14609,VOL,HOBO
5/23/2014 17:00,18.081,Logged,10015950,14609,VOL,HOBO
5/23/2014 18:00,18.033,Logged,10015950,14609,VOL,HOBO
5/23/2014 19:00,17.867,Logged,10015950,14609,VOL,HOBO
5/23/2014 20:00,17.819,Logged,10015950,14609,VOL,HOBO
5/23/2014 21:00,17.724,Logged,10015950,14609,VOL,HOBO
5/23/2014 22:00,17.605,Logged,10015950,14609,VOL,HOBO
5/23/2014 23:00,17.534,Logged,10015950,14609,VOL,HOBO
5/24/2014 0:00,17.463,Logged,10015950,14609,VOL,HOBO
5/24/2014 1:00,17.344,Logged,10015950,14609,VOL,HOBO
5/24/2014 2:00,17.249,Logged,10015950,14609,VOL,HOBO
5/24/2014 3:00,17.153,Logged,10015950,14609,VOL,HOBO
5/24/2014 4:00,17.082,Logged,10015950,14609,VOL,HOBO
5/24/2014 5:00,17.011,Logged,10015950,14609,VOL,HOBO
5/24/2014 6:00,16.915,Logged,10015950,14609,VOL,HOBO
5/24/2014 7:00,16.844,Logged,10015950,14609,VOL,HOBO
5/24/2014 8:00,16.82,Logged,10015950,14609,VOL,HOBO
5/24/2014 9:00,16.844,Logged,10015950,14609,VOL,HOBO
5/24/2014 10:00,17.13,Logged,10015950,14609,VOL,HOBO
5/24/2014 11:00,17.249,Logged,10015950,14609,VOL,HOBO
5/24/2014 12:00,17.225,Logged,10015950,14609,VOL,HOBO
5/24/2014 13:00,17.463,Logged,10015950,14609,VOL,HOBO
5/24/2014 14:00,17.677,Logged,10015950,14609,VOL,HOBO
5/24/2014 15:00,17.843,Logged,10015950,14609,VOL,HOBO
5/24/2014 16:00,17.843,Logged,10015950,14609,VOL,HOBO
5/24/2014 17:00,17.819,Logged,10015950,14609,VOL,HOBO
5/24/2014 18:00,17.891,Logged,10015950,14609,VOL,HOBO
5/24/2014 19:00,17.843,Logged,10015950,14609,VOL,HOBO
5/24/2014 20:00,17.724,Logged,10015950,14609,VOL,HOBO
5/24/2014 21:00,17.653,Logged,10015950,14609,VOL,HOBO
5/24/2014 22:00,17.629,Logged,10015950,14609,VOL,HOBO
5/24/2014 23:00,17.534,Logged,10015950,14609,VOL,HOBO
5/25/2014 0:00,17.439,Logged,10015950,14609,VOL,HOBO
5/25/2014 1:00,17.368,Logged,10015950,14609,VOL,HOBO
5/25/2014 2:00,17.296,Logged,10015950,14609,VOL,HOBO
5/25/2014 3:00,17.249,Logged,10015950,14609,VOL,HOBO
5/25/2014 4:00,17.177,Logged,10015950,14609,VOL,HOBO
5/25/2014 5:00,17.082,Logged,10015950,14609,VOL,HOBO
5/25/2014 6:00,16.987,Logged,10015950,14609,VOL,HOBO
5/25/2014 7:00,16.939,Logged,10015950,14609,VOL,HOBO
5/25/2014 8:00,16.939,Logged,10015950,14609,VOL,HOBO
5/25/2014 9:00,17.011,Logged,10015950,14609,VOL,HOBO
5/25/2014 10:00,17.13,Logged,10015950,14609,VOL,HOBO
5/25/2014 11:00,17.463,Logged,10015950,14609,VOL,HOBO
5/25/2014 12:00,17.891,Logged,10015950,14609,VOL,HOBO
5/25/2014 13:00,18.319,Logged,10015950,14609,VOL,HOBO
5/25/2014 14:00,18.485,Logged,10015950,14609,VOL,HOBO
5/25/2014 15:00,18.176,Logged,10015950,14609,VOL,HOBO
5/25/2014 16:00,18.557,Logged,10015950,14609,VOL,HOBO
5/25/2014 17:00,18.557,Logged,10015950,14609,VOL,HOBO
5/25/2014 18:00,18.39,Logged,10015950,14609,VOL,HOBO
5/25/2014 19:00,18.176,Logged,10015950,14609,VOL,HOBO
5/25/2014 20:00,18.01,Logged,10015950,14609,VOL,HOBO
5/25/2014 21:00,17.867,Logged,10015950,14609,VOL,HOBO
5/25/2014 22:00,17.629,Logged,10015950,14609,VOL,HOBO
5/25/2014 23:00,17.415,Logged,10015950,14609,VOL,HOBO
5/26/2014 0:00,17.32,Logged,10015950,14609,VOL,HOBO
5/26/2014 1:00,17.296,Logged,10015950,14609,VOL,HOBO
5/26/2014 2:00,17.296,Logged,10015950,14609,VOL,HOBO
5/26/2014 3:00,17.272,Logged,10015950,14609,VOL,HOBO
5/26/2014 4:00,17.225,Logged,10015950,14609,VOL,HOBO
5/26/2014 5:00,17.201,Logged,10015950,14609,VOL,HOBO
5/26/2014 6:00,17.153,Logged,10015950,14609,VOL,HOBO
5/26/2014 7:00,17.13,Logged,10015950,14609,VOL,HOBO
5/26/2014 8:00,17.082,Logged,10015950,14609,VOL,HOBO
5/26/2014 9:00,17.058,Logged,10015950,14609,VOL,HOBO
5/26/2014 10:00,17.344,Logged,10015950,14609,VOL,HOBO
5/26/2014 11:00,17.486,Logged,10015950,14609,VOL,HOBO
5/26/2014 12:00,17.463,Logged,10015950,14609,VOL,HOBO
5/26/2014 13:00,17.558,Logged,10015950,14609,VOL,HOBO
5/26/2014 14:00,17.701,Logged,10015950,14609,VOL,HOBO
5/26/2014 15:00,17.819,Logged,10015950,14609,VOL,HOBO
5/26/2014 16:00,17.915,Logged,10015950,14609,VOL,HOBO
5/26/2014 17:00,17.986,Logged,10015950,14609,VOL,HOBO
5/26/2014 18:00,18.01,Logged,10015950,14609,VOL,HOBO
5/26/2014 19:00,18.033,Logged,10015950,14609,VOL,HOBO
5/26/2014 20:00,18.01,Logged,10015950,14609,VOL,HOBO
5/26/2014 21:00,17.962,Logged,10015950,14609,VOL,HOBO
5/26/2014 22:00,17.938,Logged,10015950,14609,VOL,HOBO
5/26/2014 23:00,17.915,Logged,10015950,14609,VOL,HOBO
5/27/2014 0:00,17.891,Logged,10015950,14609,VOL,HOBO
5/27/2014 1:00,17.867,Logged,10015950,14609,VOL,HOBO
5/27/2014 2:00,17.819,Logged,10015950,14609,VOL,HOBO
5/27/2014 3:00,17.772,Logged,10015950,14609,VOL,HOBO
5/27/2014 4:00,17.724,Logged,10015950,14609,VOL,HOBO
5/27/2014 5:00,17.653,Logged,10015950,14609,VOL,HOBO
5/27/2014 6:00,17.582,Logged,10015950,14609,VOL,HOBO
5/27/2014 7:00,17.605,Logged,10015950,14609,VOL,HOBO
5/27/2014 8:00,17.677,Logged,10015950,14609,VOL,HOBO
5/27/2014 9:00,17.843,Logged,10015950,14609,VOL,HOBO
5/27/2014 10:00,18.057,Logged,10015950,14609,VOL,HOBO
5/27/2014 11:00,18.366,Logged,10015950,14609,VOL,HOBO
5/27/2014 12:00,18.485,Logged,10015950,14609,VOL,HOBO
5/27/2014 13:00,18.461,Logged,10015950,14609,VOL,HOBO
5/27/2014 14:00,18.509,Logged,10015950,14609,VOL,HOBO
5/27/2014 15:00,18.557,Logged,10015950,14609,VOL,HOBO
5/27/2014 16:00,18.652,Logged,10015950,14609,VOL,HOBO
5/27/2014 17:00,18.913,Logged,10015950,14609,VOL,HOBO
5/27/2014 18:00,18.913,Logged,10015950,14609,VOL,HOBO
5/27/2014 19:00,18.771,Logged,10015950,14609,VOL,HOBO
5/27/2014 20:00,18.652,Logged,10015950,14609,VOL,HOBO
5/27/2014 21:00,18.604,Logged,10015950,14609,VOL,HOBO
5/27/2014 22:00,18.628,Logged,10015950,14609,VOL,HOBO
5/27/2014 23:00,18.604,Logged,10015950,14609,VOL,HOBO
5/28/2014 0:00,18.485,Logged,10015950,14609,VOL,HOBO
5/28/2014 1:00,18.319,Logged,10015950,14609,VOL,HOBO
5/28/2014 2:00,18.2,Logged,10015950,14609,VOL,HOBO
5/28/2014 3:00,18.105,Logged,10015950,14609,VOL,HOBO
5/28/2014 4:00,18.01,Logged,10015950,14609,VOL,HOBO
5/28/2014 5:00,17.915,Logged,10015950,14609,VOL,HOBO
5/28/2014 6:00,17.772,Logged,10015950,14609,VOL,HOBO
5/28/2014 7:00,17.677,Logged,10015950,14609,VOL,HOBO
5/28/2014 8:00,17.582,Logged,10015950,14609,VOL,HOBO
5/28/2014 9:00,17.51,Logged,10015950,14609,VOL,HOBO
5/28/2014 10:00,17.439,Logged,10015950,14609,VOL,HOBO
5/28/2014 11:00,17.391,Logged,10015950,14609,VOL,HOBO
5/28/2014 12:00,17.344,Logged,10015950,14609,VOL,HOBO
5/28/2014 13:00,17.296,Logged,10015950,14609,VOL,HOBO
5/28/2014 14:00,17.225,Logged,10015950,14609,VOL,HOBO
5/28/2014 15:00,17.13,Logged,10015950,14609,VOL,HOBO
5/28/2014 16:00,17.058,Logged,10015950,14609,VOL,HOBO
5/28/2014 17:00,16.963,Logged,10015950,14609,VOL,HOBO
5/28/2014 18:00,16.892,Logged,10015950,14609,VOL,HOBO
5/28/2014 19:00,16.773,Logged,10015950,14609,VOL,HOBO
5/28/2014 20:00,16.677,Logged,10015950,14609,VOL,HOBO
5/28/2014 21:00,16.534,Logged,10015950,14609,VOL,HOBO
5/28/2014 22:00,16.439,Logged,10015950,14609,VOL,HOBO
5/28/2014 23:00,16.344,Logged,10015950,14609,VOL,HOBO
5/29/2014 0:00,16.201,Logged,10015950,14609,VOL,HOBO
5/29/2014 1:00,16.058,Logged,10015950,14609,VOL,HOBO
5/29/2014 2:00,15.939,Logged,10015950,14609,VOL,HOBO
5/29/2014 3:00,15.796,Logged,10015950,14609,VOL,HOBO
5/29/2014 4:00,15.676,Logged,10015950,14609,VOL,HOBO
5/29/2014 5:00,15.533,Logged,10015950,14609,VOL,HOBO
5/29/2014 6:00,15.39,Logged,10015950,14609,VOL,HOBO
5/29/2014 7:00,15.318,Logged,10015950,14609,VOL,HOBO
5/29/2014 8:00,15.39,Logged,10015950,14609,VOL,HOBO
5/29/2014 9:00,15.605,Logged,10015950,14609,VOL,HOBO
5/29/2014 10:00,15.867,Logged,10015950,14609,VOL,HOBO
5/29/2014 11:00,16.249,Logged,10015950,14609,VOL,HOBO
5/29/2014 12:00,16.701,Logged,10015950,14609,VOL,HOBO
5/29/2014 13:00,16.987,Logged,10015950,14609,VOL,HOBO
5/29/2014 14:00,17.439,Logged,10015950,14609,VOL,HOBO
5/29/2014 15:00,17.558,Logged,10015950,14609,VOL,HOBO
5/29/2014 16:00,17.891,Logged,10015950,14609,VOL,HOBO
5/29/2014 17:00,17.724,Logged,10015950,14609,VOL,HOBO
5/29/2014 18:00,17.629,Logged,10015950,14609,VOL,HOBO
5/29/2014 19:00,17.51,Logged,10015950,14609,VOL,HOBO
5/29/2014 20:00,17.272,Logged,10015950,14609,VOL,HOBO
5/29/2014 21:00,17.034,Logged,10015950,14609,VOL,HOBO
5/29/2014 22:00,16.868,Logged,10015950,14609,VOL,HOBO
5/29/2014 23:00,16.725,Logged,10015950,14609,VOL,HOBO
5/30/2014 0:00,16.558,Logged,10015950,14609,VOL,HOBO
5/30/2014 1:00,16.344,Logged,10015950,14609,VOL,HOBO
5/30/2014 2:00,16.129,Logged,10015950,14609,VOL,HOBO
5/30/2014 3:00,15.963,Logged,10015950,14609,VOL,HOBO
5/30/2014 4:00,15.843,Logged,10015950,14609,VOL,HOBO
5/30/2014 5:00,15.772,Logged,10015950,14609,VOL,HOBO
5/30/2014 6:00,15.724,Logged,10015950,14609,VOL,HOBO
5/30/2014 7:00,15.724,Logged,10015950,14609,VOL,HOBO
5/30/2014 8:00,15.748,Logged,10015950,14609,VOL,HOBO
5/30/2014 9:00,15.867,Logged,10015950,14609,VOL,HOBO
5/30/2014 10:00,16.153,Logged,10015950,14609,VOL,HOBO
5/30/2014 11:00,16.558,Logged,10015950,14609,VOL,HOBO
5/30/2014 12:00,17.034,Logged,10015950,14609,VOL,HOBO
5/30/2014 13:00,17.558,Logged,10015950,14609,VOL,HOBO
5/30/2014 14:00,17.51,Logged,10015950,14609,VOL,HOBO
5/30/2014 15:00,17.344,Logged,10015950,14609,VOL,HOBO
5/30/2014 16:00,17.225,Logged,10015950,14609,VOL,HOBO
5/30/2014 17:00,17.249,Logged,10015950,14609,VOL,HOBO
5/30/2014 18:00,17.249,Logged,10015950,14609,VOL,HOBO
5/30/2014 19:00,17.249,Logged,10015950,14609,VOL,HOBO
5/30/2014 20:00,17.177,Logged,10015950,14609,VOL,HOBO
5/30/2014 21:00,17.082,Logged,10015950,14609,VOL,HOBO
5/30/2014 22:00,17.011,Logged,10015950,14609,VOL,HOBO
5/30/2014 23:00,16.963,Logged,10015950,14609,VOL,HOBO
5/31/2014 0:00,16.844,Logged,10015950,14609,VOL,HOBO
5/31/2014 1:00,16.725,Logged,10015950,14609,VOL,HOBO
5/31/2014 2:00,16.606,Logged,10015950,14609,VOL,HOBO
5/31/2014 3:00,16.582,Logged,10015950,14609,VOL,HOBO
5/31/2014 4:00,16.511,Logged,10015950,14609,VOL,HOBO
5/31/2014 5:00,16.487,Logged,10015950,14609,VOL,HOBO
5/31/2014 6:00,16.511,Logged,10015950,14609,VOL,HOBO
5/31/2014 7:00,16.534,Logged,10015950,14609,VOL,HOBO
5/31/2014 8:00,16.582,Logged,10015950,14609,VOL,HOBO
5/31/2014 9:00,16.701,Logged,10015950,14609,VOL,HOBO
5/31/2014 10:00,16.749,Logged,10015950,14609,VOL,HOBO
5/31/2014 11:00,16.868,Logged,10015950,14609,VOL,HOBO
5/31/2014 12:00,17.13,Logged,10015950,14609,VOL,HOBO
5/31/2014 13:00,17.677,Logged,10015950,14609,VOL,HOBO
5/31/2014 14:00,17.819,Logged,10015950,14609,VOL,HOBO
5/31/2014 15:00,18.081,Logged,10015950,14609,VOL,HOBO
5/31/2014 16:00,18.152,Logged,10015950,14609,VOL,HOBO
5/31/2014 17:00,18.224,Logged,10015950,14609,VOL,HOBO
5/31/2014 18:00,18.129,Logged,10015950,14609,VOL,HOBO
5/31/2014 19:00,17.962,Logged,10015950,14609,VOL,HOBO
5/31/2014 20:00,17.796,Logged,10015950,14609,VOL,HOBO
5/31/2014 21:00,17.653,Logged,10015950,14609,VOL,HOBO
5/31/2014 22:00,17.534,Logged,10015950,14609,VOL,HOBO
5/31/2014 23:00,17.439,Logged,10015950,14609,VOL,HOBO
6/1/2014 0:00,17.344,Logged,10015950,14609,VOL,HOBO
6/1/2014 1:00,17.249,Logged,10015950,14609,VOL,HOBO
6/1/2014 2:00,17.13,Logged,10015950,14609,VOL,HOBO
6/1/2014 3:00,17.011,Logged,10015950,14609,VOL,HOBO
6/1/2014 4:00,16.892,Logged,10015950,14609,VOL,HOBO
6/1/2014 5:00,16.749,Logged,10015950,14609,VOL,HOBO
6/1/2014 6:00,16.654,Logged,10015950,14609,VOL,HOBO
6/1/2014 7:00,16.63,Logged,10015950,14609,VOL,HOBO
6/1/2014 8:00,16.725,Logged,10015950,14609,VOL,HOBO
6/1/2014 9:00,16.963,Logged,10015950,14609,VOL,HOBO
6/1/2014 10:00,17.272,Logged,10015950,14609,VOL,HOBO
6/1/2014 11:00,17.653,Logged,10015950,14609,VOL,HOBO
6/1/2014 12:00,18.033,Logged,10015950,14609,VOL,HOBO
6/1/2014 13:00,18.39,Logged,10015950,14609,VOL,HOBO
6/1/2014 14:00,18.699,Logged,10015950,14609,VOL,HOBO
6/1/2014 15:00,18.961,Logged,10015950,14609,VOL,HOBO
6/1/2014 16:00,18.985,Logged,10015950,14609,VOL,HOBO
6/1/2014 17:00,18.937,Logged,10015950,14609,VOL,HOBO
6/1/2014 18:00,18.913,Logged,10015950,14609,VOL,HOBO
6/1/2014 19:00,18.818,Logged,10015950,14609,VOL,HOBO
6/1/2014 20:00,18.675,Logged,10015950,14609,VOL,HOBO
6/1/2014 21:00,18.509,Logged,10015950,14609,VOL,HOBO
6/1/2014 22:00,18.39,Logged,10015950,14609,VOL,HOBO
6/1/2014 23:00,18.247,Logged,10015950,14609,VOL,HOBO
6/2/2014 0:00,18.129,Logged,10015950,14609,VOL,HOBO
6/2/2014 1:00,17.915,Logged,10015950,14609,VOL,HOBO
6/2/2014 2:00,17.653,Logged,10015950,14609,VOL,HOBO
6/2/2014 3:00,17.415,Logged,10015950,14609,VOL,HOBO
6/2/2014 4:00,17.225,Logged,10015950,14609,VOL,HOBO
6/2/2014 5:00,17.082,Logged,10015950,14609,VOL,HOBO
6/2/2014 6:00,17.011,Logged,10015950,14609,VOL,HOBO
6/2/2014 7:00,17.011,Logged,10015950,14609,VOL,HOBO
6/2/2014 8:00,17.201,Logged,10015950,14609,VOL,HOBO
6/2/2014 9:00,17.486,Logged,10015950,14609,VOL,HOBO
6/2/2014 10:00,17.938,Logged,10015950,14609,VOL,HOBO
6/2/2014 11:00,18.438,Logged,10015950,14609,VOL,HOBO
6/2/2014 12:00,18.913,Logged,10015950,14609,VOL,HOBO
6/2/2014 13:00,19.413,Logged,10015950,14609,VOL,HOBO
6/2/2014 14:00,19.865,Logged,10015950,14609,VOL,HOBO
6/2/2014 15:00,20.126,Logged,10015950,14609,VOL,HOBO
6/2/2014 16:00,20.293,Logged,10015950,14609,VOL,HOBO
6/2/2014 17:00,20.269,Logged,10015950,14609,VOL,HOBO
6/2/2014 18:00,20.055,Logged,10015950,14609,VOL,HOBO
6/2/2014 19:00,19.77,Logged,10015950,14609,VOL,HOBO
6/2/2014 20:00,19.436,Logged,10015950,14609,VOL,HOBO
6/2/2014 21:00,19.127,Logged,10015950,14609,VOL,HOBO
6/2/2014 22:00,18.889,Logged,10015950,14609,VOL,HOBO
6/2/2014 23:00,18.628,Logged,10015950,14609,VOL,HOBO
6/3/2014 0:00,18.461,Logged,10015950,14609,VOL,HOBO
6/3/2014 1:00,18.295,Logged,10015950,14609,VOL,HOBO
6/3/2014 2:00,18.224,Logged,10015950,14609,VOL,HOBO
6/3/2014 3:00,18.152,Logged,10015950,14609,VOL,HOBO
6/3/2014 4:00,18.105,Logged,10015950,14609,VOL,HOBO
6/3/2014 5:00,18.081,Logged,10015950,14609,VOL,HOBO
6/3/2014 6:00,18.081,Logged,10015950,14609,VOL,HOBO
6/3/2014 7:00,18.152,Logged,10015950,14609,VOL,HOBO
6/3/2014 8:00,18.319,Logged,10015950,14609,VOL,HOBO
6/3/2014 9:00,18.628,Logged,10015950,14609,VOL,HOBO
6/3/2014 10:00,19.08,Logged,10015950,14609,VOL,HOBO
6/3/2014 11:00,19.579,Logged,10015950,14609,VOL,HOBO
6/3/2014 12:00,20.126,Logged,10015950,14609,VOL,HOBO
6/3/2014 13:00,20.65,Logged,10015950,14609,VOL,HOBO
6/3/2014 14:00,21.151,Logged,10015950,14609,VOL,HOBO
6/3/2014 15:00,21.437,Logged,10015950,14609,VOL,HOBO
6/3/2014 16:00,21.557,Logged,10015950,14609,VOL,HOBO
6/3/2014 17:00,21.533,Logged,10015950,14609,VOL,HOBO
6/3/2014 18:00,21.342,Logged,10015950,14609,VOL,HOBO
6/3/2014 19:00,21.056,Logged,10015950,14609,VOL,HOBO
6/3/2014 20:00,20.77,Logged,10015950,14609,VOL,HOBO
6/3/2014 21:00,20.555,Logged,10015950,14609,VOL,HOBO
6/3/2014 22:00,20.317,Logged,10015950,14609,VOL,HOBO
6/3/2014 23:00,20.103,Logged,10015950,14609,VOL,HOBO
6/4/2014 0:00,19.912,Logged,10015950,14609,VOL,HOBO
6/4/2014 1:00,19.722,Logged,10015950,14609,VOL,HOBO
6/4/2014 2:00,19.555,Logged,10015950,14609,VOL,HOBO
6/4/2014 3:00,19.436,Logged,10015950,14609,VOL,HOBO
6/4/2014 4:00,19.389,Logged,10015950,14609,VOL,HOBO
6/4/2014 5:00,19.341,Logged,10015950,14609,VOL,HOBO
6/4/2014 6:00,19.318,Logged,10015950,14609,VOL,HOBO
6/4/2014 7:00,19.318,Logged,10015950,14609,VOL,HOBO
6/4/2014 8:00,19.341,Logged,10015950,14609,VOL,HOBO
6/4/2014 9:00,19.46,Logged,10015950,14609,VOL,HOBO
6/4/2014 10:00,19.674,Logged,10015950,14609,VOL,HOBO
6/4/2014 11:00,20.007,Logged,10015950,14609,VOL,HOBO
6/4/2014 12:00,20.412,Logged,10015950,14609,VOL,HOBO
6/4/2014 13:00,20.65,Logged,10015950,14609,VOL,HOBO
6/4/2014 14:00,20.65,Logged,10015950,14609,VOL,HOBO
6/4/2014 15:00,20.603,Logged,10015950,14609,VOL,HOBO
6/4/2014 16:00,20.698,Logged,10015950,14609,VOL,HOBO
6/4/2014 17:00,20.674,Logged,10015950,14609,VOL,HOBO
6/4/2014 18:00,20.674,Logged,10015950,14609,VOL,HOBO
6/4/2014 19:00,20.507,Logged,10015950,14609,VOL,HOBO
6/4/2014 20:00,20.412,Logged,10015950,14609,VOL,HOBO
6/4/2014 21:00,20.317,Logged,10015950,14609,VOL,HOBO
6/4/2014 22:00,20.246,Logged,10015950,14609,VOL,HOBO
6/4/2014 23:00,20.15,Logged,10015950,14609,VOL,HOBO
6/5/2014 0:00,20.055,Logged,10015950,14609,VOL,HOBO
6/5/2014 1:00,19.984,Logged,10015950,14609,VOL,HOBO
6/5/2014 2:00,19.912,Logged,10015950,14609,VOL,HOBO
6/5/2014 3:00,19.841,Logged,10015950,14609,VOL,HOBO
6/5/2014 4:00,19.817,Logged,10015950,14609,VOL,HOBO
6/5/2014 5:00,19.77,Logged,10015950,14609,VOL,HOBO
6/5/2014 6:00,19.77,Logged,10015950,14609,VOL,HOBO
6/5/2014 7:00,19.793,Logged,10015950,14609,VOL,HOBO
6/5/2014 8:00,19.817,Logged,10015950,14609,VOL,HOBO
6/5/2014 9:00,19.841,Logged,10015950,14609,VOL,HOBO
6/5/2014 10:00,19.888,Logged,10015950,14609,VOL,HOBO
6/5/2014 11:00,19.912,Logged,10015950,14609,VOL,HOBO
6/5/2014 12:00,19.912,Logged,10015950,14609,VOL,HOBO
6/5/2014 13:00,19.984,Logged,10015950,14609,VOL,HOBO
6/5/2014 14:00,19.96,Logged,10015950,14609,VOL,HOBO
6/5/2014 15:00,19.96,Logged,10015950,14609,VOL,HOBO
6/5/2014 16:00,20.007,Logged,10015950,14609,VOL,HOBO
6/5/2014 17:00,19.984,Logged,10015950,14609,VOL,HOBO
6/5/2014 18:00,20.007,Logged,10015950,14609,VOL,HOBO
6/5/2014 19:00,19.96,Logged,10015950,14609,VOL,HOBO
6/5/2014 20:00,19.865,Logged,10015950,14609,VOL,HOBO
6/5/2014 21:00,19.746,Logged,10015950,14609,VOL,HOBO
6/5/2014 22:00,19.674,Logged,10015950,14609,VOL,HOBO
6/5/2014 23:00,19.603,Logged,10015950,14609,VOL,HOBO
6/6/2014 0:00,19.532,Logged,10015950,14609,VOL,HOBO
6/6/2014 1:00,19.46,Logged,10015950,14609,VOL,HOBO
6/6/2014 2:00,19.389,Logged,10015950,14609,VOL,HOBO
6/6/2014 3:00,19.341,Logged,10015950,14609,VOL,HOBO
6/6/2014 4:00,19.27,Logged,10015950,14609,VOL,HOBO
6/6/2014 5:00,19.175,Logged,10015950,14609,VOL,HOBO
6/6/2014 6:00,19.103,Logged,10015950,14609,VOL,HOBO
6/6/2014 7:00,19.103,Logged,10015950,14609,VOL,HOBO
6/6/2014 8:00,19.127,Logged,10015950,14609,VOL,HOBO
6/6/2014 9:00,19.175,Logged,10015950,14609,VOL,HOBO
6/6/2014 10:00,19.294,Logged,10015950,14609,VOL,HOBO
6/6/2014 11:00,19.698,Logged,10015950,14609,VOL,HOBO
6/6/2014 12:00,20.15,Logged,10015950,14609,VOL,HOBO
6/6/2014 13:00,20.46,Logged,10015950,14609,VOL,HOBO
6/6/2014 14:00,20.484,Logged,10015950,14609,VOL,HOBO
6/6/2014 15:00,20.603,Logged,10015950,14609,VOL,HOBO
6/6/2014 16:00,21.008,Logged,10015950,14609,VOL,HOBO
6/6/2014 17:00,21.008,Logged,10015950,14609,VOL,HOBO
6/6/2014 18:00,20.77,Logged,10015950,14609,VOL,HOBO
6/6/2014 19:00,20.627,Logged,10015950,14609,VOL,HOBO
6/6/2014 20:00,20.341,Logged,10015950,14609,VOL,HOBO
6/6/2014 21:00,20.198,Logged,10015950,14609,VOL,HOBO
6/6/2014 22:00,20.103,Logged,10015950,14609,VOL,HOBO
6/6/2014 23:00,20.007,Logged,10015950,14609,VOL,HOBO
6/7/2014 0:00,19.912,Logged,10015950,14609,VOL,HOBO
6/7/2014 1:00,19.793,Logged,10015950,14609,VOL,HOBO
6/7/2014 2:00,19.674,Logged,10015950,14609,VOL,HOBO
6/7/2014 3:00,19.555,Logged,10015950,14609,VOL,HOBO
6/7/2014 4:00,19.436,Logged,10015950,14609,VOL,HOBO
6/7/2014 5:00,19.341,Logged,10015950,14609,VOL,HOBO
6/7/2014 6:00,19.27,Logged,10015950,14609,VOL,HOBO
6/7/2014 7:00,19.27,Logged,10015950,14609,VOL,HOBO
6/7/2014 8:00,19.436,Logged,10015950,14609,VOL,HOBO
6/7/2014 9:00,19.722,Logged,10015950,14609,VOL,HOBO
6/7/2014 10:00,20.103,Logged,10015950,14609,VOL,HOBO
6/7/2014 11:00,20.555,Logged,10015950,14609,VOL,HOBO
6/7/2014 12:00,21.056,Logged,10015950,14609,VOL,HOBO
6/7/2014 13:00,21.604,Logged,10015950,14609,VOL,HOBO
6/7/2014 14:00,21.963,Logged,10015950,14609,VOL,HOBO
6/7/2014 15:00,22.298,Logged,10015950,14609,VOL,HOBO
6/7/2014 16:00,22.226,Logged,10015950,14609,VOL,HOBO
6/7/2014 17:00,22.25,Logged,10015950,14609,VOL,HOBO
6/7/2014 18:00,22.082,Logged,10015950,14609,VOL,HOBO
6/7/2014 19:00,21.963,Logged,10015950,14609,VOL,HOBO
6/7/2014 20:00,21.795,Logged,10015950,14609,VOL,HOBO
6/7/2014 21:00,21.581,Logged,10015950,14609,VOL,HOBO
6/7/2014 22:00,21.413,Logged,10015950,14609,VOL,HOBO
6/7/2014 23:00,21.294,Logged,10015950,14609,VOL,HOBO
6/8/2014 0:00,21.199,Logged,10015950,14609,VOL,HOBO
6/8/2014 1:00,21.056,Logged,10015950,14609,VOL,HOBO
6/8/2014 2:00,20.936,Logged,10015950,14609,VOL,HOBO
6/8/2014 3:00,20.841,Logged,10015950,14609,VOL,HOBO
6/8/2014 4:00,20.722,Logged,10015950,14609,VOL,HOBO
6/8/2014 5:00,20.627,Logged,10015950,14609,VOL,HOBO
6/8/2014 6:00,20.531,Logged,10015950,14609,VOL,HOBO
6/8/2014 7:00,20.507,Logged,10015950,14609,VOL,HOBO
6/8/2014 8:00,20.65,Logged,10015950,14609,VOL,HOBO
6/8/2014 9:00,20.936,Logged,10015950,14609,VOL,HOBO
6/8/2014 10:00,21.39,Logged,10015950,14609,VOL,HOBO
6/8/2014 11:00,21.867,Logged,10015950,14609,VOL,HOBO
6/8/2014 12:00,22.154,Logged,10015950,14609,VOL,HOBO
6/8/2014 13:00,22.274,Logged,10015950,14609,VOL,HOBO
6/8/2014 14:00,22.657,Logged,10015950,14609,VOL,HOBO
6/8/2014 15:00,22.824,Logged,10015950,14609,VOL,HOBO
6/8/2014 16:00,23.136,Logged,10015950,14609,VOL,HOBO
6/8/2014 17:00,22.848,Logged,10015950,14609,VOL,HOBO
6/8/2014 18:00,22.753,Logged,10015950,14609,VOL,HOBO
6/8/2014 19:00,22.657,Logged,10015950,14609,VOL,HOBO
6/8/2014 20:00,22.393,Logged,10015950,14609,VOL,HOBO
6/8/2014 21:00,22.178,Logged,10015950,14609,VOL,HOBO
6/8/2014 22:00,21.963,Logged,10015950,14609,VOL,HOBO
6/8/2014 23:00,21.772,Logged,10015950,14609,VOL,HOBO
6/9/2014 0:00,21.581,Logged,10015950,14609,VOL,HOBO
6/9/2014 1:00,21.39,Logged,10015950,14609,VOL,HOBO
6/9/2014 2:00,21.175,Logged,10015950,14609,VOL,HOBO
6/9/2014 3:00,20.96,Logged,10015950,14609,VOL,HOBO
6/9/2014 4:00,20.793,Logged,10015950,14609,VOL,HOBO
6/9/2014 5:00,20.65,Logged,10015950,14609,VOL,HOBO
6/9/2014 6:00,20.555,Logged,10015950,14609,VOL,HOBO
6/9/2014 7:00,20.579,Logged,10015950,14609,VOL,HOBO
6/9/2014 8:00,20.603,Logged,10015950,14609,VOL,HOBO
6/9/2014 9:00,20.698,Logged,10015950,14609,VOL,HOBO
6/9/2014 10:00,20.817,Logged,10015950,14609,VOL,HOBO
6/9/2014 11:00,21.032,Logged,10015950,14609,VOL,HOBO
6/9/2014 12:00,21.366,Logged,10015950,14609,VOL,HOBO
6/9/2014 13:00,21.604,Logged,10015950,14609,VOL,HOBO
6/9/2014 14:00,21.676,Logged,10015950,14609,VOL,HOBO
6/9/2014 15:00,21.652,Logged,10015950,14609,VOL,HOBO
6/9/2014 16:00,21.676,Logged,10015950,14609,VOL,HOBO
6/9/2014 17:00,21.509,Logged,10015950,14609,VOL,HOBO
6/9/2014 18:00,21.461,Logged,10015950,14609,VOL,HOBO
6/9/2014 19:00,21.318,Logged,10015950,14609,VOL,HOBO
6/9/2014 20:00,21.199,Logged,10015950,14609,VOL,HOBO
6/9/2014 21:00,21.056,Logged,10015950,14609,VOL,HOBO
6/9/2014 22:00,20.96,Logged,10015950,14609,VOL,HOBO
6/9/2014 23:00,20.841,Logged,10015950,14609,VOL,HOBO
6/10/2014 0:00,20.746,Logged,10015950,14609,VOL,HOBO
6/10/2014 1:00,20.627,Logged,10015950,14609,VOL,HOBO
6/10/2014 2:00,20.531,Logged,10015950,14609,VOL,HOBO
6/10/2014 3:00,20.436,Logged,10015950,14609,VOL,HOBO
6/10/2014 4:00,20.365,Logged,10015950,14609,VOL,HOBO
6/10/2014 5:00,20.317,Logged,10015950,14609,VOL,HOBO
6/10/2014 6:00,20.293,Logged,10015950,14609,VOL,HOBO
6/10/2014 7:00,20.293,Logged,10015950,14609,VOL,HOBO
6/10/2014 8:00,20.412,Logged,10015950,14609,VOL,HOBO
6/10/2014 9:00,20.507,Logged,10015950,14609,VOL,HOBO
6/10/2014 10:00,20.698,Logged,10015950,14609,VOL,HOBO
6/10/2014 11:00,20.889,Logged,10015950,14609,VOL,HOBO
6/10/2014 12:00,20.913,Logged,10015950,14609,VOL,HOBO
6/10/2014 13:00,21.175,Logged,10015950,14609,VOL,HOBO
6/10/2014 14:00,21.509,Logged,10015950,14609,VOL,HOBO
6/10/2014 15:00,22.082,Logged,10015950,14609,VOL,HOBO
6/10/2014 16:00,22.345,Logged,10015950,14609,VOL,HOBO
6/10/2014 17:00,22.441,Logged,10015950,14609,VOL,HOBO
6/10/2014 18:00,22.298,Logged,10015950,14609,VOL,HOBO
6/10/2014 19:00,22.082,Logged,10015950,14609,VOL,HOBO
6/10/2014 20:00,21.772,Logged,10015950,14609,VOL,HOBO
6/10/2014 21:00,21.509,Logged,10015950,14609,VOL,HOBO
6/10/2014 22:00,21.294,Logged,10015950,14609,VOL,HOBO
6/10/2014 23:00,21.151,Logged,10015950,14609,VOL,HOBO
6/11/2014 0:00,21.056,Logged,10015950,14609,VOL,HOBO
6/11/2014 1:00,20.96,Logged,10015950,14609,VOL,HOBO
6/11/2014 2:00,20.841,Logged,10015950,14609,VOL,HOBO
6/11/2014 3:00,20.698,Logged,10015950,14609,VOL,HOBO
6/11/2014 4:00,20.555,Logged,10015950,14609,VOL,HOBO
6/11/2014 5:00,20.436,Logged,10015950,14609,VOL,HOBO
6/11/2014 6:00,20.317,Logged,10015950,14609,VOL,HOBO
6/11/2014 7:00,20.293,Logged,10015950,14609,VOL,HOBO
6/11/2014 8:00,20.317,Logged,10015950,14609,VOL,HOBO
6/11/2014 9:00,20.341,Logged,10015950,14609,VOL,HOBO
6/11/2014 10:00,20.579,Logged,10015950,14609,VOL,HOBO
6/11/2014 11:00,21.008,Logged,10015950,14609,VOL,HOBO
6/11/2014 12:00,21.437,Logged,10015950,14609,VOL,HOBO
6/11/2014 13:00,21.772,Logged,10015950,14609,VOL,HOBO
6/11/2014 14:00,21.891,Logged,10015950,14609,VOL,HOBO
6/11/2014 15:00,21.867,Logged,10015950,14609,VOL,HOBO
6/11/2014 16:00,21.676,Logged,10015950,14609,VOL,HOBO
6/11/2014 17:00,21.581,Logged,10015950,14609,VOL,HOBO
6/11/2014 18:00,21.461,Logged,10015950,14609,VOL,HOBO
6/11/2014 19:00,21.294,Logged,10015950,14609,VOL,HOBO
6/11/2014 20:00,21.079,Logged,10015950,14609,VOL,HOBO
6/11/2014 21:00,20.889,Logged,10015950,14609,VOL,HOBO
6/11/2014 22:00,20.77,Logged,10015950,14609,VOL,HOBO
6/11/2014 23:00,20.674,Logged,10015950,14609,VOL,HOBO
6/12/2014 0:00,20.579,Logged,10015950,14609,VOL,HOBO
6/12/2014 1:00,20.507,Logged,10015950,14609,VOL,HOBO
6/12/2014 2:00,20.436,Logged,10015950,14609,VOL,HOBO
6/12/2014 3:00,20.365,Logged,10015950,14609,VOL,HOBO
6/12/2014 4:00,20.269,Logged,10015950,14609,VOL,HOBO
6/12/2014 5:00,20.174,Logged,10015950,14609,VOL,HOBO
6/12/2014 6:00,20.103,Logged,10015950,14609,VOL,HOBO
6/12/2014 7:00,20.007,Logged,10015950,14609,VOL,HOBO
6/12/2014 8:00,20.007,Logged,10015950,14609,VOL,HOBO
6/12/2014 9:00,20.031,Logged,10015950,14609,VOL,HOBO
6/12/2014 10:00,20.031,Logged,10015950,14609,VOL,HOBO
6/12/2014 11:00,20.079,Logged,10015950,14609,VOL,HOBO
6/12/2014 12:00,20.103,Logged,10015950,14609,VOL,HOBO
6/12/2014 13:00,20.126,Logged,10015950,14609,VOL,HOBO
6/12/2014 14:00,20.174,Logged,10015950,14609,VOL,HOBO
6/12/2014 15:00,20.246,Logged,10015950,14609,VOL,HOBO
6/12/2014 16:00,20.293,Logged,10015950,14609,VOL,HOBO
6/12/2014 17:00,20.317,Logged,10015950,14609,VOL,HOBO
6/12/2014 18:00,20.365,Logged,10015950,14609,VOL,HOBO
6/12/2014 19:00,20.341,Logged,10015950,14609,VOL,HOBO
6/12/2014 20:00,20.293,Logged,10015950,14609,VOL,HOBO
6/12/2014 21:00,20.222,Logged,10015950,14609,VOL,HOBO
6/12/2014 22:00,20.174,Logged,10015950,14609,VOL,HOBO
6/12/2014 23:00,20.126,Logged,10015950,14609,VOL,HOBO
6/13/2014 0:00,20.079,Logged,10015950,14609,VOL,HOBO
6/13/2014 1:00,20.055,Logged,10015950,14609,VOL,HOBO
6/13/2014 2:00,20.007,Logged,10015950,14609,VOL,HOBO
6/13/2014 3:00,19.936,Logged,10015950,14609,VOL,HOBO
6/13/2014 4:00,19.888,Logged,10015950,14609,VOL,HOBO
6/13/2014 5:00,19.817,Logged,10015950,14609,VOL,HOBO
6/13/2014 6:00,19.793,Logged,10015950,14609,VOL,HOBO
6/13/2014 7:00,19.746,Logged,10015950,14609,VOL,HOBO
6/13/2014 8:00,19.77,Logged,10015950,14609,VOL,HOBO
6/13/2014 9:00,19.698,Logged,10015950,14609,VOL,HOBO
6/13/2014 10:00,19.651,Logged,10015950,14609,VOL,HOBO
6/13/2014 11:00,19.77,Logged,10015950,14609,VOL,HOBO
6/13/2014 12:00,19.936,Logged,10015950,14609,VOL,HOBO
6/13/2014 13:00,20.007,Logged,10015950,14609,VOL,HOBO
6/13/2014 14:00,20.103,Logged,10015950,14609,VOL,HOBO
6/13/2014 15:00,20.079,Logged,10015950,14609,VOL,HOBO
6/13/2014 16:00,20.293,Logged,10015950,14609,VOL,HOBO
6/13/2014 17:00,20.293,Logged,10015950,14609,VOL,HOBO
6/13/2014 18:00,20.293,Logged,10015950,14609,VOL,HOBO
6/13/2014 19:00,20.222,Logged,10015950,14609,VOL,HOBO
6/13/2014 20:00,20.126,Logged,10015950,14609,VOL,HOBO
6/13/2014 21:00,20.031,Logged,10015950,14609,VOL,HOBO
6/13/2014 22:00,19.96,Logged,10015950,14609,VOL,HOBO
6/13/2014 23:00,19.912,Logged,10015950,14609,VOL,HOBO
6/14/2014 0:00,19.888,Logged,10015950,14609,VOL,HOBO
6/14/2014 1:00,19.865,Logged,10015950,14609,VOL,HOBO
6/14/2014 2:00,19.817,Logged,10015950,14609,VOL,HOBO
6/14/2014 3:00,19.793,Logged,10015950,14609,VOL,HOBO
6/14/2014 4:00,19.746,Logged,10015950,14609,VOL,HOBO
6/14/2014 5:00,19.698,Logged,10015950,14609,VOL,HOBO
6/14/2014 6:00,19.674,Logged,10015950,14609,VOL,HOBO
6/14/2014 7:00,19.698,Logged,10015950,14609,VOL,HOBO
6/14/2014 8:00,19.746,Logged,10015950,14609,VOL,HOBO
6/14/2014 9:00,19.865,Logged,10015950,14609,VOL,HOBO
6/14/2014 10:00,19.936,Logged,10015950,14609,VOL,HOBO
6/14/2014 11:00,20.007,Logged,10015950,14609,VOL,HOBO
6/14/2014 12:00,20.246,Logged,10015950,14609,VOL,HOBO
6/14/2014 13:00,20.388,Logged,10015950,14609,VOL,HOBO
6/14/2014 14:00,20.65,Logged,10015950,14609,VOL,HOBO
6/14/2014 15:00,20.77,Logged,10015950,14609,VOL,HOBO
6/14/2014 16:00,20.793,Logged,10015950,14609,VOL,HOBO
6/14/2014 17:00,20.96,Logged,10015950,14609,VOL,HOBO
6/14/2014 18:00,20.817,Logged,10015950,14609,VOL,HOBO
6/14/2014 19:00,20.531,Logged,10015950,14609,VOL,HOBO
6/14/2014 20:00,20.246,Logged,10015950,14609,VOL,HOBO
6/14/2014 21:00,20.007,Logged,10015950,14609,VOL,HOBO
6/14/2014 22:00,19.841,Logged,10015950,14609,VOL,HOBO
6/14/2014 23:00,19.722,Logged,10015950,14609,VOL,HOBO
6/15/2014 0:00,19.603,Logged,10015950,14609,VOL,HOBO
6/15/2014 1:00,19.532,Logged,10015950,14609,VOL,HOBO
6/15/2014 2:00,19.436,Logged,10015950,14609,VOL,HOBO
6/15/2014 3:00,19.341,Logged,10015950,14609,VOL,HOBO
6/15/2014 4:00,19.222,Logged,10015950,14609,VOL,HOBO
6/15/2014 5:00,19.103,Logged,10015950,14609,VOL,HOBO
6/15/2014 6:00,19.008,Logged,10015950,14609,VOL,HOBO
6/15/2014 7:00,18.985,Logged,10015950,14609,VOL,HOBO
6/15/2014 8:00,19.127,Logged,10015950,14609,VOL,HOBO
6/15/2014 9:00,19.341,Logged,10015950,14609,VOL,HOBO
6/15/2014 10:00,19.698,Logged,10015950,14609,VOL,HOBO
6/15/2014 11:00,20.103,Logged,10015950,14609,VOL,HOBO
6/15/2014 12:00,20.674,Logged,10015950,14609,VOL,HOBO
6/15/2014 13:00,21.27,Logged,10015950,14609,VOL,HOBO
6/15/2014 14:00,21.772,Logged,10015950,14609,VOL,HOBO
6/15/2014 15:00,22.154,Logged,10015950,14609,VOL,HOBO
6/15/2014 16:00,22.274,Logged,10015950,14609,VOL,HOBO
6/15/2014 17:00,22.106,Logged,10015950,14609,VOL,HOBO
6/15/2014 18:00,21.748,Logged,10015950,14609,VOL,HOBO
6/15/2014 19:00,21.413,Logged,10015950,14609,VOL,HOBO
6/15/2014 20:00,21.199,Logged,10015950,14609,VOL,HOBO
6/15/2014 21:00,20.984,Logged,10015950,14609,VOL,HOBO
6/15/2014 22:00,20.841,Logged,10015950,14609,VOL,HOBO
6/15/2014 23:00,20.77,Logged,10015950,14609,VOL,HOBO
6/16/2014 0:00,20.65,Logged,10015950,14609,VOL,HOBO
6/16/2014 1:00,20.555,Logged,10015950,14609,VOL,HOBO
6/16/2014 2:00,20.436,Logged,10015950,14609,VOL,HOBO
6/16/2014 3:00,20.293,Logged,10015950,14609,VOL,HOBO
6/16/2014 4:00,20.15,Logged,10015950,14609,VOL,HOBO
6/16/2014 5:00,20.007,Logged,10015950,14609,VOL,HOBO
6/16/2014 6:00,19.841,Logged,10015950,14609,VOL,HOBO
6/16/2014 7:00,19.817,Logged,10015950,14609,VOL,HOBO
6/16/2014 8:00,19.841,Logged,10015950,14609,VOL,HOBO
6/16/2014 9:00,20.007,Logged,10015950,14609,VOL,HOBO
6/16/2014 10:00,20.412,Logged,10015950,14609,VOL,HOBO
6/16/2014 11:00,20.913,Logged,10015950,14609,VOL,HOBO
6/16/2014 12:00,21.485,Logged,10015950,14609,VOL,HOBO
6/16/2014 13:00,22.13,Logged,10015950,14609,VOL,HOBO
6/16/2014 14:00,22.585,Logged,10015950,14609,VOL,HOBO
6/16/2014 15:00,23.016,Logged,10015950,14609,VOL,HOBO
6/16/2014 16:00,23.088,Logged,10015950,14609,VOL,HOBO
6/16/2014 17:00,22.944,Logged,10015950,14609,VOL,HOBO
6/16/2014 18:00,22.609,Logged,10015950,14609,VOL,HOBO
6/16/2014 19:00,22.154,Logged,10015950,14609,VOL,HOBO
6/16/2014 20:00,21.867,Logged,10015950,14609,VOL,HOBO
6/16/2014 21:00,21.557,Logged,10015950,14609,VOL,HOBO
6/16/2014 22:00,21.294,Logged,10015950,14609,VOL,HOBO
6/16/2014 23:00,21.175,Logged,10015950,14609,VOL,HOBO
6/17/2014 0:00,21.079,Logged,10015950,14609,VOL,HOBO
6/17/2014 1:00,21.008,Logged,10015950,14609,VOL,HOBO
6/17/2014 2:00,20.936,Logged,10015950,14609,VOL,HOBO
6/17/2014 3:00,20.841,Logged,10015950,14609,VOL,HOBO
6/17/2014 4:00,20.722,Logged,10015950,14609,VOL,HOBO
6/17/2014 5:00,20.579,Logged,10015950,14609,VOL,HOBO
6/17/2014 6:00,20.46,Logged,10015950,14609,VOL,HOBO
6/17/2014 7:00,20.388,Logged,10015950,14609,VOL,HOBO
6/17/2014 8:00,20.484,Logged,10015950,14609,VOL,HOBO
6/17/2014 9:00,20.674,Logged,10015950,14609,VOL,HOBO
6/17/2014 10:00,21.056,Logged,10015950,14609,VOL,HOBO
6/17/2014 11:00,21.557,Logged,10015950,14609,VOL,HOBO
6/17/2014 12:00,22.154,Logged,10015950,14609,VOL,HOBO
6/17/2014 13:00,22.705,Logged,10015950,14609,VOL,HOBO
6/17/2014 14:00,23.04,Logged,10015950,14609,VOL,HOBO
6/17/2014 15:00,23.112,Logged,10015950,14609,VOL,HOBO
6/17/2014 16:00,23.16,Logged,10015950,14609,VOL,HOBO
6/17/2014 17:00,23.232,Logged,10015950,14609,VOL,HOBO
6/17/2014 18:00,23.064,Logged,10015950,14609,VOL,HOBO
6/17/2014 19:00,22.944,Logged,10015950,14609,VOL,HOBO
6/17/2014 20:00,22.705,Logged,10015950,14609,VOL,HOBO
6/17/2014 21:00,22.465,Logged,10015950,14609,VOL,HOBO
6/17/2014 22:00,22.321,Logged,10015950,14609,VOL,HOBO
6/17/2014 23:00,22.154,Logged,10015950,14609,VOL,HOBO
6/18/2014 0:00,22.034,Logged,10015950,14609,VOL,HOBO
6/18/2014 1:00,21.963,Logged,10015950,14609,VOL,HOBO
6/18/2014 2:00,21.867,Logged,10015950,14609,VOL,HOBO
6/18/2014 3:00,21.772,Logged,10015950,14609,VOL,HOBO
6/18/2014 4:00,21.652,Logged,10015950,14609,VOL,HOBO
6/18/2014 5:00,21.509,Logged,10015950,14609,VOL,HOBO
6/18/2014 6:00,21.413,Logged,10015950,14609,VOL,HOBO
6/18/2014 7:00,21.366,Logged,10015950,14609,VOL,HOBO
6/18/2014 8:00,21.461,Logged,10015950,14609,VOL,HOBO
6/18/2014 9:00,21.628,Logged,10015950,14609,VOL,HOBO
6/18/2014 10:00,21.939,Logged,10015950,14609,VOL,HOBO
6/18/2014 11:00,22.489,Logged,10015950,14609,VOL,HOBO
6/18/2014 12:00,23.016,Logged,10015950,14609,VOL,HOBO
6/18/2014 13:00,23.713,Logged,10015950,14609,VOL,HOBO
6/18/2014 14:00,24.146,Logged,10015950,14609,VOL,HOBO
6/18/2014 15:00,24.557,Logged,10015950,14609,VOL,HOBO
6/18/2014 16:00,24.726,Logged,10015950,14609,VOL,HOBO
6/18/2014 17:00,24.291,Logged,10015950,14609,VOL,HOBO
6/18/2014 18:00,24.074,Logged,10015950,14609,VOL,HOBO
6/18/2014 19:00,23.713,Logged,10015950,14609,VOL,HOBO
6/18/2014 20:00,23.424,Logged,10015950,14609,VOL,HOBO
6/18/2014 21:00,23.232,Logged,10015950,14609,VOL,HOBO
6/18/2014 22:00,23.064,Logged,10015950,14609,VOL,HOBO
6/18/2014 23:00,22.944,Logged,10015950,14609,VOL,HOBO
6/19/2014 0:00,22.848,Logged,10015950,14609,VOL,HOBO
6/19/2014 1:00,22.8,Logged,10015950,14609,VOL,HOBO
6/19/2014 2:00,22.753,Logged,10015950,14609,VOL,HOBO
6/19/2014 3:00,22.729,Logged,10015950,14609,VOL,HOBO
6/19/2014 4:00,22.729,Logged,10015950,14609,VOL,HOBO
6/19/2014 5:00,22.681,Logged,10015950,14609,VOL,HOBO
6/19/2014 6:00,22.633,Logged,10015950,14609,VOL,HOBO
6/19/2014 7:00,22.609,Logged,10015950,14609,VOL,HOBO
6/19/2014 8:00,22.585,Logged,10015950,14609,VOL,HOBO
6/19/2014 9:00,22.633,Logged,10015950,14609,VOL,HOBO
6/19/2014 10:00,22.681,Logged,10015950,14609,VOL,HOBO
6/19/2014 11:00,23.088,Logged,10015950,14609,VOL,HOBO
6/19/2014 12:00,23.497,Logged,10015950,14609,VOL,HOBO
6/19/2014 13:00,24.195,Logged,10015950,14609,VOL,HOBO
6/19/2014 14:00,24.702,Logged,10015950,14609,VOL,HOBO
6/19/2014 15:00,25.162,Logged,10015950,14609,VOL,HOBO
6/19/2014 16:00,25.355,Logged,10015950,14609,VOL,HOBO
6/19/2014 17:00,25.065,Logged,10015950,14609,VOL,HOBO
6/19/2014 18:00,24.532,Logged,10015950,14609,VOL,HOBO
6/19/2014 19:00,24.122,Logged,10015950,14609,VOL,HOBO
6/19/2014 20:00,23.785,Logged,10015950,14609,VOL,HOBO
6/19/2014 21:00,23.472,Logged,10015950,14609,VOL,HOBO
6/19/2014 22:00,23.136,Logged,10015950,14609,VOL,HOBO
6/19/2014 23:00,22.824,Logged,10015950,14609,VOL,HOBO
6/20/2014 0:00,22.633,Logged,10015950,14609,VOL,HOBO
6/20/2014 1:00,22.417,Logged,10015950,14609,VOL,HOBO
6/20/2014 2:00,22.226,Logged,10015950,14609,VOL,HOBO
6/20/2014 3:00,22.082,Logged,10015950,14609,VOL,HOBO
6/20/2014 4:00,21.939,Logged,10015950,14609,VOL,HOBO
6/20/2014 5:00,21.795,Logged,10015950,14609,VOL,HOBO
6/20/2014 6:00,21.7,Logged,10015950,14609,VOL,HOBO
6/20/2014 7:00,21.676,Logged,10015950,14609,VOL,HOBO
6/20/2014 8:00,21.891,Logged,10015950,14609,VOL,HOBO
6/20/2014 9:00,22.082,Logged,10015950,14609,VOL,HOBO
6/20/2014 10:00,22.513,Logged,10015950,14609,VOL,HOBO
6/20/2014 11:00,23.04,Logged,10015950,14609,VOL,HOBO
6/20/2014 12:00,23.737,Logged,10015950,14609,VOL,HOBO
6/20/2014 13:00,24.46,Logged,10015950,14609,VOL,HOBO
6/20/2014 14:00,25.089,Logged,10015950,14609,VOL,HOBO
6/20/2014 15:00,25.258,Logged,10015950,14609,VOL,HOBO
6/20/2014 16:00,25.113,Logged,10015950,14609,VOL,HOBO
6/20/2014 17:00,24.726,Logged,10015950,14609,VOL,HOBO
6/20/2014 18:00,24.195,Logged,10015950,14609,VOL,HOBO
6/20/2014 19:00,23.737,Logged,10015950,14609,VOL,HOBO
6/20/2014 20:00,23.352,Logged,10015950,14609,VOL,HOBO
6/20/2014 21:00,22.968,Logged,10015950,14609,VOL,HOBO
6/20/2014 22:00,22.633,Logged,10015950,14609,VOL,HOBO
6/20/2014 23:00,22.369,Logged,10015950,14609,VOL,HOBO
6/21/2014 0:00,22.13,Logged,10015950,14609,VOL,HOBO
6/21/2014 1:00,21.963,Logged,10015950,14609,VOL,HOBO
6/21/2014 2:00,21.819,Logged,10015950,14609,VOL,HOBO
6/21/2014 3:00,21.724,Logged,10015950,14609,VOL,HOBO
6/21/2014 4:00,21.628,Logged,10015950,14609,VOL,HOBO
6/21/2014 5:00,21.461,Logged,10015950,14609,VOL,HOBO
6/21/2014 6:00,21.318,Logged,10015950,14609,VOL,HOBO
6/21/2014 7:00,21.246,Logged,10015950,14609,VOL,HOBO
6/21/2014 8:00,21.413,Logged,10015950,14609,VOL,HOBO
6/21/2014 9:00,21.7,Logged,10015950,14609,VOL,HOBO
6/21/2014 10:00,22.13,Logged,10015950,14609,VOL,HOBO
6/21/2014 11:00,22.657,Logged,10015950,14609,VOL,HOBO
6/21/2014 12:00,23.328,Logged,10015950,14609,VOL,HOBO
6/21/2014 13:00,24.122,Logged,10015950,14609,VOL,HOBO
6/21/2014 14:00,24.677,Logged,10015950,14609,VOL,HOBO
6/21/2014 15:00,24.484,Logged,10015950,14609,VOL,HOBO
6/21/2014 16:00,24.388,Logged,10015950,14609,VOL,HOBO
6/21/2014 17:00,24.219,Logged,10015950,14609,VOL,HOBO
6/21/2014 18:00,23.93,Logged,10015950,14609,VOL,HOBO
6/21/2014 19:00,23.497,Logged,10015950,14609,VOL,HOBO
6/21/2014 20:00,23.112,Logged,10015950,14609,VOL,HOBO
6/21/2014 21:00,22.705,Logged,10015950,14609,VOL,HOBO
6/21/2014 22:00,22.274,Logged,10015950,14609,VOL,HOBO
6/21/2014 23:00,21.915,Logged,10015950,14609,VOL,HOBO
6/22/2014 0:00,21.461,Logged,10015950,14609,VOL,HOBO
6/22/2014 1:00,21.27,Logged,10015950,14609,VOL,HOBO
6/22/2014 2:00,21.079,Logged,10015950,14609,VOL,HOBO
6/22/2014 3:00,20.96,Logged,10015950,14609,VOL,HOBO
6/22/2014 4:00,20.865,Logged,10015950,14609,VOL,HOBO
6/22/2014 5:00,20.865,Logged,10015950,14609,VOL,HOBO
6/22/2014 6:00,20.77,Logged,10015950,14609,VOL,HOBO
6/22/2014 7:00,20.793,Logged,10015950,14609,VOL,HOBO
6/22/2014 8:00,21.056,Logged,10015950,14609,VOL,HOBO
6/22/2014 9:00,21.413,Logged,10015950,14609,VOL,HOBO
6/22/2014 10:00,21.891,Logged,10015950,14609,VOL,HOBO
6/22/2014 11:00,22.633,Logged,10015950,14609,VOL,HOBO
6/22/2014 12:00,23.256,Logged,10015950,14609,VOL,HOBO
6/22/2014 13:00,23.689,Logged,10015950,14609,VOL,HOBO
6/22/2014 14:00,23.737,Logged,10015950,14609,VOL,HOBO
6/22/2014 15:00,24.05,Logged,10015950,14609,VOL,HOBO
6/22/2014 16:00,23.761,Logged,10015950,14609,VOL,HOBO
6/22/2014 17:00,23.833,Logged,10015950,14609,VOL,HOBO
6/22/2014 18:00,23.617,Logged,10015950,14609,VOL,HOBO
6/22/2014 19:00,23.256,Logged,10015950,14609,VOL,HOBO
6/22/2014 20:00,22.896,Logged,10015950,14609,VOL,HOBO
6/22/2014 21:00,22.609,Logged,10015950,14609,VOL,HOBO
6/22/2014 22:00,22.274,Logged,10015950,14609,VOL,HOBO
6/22/2014 23:00,21.987,Logged,10015950,14609,VOL,HOBO
6/23/2014 0:00,21.7,Logged,10015950,14609,VOL,HOBO
6/23/2014 1:00,21.437,Logged,10015950,14609,VOL,HOBO
6/23/2014 2:00,20.936,Logged,10015950,14609,VOL,HOBO
6/23/2014 3:00,20.77,Logged,10015950,14609,VOL,HOBO
6/23/2014 4:00,20.507,Logged,10015950,14609,VOL,HOBO
6/23/2014 5:00,20.365,Logged,10015950,14609,VOL,HOBO
6/23/2014 6:00,20.198,Logged,10015950,14609,VOL,HOBO
6/23/2014 7:00,20.293,Logged,10015950,14609,VOL,HOBO
6/23/2014 8:00,20.817,Logged,10015950,14609,VOL,HOBO
6/23/2014 9:00,21.223,Logged,10015950,14609,VOL,HOBO
6/23/2014 10:00,21.843,Logged,10015950,14609,VOL,HOBO
6/23/2014 11:00,22.705,Logged,10015950,14609,VOL,HOBO
6/23/2014 12:00,23.472,Logged,10015950,14609,VOL,HOBO
6/23/2014 13:00,24.243,Logged,10015950,14609,VOL,HOBO
6/23/2014 14:00,25.04,Logged,10015950,14609,VOL,HOBO
6/23/2014 15:00,24.702,Logged,10015950,14609,VOL,HOBO
6/23/2014 16:00,24.46,Logged,10015950,14609,VOL,HOBO
6/23/2014 17:00,24.098,Logged,10015950,14609,VOL,HOBO
6/23/2014 18:00,23.785,Logged,10015950,14609,VOL,HOBO
6/23/2014 19:00,23.232,Logged,10015950,14609,VOL,HOBO
6/23/2014 20:00,22.8,Logged,10015950,14609,VOL,HOBO
6/23/2014 21:00,22.298,Logged,10015950,14609,VOL,HOBO
6/23/2014 22:00,21.772,Logged,10015950,14609,VOL,HOBO
6/23/2014 23:00,21.246,Logged,10015950,14609,VOL,HOBO
6/24/2014 0:00,20.46,Logged,10015950,14609,VOL,HOBO
6/24/2014 1:00,20.388,Logged,10015950,14609,VOL,HOBO
6/24/2014 2:00,20.007,Logged,10015950,14609,VOL,HOBO
6/24/2014 3:00,19.841,Logged,10015950,14609,VOL,HOBO
6/24/2014 4:00,19.865,Logged,10015950,14609,VOL,HOBO
6/24/2014 5:00,20.007,Logged,10015950,14609,VOL,HOBO
6/24/2014 6:00,20.15,Logged,10015950,14609,VOL,HOBO
6/24/2014 7:00,20.317,Logged,10015950,14609,VOL,HOBO
6/24/2014 8:00,20.627,Logged,10015950,14609,VOL,HOBO
6/24/2014 9:00,21.079,Logged,10015950,14609,VOL,HOBO
6/24/2014 10:00,21.652,Logged,10015950,14609,VOL,HOBO
6/24/2014 11:00,22.345,Logged,10015950,14609,VOL,HOBO
6/24/2014 12:00,23.16,Logged,10015950,14609,VOL,HOBO
6/24/2014 13:00,23.713,Logged,10015950,14609,VOL,HOBO
6/24/2014 14:00,24.146,Logged,10015950,14609,VOL,HOBO
6/24/2014 15:00,24.146,Logged,10015950,14609,VOL,HOBO
6/24/2014 16:00,24.122,Logged,10015950,14609,VOL,HOBO
6/24/2014 17:00,23.737,Logged,10015950,14609,VOL,HOBO
6/24/2014 18:00,23.376,Logged,10015950,14609,VOL,HOBO
6/24/2014 19:00,22.848,Logged,10015950,14609,VOL,HOBO
6/24/2014 20:00,22.489,Logged,10015950,14609,VOL,HOBO
6/24/2014 21:00,22.202,Logged,10015950,14609,VOL,HOBO
6/24/2014 22:00,21.891,Logged,10015950,14609,VOL,HOBO
6/24/2014 23:00,21.533,Logged,10015950,14609,VOL,HOBO
6/25/2014 0:00,21.079,Logged,10015950,14609,VOL,HOBO
6/25/2014 1:00,20.198,Logged,10015950,14609,VOL,HOBO
6/25/2014 2:00,19.865,Logged,10015950,14609,VOL,HOBO
6/25/2014 3:00,19.793,Logged,10015950,14609,VOL,HOBO
6/25/2014 4:00,19.746,Logged,10015950,14609,VOL,HOBO
6/25/2014 5:00,20.103,Logged,10015950,14609,VOL,HOBO
6/25/2014 6:00,19.746,Logged,10015950,14609,VOL,HOBO
6/25/2014 7:00,20.317,Logged,10015950,14609,VOL,HOBO
6/25/2014 8:00,20.841,Logged,10015950,14609,VOL,HOBO
6/25/2014 9:00,21.318,Logged,10015950,14609,VOL,HOBO
6/25/2014 10:00,21.772,Logged,10015950,14609,VOL,HOBO
6/25/2014 11:00,22.393,Logged,10015950,14609,VOL,HOBO
6/25/2014 12:00,23.472,Logged,10015950,14609,VOL,HOBO
6/25/2014 13:00,24.171,Logged,10015950,14609,VOL,HOBO
6/25/2014 14:00,24.629,Logged,10015950,14609,VOL,HOBO
6/25/2014 15:00,24.968,Logged,10015950,14609,VOL,HOBO
6/25/2014 16:00,24.75,Logged,10015950,14609,VOL,HOBO
6/25/2014 17:00,24.895,Logged,10015950,14609,VOL,HOBO
6/25/2014 18:00,24.774,Logged,10015950,14609,VOL,HOBO
6/25/2014 19:00,24.339,Logged,10015950,14609,VOL,HOBO
6/25/2014 20:00,23.954,Logged,10015950,14609,VOL,HOBO
6/25/2014 21:00,23.593,Logged,10015950,14609,VOL,HOBO
6/25/2014 22:00,23.352,Logged,10015950,14609,VOL,HOBO
6/25/2014 23:00,23.136,Logged,10015950,14609,VOL,HOBO
6/26/2014 0:00,22.944,Logged,10015950,14609,VOL,HOBO
6/26/2014 1:00,22.824,Logged,10015950,14609,VOL,HOBO
6/26/2014 2:00,22.824,Logged,10015950,14609,VOL,HOBO
6/26/2014 3:00,22.824,Logged,10015950,14609,VOL,HOBO
6/26/2014 4:00,22.848,Logged,10015950,14609,VOL,HOBO
6/26/2014 5:00,22.872,Logged,10015950,14609,VOL,HOBO
6/26/2014 6:00,22.944,Logged,10015950,14609,VOL,HOBO
6/26/2014 7:00,22.968,Logged,10015950,14609,VOL,HOBO
6/26/2014 8:00,23.112,Logged,10015950,14609,VOL,HOBO
6/26/2014 9:00,23.376,Logged,10015950,14609,VOL,HOBO
6/26/2014 10:00,23.665,Logged,10015950,14609,VOL,HOBO
6/26/2014 11:00,24.074,Logged,10015950,14609,VOL,HOBO
6/26/2014 12:00,24.798,Logged,10015950,14609,VOL,HOBO
6/26/2014 13:00,25.089,Logged,10015950,14609,VOL,HOBO
6/26/2014 14:00,25.744,Logged,10015950,14609,VOL,HOBO
6/26/2014 15:00,25.793,Logged,10015950,14609,VOL,HOBO
6/26/2014 16:00,25.671,Logged,10015950,14609,VOL,HOBO
6/26/2014 17:00,25.38,Logged,10015950,14609,VOL,HOBO
6/26/2014 18:00,24.992,Logged,10015950,14609,VOL,HOBO
6/26/2014 19:00,24.677,Logged,10015950,14609,VOL,HOBO
6/26/2014 20:00,24.388,Logged,10015950,14609,VOL,HOBO
6/26/2014 21:00,24.098,Logged,10015950,14609,VOL,HOBO
6/26/2014 22:00,23.809,Logged,10015950,14609,VOL,HOBO
6/26/2014 23:00,23.521,Logged,10015950,14609,VOL,HOBO
6/27/2014 0:00,23.28,Logged,10015950,14609,VOL,HOBO
6/27/2014 1:00,23.016,Logged,10015950,14609,VOL,HOBO
6/27/2014 2:00,22.8,Logged,10015950,14609,VOL,HOBO
6/27/2014 3:00,22.082,Logged,10015950,14609,VOL,HOBO
6/27/2014 4:00,22.106,Logged,10015950,14609,VOL,HOBO
6/27/2014 5:00,22.011,Logged,10015950,14609,VOL,HOBO
6/27/2014 6:00,21.915,Logged,10015950,14609,VOL,HOBO
6/27/2014 7:00,21.939,Logged,10015950,14609,VOL,HOBO
6/27/2014 8:00,22.298,Logged,10015950,14609,VOL,HOBO
6/27/2014 9:00,22.681,Logged,10015950,14609,VOL,HOBO
6/27/2014 10:00,23.064,Logged,10015950,14609,VOL,HOBO
6/27/2014 11:00,23.665,Logged,10015950,14609,VOL,HOBO
6/27/2014 12:00,24.605,Logged,10015950,14609,VOL,HOBO
6/27/2014 13:00,24.944,Logged,10015950,14609,VOL,HOBO
6/27/2014 14:00,25.744,Logged,10015950,14609,VOL,HOBO
6/27/2014 15:00,26.426,Logged,10015950,14609,VOL,HOBO
6/27/2014 16:00,26.109,Logged,10015950,14609,VOL,HOBO
6/27/2014 17:00,25.963,Logged,10015950,14609,VOL,HOBO
6/27/2014 18:00,25.501,Logged,10015950,14609,VOL,HOBO
6/27/2014 19:00,25.186,Logged,10015950,14609,VOL,HOBO
6/27/2014 20:00,24.75,Logged,10015950,14609,VOL,HOBO
6/27/2014 21:00,22.489,Logged,10015950,14609,VOL,HOBO
6/27/2014 22:00,21.413,Logged,10015950,14609,VOL,HOBO
6/27/2014 23:00,20.031,Logged,10015950,14609,VOL,HOBO
6/28/2014 0:00,19.674,Logged,10015950,14609,VOL,HOBO
6/28/2014 1:00,19.365,Logged,10015950,14609,VOL,HOBO
6/28/2014 2:00,18.628,Logged,10015950,14609,VOL,HOBO
6/28/2014 3:00,18.152,Logged,10015950,14609,VOL,HOBO
6/28/2014 4:00,17.938,Logged,10015950,14609,VOL,HOBO
6/28/2014 5:00,18.033,Logged,10015950,14609,VOL,HOBO
6/28/2014 6:00,18.533,Logged,10015950,14609,VOL,HOBO
6/28/2014 7:00,18.224,Logged,10015950,14609,VOL,HOBO
6/28/2014 8:00,19.603,Logged,10015950,14609,VOL,HOBO
6/28/2014 9:00,20.507,Logged,10015950,14609,VOL,HOBO
6/28/2014 10:00,21.533,Logged,10015950,14609,VOL,HOBO
6/28/2014 11:00,22.465,Logged,10015950,14609,VOL,HOBO
6/28/2014 12:00,23.569,Logged,10015950,14609,VOL,HOBO
6/28/2014 13:00,24.195,Logged,10015950,14609,VOL,HOBO
6/28/2014 14:00,25.331,Logged,10015950,14609,VOL,HOBO
6/28/2014 15:00,25.525,Logged,10015950,14609,VOL,HOBO
6/28/2014 16:00,25.72,Logged,10015950,14609,VOL,HOBO
6/28/2014 17:00,25.428,Logged,10015950,14609,VOL,HOBO
6/28/2014 18:00,25.671,Logged,10015950,14609,VOL,HOBO
6/28/2014 19:00,24.605,Logged,10015950,14609,VOL,HOBO
6/28/2014 20:00,24.219,Logged,10015950,14609,VOL,HOBO
6/28/2014 21:00,22.944,Logged,10015950,14609,VOL,HOBO
6/28/2014 22:00,22.417,Logged,10015950,14609,VOL,HOBO
6/28/2014 23:00,21.604,Logged,10015950,14609,VOL,HOBO
6/29/2014 0:00,21.103,Logged,10015950,14609,VOL,HOBO
6/29/2014 1:00,20.746,Logged,10015950,14609,VOL,HOBO
6/29/2014 2:00,20.198,Logged,10015950,14609,VOL,HOBO
6/29/2014 3:00,19.508,Logged,10015950,14609,VOL,HOBO
6/29/2014 4:00,19.246,Logged,10015950,14609,VOL,HOBO
6/29/2014 5:00,18.889,Logged,10015950,14609,VOL,HOBO
6/29/2014 6:00,18.604,Logged,10015950,14609,VOL,HOBO
6/29/2014 7:00,19.555,Logged,10015950,14609,VOL,HOBO
6/29/2014 8:00,20.031,Logged,10015950,14609,VOL,HOBO
6/29/2014 9:00,20.698,Logged,10015950,14609,VOL,HOBO
6/29/2014 10:00,21.342,Logged,10015950,14609,VOL,HOBO
6/29/2014 11:00,22.226,Logged,10015950,14609,VOL,HOBO
6/29/2014 12:00,23.304,Logged,10015950,14609,VOL,HOBO
6/29/2014 13:00,23.954,Logged,10015950,14609,VOL,HOBO
6/29/2014 14:00,24.508,Logged,10015950,14609,VOL,HOBO
6/29/2014 15:00,24.823,Logged,10015950,14609,VOL,HOBO
6/29/2014 16:00,24.992,Logged,10015950,14609,VOL,HOBO
6/29/2014 17:00,24.629,Logged,10015950,14609,VOL,HOBO
6/29/2014 18:00,25.331,Logged,10015950,14609,VOL,HOBO
6/29/2014 19:00,24.436,Logged,10015950,14609,VOL,HOBO
6/29/2014 20:00,23.905,Logged,10015950,14609,VOL,HOBO
6/29/2014 21:00,23.184,Logged,10015950,14609,VOL,HOBO
6/29/2014 22:00,22.657,Logged,10015950,14609,VOL,HOBO
6/29/2014 23:00,21.557,Logged,10015950,14609,VOL,HOBO
6/30/2014 0:00,21.39,Logged,10015950,14609,VOL,HOBO
6/30/2014 1:00,20.96,Logged,10015950,14609,VOL,HOBO
6/30/2014 2:00,20.579,Logged,10015950,14609,VOL,HOBO
6/30/2014 3:00,20.198,Logged,10015950,14609,VOL,HOBO
6/30/2014 4:00,20.293,Logged,10015950,14609,VOL,HOBO
6/30/2014 5:00,20.341,Logged,10015950,14609,VOL,HOBO
6/30/2014 6:00,20.579,Logged,10015950,14609,VOL,HOBO
6/30/2014 7:00,20.746,Logged,10015950,14609,VOL,HOBO
6/30/2014 8:00,20.984,Logged,10015950,14609,VOL,HOBO
6/30/2014 9:00,21.437,Logged,10015950,14609,VOL,HOBO
6/30/2014 10:00,21.604,Logged,10015950,14609,VOL,HOBO
6/30/2014 11:00,21.963,Logged,10015950,14609,VOL,HOBO
6/30/2014 12:00,23.28,Logged,10015950,14609,VOL,HOBO
6/30/2014 13:00,24.629,Logged,10015950,14609,VOL,HOBO
6/30/2014 14:00,25.234,Logged,10015950,14609,VOL,HOBO
6/30/2014 15:00,24.919,Logged,10015950,14609,VOL,HOBO
6/30/2014 16:00,24.919,Logged,10015950,14609,VOL,HOBO
6/30/2014 17:00,24.75,Logged,10015950,14609,VOL,HOBO
6/30/2014 18:00,25.744,Logged,10015950,14609,VOL,HOBO
6/30/2014 19:00,25.283,Logged,10015950,14609,VOL,HOBO
6/30/2014 20:00,24.798,Logged,10015950,14609,VOL,HOBO
6/30/2014 21:00,24.146,Logged,10015950,14609,VOL,HOBO
6/30/2014 22:00,23.641,Logged,10015950,14609,VOL,HOBO
6/30/2014 23:00,23.208,Logged,10015950,14609,VOL,HOBO
7/1/2014 0:00,22.753,Logged,10015950,14609,VOL,HOBO
7/1/2014 1:00,22.321,Logged,10015950,14609,VOL,HOBO
7/1/2014 2:00,21.963,Logged,10015950,14609,VOL,HOBO
7/1/2014 3:00,21.676,Logged,10015950,14609,VOL,HOBO
7/1/2014 4:00,21.676,Logged,10015950,14609,VOL,HOBO
7/1/2014 5:00,21.676,Logged,10015950,14609,VOL,HOBO
7/1/2014 6:00,21.724,Logged,10015950,14609,VOL,HOBO
7/1/2014 7:00,21.915,Logged,10015950,14609,VOL,HOBO
7/1/2014 8:00,22.274,Logged,10015950,14609,VOL,HOBO
7/1/2014 9:00,22.657,Logged,10015950,14609,VOL,HOBO
7/1/2014 10:00,23.112,Logged,10015950,14609,VOL,HOBO
7/1/2014 11:00,23.424,Logged,10015950,14609,VOL,HOBO
7/1/2014 12:00,24.171,Logged,10015950,14609,VOL,HOBO
7/1/2014 13:00,25.065,Logged,10015950,14609,VOL,HOBO
7/1/2014 14:00,25.428,Logged,10015950,14609,VOL,HOBO
7/1/2014 15:00,25.841,Logged,10015950,14609,VOL,HOBO
7/1/2014 16:00,26.085,Logged,10015950,14609,VOL,HOBO
7/1/2014 17:00,26.012,Logged,10015950,14609,VOL,HOBO
7/1/2014 18:00,27.235,Logged,10015950,14609,VOL,HOBO
7/1/2014 19:00,26.134,Logged,10015950,14609,VOL,HOBO
7/1/2014 20:00,25.477,Logged,10015950,14609,VOL,HOBO
7/1/2014 21:00,24.871,Logged,10015950,14609,VOL,HOBO
7/1/2014 22:00,24.436,Logged,10015950,14609,VOL,HOBO
7/1/2014 23:00,24.026,Logged,10015950,14609,VOL,HOBO
7/2/2014 0:00,23.545,Logged,10015950,14609,VOL,HOBO
7/2/2014 1:00,23.232,Logged,10015950,14609,VOL,HOBO
7/2/2014 2:00,23.04,Logged,10015950,14609,VOL,HOBO
7/2/2014 3:00,22.776,Logged,10015950,14609,VOL,HOBO
7/2/2014 4:00,22.633,Logged,10015950,14609,VOL,HOBO
7/2/2014 5:00,22.561,Logged,10015950,14609,VOL,HOBO
7/2/2014 6:00,22.561,Logged,10015950,14609,VOL,HOBO
7/2/2014 7:00,22.585,Logged,10015950,14609,VOL,HOBO
7/2/2014 8:00,22.705,Logged,10015950,14609,VOL,HOBO
7/2/2014 9:00,23.112,Logged,10015950,14609,VOL,HOBO
7/2/2014 10:00,23.593,Logged,10015950,14609,VOL,HOBO
7/2/2014 11:00,24.436,Logged,10015950,14609,VOL,HOBO
7/2/2014 12:00,25.768,Logged,10015950,14609,VOL,HOBO
7/2/2014 13:00,27.554,Logged,10015950,14609,VOL,HOBO
7/2/2014 14:00,28.147,Logged,10015950,14609,VOL,HOBO
7/2/2014 15:00,28.27,Logged,10015950,14609,VOL,HOBO
7/2/2014 16:00,28.072,Logged,10015950,14609,VOL,HOBO
7/2/2014 17:00,27.604,Logged,10015950,14609,VOL,HOBO
7/2/2014 18:00,27.087,Logged,10015950,14609,VOL,HOBO
7/2/2014 19:00,26.72,Logged,10015950,14609,VOL,HOBO
7/2/2014 20:00,26.061,Logged,10015950,14609,VOL,HOBO
7/2/2014 21:00,25.525,Logged,10015950,14609,VOL,HOBO
7/2/2014 22:00,24.46,Logged,10015950,14609,VOL,HOBO
7/2/2014 23:00,23.809,Logged,10015950,14609,VOL,HOBO
7/3/2014 0:00,23.545,Logged,10015950,14609,VOL,HOBO
7/3/2014 1:00,23.641,Logged,10015950,14609,VOL,HOBO
7/3/2014 2:00,23.545,Logged,10015950,14609,VOL,HOBO
7/3/2014 3:00,23.617,Logged,10015950,14609,VOL,HOBO
7/3/2014 4:00,23.809,Logged,10015950,14609,VOL,HOBO
7/3/2014 5:00,23.545,Logged,10015950,14609,VOL,HOBO
7/3/2014 6:00,23.472,Logged,10015950,14609,VOL,HOBO
7/3/2014 7:00,23.761,Logged,10015950,14609,VOL,HOBO
7/3/2014 8:00,23.833,Logged,10015950,14609,VOL,HOBO
7/3/2014 9:00,25.016,Logged,10015950,14609,VOL,HOBO
7/3/2014 10:00,24.605,Logged,10015950,14609,VOL,HOBO
7/3/2014 11:00,24.363,Logged,10015950,14609,VOL,HOBO
7/3/2014 12:00,25.21,Logged,10015950,14609,VOL,HOBO
7/3/2014 13:00,26.378,Logged,10015950,14609,VOL,HOBO
7/3/2014 14:00,26.402,Logged,10015950,14609,VOL,HOBO
7/3/2014 15:00,26.744,Logged,10015950,14609,VOL,HOBO
7/3/2014 16:00,26.793,Logged,10015950,14609,VOL,HOBO
7/3/2014 17:00,26.671,Logged,10015950,14609,VOL,HOBO
7/3/2014 18:00,26.818,Logged,10015950,14609,VOL,HOBO
7/3/2014 19:00,26.378,Logged,10015950,14609,VOL,HOBO
7/3/2014 20:00,25.817,Logged,10015950,14609,VOL,HOBO
7/3/2014 21:00,25.258,Logged,10015950,14609,VOL,HOBO
7/3/2014 22:00,24.605,Logged,10015950,14609,VOL,HOBO
7/3/2014 23:00,25.04,Logged,10015950,14609,VOL,HOBO
7/4/2014 0:00,23.93,Logged,10015950,14609,VOL,HOBO
7/4/2014 1:00,22.513,Logged,10015950,14609,VOL,HOBO
7/4/2014 2:00,22.034,Logged,10015950,14609,VOL,HOBO
7/4/2014 3:00,21.628,Logged,10015950,14609,VOL,HOBO
7/4/2014 4:00,21.246,Logged,10015950,14609,VOL,HOBO
7/4/2014 5:00,21.748,Logged,10015950,14609,VOL,HOBO
7/4/2014 6:00,22.034,Logged,10015950,14609,VOL,HOBO
7/4/2014 7:00,22.729,Logged,10015950,14609,VOL,HOBO
7/4/2014 8:00,22.489,Logged,10015950,14609,VOL,HOBO
7/4/2014 9:00,22.8,Logged,10015950,14609,VOL,HOBO
7/4/2014 10:00,23.28,Logged,10015950,14609,VOL,HOBO
7/4/2014 11:00,23.521,Logged,10015950,14609,VOL,HOBO
7/4/2014 12:00,24.702,Logged,10015950,14609,VOL,HOBO
7/4/2014 13:00,24.774,Logged,10015950,14609,VOL,HOBO
7/4/2014 14:00,24.75,Logged,10015950,14609,VOL,HOBO
7/4/2014 15:00,24.532,Logged,10015950,14609,VOL,HOBO
7/4/2014 16:00,24.508,Logged,10015950,14609,VOL,HOBO
7/4/2014 17:00,24.412,Logged,10015950,14609,VOL,HOBO
7/4/2014 18:00,24.074,Logged,10015950,14609,VOL,HOBO
7/4/2014 19:00,23.881,Logged,10015950,14609,VOL,HOBO
7/4/2014 20:00,23.737,Logged,10015950,14609,VOL,HOBO
7/4/2014 21:00,23.641,Logged,10015950,14609,VOL,HOBO
7/4/2014 22:00,23.593,Logged,10015950,14609,VOL,HOBO
7/4/2014 23:00,23.497,Logged,10015950,14609,VOL,HOBO
7/5/2014 0:00,23.424,Logged,10015950,14609,VOL,HOBO
7/5/2014 1:00,23.376,Logged,10015950,14609,VOL,HOBO
7/5/2014 2:00,23.304,Logged,10015950,14609,VOL,HOBO
7/5/2014 3:00,23.208,Logged,10015950,14609,VOL,HOBO
7/5/2014 4:00,23.088,Logged,10015950,14609,VOL,HOBO
7/5/2014 5:00,22.968,Logged,10015950,14609,VOL,HOBO
7/5/2014 6:00,22.8,Logged,10015950,14609,VOL,HOBO
7/5/2014 7:00,22.633,Logged,10015950,14609,VOL,HOBO
7/5/2014 8:00,22.585,Logged,10015950,14609,VOL,HOBO
7/5/2014 9:00,22.633,Logged,10015950,14609,VOL,HOBO
7/5/2014 10:00,22.896,Logged,10015950,14609,VOL,HOBO
7/5/2014 11:00,23.16,Logged,10015950,14609,VOL,HOBO
7/5/2014 12:00,23.569,Logged,10015950,14609,VOL,HOBO
7/5/2014 13:00,24.122,Logged,10015950,14609,VOL,HOBO
7/5/2014 14:00,24.581,Logged,10015950,14609,VOL,HOBO
7/5/2014 15:00,24.944,Logged,10015950,14609,VOL,HOBO
7/5/2014 16:00,24.944,Logged,10015950,14609,VOL,HOBO
7/5/2014 17:00,24.653,Logged,10015950,14609,VOL,HOBO
7/5/2014 18:00,24.339,Logged,10015950,14609,VOL,HOBO
7/5/2014 19:00,24.026,Logged,10015950,14609,VOL,HOBO
7/5/2014 20:00,23.761,Logged,10015950,14609,VOL,HOBO
7/5/2014 21:00,23.472,Logged,10015950,14609,VOL,HOBO
7/5/2014 22:00,23.304,Logged,10015950,14609,VOL,HOBO
7/5/2014 23:00,23.184,Logged,10015950,14609,VOL,HOBO
7/6/2014 0:00,23.112,Logged,10015950,14609,VOL,HOBO
7/6/2014 1:00,23.064,Logged,10015950,14609,VOL,HOBO
7/6/2014 2:00,23.04,Logged,10015950,14609,VOL,HOBO
7/6/2014 3:00,22.896,Logged,10015950,14609,VOL,HOBO
7/6/2014 4:00,22.729,Logged,10015950,14609,VOL,HOBO
7/6/2014 5:00,22.609,Logged,10015950,14609,VOL,HOBO
7/6/2014 6:00,22.417,Logged,10015950,14609,VOL,HOBO
7/6/2014 7:00,22.369,Logged,10015950,14609,VOL,HOBO
7/6/2014 8:00,22.513,Logged,10015950,14609,VOL,HOBO
7/6/2014 9:00,22.729,Logged,10015950,14609,VOL,HOBO
7/6/2014 10:00,23.112,Logged,10015950,14609,VOL,HOBO
7/6/2014 11:00,23.641,Logged,10015950,14609,VOL,HOBO
7/6/2014 12:00,24.243,Logged,10015950,14609,VOL,HOBO
7/6/2014 13:00,24.895,Logged,10015950,14609,VOL,HOBO
7/6/2014 14:00,25.453,Logged,10015950,14609,VOL,HOBO
7/6/2014 15:00,25.817,Logged,10015950,14609,VOL,HOBO
7/6/2014 16:00,25.817,Logged,10015950,14609,VOL,HOBO
7/6/2014 17:00,25.55,Logged,10015950,14609,VOL,HOBO
7/6/2014 18:00,25.21,Logged,10015950,14609,VOL,HOBO
7/6/2014 19:00,24.75,Logged,10015950,14609,VOL,HOBO
7/6/2014 20:00,24.46,Logged,10015950,14609,VOL,HOBO
7/6/2014 21:00,24.171,Logged,10015950,14609,VOL,HOBO
7/6/2014 22:00,23.905,Logged,10015950,14609,VOL,HOBO
7/6/2014 23:00,23.761,Logged,10015950,14609,VOL,HOBO
7/7/2014 0:00,23.689,Logged,10015950,14609,VOL,HOBO
7/7/2014 1:00,23.641,Logged,10015950,14609,VOL,HOBO
7/7/2014 2:00,23.641,Logged,10015950,14609,VOL,HOBO
7/7/2014 3:00,23.617,Logged,10015950,14609,VOL,HOBO
7/7/2014 4:00,23.545,Logged,10015950,14609,VOL,HOBO
7/7/2014 5:00,23.472,Logged,10015950,14609,VOL,HOBO
7/7/2014 6:00,23.376,Logged,10015950,14609,VOL,HOBO
7/7/2014 7:00,23.304,Logged,10015950,14609,VOL,HOBO
7/7/2014 8:00,23.256,Logged,10015950,14609,VOL,HOBO
7/7/2014 9:00,23.376,Logged,10015950,14609,VOL,HOBO
7/7/2014 10:00,23.689,Logged,10015950,14609,VOL,HOBO
7/7/2014 11:00,24.243,Logged,10015950,14609,VOL,HOBO
7/7/2014 12:00,24.919,Logged,10015950,14609,VOL,HOBO
7/7/2014 13:00,25.744,Logged,10015950,14609,VOL,HOBO
7/7/2014 14:00,26.231,Logged,10015950,14609,VOL,HOBO
7/7/2014 15:00,26.671,Logged,10015950,14609,VOL,HOBO
7/7/2014 16:00,26.72,Logged,10015950,14609,VOL,HOBO
7/7/2014 17:00,26.378,Logged,10015950,14609,VOL,HOBO
7/7/2014 18:00,25.987,Logged,10015950,14609,VOL,HOBO
7/7/2014 19:00,25.574,Logged,10015950,14609,VOL,HOBO
7/7/2014 20:00,25.283,Logged,10015950,14609,VOL,HOBO
7/7/2014 21:00,24.944,Logged,10015950,14609,VOL,HOBO
7/7/2014 22:00,24.653,Logged,10015950,14609,VOL,HOBO
7/7/2014 23:00,24.46,Logged,10015950,14609,VOL,HOBO
7/8/2014 0:00,24.291,Logged,10015950,14609,VOL,HOBO
7/8/2014 1:00,24.171,Logged,10015950,14609,VOL,HOBO
7/8/2014 2:00,24.122,Logged,10015950,14609,VOL,HOBO
7/8/2014 3:00,24.074,Logged,10015950,14609,VOL,HOBO
7/8/2014 4:00,24.002,Logged,10015950,14609,VOL,HOBO
7/8/2014 5:00,23.93,Logged,10015950,14609,VOL,HOBO
7/8/2014 6:00,23.857,Logged,10015950,14609,VOL,HOBO
7/8/2014 7:00,23.857,Logged,10015950,14609,VOL,HOBO
7/8/2014 8:00,23.978,Logged,10015950,14609,VOL,HOBO
7/8/2014 9:00,24.122,Logged,10015950,14609,VOL,HOBO
7/8/2014 10:00,24.363,Logged,10015950,14609,VOL,HOBO
7/8/2014 11:00,24.944,Logged,10015950,14609,VOL,HOBO
7/8/2014 12:00,25.477,Logged,10015950,14609,VOL,HOBO
7/8/2014 13:00,26.085,Logged,10015950,14609,VOL,HOBO
7/8/2014 14:00,26.769,Logged,10015950,14609,VOL,HOBO
7/8/2014 15:00,27.014,Logged,10015950,14609,VOL,HOBO
7/8/2014 16:00,27.112,Logged,10015950,14609,VOL,HOBO
7/8/2014 17:00,26.744,Logged,10015950,14609,VOL,HOBO
7/8/2014 18:00,26.549,Logged,10015950,14609,VOL,HOBO
7/8/2014 19:00,26.109,Logged,10015950,14609,VOL,HOBO
7/8/2014 20:00,25.72,Logged,10015950,14609,VOL,HOBO
7/8/2014 21:00,25.404,Logged,10015950,14609,VOL,HOBO
7/8/2014 22:00,25.162,Logged,10015950,14609,VOL,HOBO
7/8/2014 23:00,24.944,Logged,10015950,14609,VOL,HOBO
7/9/2014 0:00,24.798,Logged,10015950,14609,VOL,HOBO
7/9/2014 1:00,24.726,Logged,10015950,14609,VOL,HOBO
7/9/2014 2:00,24.677,Logged,10015950,14609,VOL,HOBO
7/9/2014 3:00,24.557,Logged,10015950,14609,VOL,HOBO
7/9/2014 4:00,24.436,Logged,10015950,14609,VOL,HOBO
7/9/2014 5:00,24.363,Logged,10015950,14609,VOL,HOBO
7/9/2014 6:00,24.291,Logged,10015950,14609,VOL,HOBO
7/9/2014 7:00,24.315,Logged,10015950,14609,VOL,HOBO
7/9/2014 8:00,24.388,Logged,10015950,14609,VOL,HOBO
7/9/2014 9:00,24.557,Logged,10015950,14609,VOL,HOBO
7/9/2014 10:00,24.944,Logged,10015950,14609,VOL,HOBO
7/9/2014 11:00,25.477,Logged,10015950,14609,VOL,HOBO
7/9/2014 12:00,26.207,Logged,10015950,14609,VOL,HOBO
7/9/2014 13:00,26.769,Logged,10015950,14609,VOL,HOBO
7/9/2014 14:00,27.407,Logged,10015950,14609,VOL,HOBO
7/9/2014 15:00,27.554,Logged,10015950,14609,VOL,HOBO
7/9/2014 16:00,27.554,Logged,10015950,14609,VOL,HOBO
7/9/2014 17:00,27.259,Logged,10015950,14609,VOL,HOBO
7/9/2014 18:00,26.842,Logged,10015950,14609,VOL,HOBO
7/9/2014 19:00,26.451,Logged,10015950,14609,VOL,HOBO
7/9/2014 20:00,26.036,Logged,10015950,14609,VOL,HOBO
7/9/2014 21:00,25.744,Logged,10015950,14609,VOL,HOBO
7/9/2014 22:00,25.453,Logged,10015950,14609,VOL,HOBO
7/9/2014 23:00,25.234,Logged,10015950,14609,VOL,HOBO
7/10/2014 0:00,25.113,Logged,10015950,14609,VOL,HOBO
7/10/2014 1:00,24.992,Logged,10015950,14609,VOL,HOBO
7/10/2014 2:00,24.823,Logged,10015950,14609,VOL,HOBO
7/10/2014 3:00,24.726,Logged,10015950,14609,VOL,HOBO
7/10/2014 4:00,24.653,Logged,10015950,14609,VOL,HOBO
7/10/2014 5:00,24.532,Logged,10015950,14609,VOL,HOBO
7/10/2014 6:00,24.436,Logged,10015950,14609,VOL,HOBO
7/10/2014 7:00,24.436,Logged,10015950,14609,VOL,HOBO
7/10/2014 8:00,24.532,Logged,10015950,14609,VOL,HOBO
7/10/2014 9:00,24.532,Logged,10015950,14609,VOL,HOBO
7/10/2014 10:00,24.871,Logged,10015950,14609,VOL,HOBO
7/10/2014 11:00,25.234,Logged,10015950,14609,VOL,HOBO
7/10/2014 12:00,25.72,Logged,10015950,14609,VOL,HOBO
7/10/2014 13:00,26.329,Logged,10015950,14609,VOL,HOBO
7/10/2014 14:00,24.171,Logged,10015950,14609,VOL,HOBO
7/10/2014 15:00,23.978,Logged,10015950,14609,VOL,HOBO
7/10/2014 16:00,24.629,Logged,10015950,14609,VOL,HOBO
7/10/2014 17:00,25.04,Logged,10015950,14609,VOL,HOBO
7/10/2014 18:00,24.798,Logged,10015950,14609,VOL,HOBO
7/10/2014 19:00,25.866,Logged,10015950,14609,VOL,HOBO
7/10/2014 20:00,24.774,Logged,10015950,14609,VOL,HOBO
7/10/2014 21:00,23.905,Logged,10015950,14609,VOL,HOBO
7/10/2014 22:00,23.545,Logged,10015950,14609,VOL,HOBO
7/10/2014 23:00,24.098,Logged,10015950,14609,VOL,HOBO
7/11/2014 0:00,23.785,Logged,10015950,14609,VOL,HOBO
7/11/2014 1:00,22.585,Logged,10015950,14609,VOL,HOBO
7/11/2014 2:00,23.136,Logged,10015950,14609,VOL,HOBO
7/11/2014 3:00,23.256,Logged,10015950,14609,VOL,HOBO
7/11/2014 4:00,23.064,Logged,10015950,14609,VOL,HOBO
7/11/2014 5:00,22.968,Logged,10015950,14609,VOL,HOBO
7/11/2014 6:00,22.848,Logged,10015950,14609,VOL,HOBO
7/11/2014 7:00,22.753,Logged,10015950,14609,VOL,HOBO
7/11/2014 8:00,23.064,Logged,10015950,14609,VOL,HOBO
7/11/2014 9:00,23.256,Logged,10015950,14609,VOL,HOBO
7/11/2014 10:00,23.689,Logged,10015950,14609,VOL,HOBO
7/11/2014 11:00,24.339,Logged,10015950,14609,VOL,HOBO
7/11/2014 12:00,24.895,Logged,10015950,14609,VOL,HOBO
7/11/2014 13:00,25.04,Logged,10015950,14609,VOL,HOBO
7/11/2014 14:00,24.339,Logged,10015950,14609,VOL,HOBO
7/11/2014 15:00,25.817,Logged,10015950,14609,VOL,HOBO
7/11/2014 16:00,26.622,Logged,10015950,14609,VOL,HOBO
7/11/2014 17:00,26.451,Logged,10015950,14609,VOL,HOBO
7/11/2014 18:00,26.622,Logged,10015950,14609,VOL,HOBO
7/11/2014 19:00,26.646,Logged,10015950,14609,VOL,HOBO
7/11/2014 20:00,24.919,Logged,10015950,14609,VOL,HOBO
7/11/2014 21:00,21.891,Logged,10015950,14609,VOL,HOBO
7/11/2014 22:00,23.569,Logged,10015950,14609,VOL,HOBO
7/11/2014 23:00,23.521,Logged,10015950,14609,VOL,HOBO
7/12/2014 0:00,23.064,Logged,10015950,14609,VOL,HOBO
7/12/2014 1:00,22.992,Logged,10015950,14609,VOL,HOBO
7/12/2014 2:00,22.298,Logged,10015950,14609,VOL,HOBO
7/12/2014 3:00,21.939,Logged,10015950,14609,VOL,HOBO
7/12/2014 4:00,21.366,Logged,10015950,14609,VOL,HOBO
7/12/2014 5:00,20.722,Logged,10015950,14609,VOL,HOBO
7/12/2014 6:00,20.055,Logged,10015950,14609,VOL,HOBO
7/12/2014 7:00,20.817,Logged,10015950,14609,VOL,HOBO
7/12/2014 8:00,21.915,Logged,10015950,14609,VOL,HOBO
7/12/2014 9:00,22.369,Logged,10015950,14609,VOL,HOBO
7/12/2014 10:00,23.28,Logged,10015950,14609,VOL,HOBO
7/12/2014 11:00,23.472,Logged,10015950,14609,VOL,HOBO
7/12/2014 12:00,25.162,Logged,10015950,14609,VOL,HOBO
7/12/2014 13:00,26.061,Logged,10015950,14609,VOL,HOBO
7/12/2014 14:00,26.231,Logged,10015950,14609,VOL,HOBO
7/12/2014 15:00,26.329,Logged,10015950,14609,VOL,HOBO
7/12/2014 16:00,26.891,Logged,10015950,14609,VOL,HOBO
7/12/2014 17:00,25.914,Logged,10015950,14609,VOL,HOBO
7/12/2014 18:00,25.598,Logged,10015950,14609,VOL,HOBO
7/12/2014 19:00,25.065,Logged,10015950,14609,VOL,HOBO
7/12/2014 20:00,24.605,Logged,10015950,14609,VOL,HOBO
7/12/2014 21:00,23.232,Logged,10015950,14609,VOL,HOBO
7/12/2014 22:00,22.729,Logged,10015950,14609,VOL,HOBO
7/12/2014 23:00,22.226,Logged,10015950,14609,VOL,HOBO
7/13/2014 0:00,21.724,Logged,10015950,14609,VOL,HOBO
7/13/2014 1:00,21.246,Logged,10015950,14609,VOL,HOBO
7/13/2014 2:00,20.889,Logged,10015950,14609,VOL,HOBO
7/13/2014 3:00,20.913,Logged,10015950,14609,VOL,HOBO
7/13/2014 4:00,20.841,Logged,10015950,14609,VOL,HOBO
7/13/2014 5:00,20.77,Logged,10015950,14609,VOL,HOBO
7/13/2014 6:00,20.722,Logged,10015950,14609,VOL,HOBO
7/13/2014 7:00,20.913,Logged,10015950,14609,VOL,HOBO
7/13/2014 8:00,21.7,Logged,10015950,14609,VOL,HOBO
7/13/2014 9:00,22.417,Logged,10015950,14609,VOL,HOBO
7/13/2014 10:00,22.824,Logged,10015950,14609,VOL,HOBO
7/13/2014 11:00,23.4,Logged,10015950,14609,VOL,HOBO
7/13/2014 12:00,24.291,Logged,10015950,14609,VOL,HOBO
7/13/2014 13:00,24.944,Logged,10015950,14609,VOL,HOBO
7/13/2014 14:00,25.525,Logged,10015950,14609,VOL,HOBO
7/13/2014 15:00,25.914,Logged,10015950,14609,VOL,HOBO
7/13/2014 16:00,25.89,Logged,10015950,14609,VOL,HOBO
7/13/2014 17:00,25.695,Logged,10015950,14609,VOL,HOBO
7/13/2014 18:00,25.404,Logged,10015950,14609,VOL,HOBO
7/13/2014 19:00,24.847,Logged,10015950,14609,VOL,HOBO
7/13/2014 20:00,24.146,Logged,10015950,14609,VOL,HOBO
7/13/2014 21:00,23.593,Logged,10015950,14609,VOL,HOBO
7/13/2014 22:00,23.352,Logged,10015950,14609,VOL,HOBO
7/13/2014 23:00,23.112,Logged,10015950,14609,VOL,HOBO
7/14/2014 0:00,22.944,Logged,10015950,14609,VOL,HOBO
7/14/2014 1:00,22.968,Logged,10015950,14609,VOL,HOBO
7/14/2014 2:00,23.088,Logged,10015950,14609,VOL,HOBO
7/14/2014 3:00,23.16,Logged,10015950,14609,VOL,HOBO
7/14/2014 4:00,23.136,Logged,10015950,14609,VOL,HOBO
7/14/2014 5:00,22.92,Logged,10015950,14609,VOL,HOBO
7/14/2014 6:00,22.8,Logged,10015950,14609,VOL,HOBO
7/14/2014 7:00,22.92,Logged,10015950,14609,VOL,HOBO
7/14/2014 8:00,23.28,Logged,10015950,14609,VOL,HOBO
7/14/2014 9:00,23.641,Logged,10015950,14609,VOL,HOBO
7/14/2014 10:00,23.93,Logged,10015950,14609,VOL,HOBO
7/14/2014 11:00,24.412,Logged,10015950,14609,VOL,HOBO
7/14/2014 12:00,24.919,Logged,10015950,14609,VOL,HOBO
7/14/2014 13:00,25.065,Logged,10015950,14609,VOL,HOBO
7/14/2014 14:00,25.089,Logged,10015950,14609,VOL,HOBO
7/14/2014 15:00,25.38,Logged,10015950,14609,VOL,HOBO
7/14/2014 16:00,25.453,Logged,10015950,14609,VOL,HOBO
7/14/2014 17:00,25.768,Logged,10015950,14609,VOL,HOBO
7/14/2014 18:00,25.793,Logged,10015950,14609,VOL,HOBO
7/14/2014 19:00,25.283,Logged,10015950,14609,VOL,HOBO
7/14/2014 20:00,25.065,Logged,10015950,14609,VOL,HOBO
7/14/2014 21:00,25.04,Logged,10015950,14609,VOL,HOBO
7/14/2014 22:00,24.919,Logged,10015950,14609,VOL,HOBO
7/14/2014 23:00,24.774,Logged,10015950,14609,VOL,HOBO
7/15/2014 0:00,24.629,Logged,10015950,14609,VOL,HOBO
7/15/2014 1:00,24.557,Logged,10015950,14609,VOL,HOBO
7/15/2014 2:00,24.508,Logged,10015950,14609,VOL,HOBO
7/15/2014 3:00,24.46,Logged,10015950,14609,VOL,HOBO
7/15/2014 4:00,24.412,Logged,10015950,14609,VOL,HOBO
7/15/2014 5:00,24.363,Logged,10015950,14609,VOL,HOBO
7/15/2014 6:00,24.363,Logged,10015950,14609,VOL,HOBO
7/15/2014 7:00,24.388,Logged,10015950,14609,VOL,HOBO
7/15/2014 8:00,24.46,Logged,10015950,14609,VOL,HOBO
7/15/2014 9:00,24.726,Logged,10015950,14609,VOL,HOBO
7/15/2014 10:00,25.162,Logged,10015950,14609,VOL,HOBO
7/15/2014 11:00,25.647,Logged,10015950,14609,VOL,HOBO
7/15/2014 12:00,25.914,Logged,10015950,14609,VOL,HOBO
7/15/2014 13:00,26.158,Logged,10015950,14609,VOL,HOBO
7/15/2014 14:00,26.207,Logged,10015950,14609,VOL,HOBO
7/15/2014 15:00,26.353,Logged,10015950,14609,VOL,HOBO
7/15/2014 16:00,26.036,Logged,10015950,14609,VOL,HOBO
7/15/2014 17:00,25.987,Logged,10015950,14609,VOL,HOBO
7/15/2014 18:00,25.793,Logged,10015950,14609,VOL,HOBO
7/15/2014 19:00,25.55,Logged,10015950,14609,VOL,HOBO
7/15/2014 20:00,25.404,Logged,10015950,14609,VOL,HOBO
7/15/2014 21:00,25.258,Logged,10015950,14609,VOL,HOBO
7/15/2014 22:00,25.089,Logged,10015950,14609,VOL,HOBO
7/15/2014 23:00,24.895,Logged,10015950,14609,VOL,HOBO
7/16/2014 0:00,24.798,Logged,10015950,14609,VOL,HOBO
7/16/2014 1:00,24.726,Logged,10015950,14609,VOL,HOBO
7/16/2014 2:00,24.677,Logged,10015950,14609,VOL,HOBO
7/16/2014 3:00,24.629,Logged,10015950,14609,VOL,HOBO
7/16/2014 4:00,24.629,Logged,10015950,14609,VOL,HOBO
7/16/2014 5:00,24.629,Logged,10015950,14609,VOL,HOBO
7/16/2014 6:00,24.581,Logged,10015950,14609,VOL,HOBO
7/16/2014 7:00,24.605,Logged,10015950,14609,VOL,HOBO
7/16/2014 8:00,24.581,Logged,10015950,14609,VOL,HOBO
7/16/2014 9:00,24.653,Logged,10015950,14609,VOL,HOBO
7/16/2014 10:00,24.629,Logged,10015950,14609,VOL,HOBO
7/16/2014 11:00,24.75,Logged,10015950,14609,VOL,HOBO
7/16/2014 12:00,24.702,Logged,10015950,14609,VOL,HOBO
7/16/2014 13:00,25.04,Logged,10015950,14609,VOL,HOBO
7/16/2014 14:00,25.113,Logged,10015950,14609,VOL,HOBO
7/16/2014 15:00,25.162,Logged,10015950,14609,VOL,HOBO
7/16/2014 16:00,25.307,Logged,10015950,14609,VOL,HOBO
7/16/2014 17:00,25.186,Logged,10015950,14609,VOL,HOBO
7/16/2014 18:00,25.21,Logged,10015950,14609,VOL,HOBO
7/16/2014 19:00,25.162,Logged,10015950,14609,VOL,HOBO
7/16/2014 20:00,24.968,Logged,10015950,14609,VOL,HOBO
7/16/2014 21:00,24.702,Logged,10015950,14609,VOL,HOBO
7/16/2014 22:00,24.532,Logged,10015950,14609,VOL,HOBO
7/16/2014 23:00,24.388,Logged,10015950,14609,VOL,HOBO
7/17/2014 0:00,24.267,Logged,10015950,14609,VOL,HOBO
7/17/2014 1:00,24.146,Logged,10015950,14609,VOL,HOBO
7/17/2014 2:00,24.05,Logged,10015950,14609,VOL,HOBO
7/17/2014 3:00,23.954,Logged,10015950,14609,VOL,HOBO
7/17/2014 4:00,23.833,Logged,10015950,14609,VOL,HOBO
7/17/2014 5:00,23.713,Logged,10015950,14609,VOL,HOBO
7/17/2014 6:00,23.593,Logged,10015950,14609,VOL,HOBO
7/17/2014 7:00,23.545,Logged,10015950,14609,VOL,HOBO
7/17/2014 8:00,23.593,Logged,10015950,14609,VOL,HOBO
7/17/2014 9:00,23.641,Logged,10015950,14609,VOL,HOBO
7/17/2014 10:00,24.098,Logged,10015950,14609,VOL,HOBO
7/17/2014 11:00,24.436,Logged,10015950,14609,VOL,HOBO
7/17/2014 12:00,24.895,Logged,10015950,14609,VOL,HOBO
7/17/2014 13:00,25.671,Logged,10015950,14609,VOL,HOBO
7/17/2014 14:00,26.402,Logged,10015950,14609,VOL,HOBO
7/17/2014 15:00,26.598,Logged,10015950,14609,VOL,HOBO
7/17/2014 16:00,26.573,Logged,10015950,14609,VOL,HOBO
7/17/2014 17:00,26.256,Logged,10015950,14609,VOL,HOBO
7/17/2014 18:00,25.866,Logged,10015950,14609,VOL,HOBO
7/17/2014 19:00,25.55,Logged,10015950,14609,VOL,HOBO
7/17/2014 20:00,25.283,Logged,10015950,14609,VOL,HOBO
7/17/2014 21:00,24.919,Logged,10015950,14609,VOL,HOBO
7/17/2014 22:00,24.605,Logged,10015950,14609,VOL,HOBO
7/17/2014 23:00,23.545,Logged,10015950,14609,VOL,HOBO
7/18/2014 0:00,23.785,Logged,10015950,14609,VOL,HOBO
7/18/2014 1:00,23.641,Logged,10015950,14609,VOL,HOBO
7/18/2014 2:00,23.497,Logged,10015950,14609,VOL,HOBO
7/18/2014 3:00,23.376,Logged,10015950,14609,VOL,HOBO
7/18/2014 4:00,23.232,Logged,10015950,14609,VOL,HOBO
7/18/2014 5:00,23.064,Logged,10015950,14609,VOL,HOBO
7/18/2014 6:00,22.92,Logged,10015950,14609,VOL,HOBO
7/18/2014 7:00,22.968,Logged,10015950,14609,VOL,HOBO
7/18/2014 8:00,23.04,Logged,10015950,14609,VOL,HOBO
7/18/2014 9:00,23.328,Logged,10015950,14609,VOL,HOBO
7/18/2014 10:00,23.785,Logged,10015950,14609,VOL,HOBO
7/18/2014 11:00,24.484,Logged,10015950,14609,VOL,HOBO
7/18/2014 12:00,25.355,Logged,10015950,14609,VOL,HOBO
7/18/2014 13:00,26.036,Logged,10015950,14609,VOL,HOBO
7/18/2014 14:00,26.549,Logged,10015950,14609,VOL,HOBO
7/18/2014 15:00,26.94,Logged,10015950,14609,VOL,HOBO
7/18/2014 16:00,26.744,Logged,10015950,14609,VOL,HOBO
7/18/2014 17:00,26.524,Logged,10015950,14609,VOL,HOBO
7/18/2014 18:00,26.134,Logged,10015950,14609,VOL,HOBO
7/18/2014 19:00,25.695,Logged,10015950,14609,VOL,HOBO
7/18/2014 20:00,25.331,Logged,10015950,14609,VOL,HOBO
7/18/2014 21:00,24.919,Logged,10015950,14609,VOL,HOBO
7/18/2014 22:00,24.557,Logged,10015950,14609,VOL,HOBO
7/18/2014 23:00,24.267,Logged,10015950,14609,VOL,HOBO
7/19/2014 0:00,24.05,Logged,10015950,14609,VOL,HOBO
7/19/2014 1:00,23.857,Logged,10015950,14609,VOL,HOBO
7/19/2014 2:00,23.737,Logged,10015950,14609,VOL,HOBO
7/19/2014 3:00,23.617,Logged,10015950,14609,VOL,HOBO
7/19/2014 4:00,23.521,Logged,10015950,14609,VOL,HOBO
7/19/2014 5:00,23.424,Logged,10015950,14609,VOL,HOBO
7/19/2014 6:00,23.352,Logged,10015950,14609,VOL,HOBO
7/19/2014 7:00,23.328,Logged,10015950,14609,VOL,HOBO
7/19/2014 8:00,23.424,Logged,10015950,14609,VOL,HOBO
7/19/2014 9:00,23.617,Logged,10015950,14609,VOL,HOBO
7/19/2014 10:00,23.881,Logged,10015950,14609,VOL,HOBO
7/19/2014 11:00,24.219,Logged,10015950,14609,VOL,HOBO
7/19/2014 12:00,24.412,Logged,10015950,14609,VOL,HOBO
7/19/2014 13:00,24.774,Logged,10015950,14609,VOL,HOBO
7/19/2014 14:00,25.162,Logged,10015950,14609,VOL,HOBO
7/19/2014 15:00,25.089,Logged,10015950,14609,VOL,HOBO
7/19/2014 16:00,24.992,Logged,10015950,14609,VOL,HOBO
7/19/2014 17:00,24.823,Logged,10015950,14609,VOL,HOBO
7/19/2014 18:00,24.629,Logged,10015950,14609,VOL,HOBO
7/19/2014 19:00,24.339,Logged,10015950,14609,VOL,HOBO
7/19/2014 20:00,24.074,Logged,10015950,14609,VOL,HOBO
7/19/2014 21:00,23.809,Logged,10015950,14609,VOL,HOBO
7/19/2014 22:00,23.593,Logged,10015950,14609,VOL,HOBO
7/19/2014 23:00,23.424,Logged,10015950,14609,VOL,HOBO
7/20/2014 0:00,23.304,Logged,10015950,14609,VOL,HOBO
7/20/2014 1:00,23.184,Logged,10015950,14609,VOL,HOBO
7/20/2014 2:00,23.064,Logged,10015950,14609,VOL,HOBO
7/20/2014 3:00,22.92,Logged,10015950,14609,VOL,HOBO
7/20/2014 4:00,22.824,Logged,10015950,14609,VOL,HOBO
7/20/2014 5:00,22.705,Logged,10015950,14609,VOL,HOBO
7/20/2014 6:00,22.633,Logged,10015950,14609,VOL,HOBO
7/20/2014 7:00,22.633,Logged,10015950,14609,VOL,HOBO
7/20/2014 8:00,22.633,Logged,10015950,14609,VOL,HOBO
7/20/2014 9:00,22.776,Logged,10015950,14609,VOL,HOBO
7/20/2014 10:00,22.92,Logged,10015950,14609,VOL,HOBO
7/20/2014 11:00,23.16,Logged,10015950,14609,VOL,HOBO
7/20/2014 12:00,23.665,Logged,10015950,14609,VOL,HOBO
7/20/2014 13:00,24.219,Logged,10015950,14609,VOL,HOBO
7/20/2014 14:00,24.702,Logged,10015950,14609,VOL,HOBO
7/20/2014 15:00,25.477,Logged,10015950,14609,VOL,HOBO
7/20/2014 16:00,25.55,Logged,10015950,14609,VOL,HOBO
7/20/2014 17:00,25.307,Logged,10015950,14609,VOL,HOBO
7/20/2014 18:00,24.919,Logged,10015950,14609,VOL,HOBO
7/20/2014 19:00,24.508,Logged,10015950,14609,VOL,HOBO
7/20/2014 20:00,24.122,Logged,10015950,14609,VOL,HOBO
7/20/2014 21:00,23.809,Logged,10015950,14609,VOL,HOBO
7/20/2014 22:00,23.472,Logged,10015950,14609,VOL,HOBO
7/20/2014 23:00,23.16,Logged,10015950,14609,VOL,HOBO
7/21/2014 0:00,22.872,Logged,10015950,14609,VOL,HOBO
7/21/2014 1:00,22.633,Logged,10015950,14609,VOL,HOBO
7/21/2014 2:00,22.441,Logged,10015950,14609,VOL,HOBO
7/21/2014 3:00,22.298,Logged,10015950,14609,VOL,HOBO
7/21/2014 4:00,22.298,Logged,10015950,14609,VOL,HOBO
7/21/2014 5:00,22.226,Logged,10015950,14609,VOL,HOBO
7/21/2014 6:00,22.178,Logged,10015950,14609,VOL,HOBO
7/21/2014 7:00,22.226,Logged,10015950,14609,VOL,HOBO
7/21/2014 8:00,22.298,Logged,10015950,14609,VOL,HOBO
7/21/2014 9:00,22.537,Logged,10015950,14609,VOL,HOBO
7/21/2014 10:00,22.968,Logged,10015950,14609,VOL,HOBO
7/21/2014 11:00,23.352,Logged,10015950,14609,VOL,HOBO
7/21/2014 12:00,24.291,Logged,10015950,14609,VOL,HOBO
7/21/2014 13:00,25.501,Logged,10015950,14609,VOL,HOBO
7/21/2014 14:00,26.256,Logged,10015950,14609,VOL,HOBO
7/21/2014 15:00,26.671,Logged,10015950,14609,VOL,HOBO
7/21/2014 16:00,26.549,Logged,10015950,14609,VOL,HOBO
7/21/2014 17:00,26.256,Logged,10015950,14609,VOL,HOBO
7/21/2014 18:00,25.817,Logged,10015950,14609,VOL,HOBO
7/21/2014 19:00,25.331,Logged,10015950,14609,VOL,HOBO
7/21/2014 20:00,24.895,Logged,10015950,14609,VOL,HOBO
7/21/2014 21:00,24.508,Logged,10015950,14609,VOL,HOBO
7/21/2014 22:00,24.122,Logged,10015950,14609,VOL,HOBO
7/21/2014 23:00,23.833,Logged,10015950,14609,VOL,HOBO
7/22/2014 0:00,23.569,Logged,10015950,14609,VOL,HOBO
7/22/2014 1:00,23.328,Logged,10015950,14609,VOL,HOBO
7/22/2014 2:00,21.581,Logged,10015950,14609,VOL,HOBO
7/22/2014 3:00,20.722,Logged,10015950,14609,VOL,HOBO
7/22/2014 4:00,19.436,Logged,10015950,14609,VOL,HOBO
7/22/2014 5:00,19.103,Logged,10015950,14609,VOL,HOBO
7/22/2014 6:00,18.889,Logged,10015950,14609,VOL,HOBO
7/22/2014 7:00,19.698,Logged,10015950,14609,VOL,HOBO
7/22/2014 8:00,20.293,Logged,10015950,14609,VOL,HOBO
7/22/2014 9:00,21.39,Logged,10015950,14609,VOL,HOBO
7/22/2014 10:00,22.226,Logged,10015950,14609,VOL,HOBO
7/22/2014 11:00,23.04,Logged,10015950,14609,VOL,HOBO
7/22/2014 12:00,23.785,Logged,10015950,14609,VOL,HOBO
7/22/2014 13:00,24.002,Logged,10015950,14609,VOL,HOBO
7/22/2014 14:00,25.04,Logged,10015950,14609,VOL,HOBO
7/22/2014 15:00,25.866,Logged,10015950,14609,VOL,HOBO
7/22/2014 16:00,26.256,Logged,10015950,14609,VOL,HOBO
7/22/2014 17:00,26.182,Logged,10015950,14609,VOL,HOBO
7/22/2014 18:00,26.378,Logged,10015950,14609,VOL,HOBO
7/22/2014 19:00,26.304,Logged,10015950,14609,VOL,HOBO
7/22/2014 20:00,25.428,Logged,10015950,14609,VOL,HOBO
7/22/2014 21:00,24.653,Logged,10015950,14609,VOL,HOBO
7/22/2014 22:00,24.05,Logged,10015950,14609,VOL,HOBO
7/22/2014 23:00,23.424,Logged,10015950,14609,VOL,HOBO
7/23/2014 0:00,22.824,Logged,10015950,14609,VOL,HOBO
7/23/2014 1:00,22.369,Logged,10015950,14609,VOL,HOBO
7/23/2014 2:00,21.963,Logged,10015950,14609,VOL,HOBO
7/23/2014 3:00,21.485,Logged,10015950,14609,VOL,HOBO
7/23/2014 4:00,21.246,Logged,10015950,14609,VOL,HOBO
7/23/2014 5:00,21.437,Logged,10015950,14609,VOL,HOBO
7/23/2014 6:00,22.681,Logged,10015950,14609,VOL,HOBO
7/23/2014 7:00,23.16,Logged,10015950,14609,VOL,HOBO
7/23/2014 8:00,23.617,Logged,10015950,14609,VOL,HOBO
7/23/2014 9:00,23.978,Logged,10015950,14609,VOL,HOBO
7/23/2014 10:00,24.508,Logged,10015950,14609,VOL,HOBO
7/23/2014 11:00,25.307,Logged,10015950,14609,VOL,HOBO
7/23/2014 12:00,26.036,Logged,10015950,14609,VOL,HOBO
7/23/2014 13:00,27.136,Logged,10015950,14609,VOL,HOBO
7/23/2014 14:00,27.456,Logged,10015950,14609,VOL,HOBO
7/23/2014 15:00,26.549,Logged,10015950,14609,VOL,HOBO
7/23/2014 16:00,26.524,Logged,10015950,14609,VOL,HOBO
7/23/2014 17:00,26.28,Logged,10015950,14609,VOL,HOBO
7/23/2014 18:00,26.72,Logged,10015950,14609,VOL,HOBO
7/23/2014 19:00,26.158,Logged,10015950,14609,VOL,HOBO
7/23/2014 20:00,25.574,Logged,10015950,14609,VOL,HOBO
7/23/2014 21:00,24.992,Logged,10015950,14609,VOL,HOBO
7/23/2014 22:00,24.557,Logged,10015950,14609,VOL,HOBO
7/23/2014 23:00,23.16,Logged,10015950,14609,VOL,HOBO
7/24/2014 0:00,22.968,Logged,10015950,14609,VOL,HOBO
7/24/2014 1:00,22.729,Logged,10015950,14609,VOL,HOBO
7/24/2014 2:00,22.513,Logged,10015950,14609,VOL,HOBO
7/24/2014 3:00,22.298,Logged,10015950,14609,VOL,HOBO
7/24/2014 4:00,21.939,Logged,10015950,14609,VOL,HOBO
7/24/2014 5:00,21.915,Logged,10015950,14609,VOL,HOBO
7/24/2014 6:00,21.987,Logged,10015950,14609,VOL,HOBO
7/24/2014 7:00,21.867,Logged,10015950,14609,VOL,HOBO
7/24/2014 8:00,21.819,Logged,10015950,14609,VOL,HOBO
7/24/2014 9:00,21.724,Logged,10015950,14609,VOL,HOBO
7/24/2014 10:00,21.819,Logged,10015950,14609,VOL,HOBO
7/24/2014 11:00,21.795,Logged,10015950,14609,VOL,HOBO
7/24/2014 12:00,22.25,Logged,10015950,14609,VOL,HOBO
7/24/2014 13:00,22.824,Logged,10015950,14609,VOL,HOBO
7/24/2014 14:00,23.448,Logged,10015950,14609,VOL,HOBO
7/24/2014 15:00,23.328,Logged,10015950,14609,VOL,HOBO
7/24/2014 16:00,23.617,Logged,10015950,14609,VOL,HOBO
7/24/2014 17:00,23.737,Logged,10015950,14609,VOL,HOBO
7/24/2014 18:00,23.713,Logged,10015950,14609,VOL,HOBO
7/24/2014 19:00,23.978,Logged,10015950,14609,VOL,HOBO
7/24/2014 20:00,23.665,Logged,10015950,14609,VOL,HOBO
7/24/2014 21:00,22.657,Logged,10015950,14609,VOL,HOBO
7/24/2014 22:00,22.106,Logged,10015950,14609,VOL,HOBO
7/24/2014 23:00,21.557,Logged,10015950,14609,VOL,HOBO
7/25/2014 0:00,21.437,Logged,10015950,14609,VOL,HOBO
7/25/2014 1:00,21.151,Logged,10015950,14609,VOL,HOBO
7/25/2014 2:00,20.865,Logged,10015950,14609,VOL,HOBO
7/25/2014 3:00,20.412,Logged,10015950,14609,VOL,HOBO
7/25/2014 4:00,19.246,Logged,10015950,14609,VOL,HOBO
7/25/2014 5:00,19.056,Logged,10015950,14609,VOL,HOBO
7/25/2014 6:00,17.701,Logged,10015950,14609,VOL,HOBO
7/25/2014 7:00,18.295,Logged,10015950,14609,VOL,HOBO
7/25/2014 8:00,19.318,Logged,10015950,14609,VOL,HOBO
7/25/2014 9:00,19.77,Logged,10015950,14609,VOL,HOBO
7/25/2014 10:00,20.341,Logged,10015950,14609,VOL,HOBO
7/25/2014 11:00,20.817,Logged,10015950,14609,VOL,HOBO
7/25/2014 12:00,21.7,Logged,10015950,14609,VOL,HOBO
7/25/2014 13:00,22.824,Logged,10015950,14609,VOL,HOBO
7/25/2014 14:00,23.593,Logged,10015950,14609,VOL,HOBO
7/25/2014 15:00,23.905,Logged,10015950,14609,VOL,HOBO
7/25/2014 16:00,24.315,Logged,10015950,14609,VOL,HOBO
7/25/2014 17:00,24.629,Logged,10015950,14609,VOL,HOBO
7/25/2014 18:00,24.944,Logged,10015950,14609,VOL,HOBO
7/25/2014 19:00,24.895,Logged,10015950,14609,VOL,HOBO
7/25/2014 20:00,23.569,Logged,10015950,14609,VOL,HOBO
7/25/2014 21:00,22.776,Logged,10015950,14609,VOL,HOBO
7/25/2014 22:00,21.772,Logged,10015950,14609,VOL,HOBO
7/25/2014 23:00,20.913,Logged,10015950,14609,VOL,HOBO
7/26/2014 0:00,20.388,Logged,10015950,14609,VOL,HOBO
7/26/2014 1:00,19.651,Logged,10015950,14609,VOL,HOBO
7/26/2014 2:00,19.27,Logged,10015950,14609,VOL,HOBO
7/26/2014 3:00,18.937,Logged,10015950,14609,VOL,HOBO
7/26/2014 4:00,18.39,Logged,10015950,14609,VOL,HOBO
7/26/2014 5:00,18.652,Logged,10015950,14609,VOL,HOBO
7/26/2014 6:00,18.604,Logged,10015950,14609,VOL,HOBO
7/26/2014 7:00,19.008,Logged,10015950,14609,VOL,HOBO
7/26/2014 8:00,19.746,Logged,10015950,14609,VOL,HOBO
7/26/2014 9:00,20.579,Logged,10015950,14609,VOL,HOBO
7/26/2014 10:00,21.557,Logged,10015950,14609,VOL,HOBO
7/26/2014 11:00,21.915,Logged,10015950,14609,VOL,HOBO
7/26/2014 12:00,22.896,Logged,10015950,14609,VOL,HOBO
7/26/2014 13:00,23.954,Logged,10015950,14609,VOL,HOBO
7/26/2014 14:00,24.291,Logged,10015950,14609,VOL,HOBO
7/26/2014 15:00,24.074,Logged,10015950,14609,VOL,HOBO
7/26/2014 16:00,24.05,Logged,10015950,14609,VOL,HOBO
7/26/2014 17:00,23.93,Logged,10015950,14609,VOL,HOBO
7/26/2014 18:00,23.857,Logged,10015950,14609,VOL,HOBO
7/26/2014 19:00,24.195,Logged,10015950,14609,VOL,HOBO
7/26/2014 20:00,23.328,Logged,10015950,14609,VOL,HOBO
7/26/2014 21:00,22.609,Logged,10015950,14609,VOL,HOBO
7/26/2014 22:00,21.915,Logged,10015950,14609,VOL,HOBO
7/26/2014 23:00,21.103,Logged,10015950,14609,VOL,HOBO
7/27/2014 0:00,20.65,Logged,10015950,14609,VOL,HOBO
7/27/2014 1:00,20.603,Logged,10015950,14609,VOL,HOBO
7/27/2014 2:00,20.484,Logged,10015950,14609,VOL,HOBO
7/27/2014 3:00,20.817,Logged,10015950,14609,VOL,HOBO
7/27/2014 4:00,20.889,Logged,10015950,14609,VOL,HOBO
7/27/2014 5:00,20.936,Logged,10015950,14609,VOL,HOBO
7/27/2014 6:00,21.151,Logged,10015950,14609,VOL,HOBO
7/27/2014 7:00,21.294,Logged,10015950,14609,VOL,HOBO
7/27/2014 8:00,21.485,Logged,10015950,14609,VOL,HOBO
7/27/2014 9:00,22.202,Logged,10015950,14609,VOL,HOBO
7/27/2014 10:00,22.776,Logged,10015950,14609,VOL,HOBO
7/27/2014 11:00,22.154,Logged,10015950,14609,VOL,HOBO
7/27/2014 12:00,22.441,Logged,10015950,14609,VOL,HOBO
7/27/2014 13:00,22.561,Logged,10015950,14609,VOL,HOBO
7/27/2014 14:00,22.705,Logged,10015950,14609,VOL,HOBO
7/27/2014 15:00,23.112,Logged,10015950,14609,VOL,HOBO
7/27/2014 16:00,23.328,Logged,10015950,14609,VOL,HOBO
7/27/2014 17:00,23.833,Logged,10015950,14609,VOL,HOBO
7/27/2014 18:00,23.905,Logged,10015950,14609,VOL,HOBO
7/27/2014 19:00,24.146,Logged,10015950,14609,VOL,HOBO
7/27/2014 20:00,23.569,Logged,10015950,14609,VOL,HOBO
7/27/2014 21:00,23.208,Logged,10015950,14609,VOL,HOBO
7/27/2014 22:00,22.202,Logged,10015950,14609,VOL,HOBO
7/27/2014 23:00,21.509,Logged,10015950,14609,VOL,HOBO
7/28/2014 0:00,20.817,Logged,10015950,14609,VOL,HOBO
7/28/2014 1:00,20.46,Logged,10015950,14609,VOL,HOBO
7/28/2014 2:00,20.412,Logged,10015950,14609,VOL,HOBO
7/28/2014 3:00,20.722,Logged,10015950,14609,VOL,HOBO
7/28/2014 4:00,21.318,Logged,10015950,14609,VOL,HOBO
7/28/2014 5:00,21.437,Logged,10015950,14609,VOL,HOBO
7/28/2014 6:00,21.772,Logged,10015950,14609,VOL,HOBO
7/28/2014 7:00,22.178,Logged,10015950,14609,VOL,HOBO
7/28/2014 8:00,22.25,Logged,10015950,14609,VOL,HOBO
7/28/2014 9:00,22.226,Logged,10015950,14609,VOL,HOBO
7/28/2014 10:00,22.321,Logged,10015950,14609,VOL,HOBO
7/28/2014 11:00,22.753,Logged,10015950,14609,VOL,HOBO
7/28/2014 12:00,23.304,Logged,10015950,14609,VOL,HOBO
7/28/2014 13:00,23.954,Logged,10015950,14609,VOL,HOBO
7/28/2014 14:00,24.243,Logged,10015950,14609,VOL,HOBO
7/28/2014 15:00,24.629,Logged,10015950,14609,VOL,HOBO
7/28/2014 16:00,24.871,Logged,10015950,14609,VOL,HOBO
7/28/2014 17:00,24.944,Logged,10015950,14609,VOL,HOBO
7/28/2014 18:00,24.46,Logged,10015950,14609,VOL,HOBO
7/28/2014 19:00,23.064,Logged,10015950,14609,VOL,HOBO
7/28/2014 20:00,22.274,Logged,10015950,14609,VOL,HOBO
7/28/2014 21:00,21.557,Logged,10015950,14609,VOL,HOBO
7/28/2014 22:00,21.151,Logged,10015950,14609,VOL,HOBO
7/28/2014 23:00,20.484,Logged,10015950,14609,VOL,HOBO
7/29/2014 0:00,20.46,Logged,10015950,14609,VOL,HOBO
7/29/2014 1:00,20.627,Logged,10015950,14609,VOL,HOBO
7/29/2014 2:00,19.96,Logged,10015950,14609,VOL,HOBO
7/29/2014 3:00,19.318,Logged,10015950,14609,VOL,HOBO
7/29/2014 4:00,18.723,Logged,10015950,14609,VOL,HOBO
7/29/2014 5:00,18.343,Logged,10015950,14609,VOL,HOBO
7/29/2014 6:00,18.461,Logged,10015950,14609,VOL,HOBO
7/29/2014 7:00,18.818,Logged,10015950,14609,VOL,HOBO
7/29/2014 8:00,19.841,Logged,10015950,14609,VOL,HOBO
7/29/2014 9:00,19.912,Logged,10015950,14609,VOL,HOBO
7/29/2014 10:00,20.269,Logged,10015950,14609,VOL,HOBO
7/29/2014 11:00,20.555,Logged,10015950,14609,VOL,HOBO
7/29/2014 12:00,20.889,Logged,10015950,14609,VOL,HOBO
7/29/2014 13:00,22.25,Logged,10015950,14609,VOL,HOBO
7/29/2014 14:00,22.633,Logged,10015950,14609,VOL,HOBO
7/29/2014 15:00,22.585,Logged,10015950,14609,VOL,HOBO
7/29/2014 16:00,22.848,Logged,10015950,14609,VOL,HOBO
7/29/2014 17:00,22.561,Logged,10015950,14609,VOL,HOBO
7/29/2014 18:00,22.537,Logged,10015950,14609,VOL,HOBO
7/29/2014 19:00,22.633,Logged,10015950,14609,VOL,HOBO
7/29/2014 20:00,21.581,Logged,10015950,14609,VOL,HOBO
7/29/2014 21:00,19.865,Logged,10015950,14609,VOL,HOBO
7/29/2014 22:00,18.913,Logged,10015950,14609,VOL,HOBO
7/29/2014 23:00,18.2,Logged,10015950,14609,VOL,HOBO
7/30/2014 0:00,17.486,Logged,10015950,14609,VOL,HOBO
7/30/2014 1:00,17.368,Logged,10015950,14609,VOL,HOBO
7/30/2014 2:00,18.39,Logged,10015950,14609,VOL,HOBO
7/30/2014 3:00,18.485,Logged,10015950,14609,VOL,HOBO
7/30/2014 4:00,18.533,Logged,10015950,14609,VOL,HOBO
7/30/2014 5:00,18.152,Logged,10015950,14609,VOL,HOBO
7/30/2014 6:00,17.415,Logged,10015950,14609,VOL,HOBO
7/30/2014 7:00,17.463,Logged,10015950,14609,VOL,HOBO
7/30/2014 8:00,18.533,Logged,10015950,14609,VOL,HOBO
7/30/2014 9:00,19.294,Logged,10015950,14609,VOL,HOBO
7/30/2014 10:00,19.817,Logged,10015950,14609,VOL,HOBO
7/30/2014 11:00,20.365,Logged,10015950,14609,VOL,HOBO
7/30/2014 12:00,20.936,Logged,10015950,14609,VOL,HOBO
7/30/2014 13:00,21.724,Logged,10015950,14609,VOL,HOBO
7/30/2014 14:00,22.872,Logged,10015950,14609,VOL,HOBO
7/30/2014 15:00,23.112,Logged,10015950,14609,VOL,HOBO
7/30/2014 16:00,22.968,Logged,10015950,14609,VOL,HOBO
7/30/2014 17:00,23.04,Logged,10015950,14609,VOL,HOBO
7/30/2014 18:00,23.424,Logged,10015950,14609,VOL,HOBO
7/30/2014 19:00,23.424,Logged,10015950,14609,VOL,HOBO
7/30/2014 20:00,22.25,Logged,10015950,14609,VOL,HOBO
7/30/2014 21:00,20.77,Logged,10015950,14609,VOL,HOBO
7/30/2014 22:00,19.841,Logged,10015950,14609,VOL,HOBO
7/30/2014 23:00,18.818,Logged,10015950,14609,VOL,HOBO
7/31/2014 0:00,18.081,Logged,10015950,14609,VOL,HOBO
7/31/2014 1:00,17.677,Logged,10015950,14609,VOL,HOBO
7/31/2014 2:00,17.034,Logged,10015950,14609,VOL,HOBO
7/31/2014 3:00,16.677,Logged,10015950,14609,VOL,HOBO
7/31/2014 4:00,16.368,Logged,10015950,14609,VOL,HOBO
7/31/2014 5:00,16.058,Logged,10015950,14609,VOL,HOBO
7/31/2014 6:00,16.511,Logged,10015950,14609,VOL,HOBO
7/31/2014 7:00,16.987,Logged,10015950,14609,VOL,HOBO
7/31/2014 8:00,18.01,Logged,10015950,14609,VOL,HOBO
7/31/2014 9:00,19.032,Logged,10015950,14609,VOL,HOBO
7/31/2014 10:00,19.817,Logged,10015950,14609,VOL,HOBO
7/31/2014 11:00,21.151,Logged,10015950,14609,VOL,HOBO
7/31/2014 12:00,21.748,Logged,10015950,14609,VOL,HOBO
7/31/2014 13:00,23.232,Logged,10015950,14609,VOL,HOBO
7/31/2014 14:00,24.243,Logged,10015950,14609,VOL,HOBO
7/31/2014 15:00,24.195,Logged,10015950,14609,VOL,HOBO
7/31/2014 16:00,24.195,Logged,10015950,14609,VOL,HOBO
7/31/2014 17:00,24.171,Logged,10015950,14609,VOL,HOBO
7/31/2014 18:00,24.146,Logged,10015950,14609,VOL,HOBO
7/31/2014 19:00,23.737,Logged,10015950,14609,VOL,HOBO
7/31/2014 20:00,22.992,Logged,10015950,14609,VOL,HOBO
7/31/2014 21:00,22.321,Logged,10015950,14609,VOL,HOBO
7/31/2014 22:00,21.891,Logged,10015950,14609,VOL,HOBO
7/31/2014 23:00,21.318,Logged,10015950,14609,VOL,HOBO
8/1/2014 0:00,20.627,Logged,10015950,14609,VOL,HOBO
8/1/2014 1:00,20.317,Logged,10015950,14609,VOL,HOBO
8/1/2014 2:00,19.888,Logged,10015950,14609,VOL,HOBO
8/1/2014 3:00,19.508,Logged,10015950,14609,VOL,HOBO
8/1/2014 4:00,19.389,Logged,10015950,14609,VOL,HOBO
8/1/2014 5:00,19.27,Logged,10015950,14609,VOL,HOBO
8/1/2014 6:00,19.365,Logged,10015950,14609,VOL,HOBO
8/1/2014 7:00,19.555,Logged,10015950,14609,VOL,HOBO
8/1/2014 8:00,20.293,Logged,10015950,14609,VOL,HOBO
8/1/2014 9:00,20.913,Logged,10015950,14609,VOL,HOBO
8/1/2014 10:00,21.652,Logged,10015950,14609,VOL,HOBO
8/1/2014 11:00,22.393,Logged,10015950,14609,VOL,HOBO
8/1/2014 12:00,23.088,Logged,10015950,14609,VOL,HOBO
8/1/2014 13:00,24.46,Logged,10015950,14609,VOL,HOBO
8/1/2014 14:00,24.992,Logged,10015950,14609,VOL,HOBO
8/1/2014 15:00,24.944,Logged,10015950,14609,VOL,HOBO
8/1/2014 16:00,24.532,Logged,10015950,14609,VOL,HOBO
8/1/2014 17:00,24.363,Logged,10015950,14609,VOL,HOBO
8/1/2014 18:00,24.002,Logged,10015950,14609,VOL,HOBO
8/1/2014 19:00,23.641,Logged,10015950,14609,VOL,HOBO
8/1/2014 20:00,23.232,Logged,10015950,14609,VOL,HOBO
8/1/2014 21:00,22.585,Logged,10015950,14609,VOL,HOBO
8/1/2014 22:00,21.987,Logged,10015950,14609,VOL,HOBO
8/1/2014 23:00,21.891,Logged,10015950,14609,VOL,HOBO
8/2/2014 0:00,21.366,Logged,10015950,14609,VOL,HOBO
8/2/2014 1:00,21.079,Logged,10015950,14609,VOL,HOBO
8/2/2014 2:00,20.96,Logged,10015950,14609,VOL,HOBO
8/2/2014 3:00,20.793,Logged,10015950,14609,VOL,HOBO
8/2/2014 4:00,20.889,Logged,10015950,14609,VOL,HOBO
8/2/2014 5:00,20.841,Logged,10015950,14609,VOL,HOBO
8/2/2014 6:00,20.865,Logged,10015950,14609,VOL,HOBO
8/2/2014 7:00,20.96,Logged,10015950,14609,VOL,HOBO
8/2/2014 8:00,20.913,Logged,10015950,14609,VOL,HOBO
8/2/2014 9:00,20.889,Logged,10015950,14609,VOL,HOBO
8/2/2014 10:00,20.388,Logged,10015950,14609,VOL,HOBO
8/2/2014 11:00,20.603,Logged,10015950,14609,VOL,HOBO
8/2/2014 12:00,20.484,Logged,10015950,14609,VOL,HOBO
8/2/2014 13:00,20.46,Logged,10015950,14609,VOL,HOBO
8/2/2014 14:00,20.913,Logged,10015950,14609,VOL,HOBO
8/2/2014 15:00,20.817,Logged,10015950,14609,VOL,HOBO
8/2/2014 16:00,20.65,Logged,10015950,14609,VOL,HOBO
8/2/2014 17:00,20.293,Logged,10015950,14609,VOL,HOBO
8/2/2014 18:00,20.293,Logged,10015950,14609,VOL,HOBO
8/2/2014 19:00,20.103,Logged,10015950,14609,VOL,HOBO
8/2/2014 20:00,19.936,Logged,10015950,14609,VOL,HOBO
8/2/2014 21:00,19.936,Logged,10015950,14609,VOL,HOBO
8/2/2014 22:00,19.77,Logged,10015950,14609,VOL,HOBO
8/2/2014 23:00,19.746,Logged,10015950,14609,VOL,HOBO
8/3/2014 0:00,19.674,Logged,10015950,14609,VOL,HOBO
8/3/2014 1:00,19.532,Logged,10015950,14609,VOL,HOBO
8/3/2014 2:00,19.484,Logged,10015950,14609,VOL,HOBO
8/3/2014 3:00,19.46,Logged,10015950,14609,VOL,HOBO
8/3/2014 4:00,19.341,Logged,10015950,14609,VOL,HOBO
8/3/2014 5:00,19.294,Logged,10015950,14609,VOL,HOBO
8/3/2014 6:00,19.08,Logged,10015950,14609,VOL,HOBO
8/3/2014 7:00,19.103,Logged,10015950,14609,VOL,HOBO
8/3/2014 8:00,19.008,Logged,10015950,14609,VOL,HOBO
8/3/2014 9:00,19.151,Logged,10015950,14609,VOL,HOBO
8/3/2014 10:00,19.627,Logged,10015950,14609,VOL,HOBO
8/3/2014 11:00,20.412,Logged,10015950,14609,VOL,HOBO
8/3/2014 12:00,21.032,Logged,10015950,14609,VOL,HOBO
8/3/2014 13:00,20.746,Logged,10015950,14609,VOL,HOBO
8/3/2014 14:00,20.96,Logged,10015950,14609,VOL,HOBO
8/3/2014 15:00,21.39,Logged,10015950,14609,VOL,HOBO
8/3/2014 16:00,21.676,Logged,10015950,14609,VOL,HOBO
8/3/2014 17:00,22.13,Logged,10015950,14609,VOL,HOBO
8/3/2014 18:00,21.987,Logged,10015950,14609,VOL,HOBO
8/3/2014 19:00,22.106,Logged,10015950,14609,VOL,HOBO
8/3/2014 20:00,21.819,Logged,10015950,14609,VOL,HOBO
8/3/2014 21:00,21.056,Logged,10015950,14609,VOL,HOBO
8/3/2014 22:00,20.722,Logged,10015950,14609,VOL,HOBO
8/3/2014 23:00,20.15,Logged,10015950,14609,VOL,HOBO
8/4/2014 0:00,19.936,Logged,10015950,14609,VOL,HOBO
8/4/2014 1:00,19.579,Logged,10015950,14609,VOL,HOBO
8/4/2014 2:00,20.007,Logged,10015950,14609,VOL,HOBO
8/4/2014 3:00,20.007,Logged,10015950,14609,VOL,HOBO
8/4/2014 4:00,19.912,Logged,10015950,14609,VOL,HOBO
8/4/2014 5:00,19.651,Logged,10015950,14609,VOL,HOBO
8/4/2014 6:00,19.793,Logged,10015950,14609,VOL,HOBO
8/4/2014 7:00,19.865,Logged,10015950,14609,VOL,HOBO
8/4/2014 8:00,20.055,Logged,10015950,14609,VOL,HOBO
8/4/2014 9:00,20.388,Logged,10015950,14609,VOL,HOBO
8/4/2014 10:00,20.913,Logged,10015950,14609,VOL,HOBO
8/4/2014 11:00,21.652,Logged,10015950,14609,VOL,HOBO
8/4/2014 12:00,22.202,Logged,10015950,14609,VOL,HOBO
8/4/2014 13:00,22.824,Logged,10015950,14609,VOL,HOBO
8/4/2014 14:00,23.978,Logged,10015950,14609,VOL,HOBO
8/4/2014 15:00,24.05,Logged,10015950,14609,VOL,HOBO
8/4/2014 16:00,23.978,Logged,10015950,14609,VOL,HOBO
8/4/2014 17:00,24.219,Logged,10015950,14609,VOL,HOBO
8/4/2014 18:00,24.315,Logged,10015950,14609,VOL,HOBO
8/4/2014 19:00,23.713,Logged,10015950,14609,VOL,HOBO
8/4/2014 20:00,23.304,Logged,10015950,14609,VOL,HOBO
8/4/2014 21:00,22.633,Logged,10015950,14609,VOL,HOBO
8/4/2014 22:00,22.13,Logged,10015950,14609,VOL,HOBO
8/4/2014 23:00,21.581,Logged,10015950,14609,VOL,HOBO
8/5/2014 0:00,21.151,Logged,10015950,14609,VOL,HOBO
8/5/2014 1:00,20.77,Logged,10015950,14609,VOL,HOBO
8/5/2014 2:00,20.436,Logged,10015950,14609,VOL,HOBO
8/5/2014 3:00,19.984,Logged,10015950,14609,VOL,HOBO
8/5/2014 4:00,19.865,Logged,10015950,14609,VOL,HOBO
8/5/2014 5:00,19.627,Logged,10015950,14609,VOL,HOBO
8/5/2014 6:00,19.722,Logged,10015950,14609,VOL,HOBO
8/5/2014 7:00,19.746,Logged,10015950,14609,VOL,HOBO
8/5/2014 8:00,19.888,Logged,10015950,14609,VOL,HOBO
8/5/2014 9:00,20.46,Logged,10015950,14609,VOL,HOBO
8/5/2014 10:00,21.151,Logged,10015950,14609,VOL,HOBO
8/5/2014 11:00,21.795,Logged,10015950,14609,VOL,HOBO
8/5/2014 12:00,22.633,Logged,10015950,14609,VOL,HOBO
8/5/2014 13:00,23.857,Logged,10015950,14609,VOL,HOBO
8/5/2014 14:00,25.065,Logged,10015950,14609,VOL,HOBO
8/5/2014 15:00,25.355,Logged,10015950,14609,VOL,HOBO
8/5/2014 16:00,24.944,Logged,10015950,14609,VOL,HOBO
8/5/2014 17:00,24.726,Logged,10015950,14609,VOL,HOBO
8/5/2014 18:00,24.871,Logged,10015950,14609,VOL,HOBO
8/5/2014 19:00,25.016,Logged,10015950,14609,VOL,HOBO
8/5/2014 20:00,24.605,Logged,10015950,14609,VOL,HOBO
8/5/2014 21:00,23.785,Logged,10015950,14609,VOL,HOBO
8/5/2014 22:00,23.088,Logged,10015950,14609,VOL,HOBO
8/5/2014 23:00,22.8,Logged,10015950,14609,VOL,HOBO
8/6/2014 0:00,22.609,Logged,10015950,14609,VOL,HOBO
8/6/2014 1:00,22.082,Logged,10015950,14609,VOL,HOBO
8/6/2014 2:00,21.676,Logged,10015950,14609,VOL,HOBO
8/6/2014 3:00,21.509,Logged,10015950,14609,VOL,HOBO
8/6/2014 4:00,21.199,Logged,10015950,14609,VOL,HOBO
8/6/2014 5:00,20.936,Logged,10015950,14609,VOL,HOBO
8/6/2014 6:00,20.627,Logged,10015950,14609,VOL,HOBO
8/6/2014 7:00,20.722,Logged,10015950,14609,VOL,HOBO
8/6/2014 8:00,20.793,Logged,10015950,14609,VOL,HOBO
8/6/2014 9:00,21.008,Logged,10015950,14609,VOL,HOBO
8/6/2014 10:00,21.581,Logged,10015950,14609,VOL,HOBO
8/6/2014 11:00,22.034,Logged,10015950,14609,VOL,HOBO
8/6/2014 12:00,22.441,Logged,10015950,14609,VOL,HOBO
8/6/2014 13:00,23.208,Logged,10015950,14609,VOL,HOBO
8/6/2014 14:00,24.002,Logged,10015950,14609,VOL,HOBO
8/6/2014 15:00,23.617,Logged,10015950,14609,VOL,HOBO
8/6/2014 16:00,23.737,Logged,10015950,14609,VOL,HOBO
8/6/2014 17:00,23.954,Logged,10015950,14609,VOL,HOBO
8/6/2014 18:00,23.833,Logged,10015950,14609,VOL,HOBO
8/6/2014 19:00,23.689,Logged,10015950,14609,VOL,HOBO
8/6/2014 20:00,22.92,Logged,10015950,14609,VOL,HOBO
8/6/2014 21:00,21.557,Logged,10015950,14609,VOL,HOBO
8/6/2014 22:00,20.222,Logged,10015950,14609,VOL,HOBO
8/6/2014 23:00,19.651,Logged,10015950,14609,VOL,HOBO
8/7/2014 0:00,19.008,Logged,10015950,14609,VOL,HOBO
8/7/2014 1:00,18.913,Logged,10015950,14609,VOL,HOBO
8/7/2014 2:00,17.915,Logged,10015950,14609,VOL,HOBO
8/7/2014 3:00,17.843,Logged,10015950,14609,VOL,HOBO
8/7/2014 4:00,17.605,Logged,10015950,14609,VOL,HOBO
8/7/2014 5:00,17.034,Logged,10015950,14609,VOL,HOBO
8/7/2014 6:00,16.487,Logged,10015950,14609,VOL,HOBO
8/7/2014 7:00,16.558,Logged,10015950,14609,VOL,HOBO
8/7/2014 8:00,17.629,Logged,10015950,14609,VOL,HOBO
8/7/2014 9:00,18.366,Logged,10015950,14609,VOL,HOBO
8/7/2014 10:00,19.056,Logged,10015950,14609,VOL,HOBO
8/7/2014 11:00,19.698,Logged,10015950,14609,VOL,HOBO
8/7/2014 12:00,20.507,Logged,10015950,14609,VOL,HOBO
8/7/2014 13:00,21.604,Logged,10015950,14609,VOL,HOBO
8/7/2014 14:00,22.824,Logged,10015950,14609,VOL,HOBO
8/7/2014 15:00,21.413,Logged,10015950,14609,VOL,HOBO
8/7/2014 16:00,22.058,Logged,10015950,14609,VOL,HOBO
8/7/2014 17:00,21.246,Logged,10015950,14609,VOL,HOBO
8/7/2014 18:00,20.555,Logged,10015950,14609,VOL,HOBO
8/7/2014 19:00,20.246,Logged,10015950,14609,VOL,HOBO
8/7/2014 20:00,19.698,Logged,10015950,14609,VOL,HOBO
8/7/2014 21:00,18.866,Logged,10015950,14609,VOL,HOBO
8/7/2014 22:00,18.438,Logged,10015950,14609,VOL,HOBO
8/7/2014 23:00,17.915,Logged,10015950,14609,VOL,HOBO
8/8/2014 0:00,17.034,Logged,10015950,14609,VOL,HOBO
8/8/2014 1:00,16.463,Logged,10015950,14609,VOL,HOBO
8/8/2014 2:00,15.867,Logged,10015950,14609,VOL,HOBO
8/8/2014 3:00,15.724,Logged,10015950,14609,VOL,HOBO
8/8/2014 4:00,14.912,Logged,10015950,14609,VOL,HOBO
8/8/2014 5:00,14.601,Logged,10015950,14609,VOL,HOBO
8/8/2014 6:00,15.151,Logged,10015950,14609,VOL,HOBO
8/8/2014 7:00,15.175,Logged,10015950,14609,VOL,HOBO
8/8/2014 8:00,16.534,Logged,10015950,14609,VOL,HOBO
8/8/2014 9:00,16.915,Logged,10015950,14609,VOL,HOBO
8/8/2014 10:00,17.938,Logged,10015950,14609,VOL,HOBO
8/8/2014 11:00,18.699,Logged,10015950,14609,VOL,HOBO
8/8/2014 12:00,19.77,Logged,10015950,14609,VOL,HOBO
8/8/2014 13:00,21.437,Logged,10015950,14609,VOL,HOBO
8/8/2014 14:00,22.8,Logged,10015950,14609,VOL,HOBO
8/8/2014 15:00,22.561,Logged,10015950,14609,VOL,HOBO
8/8/2014 16:00,22.489,Logged,10015950,14609,VOL,HOBO
8/8/2014 17:00,22.417,Logged,10015950,14609,VOL,HOBO
8/8/2014 18:00,22.681,Logged,10015950,14609,VOL,HOBO
8/8/2014 19:00,22.417,Logged,10015950,14609,VOL,HOBO
8/8/2014 20:00,21.843,Logged,10015950,14609,VOL,HOBO
8/8/2014 21:00,20.65,Logged,10015950,14609,VOL,HOBO
8/8/2014 22:00,19.508,Logged,10015950,14609,VOL,HOBO
8/8/2014 23:00,18.533,Logged,10015950,14609,VOL,HOBO
8/9/2014 0:00,18.057,Logged,10015950,14609,VOL,HOBO
8/9/2014 1:00,17.391,Logged,10015950,14609,VOL,HOBO
8/9/2014 2:00,16.82,Logged,10015950,14609,VOL,HOBO
8/9/2014 3:00,16.487,Logged,10015950,14609,VOL,HOBO
8/9/2014 4:00,16.225,Logged,10015950,14609,VOL,HOBO
8/9/2014 5:00,15.724,Logged,10015950,14609,VOL,HOBO
8/9/2014 6:00,15.223,Logged,10015950,14609,VOL,HOBO
8/9/2014 7:00,15.581,Logged,10015950,14609,VOL,HOBO
8/9/2014 8:00,16.749,Logged,10015950,14609,VOL,HOBO
8/9/2014 9:00,17.463,Logged,10015950,14609,VOL,HOBO
8/9/2014 10:00,18.557,Logged,10015950,14609,VOL,HOBO
8/9/2014 11:00,19.484,Logged,10015950,14609,VOL,HOBO
8/9/2014 12:00,20.65,Logged,10015950,14609,VOL,HOBO
8/9/2014 13:00,22.537,Logged,10015950,14609,VOL,HOBO
8/9/2014 14:00,24.436,Logged,10015950,14609,VOL,HOBO
8/9/2014 15:00,23.497,Logged,10015950,14609,VOL,HOBO
8/9/2014 16:00,23.256,Logged,10015950,14609,VOL,HOBO
8/9/2014 17:00,22.753,Logged,10015950,14609,VOL,HOBO
8/9/2014 18:00,22.992,Logged,10015950,14609,VOL,HOBO
8/9/2014 19:00,22.872,Logged,10015950,14609,VOL,HOBO
8/9/2014 20:00,22.154,Logged,10015950,14609,VOL,HOBO
8/9/2014 21:00,21.413,Logged,10015950,14609,VOL,HOBO
8/9/2014 22:00,20.341,Logged,10015950,14609,VOL,HOBO
8/9/2014 23:00,19.722,Logged,10015950,14609,VOL,HOBO
8/10/2014 0:00,19.199,Logged,10015950,14609,VOL,HOBO
8/10/2014 1:00,18.889,Logged,10015950,14609,VOL,HOBO
8/10/2014 2:00,18.723,Logged,10015950,14609,VOL,HOBO
8/10/2014 3:00,18.247,Logged,10015950,14609,VOL,HOBO
8/10/2014 4:00,17.915,Logged,10015950,14609,VOL,HOBO
8/10/2014 5:00,17.558,Logged,10015950,14609,VOL,HOBO
8/10/2014 6:00,16.654,Logged,10015950,14609,VOL,HOBO
8/10/2014 7:00,17.011,Logged,10015950,14609,VOL,HOBO
8/10/2014 8:00,17.748,Logged,10015950,14609,VOL,HOBO
8/10/2014 9:00,18.224,Logged,10015950,14609,VOL,HOBO
8/10/2014 10:00,18.818,Logged,10015950,14609,VOL,HOBO
8/10/2014 11:00,19.722,Logged,10015950,14609,VOL,HOBO
8/10/2014 12:00,21.103,Logged,10015950,14609,VOL,HOBO
8/10/2014 13:00,22.417,Logged,10015950,14609,VOL,HOBO
8/10/2014 14:00,26.989,Logged,10015950,14609,VOL,HOBO
8/10/2014 15:00,24.532,Logged,10015950,14609,VOL,HOBO
8/10/2014 16:00,23.737,Logged,10015950,14609,VOL,HOBO
8/10/2014 17:00,23.641,Logged,10015950,14609,VOL,HOBO
8/10/2014 18:00,23.448,Logged,10015950,14609,VOL,HOBO
8/10/2014 19:00,23.448,Logged,10015950,14609,VOL,HOBO
8/10/2014 20:00,22.753,Logged,10015950,14609,VOL,HOBO
8/10/2014 21:00,21.724,Logged,10015950,14609,VOL,HOBO
8/10/2014 22:00,20.388,Logged,10015950,14609,VOL,HOBO
8/10/2014 23:00,19.603,Logged,10015950,14609,VOL,HOBO
8/11/2014 0:00,18.747,Logged,10015950,14609,VOL,HOBO
8/11/2014 1:00,18.2,Logged,10015950,14609,VOL,HOBO
8/11/2014 2:00,17.629,Logged,10015950,14609,VOL,HOBO
8/11/2014 3:00,17.582,Logged,10015950,14609,VOL,HOBO
8/11/2014 4:00,17.034,Logged,10015950,14609,VOL,HOBO
8/11/2014 5:00,17.51,Logged,10015950,14609,VOL,HOBO
8/11/2014 6:00,16.987,Logged,10015950,14609,VOL,HOBO
8/11/2014 7:00,17.177,Logged,10015950,14609,VOL,HOBO
8/11/2014 8:00,17.629,Logged,10015950,14609,VOL,HOBO
8/11/2014 9:00,18.509,Logged,10015950,14609,VOL,HOBO
8/11/2014 10:00,19.222,Logged,10015950,14609,VOL,HOBO
8/11/2014 11:00,20.388,Logged,10015950,14609,VOL,HOBO
8/11/2014 12:00,21.294,Logged,10015950,14609,VOL,HOBO
8/11/2014 13:00,23.112,Logged,10015950,14609,VOL,HOBO
8/11/2014 14:00,26.891,Logged,10015950,14609,VOL,HOBO
8/11/2014 15:00,24.944,Logged,10015950,14609,VOL,HOBO
8/11/2014 16:00,25.016,Logged,10015950,14609,VOL,HOBO
8/11/2014 17:00,24.798,Logged,10015950,14609,VOL,HOBO
8/11/2014 18:00,24.363,Logged,10015950,14609,VOL,HOBO
8/11/2014 19:00,23.424,Logged,10015950,14609,VOL,HOBO
8/11/2014 20:00,22.465,Logged,10015950,14609,VOL,HOBO
8/11/2014 21:00,21.604,Logged,10015950,14609,VOL,HOBO
8/11/2014 22:00,20.674,Logged,10015950,14609,VOL,HOBO
8/11/2014 23:00,20.103,Logged,10015950,14609,VOL,HOBO
8/12/2014 0:00,19.222,Logged,10015950,14609,VOL,HOBO
8/12/2014 1:00,18.652,Logged,10015950,14609,VOL,HOBO
8/12/2014 2:00,18.319,Logged,10015950,14609,VOL,HOBO
8/12/2014 3:00,17.796,Logged,10015950,14609,VOL,HOBO
8/12/2014 4:00,17.368,Logged,10015950,14609,VOL,HOBO
8/12/2014 5:00,17.915,Logged,10015950,14609,VOL,HOBO
8/12/2014 6:00,17.915,Logged,10015950,14609,VOL,HOBO
8/12/2014 7:00,17.891,Logged,10015950,14609,VOL,HOBO
8/12/2014 8:00,18.152,Logged,10015950,14609,VOL,HOBO
8/12/2014 9:00,18.818,Logged,10015950,14609,VOL,HOBO
8/12/2014 10:00,20.222,Logged,10015950,14609,VOL,HOBO
8/12/2014 11:00,21.032,Logged,10015950,14609,VOL,HOBO
8/12/2014 12:00,22.298,Logged,10015950,14609,VOL,HOBO
8/12/2014 13:00,22.681,Logged,10015950,14609,VOL,HOBO
8/12/2014 14:00,24.098,Logged,10015950,14609,VOL,HOBO
8/12/2014 15:00,23.521,Logged,10015950,14609,VOL,HOBO
8/12/2014 16:00,23.521,Logged,10015950,14609,VOL,HOBO
8/12/2014 17:00,23.064,Logged,10015950,14609,VOL,HOBO
8/12/2014 18:00,22.776,Logged,10015950,14609,VOL,HOBO
8/12/2014 19:00,22.417,Logged,10015950,14609,VOL,HOBO
8/12/2014 20:00,21.987,Logged,10015950,14609,VOL,HOBO
8/12/2014 21:00,21.533,Logged,10015950,14609,VOL,HOBO
8/12/2014 22:00,21.413,Logged,10015950,14609,VOL,HOBO
8/12/2014 23:00,21.294,Logged,10015950,14609,VOL,HOBO
8/13/2014 0:00,21.199,Logged,10015950,14609,VOL,HOBO
8/13/2014 1:00,21.199,Logged,10015950,14609,VOL,HOBO
8/13/2014 2:00,21.413,Logged,10015950,14609,VOL,HOBO
8/13/2014 3:00,21.39,Logged,10015950,14609,VOL,HOBO
8/13/2014 4:00,21.342,Logged,10015950,14609,VOL,HOBO
8/13/2014 5:00,20.65,Logged,10015950,14609,VOL,HOBO
8/13/2014 6:00,20.341,Logged,10015950,14609,VOL,HOBO
8/13/2014 7:00,20.079,Logged,10015950,14609,VOL,HOBO
8/13/2014 8:00,21.843,Logged,10015950,14609,VOL,HOBO
8/13/2014 9:00,21.795,Logged,10015950,14609,VOL,HOBO
8/13/2014 10:00,21.652,Logged,10015950,14609,VOL,HOBO
8/13/2014 11:00,21.628,Logged,10015950,14609,VOL,HOBO
8/13/2014 12:00,21.724,Logged,10015950,14609,VOL,HOBO
8/13/2014 13:00,21.819,Logged,10015950,14609,VOL,HOBO
8/13/2014 14:00,21.963,Logged,10015950,14609,VOL,HOBO
8/13/2014 15:00,22.034,Logged,10015950,14609,VOL,HOBO
8/13/2014 16:00,22.202,Logged,10015950,14609,VOL,HOBO
8/13/2014 17:00,22.465,Logged,10015950,14609,VOL,HOBO
8/13/2014 18:00,22.609,Logged,10015950,14609,VOL,HOBO
8/13/2014 19:00,22.633,Logged,10015950,14609,VOL,HOBO
8/13/2014 20:00,22.441,Logged,10015950,14609,VOL,HOBO
8/13/2014 21:00,22.25,Logged,10015950,14609,VOL,HOBO
8/13/2014 22:00,22.106,Logged,10015950,14609,VOL,HOBO
8/13/2014 23:00,21.963,Logged,10015950,14609,VOL,HOBO
8/14/2014 0:00,21.772,Logged,10015950,14609,VOL,HOBO
8/14/2014 1:00,21.652,Logged,10015950,14609,VOL,HOBO
8/14/2014 2:00,21.509,Logged,10015950,14609,VOL,HOBO
8/14/2014 3:00,21.39,Logged,10015950,14609,VOL,HOBO
8/14/2014 4:00,21.246,Logged,10015950,14609,VOL,HOBO
8/14/2014 5:00,21.079,Logged,10015950,14609,VOL,HOBO
8/14/2014 6:00,20.865,Logged,10015950,14609,VOL,HOBO
8/14/2014 7:00,20.746,Logged,10015950,14609,VOL,HOBO
8/14/2014 8:00,20.674,Logged,10015950,14609,VOL,HOBO
8/14/2014 9:00,20.722,Logged,10015950,14609,VOL,HOBO
8/14/2014 10:00,20.96,Logged,10015950,14609,VOL,HOBO
8/14/2014 11:00,21.437,Logged,10015950,14609,VOL,HOBO
8/14/2014 12:00,22.13,Logged,10015950,14609,VOL,HOBO
8/14/2014 13:00,22.585,Logged,10015950,14609,VOL,HOBO
8/14/2014 14:00,22.872,Logged,10015950,14609,VOL,HOBO
8/14/2014 15:00,23.136,Logged,10015950,14609,VOL,HOBO
8/14/2014 16:00,23.256,Logged,10015950,14609,VOL,HOBO
8/14/2014 17:00,22.92,Logged,10015950,14609,VOL,HOBO
8/14/2014 18:00,22.489,Logged,10015950,14609,VOL,HOBO
8/14/2014 19:00,22.13,Logged,10015950,14609,VOL,HOBO
8/14/2014 20:00,21.843,Logged,10015950,14609,VOL,HOBO
8/14/2014 21:00,21.533,Logged,10015950,14609,VOL,HOBO
8/14/2014 22:00,21.246,Logged,10015950,14609,VOL,HOBO
8/14/2014 23:00,21.056,Logged,10015950,14609,VOL,HOBO
8/15/2014 0:00,20.889,Logged,10015950,14609,VOL,HOBO
8/15/2014 1:00,20.793,Logged,10015950,14609,VOL,HOBO
8/15/2014 2:00,20.722,Logged,10015950,14609,VOL,HOBO
8/15/2014 3:00,20.579,Logged,10015950,14609,VOL,HOBO
8/15/2014 4:00,20.579,Logged,10015950,14609,VOL,HOBO
8/15/2014 5:00,20.507,Logged,10015950,14609,VOL,HOBO
8/15/2014 6:00,20.484,Logged,10015950,14609,VOL,HOBO
8/15/2014 7:00,20.412,Logged,10015950,14609,VOL,HOBO
8/15/2014 8:00,20.484,Logged,10015950,14609,VOL,HOBO
8/15/2014 9:00,20.698,Logged,10015950,14609,VOL,HOBO
8/15/2014 10:00,21.079,Logged,10015950,14609,VOL,HOBO
8/15/2014 11:00,21.652,Logged,10015950,14609,VOL,HOBO
8/15/2014 12:00,22.226,Logged,10015950,14609,VOL,HOBO
8/15/2014 13:00,22.274,Logged,10015950,14609,VOL,HOBO
8/15/2014 14:00,22.154,Logged,10015950,14609,VOL,HOBO
8/15/2014 15:00,22.034,Logged,10015950,14609,VOL,HOBO
8/15/2014 16:00,21.915,Logged,10015950,14609,VOL,HOBO
8/15/2014 17:00,21.867,Logged,10015950,14609,VOL,HOBO
8/15/2014 18:00,21.7,Logged,10015950,14609,VOL,HOBO
8/15/2014 19:00,21.461,Logged,10015950,14609,VOL,HOBO
8/15/2014 20:00,21.27,Logged,10015950,14609,VOL,HOBO
8/15/2014 21:00,21.079,Logged,10015950,14609,VOL,HOBO
8/15/2014 22:00,20.913,Logged,10015950,14609,VOL,HOBO
8/15/2014 23:00,20.746,Logged,10015950,14609,VOL,HOBO
8/16/2014 0:00,20.627,Logged,10015950,14609,VOL,HOBO
8/16/2014 1:00,20.46,Logged,10015950,14609,VOL,HOBO
8/16/2014 2:00,20.317,Logged,10015950,14609,VOL,HOBO
8/16/2014 3:00,20.126,Logged,10015950,14609,VOL,HOBO
8/16/2014 4:00,20.055,Logged,10015950,14609,VOL,HOBO
8/16/2014 5:00,19.96,Logged,10015950,14609,VOL,HOBO
8/16/2014 6:00,19.817,Logged,10015950,14609,VOL,HOBO
8/16/2014 7:00,19.746,Logged,10015950,14609,VOL,HOBO
8/16/2014 8:00,19.841,Logged,10015950,14609,VOL,HOBO
8/16/2014 9:00,20.079,Logged,10015950,14609,VOL,HOBO
8/16/2014 10:00,20.555,Logged,10015950,14609,VOL,HOBO
8/16/2014 11:00,21.151,Logged,10015950,14609,VOL,HOBO
8/16/2014 12:00,21.867,Logged,10015950,14609,VOL,HOBO
8/16/2014 13:00,22.441,Logged,10015950,14609,VOL,HOBO
8/16/2014 14:00,23.016,Logged,10015950,14609,VOL,HOBO
8/16/2014 15:00,23.208,Logged,10015950,14609,VOL,HOBO
8/16/2014 16:00,22.992,Logged,10015950,14609,VOL,HOBO
8/16/2014 17:00,22.753,Logged,10015950,14609,VOL,HOBO
8/16/2014 18:00,22.441,Logged,10015950,14609,VOL,HOBO
8/16/2014 19:00,22.154,Logged,10015950,14609,VOL,HOBO
8/16/2014 20:00,21.843,Logged,10015950,14609,VOL,HOBO
8/16/2014 21:00,21.557,Logged,10015950,14609,VOL,HOBO
8/16/2014 22:00,21.246,Logged,10015950,14609,VOL,HOBO
8/16/2014 23:00,21.103,Logged,10015950,14609,VOL,HOBO
8/17/2014 0:00,20.936,Logged,10015950,14609,VOL,HOBO
8/17/2014 1:00,20.817,Logged,10015950,14609,VOL,HOBO
8/17/2014 2:00,20.746,Logged,10015950,14609,VOL,HOBO
8/17/2014 3:00,20.674,Logged,10015950,14609,VOL,HOBO
8/17/2014 4:00,20.603,Logged,10015950,14609,VOL,HOBO
8/17/2014 5:00,20.531,Logged,10015950,14609,VOL,HOBO
8/17/2014 6:00,20.484,Logged,10015950,14609,VOL,HOBO
8/17/2014 7:00,20.484,Logged,10015950,14609,VOL,HOBO
8/17/2014 8:00,20.603,Logged,10015950,14609,VOL,HOBO
8/17/2014 9:00,20.841,Logged,10015950,14609,VOL,HOBO
8/17/2014 10:00,21.175,Logged,10015950,14609,VOL,HOBO
8/17/2014 11:00,21.437,Logged,10015950,14609,VOL,HOBO
8/17/2014 12:00,21.795,Logged,10015950,14609,VOL,HOBO
8/17/2014 13:00,22.082,Logged,10015950,14609,VOL,HOBO
8/17/2014 14:00,22.681,Logged,10015950,14609,VOL,HOBO
8/17/2014 15:00,22.753,Logged,10015950,14609,VOL,HOBO
8/17/2014 16:00,22.633,Logged,10015950,14609,VOL,HOBO
8/17/2014 17:00,22.8,Logged,10015950,14609,VOL,HOBO
8/17/2014 18:00,22.441,Logged,10015950,14609,VOL,HOBO
8/17/2014 19:00,22.226,Logged,10015950,14609,VOL,HOBO
8/17/2014 20:00,21.939,Logged,10015950,14609,VOL,HOBO
8/17/2014 21:00,21.772,Logged,10015950,14609,VOL,HOBO
8/17/2014 22:00,21.533,Logged,10015950,14609,VOL,HOBO
8/17/2014 23:00,21.27,Logged,10015950,14609,VOL,HOBO
8/18/2014 0:00,21.008,Logged,10015950,14609,VOL,HOBO
8/18/2014 1:00,20.793,Logged,10015950,14609,VOL,HOBO
8/18/2014 2:00,20.579,Logged,10015950,14609,VOL,HOBO
8/18/2014 3:00,20.388,Logged,10015950,14609,VOL,HOBO
8/18/2014 4:00,20.198,Logged,10015950,14609,VOL,HOBO
8/18/2014 5:00,20.031,Logged,10015950,14609,VOL,HOBO
8/18/2014 6:00,19.888,Logged,10015950,14609,VOL,HOBO
8/18/2014 7:00,19.817,Logged,10015950,14609,VOL,HOBO
8/18/2014 8:00,19.912,Logged,10015950,14609,VOL,HOBO
8/18/2014 9:00,20.222,Logged,10015950,14609,VOL,HOBO
8/18/2014 10:00,20.603,Logged,10015950,14609,VOL,HOBO
8/18/2014 11:00,21.27,Logged,10015950,14609,VOL,HOBO
8/18/2014 12:00,22.298,Logged,10015950,14609,VOL,HOBO
8/18/2014 13:00,23.064,Logged,10015950,14609,VOL,HOBO
8/18/2014 14:00,23.617,Logged,10015950,14609,VOL,HOBO
8/18/2014 15:00,23.713,Logged,10015950,14609,VOL,HOBO
8/18/2014 16:00,23.424,Logged,10015950,14609,VOL,HOBO
8/18/2014 17:00,23.328,Logged,10015950,14609,VOL,HOBO
8/18/2014 18:00,22.896,Logged,10015950,14609,VOL,HOBO
8/18/2014 19:00,22.561,Logged,10015950,14609,VOL,HOBO
8/18/2014 20:00,22.154,Logged,10015950,14609,VOL,HOBO
8/18/2014 21:00,21.7,Logged,10015950,14609,VOL,HOBO
8/18/2014 22:00,21.223,Logged,10015950,14609,VOL,HOBO
8/18/2014 23:00,20.841,Logged,10015950,14609,VOL,HOBO
8/19/2014 0:00,20.627,Logged,10015950,14609,VOL,HOBO
8/19/2014 1:00,20.246,Logged,10015950,14609,VOL,HOBO
8/19/2014 2:00,19.984,Logged,10015950,14609,VOL,HOBO
8/19/2014 3:00,19.413,Logged,10015950,14609,VOL,HOBO
8/19/2014 4:00,19.175,Logged,10015950,14609,VOL,HOBO
8/19/2014 5:00,18.985,Logged,10015950,14609,VOL,HOBO
8/19/2014 6:00,18.414,Logged,10015950,14609,VOL,HOBO
8/19/2014 7:00,18.533,Logged,10015950,14609,VOL,HOBO
8/19/2014 8:00,18.794,Logged,10015950,14609,VOL,HOBO
8/19/2014 9:00,19.294,Logged,10015950,14609,VOL,HOBO
8/19/2014 10:00,19.484,Logged,10015950,14609,VOL,HOBO
8/19/2014 11:00,20.198,Logged,10015950,14609,VOL,HOBO
8/19/2014 12:00,21.175,Logged,10015950,14609,VOL,HOBO
8/19/2014 13:00,22.011,Logged,10015950,14609,VOL,HOBO
8/19/2014 14:00,23.881,Logged,10015950,14609,VOL,HOBO
8/19/2014 15:00,24.267,Logged,10015950,14609,VOL,HOBO
8/19/2014 16:00,23.521,Logged,10015950,14609,VOL,HOBO
8/19/2014 17:00,23.304,Logged,10015950,14609,VOL,HOBO
8/19/2014 18:00,22.848,Logged,10015950,14609,VOL,HOBO
8/19/2014 19:00,21.581,Logged,10015950,14609,VOL,HOBO
8/19/2014 20:00,20.293,Logged,10015950,14609,VOL,HOBO
8/19/2014 21:00,19.032,Logged,10015950,14609,VOL,HOBO
8/19/2014 22:00,18.723,Logged,10015950,14609,VOL,HOBO
8/19/2014 23:00,18.271,Logged,10015950,14609,VOL,HOBO
8/20/2014 0:00,18.081,Logged,10015950,14609,VOL,HOBO
8/20/2014 1:00,17.724,Logged,10015950,14609,VOL,HOBO
8/20/2014 2:00,18.652,Logged,10015950,14609,VOL,HOBO
8/20/2014 3:00,17.558,Logged,10015950,14609,VOL,HOBO
8/20/2014 4:00,16.915,Logged,10015950,14609,VOL,HOBO
8/20/2014 5:00,15.915,Logged,10015950,14609,VOL,HOBO
8/20/2014 6:00,15.342,Logged,10015950,14609,VOL,HOBO
8/20/2014 7:00,16.677,Logged,10015950,14609,VOL,HOBO
8/20/2014 8:00,16.773,Logged,10015950,14609,VOL,HOBO
8/20/2014 9:00,18.247,Logged,10015950,14609,VOL,HOBO
8/20/2014 10:00,20.674,Logged,10015950,14609,VOL,HOBO
8/20/2014 11:00,21.963,Logged,10015950,14609,VOL,HOBO
8/20/2014 12:00,23.064,Logged,10015950,14609,VOL,HOBO
8/20/2014 13:00,23.93,Logged,10015950,14609,VOL,HOBO
8/20/2014 14:00,24.629,Logged,10015950,14609,VOL,HOBO
8/20/2014 15:00,24.919,Logged,10015950,14609,VOL,HOBO
8/20/2014 16:00,24.823,Logged,10015950,14609,VOL,HOBO
8/20/2014 17:00,24.436,Logged,10015950,14609,VOL,HOBO
8/20/2014 18:00,23.93,Logged,10015950,14609,VOL,HOBO
8/20/2014 19:00,23.593,Logged,10015950,14609,VOL,HOBO
8/20/2014 20:00,23.256,Logged,10015950,14609,VOL,HOBO
8/20/2014 21:00,22.848,Logged,10015950,14609,VOL,HOBO
8/20/2014 22:00,22.13,Logged,10015950,14609,VOL,HOBO
8/20/2014 23:00,19.674,Logged,10015950,14609,VOL,HOBO
8/21/2014 0:00,19.318,Logged,10015950,14609,VOL,HOBO
8/21/2014 1:00,18.2,Logged,10015950,14609,VOL,HOBO
8/21/2014 2:00,18.176,Logged,10015950,14609,VOL,HOBO
8/21/2014 3:00,18.628,Logged,10015950,14609,VOL,HOBO
8/21/2014 4:00,17.962,Logged,10015950,14609,VOL,HOBO
8/21/2014 5:00,18.247,Logged,10015950,14609,VOL,HOBO
8/21/2014 6:00,18.033,Logged,10015950,14609,VOL,HOBO
8/21/2014 7:00,17.986,Logged,10015950,14609,VOL,HOBO
8/21/2014 8:00,18.152,Logged,10015950,14609,VOL,HOBO
8/21/2014 9:00,18.866,Logged,10015950,14609,VOL,HOBO
8/21/2014 10:00,18.652,Logged,10015950,14609,VOL,HOBO
8/21/2014 11:00,19.103,Logged,10015950,14609,VOL,HOBO
8/21/2014 12:00,20.65,Logged,10015950,14609,VOL,HOBO
8/21/2014 13:00,21.318,Logged,10015950,14609,VOL,HOBO
8/21/2014 14:00,23.497,Logged,10015950,14609,VOL,HOBO
8/21/2014 15:00,23.424,Logged,10015950,14609,VOL,HOBO
8/21/2014 16:00,22.992,Logged,10015950,14609,VOL,HOBO
8/21/2014 17:00,22.824,Logged,10015950,14609,VOL,HOBO
8/21/2014 18:00,22.705,Logged,10015950,14609,VOL,HOBO
8/21/2014 19:00,22.393,Logged,10015950,14609,VOL,HOBO
8/21/2014 20:00,22.202,Logged,10015950,14609,VOL,HOBO
8/21/2014 21:00,21.628,Logged,10015950,14609,VOL,HOBO
8/21/2014 22:00,21.246,Logged,10015950,14609,VOL,HOBO
8/21/2014 23:00,21.008,Logged,10015950,14609,VOL,HOBO
8/22/2014 0:00,20.317,Logged,10015950,14609,VOL,HOBO
8/22/2014 1:00,20.436,Logged,10015950,14609,VOL,HOBO
8/22/2014 2:00,19.936,Logged,10015950,14609,VOL,HOBO
8/22/2014 3:00,19.318,Logged,10015950,14609,VOL,HOBO
8/22/2014 4:00,18.533,Logged,10015950,14609,VOL,HOBO
8/22/2014 5:00,18.723,Logged,10015950,14609,VOL,HOBO
8/22/2014 6:00,18.842,Logged,10015950,14609,VOL,HOBO
8/22/2014 7:00,18.913,Logged,10015950,14609,VOL,HOBO
8/22/2014 8:00,19.056,Logged,10015950,14609,VOL,HOBO
8/22/2014 9:00,19.103,Logged,10015950,14609,VOL,HOBO
8/22/2014 10:00,19.389,Logged,10015950,14609,VOL,HOBO
8/22/2014 11:00,19.603,Logged,10015950,14609,VOL,HOBO
8/22/2014 12:00,19.936,Logged,10015950,14609,VOL,HOBO
8/22/2014 13:00,20.341,Logged,10015950,14609,VOL,HOBO
8/22/2014 14:00,20.531,Logged,10015950,14609,VOL,HOBO
8/22/2014 15:00,20.96,Logged,10015950,14609,VOL,HOBO
8/22/2014 16:00,20.817,Logged,10015950,14609,VOL,HOBO
8/22/2014 17:00,20.698,Logged,10015950,14609,VOL,HOBO
8/22/2014 18:00,20.674,Logged,10015950,14609,VOL,HOBO
8/22/2014 19:00,20.507,Logged,10015950,14609,VOL,HOBO
8/22/2014 20:00,20.388,Logged,10015950,14609,VOL,HOBO
8/22/2014 21:00,20.079,Logged,10015950,14609,VOL,HOBO
8/22/2014 22:00,19.936,Logged,10015950,14609,VOL,HOBO
8/22/2014 23:00,19.722,Logged,10015950,14609,VOL,HOBO
8/23/2014 0:00,19.603,Logged,10015950,14609,VOL,HOBO
8/23/2014 1:00,19.341,Logged,10015950,14609,VOL,HOBO
8/23/2014 2:00,19.294,Logged,10015950,14609,VOL,HOBO
8/23/2014 3:00,19.103,Logged,10015950,14609,VOL,HOBO
8/23/2014 4:00,18.961,Logged,10015950,14609,VOL,HOBO
8/23/2014 5:00,18.771,Logged,10015950,14609,VOL,HOBO
8/23/2014 6:00,18.604,Logged,10015950,14609,VOL,HOBO
8/23/2014 7:00,18.461,Logged,10015950,14609,VOL,HOBO
8/23/2014 8:00,18.628,Logged,10015950,14609,VOL,HOBO
8/23/2014 9:00,18.628,Logged,10015950,14609,VOL,HOBO
8/23/2014 10:00,18.913,Logged,10015950,14609,VOL,HOBO
8/23/2014 11:00,19.508,Logged,10015950,14609,VOL,HOBO
8/23/2014 12:00,19.96,Logged,10015950,14609,VOL,HOBO
8/23/2014 13:00,20.365,Logged,10015950,14609,VOL,HOBO
8/23/2014 14:00,20.531,Logged,10015950,14609,VOL,HOBO
8/23/2014 15:00,20.603,Logged,10015950,14609,VOL,HOBO
8/23/2014 16:00,20.841,Logged,10015950,14609,VOL,HOBO
8/23/2014 17:00,20.77,Logged,10015950,14609,VOL,HOBO
8/23/2014 18:00,20.674,Logged,10015950,14609,VOL,HOBO
8/23/2014 19:00,20.269,Logged,10015950,14609,VOL,HOBO
8/23/2014 20:00,19.103,Logged,10015950,14609,VOL,HOBO
8/23/2014 21:00,17.843,Logged,10015950,14609,VOL,HOBO
8/23/2014 22:00,17.701,Logged,10015950,14609,VOL,HOBO
8/23/2014 23:00,16.63,Logged,10015950,14609,VOL,HOBO
8/24/2014 0:00,16.296,Logged,10015950,14609,VOL,HOBO
8/24/2014 1:00,16.582,Logged,10015950,14609,VOL,HOBO
8/24/2014 2:00,16.01,Logged,10015950,14609,VOL,HOBO
8/24/2014 3:00,16.368,Logged,10015950,14609,VOL,HOBO
8/24/2014 4:00,16.129,Logged,10015950,14609,VOL,HOBO
8/24/2014 5:00,15.27,Logged,10015950,14609,VOL,HOBO
8/24/2014 6:00,14.481,Logged,10015950,14609,VOL,HOBO
8/24/2014 7:00,15.247,Logged,10015950,14609,VOL,HOBO
8/24/2014 8:00,15.986,Logged,10015950,14609,VOL,HOBO
8/24/2014 9:00,16.987,Logged,10015950,14609,VOL,HOBO
8/24/2014 10:00,17.463,Logged,10015950,14609,VOL,HOBO
8/24/2014 11:00,18.343,Logged,10015950,14609,VOL,HOBO
8/24/2014 12:00,19.77,Logged,10015950,14609,VOL,HOBO
8/24/2014 13:00,21.199,Logged,10015950,14609,VOL,HOBO
8/24/2014 14:00,23.833,Logged,10015950,14609,VOL,HOBO
8/24/2014 15:00,26.94,Logged,10015950,14609,VOL,HOBO
8/24/2014 16:00,23.954,Logged,10015950,14609,VOL,HOBO
8/24/2014 17:00,23.352,Logged,10015950,14609,VOL,HOBO
8/24/2014 18:00,22.92,Logged,10015950,14609,VOL,HOBO
8/24/2014 19:00,21.915,Logged,10015950,14609,VOL,HOBO
8/24/2014 20:00,20.365,Logged,10015950,14609,VOL,HOBO
8/24/2014 21:00,19.27,Logged,10015950,14609,VOL,HOBO
8/24/2014 22:00,18.366,Logged,10015950,14609,VOL,HOBO
8/24/2014 23:00,17.843,Logged,10015950,14609,VOL,HOBO
8/25/2014 0:00,17.51,Logged,10015950,14609,VOL,HOBO
8/25/2014 1:00,17.249,Logged,10015950,14609,VOL,HOBO
8/25/2014 2:00,16.392,Logged,10015950,14609,VOL,HOBO
8/25/2014 3:00,16.296,Logged,10015950,14609,VOL,HOBO
8/25/2014 4:00,16.201,Logged,10015950,14609,VOL,HOBO
8/25/2014 5:00,16.01,Logged,10015950,14609,VOL,HOBO
8/25/2014 6:00,15.223,Logged,10015950,14609,VOL,HOBO
8/25/2014 7:00,15.891,Logged,10015950,14609,VOL,HOBO
8/25/2014 8:00,16.939,Logged,10015950,14609,VOL,HOBO
8/25/2014 9:00,17.701,Logged,10015950,14609,VOL,HOBO
8/25/2014 10:00,18.652,Logged,10015950,14609,VOL,HOBO
8/25/2014 11:00,19.579,Logged,10015950,14609,VOL,HOBO
8/25/2014 12:00,20.865,Logged,10015950,14609,VOL,HOBO
8/25/2014 13:00,22.681,Logged,10015950,14609,VOL,HOBO
8/25/2014 14:00,27.038,Logged,10015950,14609,VOL,HOBO
8/25/2014 15:00,28.617,Logged,10015950,14609,VOL,HOBO
8/25/2014 16:00,25.89,Logged,10015950,14609,VOL,HOBO
8/25/2014 17:00,25.404,Logged,10015950,14609,VOL,HOBO
8/25/2014 18:00,24.847,Logged,10015950,14609,VOL,HOBO
8/25/2014 19:00,24.026,Logged,10015950,14609,VOL,HOBO
8/25/2014 20:00,22.753,Logged,10015950,14609,VOL,HOBO
8/25/2014 21:00,22.011,Logged,10015950,14609,VOL,HOBO
8/25/2014 22:00,21.676,Logged,10015950,14609,VOL,HOBO
8/25/2014 23:00,21.056,Logged,10015950,14609,VOL,HOBO
8/26/2014 0:00,20.174,Logged,10015950,14609,VOL,HOBO
8/26/2014 1:00,19.389,Logged,10015950,14609,VOL,HOBO
8/26/2014 2:00,18.771,Logged,10015950,14609,VOL,HOBO
8/26/2014 3:00,18.295,Logged,10015950,14609,VOL,HOBO
8/26/2014 4:00,17.915,Logged,10015950,14609,VOL,HOBO
8/26/2014 5:00,18.39,Logged,10015950,14609,VOL,HOBO
8/26/2014 6:00,18.343,Logged,10015950,14609,VOL,HOBO
8/26/2014 7:00,17.629,Logged,10015950,14609,VOL,HOBO
8/26/2014 8:00,17.938,Logged,10015950,14609,VOL,HOBO
8/26/2014 9:00,18.509,Logged,10015950,14609,VOL,HOBO
8/26/2014 10:00,19.746,Logged,10015950,14609,VOL,HOBO
8/26/2014 11:00,21.127,Logged,10015950,14609,VOL,HOBO
8/26/2014 12:00,22.513,Logged,10015950,14609,VOL,HOBO
8/26/2014 13:00,23.881,Logged,10015950,14609,VOL,HOBO
8/26/2014 14:00,27.235,Logged,10015950,14609,VOL,HOBO
8/26/2014 15:00,28.419,Logged,10015950,14609,VOL,HOBO
8/26/2014 16:00,26.231,Logged,10015950,14609,VOL,HOBO
8/26/2014 17:00,25.623,Logged,10015950,14609,VOL,HOBO
8/26/2014 18:00,25.113,Logged,10015950,14609,VOL,HOBO
8/26/2014 19:00,24.122,Logged,10015950,14609,VOL,HOBO
8/26/2014 20:00,23.04,Logged,10015950,14609,VOL,HOBO
8/26/2014 21:00,22.034,Logged,10015950,14609,VOL,HOBO
8/26/2014 22:00,21.127,Logged,10015950,14609,VOL,HOBO
8/26/2014 23:00,20.341,Logged,10015950,14609,VOL,HOBO
8/27/2014 0:00,19.746,Logged,10015950,14609,VOL,HOBO
8/27/2014 1:00,19.294,Logged,10015950,14609,VOL,HOBO
8/27/2014 2:00,18.771,Logged,10015950,14609,VOL,HOBO
8/27/2014 3:00,18.2,Logged,10015950,14609,VOL,HOBO
8/27/2014 4:00,18.057,Logged,10015950,14609,VOL,HOBO
8/27/2014 5:00,17.796,Logged,10015950,14609,VOL,HOBO
8/27/2014 6:00,17.796,Logged,10015950,14609,VOL,HOBO
8/27/2014 7:00,17.772,Logged,10015950,14609,VOL,HOBO
8/27/2014 8:00,18.58,Logged,10015950,14609,VOL,HOBO
8/27/2014 9:00,19.579,Logged,10015950,14609,VOL,HOBO
8/27/2014 10:00,20.436,Logged,10015950,14609,VOL,HOBO
8/27/2014 11:00,21.294,Logged,10015950,14609,VOL,HOBO
8/27/2014 12:00,22.441,Logged,10015950,14609,VOL,HOBO
8/27/2014 13:00,23.737,Logged,10015950,14609,VOL,HOBO
8/27/2014 14:00,25.914,Logged,10015950,14609,VOL,HOBO
8/27/2014 15:00,28.419,Logged,10015950,14609,VOL,HOBO
8/27/2014 16:00,26.867,Logged,10015950,14609,VOL,HOBO
8/27/2014 17:00,26.475,Logged,10015950,14609,VOL,HOBO
8/27/2014 18:00,25.55,Logged,10015950,14609,VOL,HOBO
8/27/2014 19:00,24.677,Logged,10015950,14609,VOL,HOBO
8/27/2014 20:00,24.171,Logged,10015950,14609,VOL,HOBO
8/27/2014 21:00,23.641,Logged,10015950,14609,VOL,HOBO
8/27/2014 22:00,23.16,Logged,10015950,14609,VOL,HOBO
8/27/2014 23:00,23.112,Logged,10015950,14609,VOL,HOBO
8/28/2014 0:00,22.824,Logged,10015950,14609,VOL,HOBO
8/28/2014 1:00,22.25,Logged,10015950,14609,VOL,HOBO
8/28/2014 2:00,22.034,Logged,10015950,14609,VOL,HOBO
8/28/2014 3:00,21.413,Logged,10015950,14609,VOL,HOBO
8/28/2014 4:00,21.223,Logged,10015950,14609,VOL,HOBO
8/28/2014 5:00,20.722,Logged,10015950,14609,VOL,HOBO
8/28/2014 6:00,20.627,Logged,10015950,14609,VOL,HOBO
8/28/2014 7:00,20.365,Logged,10015950,14609,VOL,HOBO
8/28/2014 8:00,20.198,Logged,10015950,14609,VOL,HOBO
8/28/2014 9:00,20.293,Logged,10015950,14609,VOL,HOBO
8/28/2014 10:00,20.627,Logged,10015950,14609,VOL,HOBO
8/28/2014 11:00,20.841,Logged,10015950,14609,VOL,HOBO
8/28/2014 12:00,21.604,Logged,10015950,14609,VOL,HOBO
8/28/2014 13:00,22.345,Logged,10015950,14609,VOL,HOBO
8/28/2014 14:00,22.657,Logged,10015950,14609,VOL,HOBO
8/28/2014 15:00,25.065,Logged,10015950,14609,VOL,HOBO
8/28/2014 16:00,23.617,Logged,10015950,14609,VOL,HOBO
8/28/2014 17:00,23.112,Logged,10015950,14609,VOL,HOBO
8/28/2014 18:00,22.369,Logged,10015950,14609,VOL,HOBO
8/28/2014 19:00,21.819,Logged,10015950,14609,VOL,HOBO
8/28/2014 20:00,21.175,Logged,10015950,14609,VOL,HOBO
8/28/2014 21:00,20.484,Logged,10015950,14609,VOL,HOBO
8/28/2014 22:00,19.936,Logged,10015950,14609,VOL,HOBO
8/28/2014 23:00,19.389,Logged,10015950,14609,VOL,HOBO
8/29/2014 0:00,18.295,Logged,10015950,14609,VOL,HOBO
8/29/2014 1:00,16.654,Logged,10015950,14609,VOL,HOBO
8/29/2014 2:00,16.129,Logged,10015950,14609,VOL,HOBO
8/29/2014 3:00,15.461,Logged,10015950,14609,VOL,HOBO
8/29/2014 4:00,15.103,Logged,10015950,14609,VOL,HOBO
8/29/2014 5:00,14.792,Logged,10015950,14609,VOL,HOBO
8/29/2014 6:00,13.858,Logged,10015950,14609,VOL,HOBO
8/29/2014 7:00,13.978,Logged,10015950,14609,VOL,HOBO
8/29/2014 8:00,15.533,Logged,10015950,14609,VOL,HOBO
8/29/2014 9:00,16.368,Logged,10015950,14609,VOL,HOBO
8/29/2014 10:00,17.344,Logged,10015950,14609,VOL,HOBO
8/29/2014 11:00,18.438,Logged,10015950,14609,VOL,HOBO
8/29/2014 12:00,19.722,Logged,10015950,14609,VOL,HOBO
8/29/2014 13:00,20.77,Logged,10015950,14609,VOL,HOBO
8/29/2014 14:00,21.246,Logged,10015950,14609,VOL,HOBO
8/29/2014 15:00,22.513,Logged,10015950,14609,VOL,HOBO
8/29/2014 16:00,23.016,Logged,10015950,14609,VOL,HOBO
8/29/2014 17:00,22.992,Logged,10015950,14609,VOL,HOBO
8/29/2014 18:00,22.178,Logged,10015950,14609,VOL,HOBO
8/29/2014 19:00,21.461,Logged,10015950,14609,VOL,HOBO
8/29/2014 20:00,20.15,Logged,10015950,14609,VOL,HOBO
8/29/2014 21:00,18.985,Logged,10015950,14609,VOL,HOBO
8/29/2014 22:00,18.176,Logged,10015950,14609,VOL,HOBO
8/29/2014 23:00,17.106,Logged,10015950,14609,VOL,HOBO
8/30/2014 0:00,16.249,Logged,10015950,14609,VOL,HOBO
8/30/2014 1:00,15.748,Logged,10015950,14609,VOL,HOBO
8/30/2014 2:00,15.294,Logged,10015950,14609,VOL,HOBO
8/30/2014 3:00,14.673,Logged,10015950,14609,VOL,HOBO
8/30/2014 4:00,14.721,Logged,10015950,14609,VOL,HOBO
8/30/2014 5:00,15.199,Logged,10015950,14609,VOL,HOBO
8/30/2014 6:00,15.055,Logged,10015950,14609,VOL,HOBO
8/30/2014 7:00,14.745,Logged,10015950,14609,VOL,HOBO
8/30/2014 8:00,14.697,Logged,10015950,14609,VOL,HOBO
8/30/2014 9:00,16.177,Logged,10015950,14609,VOL,HOBO
8/30/2014 10:00,17.558,Logged,10015950,14609,VOL,HOBO
8/30/2014 11:00,18.39,Logged,10015950,14609,VOL,HOBO
8/30/2014 12:00,19.984,Logged,10015950,14609,VOL,HOBO
8/30/2014 13:00,21.724,Logged,10015950,14609,VOL,HOBO
8/30/2014 14:00,22.393,Logged,10015950,14609,VOL,HOBO
8/30/2014 15:00,22.513,Logged,10015950,14609,VOL,HOBO
8/30/2014 16:00,22.321,Logged,10015950,14609,VOL,HOBO
8/30/2014 17:00,22.681,Logged,10015950,14609,VOL,HOBO
8/30/2014 18:00,21.795,Logged,10015950,14609,VOL,HOBO
8/30/2014 19:00,21.079,Logged,10015950,14609,VOL,HOBO
8/30/2014 20:00,20.246,Logged,10015950,14609,VOL,HOBO
8/30/2014 21:00,19.555,Logged,10015950,14609,VOL,HOBO
8/30/2014 22:00,19.103,Logged,10015950,14609,VOL,HOBO
8/30/2014 23:00,18.866,Logged,10015950,14609,VOL,HOBO
8/31/2014 0:00,19.056,Logged,10015950,14609,VOL,HOBO
8/31/2014 1:00,19.151,Logged,10015950,14609,VOL,HOBO
8/31/2014 2:00,19.27,Logged,10015950,14609,VOL,HOBO
8/31/2014 3:00,19.389,Logged,10015950,14609,VOL,HOBO
8/31/2014 4:00,19.508,Logged,10015950,14609,VOL,HOBO
8/31/2014 5:00,19.603,Logged,10015950,14609,VOL,HOBO
8/31/2014 6:00,19.746,Logged,10015950,14609,VOL,HOBO
8/31/2014 7:00,19.865,Logged,10015950,14609,VOL,HOBO
8/31/2014 8:00,20.126,Logged,10015950,14609,VOL,HOBO
8/31/2014 9:00,20.388,Logged,10015950,14609,VOL,HOBO
8/31/2014 10:00,20.698,Logged,10015950,14609,VOL,HOBO
8/31/2014 11:00,20.865,Logged,10015950,14609,VOL,HOBO
8/31/2014 12:00,21.199,Logged,10015950,14609,VOL,HOBO
8/31/2014 13:00,21.246,Logged,10015950,14609,VOL,HOBO
8/31/2014 14:00,21.39,Logged,10015950,14609,VOL,HOBO
8/31/2014 15:00,22.321,Logged,10015950,14609,VOL,HOBO
8/31/2014 16:00,23.112,Logged,10015950,14609,VOL,HOBO
8/31/2014 17:00,22.776,Logged,10015950,14609,VOL,HOBO
8/31/2014 18:00,22.753,Logged,10015950,14609,VOL,HOBO
8/31/2014 19:00,22.705,Logged,10015950,14609,VOL,HOBO
8/31/2014 20:00,22.489,Logged,10015950,14609,VOL,HOBO
8/31/2014 21:00,22.034,Logged,10015950,14609,VOL,HOBO
8/31/2014 22:00,21.724,Logged,10015950,14609,VOL,HOBO
8/31/2014 23:00,21.509,Logged,10015950,14609,VOL,HOBO
9/1/2014 0:00,21.294,Logged,10015950,14609,VOL,HOBO
9/1/2014 1:00,21.056,Logged,10015950,14609,VOL,HOBO
9/1/2014 2:00,20.889,Logged,10015950,14609,VOL,HOBO
9/1/2014 3:00,20.889,Logged,10015950,14609,VOL,HOBO
9/1/2014 4:00,20.746,Logged,10015950,14609,VOL,HOBO
9/1/2014 5:00,20.603,Logged,10015950,14609,VOL,HOBO
9/1/2014 6:00,20.579,Logged,10015950,14609,VOL,HOBO
9/1/2014 7:00,20.412,Logged,10015950,14609,VOL,HOBO
9/1/2014 8:00,20.531,Logged,10015950,14609,VOL,HOBO
9/1/2014 9:00,21.032,Logged,10015950,14609,VOL,HOBO
9/1/2014 10:00,21.413,Logged,10015950,14609,VOL,HOBO
9/1/2014 11:00,22.082,Logged,10015950,14609,VOL,HOBO
9/1/2014 12:00,22.776,Logged,10015950,14609,VOL,HOBO
9/1/2014 13:00,23.521,Logged,10015950,14609,VOL,HOBO
9/1/2014 14:00,23.905,Logged,10015950,14609,VOL,HOBO
9/1/2014 15:00,25.89,Logged,10015950,14609,VOL,HOBO
9/1/2014 16:00,25.501,Logged,10015950,14609,VOL,HOBO
9/1/2014 17:00,25.55,Logged,10015950,14609,VOL,HOBO
9/1/2014 18:00,24.944,Logged,10015950,14609,VOL,HOBO
9/1/2014 19:00,24.315,Logged,10015950,14609,VOL,HOBO
9/1/2014 20:00,23.881,Logged,10015950,14609,VOL,HOBO
9/1/2014 21:00,23.424,Logged,10015950,14609,VOL,HOBO
9/1/2014 22:00,23.112,Logged,10015950,14609,VOL,HOBO
9/1/2014 23:00,22.848,Logged,10015950,14609,VOL,HOBO
9/2/2014 0:00,22.561,Logged,10015950,14609,VOL,HOBO
9/2/2014 1:00,22.321,Logged,10015950,14609,VOL,HOBO
9/2/2014 2:00,22.106,Logged,10015950,14609,VOL,HOBO
9/2/2014 3:00,22.011,Logged,10015950,14609,VOL,HOBO
9/2/2014 4:00,21.772,Logged,10015950,14609,VOL,HOBO
9/2/2014 5:00,21.628,Logged,10015950,14609,VOL,HOBO
9/2/2014 6:00,21.485,Logged,10015950,14609,VOL,HOBO
9/2/2014 7:00,21.485,Logged,10015950,14609,VOL,HOBO
9/2/2014 8:00,21.557,Logged,10015950,14609,VOL,HOBO
9/2/2014 9:00,21.748,Logged,10015950,14609,VOL,HOBO
9/2/2014 10:00,22.441,Logged,10015950,14609,VOL,HOBO
9/2/2014 11:00,23.521,Logged,10015950,14609,VOL,HOBO
9/2/2014 12:00,24.002,Logged,10015950,14609,VOL,HOBO
9/2/2014 13:00,24.944,Logged,10015950,14609,VOL,HOBO
9/2/2014 14:00,26.842,Logged,10015950,14609,VOL,HOBO
9/2/2014 15:00,27.456,Logged,10015950,14609,VOL,HOBO
9/2/2014 16:00,25.55,Logged,10015950,14609,VOL,HOBO
9/2/2014 17:00,25.866,Logged,10015950,14609,VOL,HOBO
9/2/2014 18:00,25.234,Logged,10015950,14609,VOL,HOBO
9/2/2014 19:00,24.581,Logged,10015950,14609,VOL,HOBO
9/2/2014 20:00,24.098,Logged,10015950,14609,VOL,HOBO
9/2/2014 21:00,23.641,Logged,10015950,14609,VOL,HOBO
9/2/2014 22:00,23.28,Logged,10015950,14609,VOL,HOBO
9/2/2014 23:00,22.992,Logged,10015950,14609,VOL,HOBO
9/3/2014 0:00,22.729,Logged,10015950,14609,VOL,HOBO
9/3/2014 1:00,22.561,Logged,10015950,14609,VOL,HOBO
9/3/2014 2:00,22.369,Logged,10015950,14609,VOL,HOBO
9/3/2014 3:00,22.178,Logged,10015950,14609,VOL,HOBO
9/3/2014 4:00,21.485,Logged,10015950,14609,VOL,HOBO
9/3/2014 5:00,20.865,Logged,10015950,14609,VOL,HOBO
9/3/2014 6:00,20.031,Logged,10015950,14609,VOL,HOBO
9/3/2014 7:00,19.627,Logged,10015950,14609,VOL,HOBO
9/3/2014 8:00,19.936,Logged,10015950,14609,VOL,HOBO
9/3/2014 9:00,19.888,Logged,10015950,14609,VOL,HOBO
9/3/2014 10:00,20.126,Logged,10015950,14609,VOL,HOBO
9/3/2014 11:00,20.388,Logged,10015950,14609,VOL,HOBO
9/3/2014 12:00,21.199,Logged,10015950,14609,VOL,HOBO
9/3/2014 13:00,22.633,Logged,10015950,14609,VOL,HOBO
9/3/2014 14:00,23.593,Logged,10015950,14609,VOL,HOBO
9/3/2014 15:00,27.653,Logged,10015950,14609,VOL,HOBO
9/3/2014 16:00,25.186,Logged,10015950,14609,VOL,HOBO
9/3/2014 17:00,25.21,Logged,10015950,14609,VOL,HOBO
9/3/2014 18:00,24.243,Logged,10015950,14609,VOL,HOBO
9/3/2014 19:00,23.232,Logged,10015950,14609,VOL,HOBO
9/3/2014 20:00,21.557,Logged,10015950,14609,VOL,HOBO
9/3/2014 21:00,20.436,Logged,10015950,14609,VOL,HOBO
9/3/2014 22:00,19.627,Logged,10015950,14609,VOL,HOBO
9/3/2014 23:00,19.151,Logged,10015950,14609,VOL,HOBO
9/4/2014 0:00,18.485,Logged,10015950,14609,VOL,HOBO
9/4/2014 1:00,17.796,Logged,10015950,14609,VOL,HOBO
9/4/2014 2:00,17.249,Logged,10015950,14609,VOL,HOBO
9/4/2014 3:00,16.63,Logged,10015950,14609,VOL,HOBO
9/4/2014 4:00,15.891,Logged,10015950,14609,VOL,HOBO
9/4/2014 5:00,15.485,Logged,10015950,14609,VOL,HOBO
9/4/2014 6:00,14.816,Logged,10015950,14609,VOL,HOBO
9/4/2014 7:00,15.079,Logged,10015950,14609,VOL,HOBO
9/4/2014 8:00,16.034,Logged,10015950,14609,VOL,HOBO
9/4/2014 9:00,17.034,Logged,10015950,14609,VOL,HOBO
9/4/2014 10:00,17.986,Logged,10015950,14609,VOL,HOBO
9/4/2014 11:00,19.056,Logged,10015950,14609,VOL,HOBO
9/4/2014 12:00,20.984,Logged,10015950,14609,VOL,HOBO
9/4/2014 13:00,22.274,Logged,10015950,14609,VOL,HOBO
9/4/2014 14:00,24.605,Logged,10015950,14609,VOL,HOBO
9/4/2014 15:00,28.097,Logged,10015950,14609,VOL,HOBO
9/4/2014 16:00,25.55,Logged,10015950,14609,VOL,HOBO
9/4/2014 17:00,25.841,Logged,10015950,14609,VOL,HOBO
9/4/2014 18:00,24.677,Logged,10015950,14609,VOL,HOBO
9/4/2014 19:00,23.472,Logged,10015950,14609,VOL,HOBO
9/4/2014 20:00,22.202,Logged,10015950,14609,VOL,HOBO
9/4/2014 21:00,21.223,Logged,10015950,14609,VOL,HOBO
9/4/2014 22:00,20.698,Logged,10015950,14609,VOL,HOBO
9/4/2014 23:00,20.412,Logged,10015950,14609,VOL,HOBO
9/5/2014 0:00,19.674,Logged,10015950,14609,VOL,HOBO
9/5/2014 1:00,19.603,Logged,10015950,14609,VOL,HOBO
9/5/2014 2:00,19.318,Logged,10015950,14609,VOL,HOBO
9/5/2014 3:00,18.913,Logged,10015950,14609,VOL,HOBO
9/5/2014 4:00,18.913,Logged,10015950,14609,VOL,HOBO
9/5/2014 5:00,18.747,Logged,10015950,14609,VOL,HOBO
9/5/2014 6:00,18.604,Logged,10015950,14609,VOL,HOBO
9/5/2014 7:00,18.723,Logged,10015950,14609,VOL,HOBO
9/5/2014 8:00,19.056,Logged,10015950,14609,VOL,HOBO
9/5/2014 9:00,19.603,Logged,10015950,14609,VOL,HOBO
9/5/2014 10:00,20.126,Logged,10015950,14609,VOL,HOBO
9/5/2014 11:00,21.437,Logged,10015950,14609,VOL,HOBO
9/5/2014 12:00,22.944,Logged,10015950,14609,VOL,HOBO
9/5/2014 13:00,24.315,Logged,10015950,14609,VOL,HOBO
9/5/2014 14:00,25.744,Logged,10015950,14609,VOL,HOBO
9/5/2014 15:00,29.315,Logged,10015950,14609,VOL,HOBO
9/5/2014 16:00,26.598,Logged,10015950,14609,VOL,HOBO
9/5/2014 17:00,26.891,Logged,10015950,14609,VOL,HOBO
9/5/2014 18:00,25.695,Logged,10015950,14609,VOL,HOBO
9/5/2014 19:00,24.774,Logged,10015950,14609,VOL,HOBO
9/5/2014 20:00,24.146,Logged,10015950,14609,VOL,HOBO
9/5/2014 21:00,23.761,Logged,10015950,14609,VOL,HOBO
9/5/2014 22:00,23.545,Logged,10015950,14609,VOL,HOBO
9/5/2014 23:00,23.376,Logged,10015950,14609,VOL,HOBO
9/6/2014 0:00,23.112,Logged,10015950,14609,VOL,HOBO
9/6/2014 1:00,23.064,Logged,10015950,14609,VOL,HOBO
9/6/2014 2:00,22.968,Logged,10015950,14609,VOL,HOBO
9/6/2014 3:00,22.944,Logged,10015950,14609,VOL,HOBO
9/6/2014 4:00,22.824,Logged,10015950,14609,VOL,HOBO
9/6/2014 5:00,22.8,Logged,10015950,14609,VOL,HOBO
9/6/2014 6:00,22.537,Logged,10015950,14609,VOL,HOBO
9/6/2014 7:00,22.633,Logged,10015950,14609,VOL,HOBO
9/6/2014 8:00,22.681,Logged,10015950,14609,VOL,HOBO
9/6/2014 9:00,23.112,Logged,10015950,14609,VOL,HOBO
9/6/2014 10:00,23.448,Logged,10015950,14609,VOL,HOBO
9/6/2014 11:00,24.002,Logged,10015950,14609,VOL,HOBO
9/6/2014 12:00,24.944,Logged,10015950,14609,VOL,HOBO
9/6/2014 13:00,26.622,Logged,10015950,14609,VOL,HOBO
9/6/2014 14:00,27.579,Logged,10015950,14609,VOL,HOBO
9/6/2014 15:00,29.69,Logged,10015950,14609,VOL,HOBO
9/6/2014 16:00,28.345,Logged,10015950,14609,VOL,HOBO
9/6/2014 17:00,27.063,Logged,10015950,14609,VOL,HOBO
9/6/2014 18:00,26.134,Logged,10015950,14609,VOL,HOBO
9/6/2014 19:00,25.574,Logged,10015950,14609,VOL,HOBO
9/6/2014 20:00,25.04,Logged,10015950,14609,VOL,HOBO
9/6/2014 21:00,24.243,Logged,10015950,14609,VOL,HOBO
9/6/2014 22:00,23.569,Logged,10015950,14609,VOL,HOBO
9/6/2014 23:00,23.064,Logged,10015950,14609,VOL,HOBO
9/7/2014 0:00,22.489,Logged,10015950,14609,VOL,HOBO
9/7/2014 1:00,21.795,Logged,10015950,14609,VOL,HOBO
9/7/2014 2:00,20.746,Logged,10015950,14609,VOL,HOBO
9/7/2014 3:00,20.889,Logged,10015950,14609,VOL,HOBO
9/7/2014 4:00,20.627,Logged,10015950,14609,VOL,HOBO
9/7/2014 5:00,20.126,Logged,10015950,14609,VOL,HOBO
9/7/2014 6:00,19.532,Logged,10015950,14609,VOL,HOBO
9/7/2014 7:00,19.603,Logged,10015950,14609,VOL,HOBO
9/7/2014 8:00,19.888,Logged,10015950,14609,VOL,HOBO
9/7/2014 9:00,19.96,Logged,10015950,14609,VOL,HOBO
9/7/2014 10:00,20.222,Logged,10015950,14609,VOL,HOBO
9/7/2014 11:00,20.341,Logged,10015950,14609,VOL,HOBO
9/7/2014 12:00,20.936,Logged,10015950,14609,VOL,HOBO
9/7/2014 13:00,22.25,Logged,10015950,14609,VOL,HOBO
9/7/2014 14:00,23.448,Logged,10015950,14609,VOL,HOBO
9/7/2014 15:00,29.215,Logged,10015950,14609,VOL,HOBO
9/7/2014 16:00,24.629,Logged,10015950,14609,VOL,HOBO
9/7/2014 17:00,24.508,Logged,10015950,14609,VOL,HOBO
9/7/2014 18:00,23.4,Logged,10015950,14609,VOL,HOBO
9/7/2014 19:00,21.724,Logged,10015950,14609,VOL,HOBO
9/7/2014 20:00,20.031,Logged,10015950,14609,VOL,HOBO
9/7/2014 21:00,17.605,Logged,10015950,14609,VOL,HOBO
9/7/2014 22:00,17.867,Logged,10015950,14609,VOL,HOBO
9/7/2014 23:00,17.058,Logged,10015950,14609,VOL,HOBO
9/8/2014 0:00,17.177,Logged,10015950,14609,VOL,HOBO
9/8/2014 1:00,15.652,Logged,10015950,14609,VOL,HOBO
9/8/2014 2:00,16.534,Logged,10015950,14609,VOL,HOBO
9/8/2014 3:00,16.344,Logged,10015950,14609,VOL,HOBO
9/8/2014 4:00,15.963,Logged,10015950,14609,VOL,HOBO
9/8/2014 5:00,15.008,Logged,10015950,14609,VOL,HOBO
9/8/2014 6:00,15.055,Logged,10015950,14609,VOL,HOBO
9/8/2014 7:00,14.457,Logged,10015950,14609,VOL,HOBO
9/8/2014 8:00,15.366,Logged,10015950,14609,VOL,HOBO
9/8/2014 9:00,16.225,Logged,10015950,14609,VOL,HOBO
9/8/2014 10:00,17.486,Logged,10015950,14609,VOL,HOBO
9/8/2014 11:00,18.343,Logged,10015950,14609,VOL,HOBO
9/8/2014 12:00,19.246,Logged,10015950,14609,VOL,HOBO
9/8/2014 13:00,20.579,Logged,10015950,14609,VOL,HOBO
9/8/2014 14:00,21.628,Logged,10015950,14609,VOL,HOBO
9/8/2014 15:00,23.424,Logged,10015950,14609,VOL,HOBO
9/8/2014 16:00,22.369,Logged,10015950,14609,VOL,HOBO
9/8/2014 17:00,21.175,Logged,10015950,14609,VOL,HOBO
9/8/2014 18:00,20.436,Logged,10015950,14609,VOL,HOBO
9/8/2014 19:00,19.627,Logged,10015950,14609,VOL,HOBO
9/8/2014 20:00,18.913,Logged,10015950,14609,VOL,HOBO
9/8/2014 21:00,18.319,Logged,10015950,14609,VOL,HOBO
9/8/2014 22:00,17.486,Logged,10015950,14609,VOL,HOBO
9/8/2014 23:00,16.725,Logged,10015950,14609,VOL,HOBO
9/9/2014 0:00,16.606,Logged,10015950,14609,VOL,HOBO
9/9/2014 1:00,16.296,Logged,10015950,14609,VOL,HOBO
9/9/2014 2:00,16.749,Logged,10015950,14609,VOL,HOBO
9/9/2014 3:00,16.487,Logged,10015950,14609,VOL,HOBO
9/9/2014 4:00,16.201,Logged,10015950,14609,VOL,HOBO
9/9/2014 5:00,15.676,Logged,10015950,14609,VOL,HOBO
9/9/2014 6:00,15.438,Logged,10015950,14609,VOL,HOBO
9/9/2014 7:00,15.199,Logged,10015950,14609,VOL,HOBO
9/9/2014 8:00,15.366,Logged,10015950,14609,VOL,HOBO
9/9/2014 9:00,16.177,Logged,10015950,14609,VOL,HOBO
9/9/2014 10:00,17.201,Logged,10015950,14609,VOL,HOBO
9/9/2014 11:00,18.033,Logged,10015950,14609,VOL,HOBO
9/9/2014 12:00,18.652,Logged,10015950,14609,VOL,HOBO
9/9/2014 13:00,19.222,Logged,10015950,14609,VOL,HOBO
9/9/2014 14:00,19.341,Logged,10015950,14609,VOL,HOBO
9/9/2014 15:00,19.151,Logged,10015950,14609,VOL,HOBO
9/9/2014 16:00,19.032,Logged,10015950,14609,VOL,HOBO
9/9/2014 17:00,19.08,Logged,10015950,14609,VOL,HOBO
9/9/2014 18:00,18.771,Logged,10015950,14609,VOL,HOBO
9/9/2014 19:00,18.485,Logged,10015950,14609,VOL,HOBO
9/9/2014 20:00,18.129,Logged,10015950,14609,VOL,HOBO
9/9/2014 21:00,17.724,Logged,10015950,14609,VOL,HOBO
9/9/2014 22:00,16.915,Logged,10015950,14609,VOL,HOBO
9/9/2014 23:00,16.868,Logged,10015950,14609,VOL,HOBO
9/10/2014 0:00,16.487,Logged,10015950,14609,VOL,HOBO
9/10/2014 1:00,16.296,Logged,10015950,14609,VOL,HOBO
9/10/2014 2:00,16.129,Logged,10015950,14609,VOL,HOBO
9/10/2014 3:00,16.153,Logged,10015950,14609,VOL,HOBO
9/10/2014 4:00,16.32,Logged,10015950,14609,VOL,HOBO
9/10/2014 5:00,16.296,Logged,10015950,14609,VOL,HOBO
9/10/2014 6:00,16.296,Logged,10015950,14609,VOL,HOBO
9/10/2014 7:00,16.272,Logged,10015950,14609,VOL,HOBO
9/10/2014 8:00,16.392,Logged,10015950,14609,VOL,HOBO
9/10/2014 9:00,16.487,Logged,10015950,14609,VOL,HOBO
9/10/2014 10:00,16.582,Logged,10015950,14609,VOL,HOBO
9/10/2014 11:00,16.82,Logged,10015950,14609,VOL,HOBO
9/10/2014 12:00,17.177,Logged,10015950,14609,VOL,HOBO
9/10/2014 13:00,18.105,Logged,10015950,14609,VOL,HOBO
9/10/2014 14:00,20.913,Logged,10015950,14609,VOL,HOBO
9/10/2014 15:00,24.75,Logged,10015950,14609,VOL,HOBO
9/10/2014 16:00,22.92,Logged,10015950,14609,VOL,HOBO
9/10/2014 17:00,22.25,Logged,10015950,14609,VOL,HOBO
9/10/2014 18:00,21.509,Logged,10015950,14609,VOL,HOBO
9/10/2014 19:00,20.222,Logged,10015950,14609,VOL,HOBO
9/10/2014 20:00,19.222,Logged,10015950,14609,VOL,HOBO
9/10/2014 21:00,18.604,Logged,10015950,14609,VOL,HOBO
9/10/2014 22:00,17.653,Logged,10015950,14609,VOL,HOBO
9/10/2014 23:00,17.534,Logged,10015950,14609,VOL,HOBO
9/11/2014 0:00,18.01,Logged,10015950,14609,VOL,HOBO
9/11/2014 1:00,17.986,Logged,10015950,14609,VOL,HOBO
9/11/2014 2:00,17.677,Logged,10015950,14609,VOL,HOBO
9/11/2014 3:00,17.677,Logged,10015950,14609,VOL,HOBO
9/11/2014 4:00,17.677,Logged,10015950,14609,VOL,HOBO
9/11/2014 5:00,17.653,Logged,10015950,14609,VOL,HOBO
9/11/2014 6:00,17.629,Logged,10015950,14609,VOL,HOBO
9/11/2014 7:00,17.534,Logged,10015950,14609,VOL,HOBO
9/11/2014 8:00,18.105,Logged,10015950,14609,VOL,HOBO
9/11/2014 9:00,18.604,Logged,10015950,14609,VOL,HOBO
9/11/2014 10:00,19.27,Logged,10015950,14609,VOL,HOBO
9/11/2014 11:00,19.984,Logged,10015950,14609,VOL,HOBO
9/11/2014 12:00,20.317,Logged,10015950,14609,VOL,HOBO
9/11/2014 13:00,21.151,Logged,10015950,14609,VOL,HOBO
9/11/2014 14:00,21.461,Logged,10015950,14609,VOL,HOBO
9/11/2014 15:00,21.223,Logged,10015950,14609,VOL,HOBO
9/11/2014 16:00,21.39,Logged,10015950,14609,VOL,HOBO
9/11/2014 17:00,21.342,Logged,10015950,14609,VOL,HOBO
9/11/2014 18:00,20.984,Logged,10015950,14609,VOL,HOBO
9/11/2014 19:00,21.008,Logged,10015950,14609,VOL,HOBO
9/11/2014 20:00,20.746,Logged,10015950,14609,VOL,HOBO
9/11/2014 21:00,20.507,Logged,10015950,14609,VOL,HOBO
9/11/2014 22:00,20.246,Logged,10015950,14609,VOL,HOBO
9/11/2014 23:00,19.484,Logged,10015950,14609,VOL,HOBO
9/12/2014 0:00,18.485,Logged,10015950,14609,VOL,HOBO
9/12/2014 1:00,17.938,Logged,10015950,14609,VOL,HOBO
9/12/2014 2:00,16.392,Logged,10015950,14609,VOL,HOBO
9/12/2014 3:00,16.511,Logged,10015950,14609,VOL,HOBO
9/12/2014 4:00,15.533,Logged,10015950,14609,VOL,HOBO
9/12/2014 5:00,14.912,Logged,10015950,14609,VOL,HOBO
9/12/2014 6:00,14.577,Logged,10015950,14609,VOL,HOBO
9/12/2014 7:00,13.978,Logged,10015950,14609,VOL,HOBO
9/12/2014 8:00,14.649,Logged,10015950,14609,VOL,HOBO
9/12/2014 9:00,15.342,Logged,10015950,14609,VOL,HOBO
9/12/2014 10:00,15.867,Logged,10015950,14609,VOL,HOBO
9/12/2014 11:00,16.392,Logged,10015950,14609,VOL,HOBO
9/12/2014 12:00,17.534,Logged,10015950,14609,VOL,HOBO
9/12/2014 13:00,18.961,Logged,10015950,14609,VOL,HOBO
9/12/2014 14:00,22.034,Logged,10015950,14609,VOL,HOBO
9/12/2014 15:00,25.089,Logged,10015950,14609,VOL,HOBO
9/12/2014 16:00,22.561,Logged,10015950,14609,VOL,HOBO
9/12/2014 17:00,21.843,Logged,10015950,14609,VOL,HOBO
9/12/2014 18:00,20.841,Logged,10015950,14609,VOL,HOBO
9/12/2014 19:00,20.031,Logged,10015950,14609,VOL,HOBO
9/12/2014 20:00,18.224,Logged,10015950,14609,VOL,HOBO
9/12/2014 21:00,17.962,Logged,10015950,14609,VOL,HOBO
9/12/2014 22:00,16.487,Logged,10015950,14609,VOL,HOBO
9/12/2014 23:00,16.606,Logged,10015950,14609,VOL,HOBO
9/13/2014 0:00,16.296,Logged,10015950,14609,VOL,HOBO
9/13/2014 1:00,15.557,Logged,10015950,14609,VOL,HOBO
9/13/2014 2:00,15.294,Logged,10015950,14609,VOL,HOBO
9/13/2014 3:00,15.055,Logged,10015950,14609,VOL,HOBO
9/13/2014 4:00,14.768,Logged,10015950,14609,VOL,HOBO
9/13/2014 5:00,14.433,Logged,10015950,14609,VOL,HOBO
9/13/2014 6:00,14.122,Logged,10015950,14609,VOL,HOBO
9/13/2014 7:00,13.93,Logged,10015950,14609,VOL,HOBO
9/13/2014 8:00,14.098,Logged,10015950,14609,VOL,HOBO
9/13/2014 9:00,14.457,Logged,10015950,14609,VOL,HOBO
9/13/2014 10:00,15.247,Logged,10015950,14609,VOL,HOBO
9/13/2014 11:00,16.01,Logged,10015950,14609,VOL,HOBO
9/13/2014 12:00,16.654,Logged,10015950,14609,VOL,HOBO
9/13/2014 13:00,17.225,Logged,10015950,14609,VOL,HOBO
9/13/2014 14:00,17.915,Logged,10015950,14609,VOL,HOBO
9/13/2014 15:00,17.653,Logged,10015950,14609,VOL,HOBO
9/13/2014 16:00,17.51,Logged,10015950,14609,VOL,HOBO
9/13/2014 17:00,17.296,Logged,10015950,14609,VOL,HOBO
9/13/2014 18:00,16.773,Logged,10015950,14609,VOL,HOBO
9/13/2014 19:00,16.129,Logged,10015950,14609,VOL,HOBO
9/13/2014 20:00,15.915,Logged,10015950,14609,VOL,HOBO
9/13/2014 21:00,16.01,Logged,10015950,14609,VOL,HOBO
9/13/2014 22:00,15.843,Logged,10015950,14609,VOL,HOBO
9/13/2014 23:00,15.676,Logged,10015950,14609,VOL,HOBO
9/14/2014 0:00,15.414,Logged,10015950,14609,VOL,HOBO
9/14/2014 1:00,15.055,Logged,10015950,14609,VOL,HOBO
9/14/2014 2:00,14.481,Logged,10015950,14609,VOL,HOBO
9/14/2014 3:00,13.353,Logged,10015950,14609,VOL,HOBO
9/14/2014 4:00,13.209,Logged,10015950,14609,VOL,HOBO
9/14/2014 5:00,11.977,Logged,10015950,14609,VOL,HOBO
9/14/2014 6:00,12.727,Logged,10015950,14609,VOL,HOBO
9/14/2014 7:00,12.171,Logged,10015950,14609,VOL,HOBO
9/14/2014 8:00,12.268,Logged,10015950,14609,VOL,HOBO
9/14/2014 9:00,12.316,Logged,10015950,14609,VOL,HOBO
9/14/2014 10:00,12.413,Logged,10015950,14609,VOL,HOBO
9/14/2014 11:00,12.968,Logged,10015950,14609,VOL,HOBO
9/14/2014 12:00,14.146,Logged,10015950,14609,VOL,HOBO
9/14/2014 13:00,15.533,Logged,10015950,14609,VOL,HOBO
9/14/2014 14:00,17.534,Logged,10015950,14609,VOL,HOBO
9/14/2014 15:00,21.604,Logged,10015950,14609,VOL,HOBO
9/14/2014 16:00,19.246,Logged,10015950,14609,VOL,HOBO
9/14/2014 17:00,18.438,Logged,10015950,14609,VOL,HOBO
9/14/2014 18:00,17.701,Logged,10015950,14609,VOL,HOBO
9/14/2014 19:00,16.344,Logged,10015950,14609,VOL,HOBO
9/14/2014 20:00,15.247,Logged,10015950,14609,VOL,HOBO
9/14/2014 21:00,13.497,Logged,10015950,14609,VOL,HOBO
9/14/2014 22:00,13.473,Logged,10015950,14609,VOL,HOBO
9/14/2014 23:00,13.594,Logged,10015950,14609,VOL,HOBO
9/15/2014 0:00,13.377,Logged,10015950,14609,VOL,HOBO
9/15/2014 1:00,12.122,Logged,10015950,14609,VOL,HOBO
9/15/2014 2:00,11.807,Logged,10015950,14609,VOL,HOBO
9/15/2014 3:00,11.832,Logged,10015950,14609,VOL,HOBO
9/15/2014 4:00,11.565,Logged,10015950,14609,VOL,HOBO
9/15/2014 5:00,11.127,Logged,10015950,14609,VOL,HOBO
9/15/2014 6:00,10.124,Logged,10015950,14609,VOL,HOBO
9/15/2014 7:00,10.026,Logged,10015950,14609,VOL,HOBO
9/15/2014 8:00,10.565,Logged,10015950,14609,VOL,HOBO
9/15/2014 9:00,11.151,Logged,10015950,14609,VOL,HOBO
9/15/2014 10:00,11.953,Logged,10015950,14609,VOL,HOBO
9/15/2014 11:00,13.449,Logged,10015950,14609,VOL,HOBO
9/15/2014 12:00,14.337,Logged,10015950,14609,VOL,HOBO
9/15/2014 13:00,15.509,Logged,10015950,14609,VOL,HOBO
9/15/2014 14:00,18.343,Logged,10015950,14609,VOL,HOBO
9/15/2014 15:00,21.223,Logged,10015950,14609,VOL,HOBO
9/15/2014 16:00,19.674,Logged,10015950,14609,VOL,HOBO
9/15/2014 17:00,18.771,Logged,10015950,14609,VOL,HOBO
9/15/2014 18:00,17.867,Logged,10015950,14609,VOL,HOBO
9/15/2014 19:00,15.843,Logged,10015950,14609,VOL,HOBO
9/15/2014 20:00,13.954,Logged,10015950,14609,VOL,HOBO
9/15/2014 21:00,13.546,Logged,10015950,14609,VOL,HOBO
9/15/2014 22:00,12.63,Logged,10015950,14609,VOL,HOBO
9/15/2014 23:00,12.534,Logged,10015950,14609,VOL,HOBO
9/16/2014 0:00,11.734,Logged,10015950,14609,VOL,HOBO
9/16/2014 1:00,12.195,Logged,10015950,14609,VOL,HOBO
9/16/2014 2:00,12.292,Logged,10015950,14609,VOL,HOBO
9/16/2014 3:00,12.219,Logged,10015950,14609,VOL,HOBO
9/16/2014 4:00,12.122,Logged,10015950,14609,VOL,HOBO
9/16/2014 5:00,12.025,Logged,10015950,14609,VOL,HOBO
9/16/2014 6:00,11.929,Logged,10015950,14609,VOL,HOBO
9/16/2014 7:00,12.098,Logged,10015950,14609,VOL,HOBO
9/16/2014 8:00,12.34,Logged,10015950,14609,VOL,HOBO
9/16/2014 9:00,12.775,Logged,10015950,14609,VOL,HOBO
9/16/2014 10:00,13.305,Logged,10015950,14609,VOL,HOBO
9/16/2014 11:00,13.738,Logged,10015950,14609,VOL,HOBO
9/16/2014 12:00,14.337,Logged,10015950,14609,VOL,HOBO
9/16/2014 13:00,15.557,Logged,10015950,14609,VOL,HOBO
9/16/2014 14:00,17.439,Logged,10015950,14609,VOL,HOBO
9/16/2014 15:00,16.272,Logged,10015950,14609,VOL,HOBO
9/16/2014 16:00,16.153,Logged,10015950,14609,VOL,HOBO
9/16/2014 17:00,16.177,Logged,10015950,14609,VOL,HOBO
9/16/2014 18:00,16.153,Logged,10015950,14609,VOL,HOBO
9/16/2014 19:00,16.034,Logged,10015950,14609,VOL,HOBO
9/16/2014 20:00,15.629,Logged,10015950,14609,VOL,HOBO
9/16/2014 21:00,15.414,Logged,10015950,14609,VOL,HOBO
9/16/2014 22:00,14.888,Logged,10015950,14609,VOL,HOBO
9/16/2014 23:00,13.834,Logged,10015950,14609,VOL,HOBO
9/17/2014 0:00,13.497,Logged,10015950,14609,VOL,HOBO
9/17/2014 1:00,13.353,Logged,10015950,14609,VOL,HOBO
9/17/2014 2:00,12.461,Logged,10015950,14609,VOL,HOBO
9/17/2014 3:00,11.394,Logged,10015950,14609,VOL,HOBO
9/17/2014 4:00,11.321,Logged,10015950,14609,VOL,HOBO
9/17/2014 5:00,10.296,Logged,10015950,14609,VOL,HOBO
9/17/2014 6:00,9.485,Logged,10015950,14609,VOL,HOBO
9/17/2014 7:00,9.163,Logged,10015950,14609,VOL,HOBO
9/17/2014 8:00,9.952,Logged,10015950,14609,VOL,HOBO
9/17/2014 9:00,11.419,Logged,10015950,14609,VOL,HOBO
9/17/2014 10:00,12.871,Logged,10015950,14609,VOL,HOBO
9/17/2014 11:00,13.594,Logged,10015950,14609,VOL,HOBO
9/17/2014 12:00,15.127,Logged,10015950,14609,VOL,HOBO
9/17/2014 13:00,16.606,Logged,10015950,14609,VOL,HOBO
9/17/2014 14:00,18.652,Logged,10015950,14609,VOL,HOBO
9/17/2014 15:00,22.058,Logged,10015950,14609,VOL,HOBO
9/17/2014 16:00,21.223,Logged,10015950,14609,VOL,HOBO
9/17/2014 17:00,19.746,Logged,10015950,14609,VOL,HOBO
9/17/2014 18:00,18.842,Logged,10015950,14609,VOL,HOBO
9/17/2014 19:00,17.938,Logged,10015950,14609,VOL,HOBO
9/17/2014 20:00,16.249,Logged,10015950,14609,VOL,HOBO
9/17/2014 21:00,14.697,Logged,10015950,14609,VOL,HOBO
9/17/2014 22:00,13.329,Logged,10015950,14609,VOL,HOBO
9/17/2014 23:00,12.316,Logged,10015950,14609,VOL,HOBO
9/18/2014 0:00,12.63,Logged,10015950,14609,VOL,HOBO
9/18/2014 1:00,11.2,Logged,10015950,14609,VOL,HOBO
9/18/2014 2:00,11.54,Logged,10015950,14609,VOL,HOBO
9/18/2014 3:00,11.589,Logged,10015950,14609,VOL,HOBO
9/18/2014 4:00,11.151,Logged,10015950,14609,VOL,HOBO
9/18/2014 5:00,10.271,Logged,10015950,14609,VOL,HOBO
9/18/2014 6:00,10.1,Logged,10015950,14609,VOL,HOBO
9/18/2014 7:00,9.188,Logged,10015950,14609,VOL,HOBO
9/18/2014 8:00,9.977,Logged,10015950,14609,VOL,HOBO
9/18/2014 9:00,11.127,Logged,10015950,14609,VOL,HOBO
9/18/2014 10:00,12.34,Logged,10015950,14609,VOL,HOBO
9/18/2014 11:00,13.714,Logged,10015950,14609,VOL,HOBO
9/18/2014 12:00,15.891,Logged,10015950,14609,VOL,HOBO
9/18/2014 13:00,17.605,Logged,10015950,14609,VOL,HOBO
9/18/2014 14:00,18.937,Logged,10015950,14609,VOL,HOBO
9/18/2014 15:00,21.652,Logged,10015950,14609,VOL,HOBO
9/18/2014 16:00,19.984,Logged,10015950,14609,VOL,HOBO
9/18/2014 17:00,19.008,Logged,10015950,14609,VOL,HOBO
9/18/2014 18:00,18.628,Logged,10015950,14609,VOL,HOBO
9/18/2014 19:00,17.701,Logged,10015950,14609,VOL,HOBO
9/18/2014 20:00,16.487,Logged,10015950,14609,VOL,HOBO
9/18/2014 21:00,15.676,Logged,10015950,14609,VOL,HOBO
9/18/2014 22:00,15.079,Logged,10015950,14609,VOL,HOBO
9/18/2014 23:00,14.984,Logged,10015950,14609,VOL,HOBO
9/19/2014 0:00,14.194,Logged,10015950,14609,VOL,HOBO
9/19/2014 1:00,14.098,Logged,10015950,14609,VOL,HOBO
9/19/2014 2:00,13.738,Logged,10015950,14609,VOL,HOBO
9/19/2014 3:00,13.305,Logged,10015950,14609,VOL,HOBO
9/19/2014 4:00,12.703,Logged,10015950,14609,VOL,HOBO
9/19/2014 5:00,11.977,Logged,10015950,14609,VOL,HOBO
9/19/2014 6:00,11.467,Logged,10015950,14609,VOL,HOBO
9/19/2014 7:00,9.952,Logged,10015950,14609,VOL,HOBO
9/19/2014 8:00,10.761,Logged,10015950,14609,VOL,HOBO
9/19/2014 9:00,11.005,Logged,10015950,14609,VOL,HOBO
9/19/2014 10:00,11.346,Logged,10015950,14609,VOL,HOBO
9/19/2014 11:00,11.807,Logged,10015950,14609,VOL,HOBO
9/19/2014 12:00,12.751,Logged,10015950,14609,VOL,HOBO
9/19/2014 13:00,14.361,Logged,10015950,14609,VOL,HOBO
9/19/2014 14:00,16.392,Logged,10015950,14609,VOL,HOBO
9/19/2014 15:00,19.579,Logged,10015950,14609,VOL,HOBO
9/19/2014 16:00,19.127,Logged,10015950,14609,VOL,HOBO
9/19/2014 17:00,16.892,Logged,10015950,14609,VOL,HOBO
9/19/2014 18:00,15.772,Logged,10015950,14609,VOL,HOBO
9/19/2014 19:00,13.57,Logged,10015950,14609,VOL,HOBO
9/19/2014 20:00,11.832,Logged,10015950,14609,VOL,HOBO
9/19/2014 21:00,11.151,Logged,10015950,14609,VOL,HOBO
9/19/2014 22:00,10.149,Logged,10015950,14609,VOL,HOBO
9/19/2014 23:00,10.467,Logged,10015950,14609,VOL,HOBO
9/20/2014 0:00,10.394,Logged,10015950,14609,VOL,HOBO
9/20/2014 1:00,9.657,Logged,10015950,14609,VOL,HOBO
9/20/2014 2:00,9.188,Logged,10015950,14609,VOL,HOBO
9/20/2014 3:00,8.568,Logged,10015950,14609,VOL,HOBO
9/20/2014 4:00,8.195,Logged,10015950,14609,VOL,HOBO
9/20/2014 5:00,7.82,Logged,10015950,14609,VOL,HOBO
9/20/2014 6:00,7.945,Logged,10015950,14609,VOL,HOBO
9/20/2014 7:00,6.839,Logged,10015950,14609,VOL,HOBO
9/20/2014 8:00,7.72,Logged,10015950,14609,VOL,HOBO
9/20/2014 9:00,8.792,Logged,10015950,14609,VOL,HOBO
9/20/2014 10:00,10.565,Logged,10015950,14609,VOL,HOBO
9/20/2014 11:00,12.92,Logged,10015950,14609,VOL,HOBO
9/20/2014 12:00,14.984,Logged,10015950,14609,VOL,HOBO
9/20/2014 13:00,15.867,Logged,10015950,14609,VOL,HOBO
9/20/2014 14:00,17.368,Logged,10015950,14609,VOL,HOBO
9/20/2014 15:00,18.794,Logged,10015950,14609,VOL,HOBO
9/20/2014 16:00,20.388,Logged,10015950,14609,VOL,HOBO
9/20/2014 17:00,18.723,Logged,10015950,14609,VOL,HOBO
9/20/2014 18:00,17.843,Logged,10015950,14609,VOL,HOBO
9/20/2014 19:00,17.058,Logged,10015950,14609,VOL,HOBO
9/20/2014 20:00,16.034,Logged,10015950,14609,VOL,HOBO
9/20/2014 21:00,15.342,Logged,10015950,14609,VOL,HOBO
9/20/2014 22:00,14.433,Logged,10015950,14609,VOL,HOBO
9/20/2014 23:00,14.29,Logged,10015950,14609,VOL,HOBO
9/21/2014 0:00,13.906,Logged,10015950,14609,VOL,HOBO
9/21/2014 1:00,14.314,Logged,10015950,14609,VOL,HOBO
9/21/2014 2:00,14.433,Logged,10015950,14609,VOL,HOBO
9/21/2014 3:00,14.505,Logged,10015950,14609,VOL,HOBO
9/21/2014 4:00,14.553,Logged,10015950,14609,VOL,HOBO
9/21/2014 5:00,14.577,Logged,10015950,14609,VOL,HOBO
9/21/2014 6:00,14.697,Logged,10015950,14609,VOL,HOBO
9/21/2014 7:00,14.96,Logged,10015950,14609,VOL,HOBO
9/21/2014 8:00,14.888,Logged,10015950,14609,VOL,HOBO
9/21/2014 9:00,15.461,Logged,10015950,14609,VOL,HOBO
9/21/2014 10:00,15.986,Logged,10015950,14609,VOL,HOBO
9/21/2014 11:00,17.653,Logged,10015950,14609,VOL,HOBO
9/21/2014 12:00,18.533,Logged,10015950,14609,VOL,HOBO
9/21/2014 13:00,20.698,Logged,10015950,14609,VOL,HOBO
9/21/2014 14:00,20.388,Logged,10015950,14609,VOL,HOBO
9/21/2014 15:00,19.793,Logged,10015950,14609,VOL,HOBO
9/21/2014 16:00,19.936,Logged,10015950,14609,VOL,HOBO
9/21/2014 17:00,19.793,Logged,10015950,14609,VOL,HOBO
9/21/2014 18:00,19.246,Logged,10015950,14609,VOL,HOBO
9/21/2014 19:00,19.008,Logged,10015950,14609,VOL,HOBO
9/21/2014 20:00,18.747,Logged,10015950,14609,VOL,HOBO
9/21/2014 21:00,18.652,Logged,10015950,14609,VOL,HOBO
9/21/2014 22:00,18.438,Logged,10015950,14609,VOL,HOBO
9/21/2014 23:00,18.2,Logged,10015950,14609,VOL,HOBO
9/22/2014 0:00,18.39,Logged,10015950,14609,VOL,HOBO
9/22/2014 1:00,18.509,Logged,10015950,14609,VOL,HOBO
9/22/2014 2:00,18.461,Logged,10015950,14609,VOL,HOBO
9/22/2014 3:00,18.176,Logged,10015950,14609,VOL,HOBO
9/22/2014 4:00,17.772,Logged,10015950,14609,VOL,HOBO
9/22/2014 5:00,16.915,Logged,10015950,14609,VOL,HOBO
9/22/2014 6:00,15.867,Logged,10015950,14609,VOL,HOBO
9/22/2014 7:00,15.915,Logged,10015950,14609,VOL,HOBO
9/22/2014 8:00,15.652,Logged,10015950,14609,VOL,HOBO
9/22/2014 9:00,16.01,Logged,10015950,14609,VOL,HOBO
9/22/2014 10:00,15.891,Logged,10015950,14609,VOL,HOBO
9/22/2014 11:00,16.249,Logged,10015950,14609,VOL,HOBO
9/22/2014 12:00,17.177,Logged,10015950,14609,VOL,HOBO
9/22/2014 13:00,18.033,Logged,10015950,14609,VOL,HOBO
9/22/2014 14:00,19.484,Logged,10015950,14609,VOL,HOBO
9/22/2014 15:00,21.987,Logged,10015950,14609,VOL,HOBO
9/22/2014 16:00,20.913,Logged,10015950,14609,VOL,HOBO
9/22/2014 17:00,18.937,Logged,10015950,14609,VOL,HOBO
9/22/2014 18:00,17.867,Logged,10015950,14609,VOL,HOBO
9/22/2014 19:00,16.963,Logged,10015950,14609,VOL,HOBO
9/22/2014 20:00,15.915,Logged,10015950,14609,VOL,HOBO
9/22/2014 21:00,14.912,Logged,10015950,14609,VOL,HOBO
9/22/2014 22:00,13.064,Logged,10015950,14609,VOL,HOBO
9/22/2014 23:00,11.053,Logged,10015950,14609,VOL,HOBO
9/23/2014 0:00,10.001,Logged,10015950,14609,VOL,HOBO
9/23/2014 1:00,9.287,Logged,10015950,14609,VOL,HOBO
9/23/2014 2:00,8.593,Logged,10015950,14609,VOL,HOBO
9/23/2014 3:00,8.195,Logged,10015950,14609,VOL,HOBO
9/23/2014 4:00,7.645,Logged,10015950,14609,VOL,HOBO
9/23/2014 5:00,7.066,Logged,10015950,14609,VOL,HOBO
9/23/2014 6:00,6.585,Logged,10015950,14609,VOL,HOBO
9/23/2014 7:00,6.763,Logged,10015950,14609,VOL,HOBO
9/23/2014 8:00,7.995,Logged,10015950,14609,VOL,HOBO
9/23/2014 9:00,9.682,Logged,10015950,14609,VOL,HOBO
9/23/2014 10:00,11.248,Logged,10015950,14609,VOL,HOBO
9/23/2014 11:00,12.63,Logged,10015950,14609,VOL,HOBO
9/23/2014 12:00,14.361,Logged,10015950,14609,VOL,HOBO
9/23/2014 13:00,15.557,Logged,10015950,14609,VOL,HOBO
9/23/2014 14:00,18.794,Logged,10015950,14609,VOL,HOBO
9/23/2014 15:00,23.809,Logged,10015950,14609,VOL,HOBO
9/23/2014 16:00,22.657,Logged,10015950,14609,VOL,HOBO
9/23/2014 17:00,19.484,Logged,10015950,14609,VOL,HOBO
9/23/2014 18:00,18.319,Logged,10015950,14609,VOL,HOBO
9/23/2014 19:00,16.725,Logged,10015950,14609,VOL,HOBO
9/23/2014 20:00,15.294,Logged,10015950,14609,VOL,HOBO
9/23/2014 21:00,14.29,Logged,10015950,14609,VOL,HOBO
9/23/2014 22:00,13.353,Logged,10015950,14609,VOL,HOBO
9/23/2014 23:00,13.353,Logged,10015950,14609,VOL,HOBO
9/24/2014 0:00,12.992,Logged,10015950,14609,VOL,HOBO
9/24/2014 1:00,12.292,Logged,10015950,14609,VOL,HOBO
9/24/2014 2:00,12.074,Logged,10015950,14609,VOL,HOBO
9/24/2014 3:00,12.025,Logged,10015950,14609,VOL,HOBO
9/24/2014 4:00,12.195,Logged,10015950,14609,VOL,HOBO
9/24/2014 5:00,11.856,Logged,10015950,14609,VOL,HOBO
9/24/2014 6:00,11.71,Logged,10015950,14609,VOL,HOBO
9/24/2014 7:00,11.394,Logged,10015950,14609,VOL,HOBO
9/24/2014 8:00,11.54,Logged,10015950,14609,VOL,HOBO
9/24/2014 9:00,12.34,Logged,10015950,14609,VOL,HOBO
9/24/2014 10:00,13.642,Logged,10015950,14609,VOL,HOBO
9/24/2014 11:00,14.481,Logged,10015950,14609,VOL,HOBO
9/24/2014 12:00,16.296,Logged,10015950,14609,VOL,HOBO
9/24/2014 13:00,17.249,Logged,10015950,14609,VOL,HOBO
9/24/2014 14:00,19.413,Logged,10015950,14609,VOL,HOBO
9/24/2014 15:00,17.582,Logged,10015950,14609,VOL,HOBO
9/24/2014 16:00,17.867,Logged,10015950,14609,VOL,HOBO
9/24/2014 17:00,17.32,Logged,10015950,14609,VOL,HOBO
9/24/2014 18:00,17.106,Logged,10015950,14609,VOL,HOBO
9/24/2014 19:00,16.677,Logged,10015950,14609,VOL,HOBO
9/24/2014 20:00,15.939,Logged,10015950,14609,VOL,HOBO
9/24/2014 21:00,15.533,Logged,10015950,14609,VOL,HOBO
9/24/2014 22:00,14.936,Logged,10015950,14609,VOL,HOBO
9/24/2014 23:00,14.242,Logged,10015950,14609,VOL,HOBO
9/25/2014 0:00,14.361,Logged,10015950,14609,VOL,HOBO
9/25/2014 1:00,14.074,Logged,10015950,14609,VOL,HOBO
9/25/2014 2:00,14.026,Logged,10015950,14609,VOL,HOBO
9/25/2014 3:00,13.882,Logged,10015950,14609,VOL,HOBO
9/25/2014 4:00,13.762,Logged,10015950,14609,VOL,HOBO
9/25/2014 5:00,13.618,Logged,10015950,14609,VOL,HOBO
9/25/2014 6:00,13.425,Logged,10015950,14609,VOL,HOBO
9/25/2014 7:00,13.257,Logged,10015950,14609,VOL,HOBO
9/25/2014 8:00,13.257,Logged,10015950,14609,VOL,HOBO
9/25/2014 9:00,13.377,Logged,10015950,14609,VOL,HOBO
9/25/2014 10:00,13.81,Logged,10015950,14609,VOL,HOBO
9/25/2014 11:00,13.978,Logged,10015950,14609,VOL,HOBO
9/25/2014 12:00,14.17,Logged,10015950,14609,VOL,HOBO
9/25/2014 13:00,14.266,Logged,10015950,14609,VOL,HOBO
9/25/2014 14:00,14.481,Logged,10015950,14609,VOL,HOBO
9/25/2014 15:00,14.673,Logged,10015950,14609,VOL,HOBO
9/25/2014 16:00,14.816,Logged,10015950,14609,VOL,HOBO
9/25/2014 17:00,14.888,Logged,10015950,14609,VOL,HOBO
9/25/2014 18:00,14.888,Logged,10015950,14609,VOL,HOBO
9/25/2014 19:00,14.792,Logged,10015950,14609,VOL,HOBO
9/25/2014 20:00,14.601,Logged,10015950,14609,VOL,HOBO
9/25/2014 21:00,14.385,Logged,10015950,14609,VOL,HOBO
9/25/2014 22:00,14.146,Logged,10015950,14609,VOL,HOBO
9/25/2014 23:00,13.978,Logged,10015950,14609,VOL,HOBO
9/26/2014 0:00,13.858,Logged,10015950,14609,VOL,HOBO
9/26/2014 1:00,13.69,Logged,10015950,14609,VOL,HOBO
9/26/2014 2:00,13.377,Logged,10015950,14609,VOL,HOBO
9/26/2014 3:00,13.209,Logged,10015950,14609,VOL,HOBO
9/26/2014 4:00,13.064,Logged,10015950,14609,VOL,HOBO
9/26/2014 5:00,13.185,Logged,10015950,14609,VOL,HOBO
9/26/2014 6:00,13.185,Logged,10015950,14609,VOL,HOBO
9/26/2014 7:00,12.968,Logged,10015950,14609,VOL,HOBO
9/26/2014 8:00,12.751,Logged,10015950,14609,VOL,HOBO
9/26/2014 9:00,13.233,Logged,10015950,14609,VOL,HOBO
9/26/2014 10:00,13.738,Logged,10015950,14609,VOL,HOBO
9/26/2014 11:00,14.194,Logged,10015950,14609,VOL,HOBO
9/26/2014 12:00,15.485,Logged,10015950,14609,VOL,HOBO
9/26/2014 13:00,17.582,Logged,10015950,14609,VOL,HOBO
9/26/2014 14:00,21.604,Logged,10015950,14609,VOL,HOBO
9/26/2014 15:00,22.561,Logged,10015950,14609,VOL,HOBO
9/26/2014 16:00,23.641,Logged,10015950,14609,VOL,HOBO
9/26/2014 17:00,20.412,Logged,10015950,14609,VOL,HOBO
9/26/2014 18:00,19.389,Logged,10015950,14609,VOL,HOBO
9/26/2014 19:00,17.891,Logged,10015950,14609,VOL,HOBO
9/26/2014 20:00,16.915,Logged,10015950,14609,VOL,HOBO
9/26/2014 21:00,15.843,Logged,10015950,14609,VOL,HOBO
9/26/2014 22:00,15.151,Logged,10015950,14609,VOL,HOBO
9/26/2014 23:00,14.409,Logged,10015950,14609,VOL,HOBO
9/27/2014 0:00,13.858,Logged,10015950,14609,VOL,HOBO
9/27/2014 1:00,13.618,Logged,10015950,14609,VOL,HOBO
9/27/2014 2:00,13.69,Logged,10015950,14609,VOL,HOBO
9/27/2014 3:00,12.751,Logged,10015950,14609,VOL,HOBO
9/27/2014 4:00,12.582,Logged,10015950,14609,VOL,HOBO
9/27/2014 5:00,12.509,Logged,10015950,14609,VOL,HOBO
9/27/2014 6:00,12.147,Logged,10015950,14609,VOL,HOBO
9/27/2014 7:00,11.807,Logged,10015950,14609,VOL,HOBO
9/27/2014 8:00,12.316,Logged,10015950,14609,VOL,HOBO
9/27/2014 9:00,13.305,Logged,10015950,14609,VOL,HOBO
9/27/2014 10:00,14.385,Logged,10015950,14609,VOL,HOBO
9/27/2014 11:00,16.058,Logged,10015950,14609,VOL,HOBO
9/27/2014 12:00,17.986,Logged,10015950,14609,VOL,HOBO
9/27/2014 13:00,19.484,Logged,10015950,14609,VOL,HOBO
9/27/2014 14:00,25.501,Logged,10015950,14609,VOL,HOBO
9/27/2014 15:00,24.557,Logged,10015950,14609,VOL,HOBO
9/27/2014 16:00,25.355,Logged,10015950,14609,VOL,HOBO
9/27/2014 17:00,22.058,Logged,10015950,14609,VOL,HOBO
9/27/2014 18:00,21.056,Logged,10015950,14609,VOL,HOBO
9/27/2014 19:00,20.126,Logged,10015950,14609,VOL,HOBO
9/27/2014 20:00,19.151,Logged,10015950,14609,VOL,HOBO
9/27/2014 21:00,18.343,Logged,10015950,14609,VOL,HOBO
9/27/2014 22:00,17.558,Logged,10015950,14609,VOL,HOBO
9/27/2014 23:00,17.058,Logged,10015950,14609,VOL,HOBO
9/28/2014 0:00,16.368,Logged,10015950,14609,VOL,HOBO
9/28/2014 1:00,16.034,Logged,10015950,14609,VOL,HOBO
9/28/2014 2:00,15.986,Logged,10015950,14609,VOL,HOBO
9/28/2014 3:00,15.247,Logged,10015950,14609,VOL,HOBO
9/28/2014 4:00,15.127,Logged,10015950,14609,VOL,HOBO
9/28/2014 5:00,15.079,Logged,10015950,14609,VOL,HOBO
9/28/2014 6:00,14.409,Logged,10015950,14609,VOL,HOBO
9/28/2014 7:00,13.954,Logged,10015950,14609,VOL,HOBO
9/28/2014 8:00,13.57,Logged,10015950,14609,VOL,HOBO
9/28/2014 9:00,14.601,Logged,10015950,14609,VOL,HOBO
9/28/2014 10:00,15.509,Logged,10015950,14609,VOL,HOBO
9/28/2014 11:00,17.13,Logged,10015950,14609,VOL,HOBO
9/28/2014 12:00,19.27,Logged,10015950,14609,VOL,HOBO
9/28/2014 13:00,21.342,Logged,10015950,14609,VOL,HOBO
9/28/2014 14:00,27.063,Logged,10015950,14609,VOL,HOBO
9/28/2014 15:00,26.769,Logged,10015950,14609,VOL,HOBO
9/28/2014 16:00,24.243,Logged,10015950,14609,VOL,HOBO
9/28/2014 17:00,22.848,Logged,10015950,14609,VOL,HOBO
9/28/2014 18:00,21.915,Logged,10015950,14609,VOL,HOBO
9/28/2014 19:00,20.913,Logged,10015950,14609,VOL,HOBO
9/28/2014 20:00,20.007,Logged,10015950,14609,VOL,HOBO
9/28/2014 21:00,19.199,Logged,10015950,14609,VOL,HOBO
9/28/2014 22:00,18.557,Logged,10015950,14609,VOL,HOBO
9/28/2014 23:00,18.152,Logged,10015950,14609,VOL,HOBO
9/29/2014 0:00,17.582,Logged,10015950,14609,VOL,HOBO
9/29/2014 1:00,17.391,Logged,10015950,14609,VOL,HOBO
9/29/2014 2:00,16.844,Logged,10015950,14609,VOL,HOBO
9/29/2014 3:00,16.415,Logged,10015950,14609,VOL,HOBO
9/29/2014 4:00,16.129,Logged,10015950,14609,VOL,HOBO
9/29/2014 5:00,15.724,Logged,10015950,14609,VOL,HOBO
9/29/2014 6:00,15.939,Logged,10015950,14609,VOL,HOBO
9/29/2014 7:00,16.034,Logged,10015950,14609,VOL,HOBO
9/29/2014 8:00,15.939,Logged,10015950,14609,VOL,HOBO
9/29/2014 9:00,16.129,Logged,10015950,14609,VOL,HOBO
9/29/2014 10:00,16.368,Logged,10015950,14609,VOL,HOBO
9/29/2014 11:00,16.796,Logged,10015950,14609,VOL,HOBO
9/29/2014 12:00,17.582,Logged,10015950,14609,VOL,HOBO
9/29/2014 13:00,18.152,Logged,10015950,14609,VOL,HOBO
9/29/2014 14:00,18.438,Logged,10015950,14609,VOL,HOBO
9/29/2014 15:00,19.77,Logged,10015950,14609,VOL,HOBO
9/29/2014 16:00,19.436,Logged,10015950,14609,VOL,HOBO
9/29/2014 17:00,19.199,Logged,10015950,14609,VOL,HOBO
9/29/2014 18:00,19.008,Logged,10015950,14609,VOL,HOBO
9/29/2014 19:00,18.794,Logged,10015950,14609,VOL,HOBO
9/29/2014 20:00,18.366,Logged,10015950,14609,VOL,HOBO
9/29/2014 21:00,17.938,Logged,10015950,14609,VOL,HOBO
9/29/2014 22:00,17.629,Logged,10015950,14609,VOL,HOBO
9/29/2014 23:00,17.201,Logged,10015950,14609,VOL,HOBO
9/30/2014 0:00,16.844,Logged,10015950,14609,VOL,HOBO
9/30/2014 1:00,16.439,Logged,10015950,14609,VOL,HOBO
9/30/2014 2:00,16.201,Logged,10015950,14609,VOL,HOBO
9/30/2014 3:00,16.034,Logged,10015950,14609,VOL,HOBO
9/30/2014 4:00,15.724,Logged,10015950,14609,VOL,HOBO
9/30/2014 5:00,15.533,Logged,10015950,14609,VOL,HOBO
9/30/2014 6:00,15.366,Logged,10015950,14609,VOL,HOBO
9/30/2014 7:00,15.247,Logged,10015950,14609,VOL,HOBO
9/30/2014 8:00,15.151,Logged,10015950,14609,VOL,HOBO
9/30/2014 9:00,15.127,Logged,10015950,14609,VOL,HOBO
9/30/2014 10:00,15.175,Logged,10015950,14609,VOL,HOBO
9/30/2014 11:00,15.318,Logged,10015950,14609,VOL,HOBO
9/30/2014 12:00,15.414,Logged,10015950,14609,VOL,HOBO
9/30/2014 13:00,15.605,Logged,10015950,14609,VOL,HOBO
9/30/2014 14:00,15.557,Logged,10015950,14609,VOL,HOBO
9/30/2014 15:00,15.557,Logged,10015950,14609,VOL,HOBO
9/30/2014 16:00,15.533,Logged,10015950,14609,VOL,HOBO
9/30/2014 17:00,15.509,Logged,10015950,14609,VOL,HOBO
9/30/2014 18:00,15.438,Logged,10015950,14609,VOL,HOBO
9/30/2014 19:00,15.27,Logged,10015950,14609,VOL,HOBO
9/30/2014 20:00,15.103,Logged,10015950,14609,VOL,HOBO
9/30/2014 21:00,14.864,Logged,10015950,14609,VOL,HOBO
9/30/2014 22:00,14.888,Logged,10015950,14609,VOL,HOBO
9/30/2014 23:00,14.864,Logged,10015950,14609,VOL,HOBO
10/1/2014 0:00,14.816,Logged,10015950,14609,VOL,HOBO
10/1/2014 1:00,14.792,Logged,10015950,14609,VOL,HOBO
10/1/2014 2:00,14.768,Logged,10015950,14609,VOL,HOBO
10/1/2014 3:00,14.721,Logged,10015950,14609,VOL,HOBO
10/1/2014 4:00,14.721,Logged,10015950,14609,VOL,HOBO
10/1/2014 5:00,14.673,Logged,10015950,14609,VOL,HOBO
10/1/2014 6:00,14.553,Logged,10015950,14609,VOL,HOBO
10/1/2014 7:00,14.529,Logged,10015950,14609,VOL,HOBO
10/1/2014 8:00,14.481,Logged,10015950,14609,VOL,HOBO
10/1/2014 9:00,14.481,Logged,10015950,14609,VOL,HOBO
10/1/2014 10:00,14.529,Logged,10015950,14609,VOL,HOBO
10/1/2014 11:00,14.553,Logged,10015950,14609,VOL,HOBO
10/1/2014 12:00,14.649,Logged,10015950,14609,VOL,HOBO
10/1/2014 13:00,14.721,Logged,10015950,14609,VOL,HOBO
10/1/2014 14:00,14.768,Logged,10015950,14609,VOL,HOBO
10/1/2014 15:00,14.649,Logged,10015950,14609,VOL,HOBO
10/1/2014 16:00,14.673,Logged,10015950,14609,VOL,HOBO
10/1/2014 17:00,14.481,Logged,10015950,14609,VOL,HOBO
10/1/2014 18:00,14.314,Logged,10015950,14609,VOL,HOBO
10/1/2014 19:00,14.29,Logged,10015950,14609,VOL,HOBO
10/1/2014 20:00,14.242,Logged,10015950,14609,VOL,HOBO
10/1/2014 21:00,14.194,Logged,10015950,14609,VOL,HOBO
10/1/2014 22:00,14.146,Logged,10015950,14609,VOL,HOBO
10/1/2014 23:00,14.146,Logged,10015950,14609,VOL,HOBO
10/2/2014 0:00,14.098,Logged,10015950,14609,VOL,HOBO
10/2/2014 1:00,14.05,Logged,10015950,14609,VOL,HOBO
10/2/2014 2:00,14.002,Logged,10015950,14609,VOL,HOBO
10/2/2014 3:00,13.954,Logged,10015950,14609,VOL,HOBO
10/2/2014 4:00,13.93,Logged,10015950,14609,VOL,HOBO
10/2/2014 5:00,13.858,Logged,10015950,14609,VOL,HOBO
10/2/2014 6:00,13.834,Logged,10015950,14609,VOL,HOBO
10/2/2014 7:00,13.786,Logged,10015950,14609,VOL,HOBO
10/2/2014 8:00,13.762,Logged,10015950,14609,VOL,HOBO
10/2/2014 9:00,13.762,Logged,10015950,14609,VOL,HOBO
10/2/2014 10:00,13.738,Logged,10015950,14609,VOL,HOBO
10/2/2014 11:00,13.666,Logged,10015950,14609,VOL,HOBO
10/2/2014 12:00,13.762,Logged,10015950,14609,VOL,HOBO
10/2/2014 13:00,14.002,Logged,10015950,14609,VOL,HOBO
10/2/2014 14:00,14.146,Logged,10015950,14609,VOL,HOBO
10/2/2014 15:00,14.194,Logged,10015950,14609,VOL,HOBO
10/2/2014 16:00,14.146,Logged,10015950,14609,VOL,HOBO
10/2/2014 17:00,14.098,Logged,10015950,14609,VOL,HOBO
10/2/2014 18:00,13.93,Logged,10015950,14609,VOL,HOBO
10/2/2014 19:00,14.337,Logged,10015950,14609,VOL,HOBO
10/2/2014 20:00,14.146,Logged,10015950,14609,VOL,HOBO
10/2/2014 21:00,13.786,Logged,10015950,14609,VOL,HOBO
10/2/2014 22:00,13.209,Logged,10015950,14609,VOL,HOBO
10/2/2014 23:00,12.847,Logged,10015950,14609,VOL,HOBO
10/3/2014 0:00,12.171,Logged,10015950,14609,VOL,HOBO
10/3/2014 1:00,12.147,Logged,10015950,14609,VOL,HOBO
10/3/2014 2:00,12.025,Logged,10015950,14609,VOL,HOBO
10/3/2014 3:00,11.589,Logged,10015950,14609,VOL,HOBO
10/3/2014 4:00,10.883,Logged,10015950,14609,VOL,HOBO
10/3/2014 5:00,10.858,Logged,10015950,14609,VOL,HOBO
10/3/2014 6:00,10.834,Logged,10015950,14609,VOL,HOBO
10/3/2014 7:00,10.32,Logged,10015950,14609,VOL,HOBO
10/3/2014 8:00,10.834,Logged,10015950,14609,VOL,HOBO
10/3/2014 9:00,11.078,Logged,10015950,14609,VOL,HOBO
10/3/2014 10:00,11.977,Logged,10015950,14609,VOL,HOBO
10/3/2014 11:00,12.992,Logged,10015950,14609,VOL,HOBO
10/3/2014 12:00,14.098,Logged,10015950,14609,VOL,HOBO
10/3/2014 13:00,16.534,Logged,10015950,14609,VOL,HOBO
10/3/2014 14:00,21.724,Logged,10015950,14609,VOL,HOBO
10/3/2014 15:00,17.272,Logged,10015950,14609,VOL,HOBO
10/3/2014 16:00,16.511,Logged,10015950,14609,VOL,HOBO
10/3/2014 17:00,15.819,Logged,10015950,14609,VOL,HOBO
10/3/2014 18:00,15.151,Logged,10015950,14609,VOL,HOBO
10/3/2014 19:00,14.481,Logged,10015950,14609,VOL,HOBO
10/3/2014 20:00,14.146,Logged,10015950,14609,VOL,HOBO
10/3/2014 21:00,13.666,Logged,10015950,14609,VOL,HOBO
10/3/2014 22:00,13.618,Logged,10015950,14609,VOL,HOBO
10/3/2014 23:00,13.425,Logged,10015950,14609,VOL,HOBO
10/4/2014 0:00,13.425,Logged,10015950,14609,VOL,HOBO
10/4/2014 1:00,13.666,Logged,10015950,14609,VOL,HOBO
10/4/2014 2:00,13.594,Logged,10015950,14609,VOL,HOBO
10/4/2014 3:00,13.473,Logged,10015950,14609,VOL,HOBO
10/4/2014 4:00,13.473,Logged,10015950,14609,VOL,HOBO
10/4/2014 5:00,13.522,Logged,10015950,14609,VOL,HOBO
10/4/2014 6:00,13.497,Logged,10015950,14609,VOL,HOBO
10/4/2014 7:00,13.329,Logged,10015950,14609,VOL,HOBO
10/4/2014 8:00,13.353,Logged,10015950,14609,VOL,HOBO
10/4/2014 9:00,13.93,Logged,10015950,14609,VOL,HOBO
10/4/2014 10:00,14.17,Logged,10015950,14609,VOL,HOBO
10/4/2014 11:00,14.577,Logged,10015950,14609,VOL,HOBO
10/4/2014 12:00,14.816,Logged,10015950,14609,VOL,HOBO
10/4/2014 13:00,14.984,Logged,10015950,14609,VOL,HOBO
10/4/2014 14:00,15.247,Logged,10015950,14609,VOL,HOBO
10/4/2014 15:00,15.414,Logged,10015950,14609,VOL,HOBO
10/4/2014 16:00,15.461,Logged,10015950,14609,VOL,HOBO
10/4/2014 17:00,15.438,Logged,10015950,14609,VOL,HOBO
10/4/2014 18:00,15.485,Logged,10015950,14609,VOL,HOBO
10/4/2014 19:00,15.939,Logged,10015950,14609,VOL,HOBO
10/4/2014 20:00,15.915,Logged,10015950,14609,VOL,HOBO
10/4/2014 21:00,15.772,Logged,10015950,14609,VOL,HOBO
10/4/2014 22:00,15.843,Logged,10015950,14609,VOL,HOBO
10/4/2014 23:00,15.461,Logged,10015950,14609,VOL,HOBO
10/5/2014 0:00,14.673,Logged,10015950,14609,VOL,HOBO
10/5/2014 1:00,13.954,Logged,10015950,14609,VOL,HOBO
10/5/2014 2:00,13.257,Logged,10015950,14609,VOL,HOBO
10/5/2014 3:00,13.064,Logged,10015950,14609,VOL,HOBO
10/5/2014 4:00,12.171,Logged,10015950,14609,VOL,HOBO
10/5/2014 5:00,10.296,Logged,10015950,14609,VOL,HOBO
10/5/2014 6:00,9.04,Logged,10015950,14609,VOL,HOBO
10/5/2014 7:00,10.124,Logged,10015950,14609,VOL,HOBO
10/5/2014 8:00,10.418,Logged,10015950,14609,VOL,HOBO
10/5/2014 9:00,9.583,Logged,10015950,14609,VOL,HOBO
10/5/2014 10:00,10.32,Logged,10015950,14609,VOL,HOBO
10/5/2014 11:00,10.785,Logged,10015950,14609,VOL,HOBO
10/5/2014 12:00,11.832,Logged,10015950,14609,VOL,HOBO
10/5/2014 13:00,13.714,Logged,10015950,14609,VOL,HOBO
10/5/2014 14:00,19.579,Logged,10015950,14609,VOL,HOBO
10/5/2014 15:00,15.247,Logged,10015950,14609,VOL,HOBO
10/5/2014 16:00,14.864,Logged,10015950,14609,VOL,HOBO
10/5/2014 17:00,14.242,Logged,10015950,14609,VOL,HOBO
10/5/2014 18:00,13.137,Logged,10015950,14609,VOL,HOBO
10/5/2014 19:00,11.467,Logged,10015950,14609,VOL,HOBO
10/5/2014 20:00,10.173,Logged,10015950,14609,VOL,HOBO
10/5/2014 21:00,9.485,Logged,10015950,14609,VOL,HOBO
10/5/2014 22:00,8.444,Logged,10015950,14609,VOL,HOBO
10/5/2014 23:00,7.67,Logged,10015950,14609,VOL,HOBO
10/6/2014 0:00,7.167,Logged,10015950,14609,VOL,HOBO
10/6/2014 1:00,6.509,Logged,10015950,14609,VOL,HOBO
10/6/2014 2:00,6.687,Logged,10015950,14609,VOL,HOBO
10/6/2014 3:00,5.821,Logged,10015950,14609,VOL,HOBO
10/6/2014 4:00,5.282,Logged,10015950,14609,VOL,HOBO
10/6/2014 5:00,5.179,Logged,10015950,14609,VOL,HOBO
10/6/2014 6:00,6.179,Logged,10015950,14609,VOL,HOBO
10/6/2014 7:00,6.535,Logged,10015950,14609,VOL,HOBO
10/6/2014 8:00,6.636,Logged,10015950,14609,VOL,HOBO
10/6/2014 9:00,7.242,Logged,10015950,14609,VOL,HOBO
10/6/2014 10:00,9.163,Logged,10015950,14609,VOL,HOBO
10/6/2014 11:00,11.321,Logged,10015950,14609,VOL,HOBO
10/6/2014 12:00,13.618,Logged,10015950,14609,VOL,HOBO
10/6/2014 13:00,17.082,Logged,10015950,14609,VOL,HOBO
10/6/2014 14:00,22.274,Logged,10015950,14609,VOL,HOBO
10/6/2014 15:00,17.368,Logged,10015950,14609,VOL,HOBO
10/6/2014 16:00,16.82,Logged,10015950,14609,VOL,HOBO
10/6/2014 17:00,16.034,Logged,10015950,14609,VOL,HOBO
10/6/2014 18:00,15.366,Logged,10015950,14609,VOL,HOBO
10/6/2014 19:00,14.361,Logged,10015950,14609,VOL,HOBO
10/6/2014 20:00,13.57,Logged,10015950,14609,VOL,HOBO
10/6/2014 21:00,13.088,Logged,10015950,14609,VOL,HOBO
10/6/2014 22:00,12.389,Logged,10015950,14609,VOL,HOBO
10/6/2014 23:00,11.832,Logged,10015950,14609,VOL,HOBO
10/7/2014 0:00,10.932,Logged,10015950,14609,VOL,HOBO
10/7/2014 1:00,10.712,Logged,10015950,14609,VOL,HOBO
10/7/2014 2:00,10.785,Logged,10015950,14609,VOL,HOBO
10/7/2014 3:00,10.516,Logged,10015950,14609,VOL,HOBO
10/7/2014 4:00,11.102,Logged,10015950,14609,VOL,HOBO
10/7/2014 5:00,11.2,Logged,10015950,14609,VOL,HOBO
10/7/2014 6:00,10.932,Logged,10015950,14609,VOL,HOBO
10/7/2014 7:00,11.102,Logged,10015950,14609,VOL,HOBO
10/7/2014 8:00,11.321,Logged,10015950,14609,VOL,HOBO
10/7/2014 9:00,12.871,Logged,10015950,14609,VOL,HOBO
10/7/2014 10:00,15.055,Logged,10015950,14609,VOL,HOBO
10/7/2014 11:00,16.987,Logged,10015950,14609,VOL,HOBO
10/7/2014 12:00,17.796,Logged,10015950,14609,VOL,HOBO
10/7/2014 13:00,18.033,Logged,10015950,14609,VOL,HOBO
10/7/2014 14:00,16.725,Logged,10015950,14609,VOL,HOBO
10/7/2014 15:00,17.415,Logged,10015950,14609,VOL,HOBO
10/7/2014 16:00,17.201,Logged,10015950,14609,VOL,HOBO
10/7/2014 17:00,17.106,Logged,10015950,14609,VOL,HOBO
10/7/2014 18:00,16.868,Logged,10015950,14609,VOL,HOBO
10/7/2014 19:00,16.582,Logged,10015950,14609,VOL,HOBO
10/7/2014 20:00,16.368,Logged,10015950,14609,VOL,HOBO
10/7/2014 21:00,16.058,Logged,10015950,14609,VOL,HOBO
10/7/2014 22:00,15.342,Logged,10015950,14609,VOL,HOBO
10/7/2014 23:00,15.199,Logged,10015950,14609,VOL,HOBO
10/8/2014 0:00,15.366,Logged,10015950,14609,VOL,HOBO
10/8/2014 1:00,15.509,Logged,10015950,14609,VOL,HOBO
10/8/2014 2:00,15.581,Logged,10015950,14609,VOL,HOBO
10/8/2014 3:00,15.819,Logged,10015950,14609,VOL,HOBO
10/8/2014 4:00,15.939,Logged,10015950,14609,VOL,HOBO
10/8/2014 5:00,16.392,Logged,10015950,14609,VOL,HOBO
10/8/2014 6:00,15.629,Logged,10015950,14609,VOL,HOBO
10/8/2014 7:00,15.294,Logged,10015950,14609,VOL,HOBO
10/8/2014 8:00,15.247,Logged,10015950,14609,VOL,HOBO
10/8/2014 9:00,15.748,Logged,10015950,14609,VOL,HOBO
10/8/2014 10:00,15.963,Logged,10015950,14609,VOL,HOBO
10/8/2014 11:00,16.058,Logged,10015950,14609,VOL,HOBO
10/8/2014 12:00,17.177,Logged,10015950,14609,VOL,HOBO
10/8/2014 13:00,18.604,Logged,10015950,14609,VOL,HOBO
10/8/2014 14:00,21.127,Logged,10015950,14609,VOL,HOBO
10/8/2014 15:00,19.532,Logged,10015950,14609,VOL,HOBO
10/8/2014 16:00,18.485,Logged,10015950,14609,VOL,HOBO
10/8/2014 17:00,18.105,Logged,10015950,14609,VOL,HOBO
10/8/2014 18:00,17.582,Logged,10015950,14609,VOL,HOBO
10/8/2014 19:00,15.963,Logged,10015950,14609,VOL,HOBO
10/8/2014 20:00,14.721,Logged,10015950,14609,VOL,HOBO
10/8/2014 21:00,13.906,Logged,10015950,14609,VOL,HOBO
10/8/2014 22:00,13.522,Logged,10015950,14609,VOL,HOBO
10/8/2014 23:00,13.425,Logged,10015950,14609,VOL,HOBO
10/9/2014 0:00,13.666,Logged,10015950,14609,VOL,HOBO
10/9/2014 1:00,13.137,Logged,10015950,14609,VOL,HOBO
10/9/2014 2:00,12.219,Logged,10015950,14609,VOL,HOBO
10/9/2014 3:00,10.467,Logged,10015950,14609,VOL,HOBO
10/9/2014 4:00,9.312,Logged,10015950,14609,VOL,HOBO
10/9/2014 5:00,8.792,Logged,10015950,14609,VOL,HOBO
10/9/2014 6:00,8.12,Logged,10015950,14609,VOL,HOBO
10/9/2014 7:00,8.12,Logged,10015950,14609,VOL,HOBO
10/9/2014 8:00,8.593,Logged,10015950,14609,VOL,HOBO
10/9/2014 9:00,10.394,Logged,10015950,14609,VOL,HOBO
10/9/2014 10:00,11.662,Logged,10015950,14609,VOL,HOBO
10/9/2014 11:00,12.582,Logged,10015950,14609,VOL,HOBO
10/9/2014 12:00,13.978,Logged,10015950,14609,VOL,HOBO
10/9/2014 13:00,16.129,Logged,10015950,14609,VOL,HOBO
10/9/2014 14:00,19.365,Logged,10015950,14609,VOL,HOBO
10/9/2014 15:00,16.915,Logged,10015950,14609,VOL,HOBO
10/9/2014 16:00,16.463,Logged,10015950,14609,VOL,HOBO
10/9/2014 17:00,15.986,Logged,10015950,14609,VOL,HOBO
10/9/2014 18:00,15.175,Logged,10015950,14609,VOL,HOBO
10/9/2014 19:00,14.337,Logged,10015950,14609,VOL,HOBO
10/9/2014 20:00,13.425,Logged,10015950,14609,VOL,HOBO
10/9/2014 21:00,12.001,Logged,10015950,14609,VOL,HOBO
10/9/2014 22:00,10.932,Logged,10015950,14609,VOL,HOBO
10/9/2014 23:00,10.173,Logged,10015950,14609,VOL,HOBO
10/10/2014 0:00,10.418,Logged,10015950,14609,VOL,HOBO
10/10/2014 1:00,9.089,Logged,10015950,14609,VOL,HOBO
10/10/2014 2:00,9.312,Logged,10015950,14609,VOL,HOBO
10/10/2014 3:00,8.095,Logged,10015950,14609,VOL,HOBO
10/10/2014 4:00,7.77,Logged,10015950,14609,VOL,HOBO
10/10/2014 5:00,7.318,Logged,10015950,14609,VOL,HOBO
10/10/2014 6:00,7.619,Logged,10015950,14609,VOL,HOBO
10/10/2014 7:00,6.331,Logged,10015950,14609,VOL,HOBO
10/10/2014 8:00,6.889,Logged,10015950,14609,VOL,HOBO
10/10/2014 9:00,8.618,Logged,10015950,14609,VOL,HOBO
10/10/2014 10:00,10.345,Logged,10015950,14609,VOL,HOBO
10/10/2014 11:00,11.443,Logged,10015950,14609,VOL,HOBO
10/10/2014 12:00,12.871,Logged,10015950,14609,VOL,HOBO
10/10/2014 13:00,15.055,Logged,10015950,14609,VOL,HOBO
10/10/2014 14:00,16.725,Logged,10015950,14609,VOL,HOBO
10/10/2014 15:00,15.247,Logged,10015950,14609,VOL,HOBO
10/10/2014 16:00,14.84,Logged,10015950,14609,VOL,HOBO
10/10/2014 17:00,14.529,Logged,10015950,14609,VOL,HOBO
10/10/2014 18:00,14.218,Logged,10015950,14609,VOL,HOBO
10/10/2014 19:00,12.63,Logged,10015950,14609,VOL,HOBO
10/10/2014 20:00,11.321,Logged,10015950,14609,VOL,HOBO
10/10/2014 21:00,10.785,Logged,10015950,14609,VOL,HOBO
10/10/2014 22:00,11.224,Logged,10015950,14609,VOL,HOBO
10/10/2014 23:00,11.127,Logged,10015950,14609,VOL,HOBO
10/11/2014 0:00,10.638,Logged,10015950,14609,VOL,HOBO
10/11/2014 1:00,10.614,Logged,10015950,14609,VOL,HOBO
10/11/2014 2:00,10.541,Logged,10015950,14609,VOL,HOBO
10/11/2014 3:00,10.418,Logged,10015950,14609,VOL,HOBO
10/11/2014 4:00,10.271,Logged,10015950,14609,VOL,HOBO
10/11/2014 5:00,10.222,Logged,10015950,14609,VOL,HOBO
10/11/2014 6:00,10.345,Logged,10015950,14609,VOL,HOBO
10/11/2014 7:00,10.051,Logged,10015950,14609,VOL,HOBO
10/11/2014 8:00,9.854,Logged,10015950,14609,VOL,HOBO
10/11/2014 9:00,10.296,Logged,10015950,14609,VOL,HOBO
10/11/2014 10:00,10.418,Logged,10015950,14609,VOL,HOBO
10/11/2014 11:00,10.296,Logged,10015950,14609,VOL,HOBO
10/11/2014 12:00,10.345,Logged,10015950,14609,VOL,HOBO
10/11/2014 13:00,10.614,Logged,10015950,14609,VOL,HOBO
10/11/2014 14:00,10.907,Logged,10015950,14609,VOL,HOBO
10/11/2014 15:00,10.907,Logged,10015950,14609,VOL,HOBO
10/11/2014 16:00,11.151,Logged,10015950,14609,VOL,HOBO
10/11/2014 17:00,11.005,Logged,10015950,14609,VOL,HOBO
10/11/2014 18:00,10.443,Logged,10015950,14609,VOL,HOBO
10/11/2014 19:00,9.509,Logged,10015950,14609,VOL,HOBO
10/11/2014 20:00,8.792,Logged,10015950,14609,VOL,HOBO
10/11/2014 21:00,9.608,Logged,10015950,14609,VOL,HOBO
10/11/2014 22:00,9.583,Logged,10015950,14609,VOL,HOBO
10/11/2014 23:00,8.693,Logged,10015950,14609,VOL,HOBO
10/12/2014 0:00,8.344,Logged,10015950,14609,VOL,HOBO
10/12/2014 1:00,8.245,Logged,10015950,14609,VOL,HOBO
10/12/2014 2:00,8.643,Logged,10015950,14609,VOL,HOBO
10/12/2014 3:00,8.344,Logged,10015950,14609,VOL,HOBO
10/12/2014 4:00,8.095,Logged,10015950,14609,VOL,HOBO
10/12/2014 5:00,7.268,Logged,10015950,14609,VOL,HOBO
10/12/2014 6:00,7.97,Logged,10015950,14609,VOL,HOBO
10/12/2014 7:00,7.544,Logged,10015950,14609,VOL,HOBO
10/12/2014 8:00,7.293,Logged,10015950,14609,VOL,HOBO
10/12/2014 9:00,7.945,Logged,10015950,14609,VOL,HOBO
10/12/2014 10:00,8.916,Logged,10015950,14609,VOL,HOBO
10/12/2014 11:00,9.78,Logged,10015950,14609,VOL,HOBO
10/12/2014 12:00,10.565,Logged,10015950,14609,VOL,HOBO
10/12/2014 13:00,12.461,Logged,10015950,14609,VOL,HOBO
10/12/2014 14:00,17.249,Logged,10015950,14609,VOL,HOBO
10/12/2014 15:00,14.361,Logged,10015950,14609,VOL,HOBO
10/12/2014 16:00,13.786,Logged,10015950,14609,VOL,HOBO
10/12/2014 17:00,13.57,Logged,10015950,14609,VOL,HOBO
10/12/2014 18:00,12.678,Logged,10015950,14609,VOL,HOBO
10/12/2014 19:00,10.98,Logged,10015950,14609,VOL,HOBO
10/12/2014 20:00,9.682,Logged,10015950,14609,VOL,HOBO
10/12/2014 21:00,9.015,Logged,10015950,14609,VOL,HOBO
10/12/2014 22:00,8.469,Logged,10015950,14609,VOL,HOBO
10/12/2014 23:00,7.745,Logged,10015950,14609,VOL,HOBO
10/13/2014 0:00,7.066,Logged,10015950,14609,VOL,HOBO
10/13/2014 1:00,6.585,Logged,10015950,14609,VOL,HOBO
10/13/2014 2:00,7.343,Logged,10015950,14609,VOL,HOBO
10/13/2014 3:00,6.331,Logged,10015950,14609,VOL,HOBO
10/13/2014 4:00,6.306,Logged,10015950,14609,VOL,HOBO
10/13/2014 5:00,6.788,Logged,10015950,14609,VOL,HOBO
10/13/2014 6:00,6.56,Logged,10015950,14609,VOL,HOBO
10/13/2014 7:00,6.484,Logged,10015950,14609,VOL,HOBO
10/13/2014 8:00,6.585,Logged,10015950,14609,VOL,HOBO
10/13/2014 9:00,7.015,Logged,10015950,14609,VOL,HOBO
10/13/2014 10:00,7.745,Logged,10015950,14609,VOL,HOBO
10/13/2014 11:00,8.941,Logged,10015950,14609,VOL,HOBO
10/13/2014 12:00,10.075,Logged,10015950,14609,VOL,HOBO
10/13/2014 13:00,10.932,Logged,10015950,14609,VOL,HOBO
10/13/2014 14:00,12.413,Logged,10015950,14609,VOL,HOBO
10/13/2014 15:00,12.606,Logged,10015950,14609,VOL,HOBO
10/13/2014 16:00,12.896,Logged,10015950,14609,VOL,HOBO
10/13/2014 17:00,12.727,Logged,10015950,14609,VOL,HOBO
10/13/2014 18:00,12.558,Logged,10015950,14609,VOL,HOBO
10/13/2014 19:00,12.558,Logged,10015950,14609,VOL,HOBO
10/13/2014 20:00,12.582,Logged,10015950,14609,VOL,HOBO
10/13/2014 21:00,12.606,Logged,10015950,14609,VOL,HOBO
10/13/2014 22:00,12.654,Logged,10015950,14609,VOL,HOBO
10/13/2014 23:00,12.678,Logged,10015950,14609,VOL,HOBO
10/14/2014 0:00,12.751,Logged,10015950,14609,VOL,HOBO
10/14/2014 1:00,12.847,Logged,10015950,14609,VOL,HOBO
10/14/2014 2:00,12.823,Logged,10015950,14609,VOL,HOBO
10/14/2014 3:00,13.016,Logged,10015950,14609,VOL,HOBO
10/14/2014 4:00,13.522,Logged,10015950,14609,VOL,HOBO
10/14/2014 5:00,13.425,Logged,10015950,14609,VOL,HOBO
10/14/2014 6:00,14.026,Logged,10015950,14609,VOL,HOBO
10/14/2014 7:00,14.002,Logged,10015950,14609,VOL,HOBO
10/14/2014 8:00,14.314,Logged,10015950,14609,VOL,HOBO
10/14/2014 9:00,14.888,Logged,10015950,14609,VOL,HOBO
10/14/2014 10:00,16.296,Logged,10015950,14609,VOL,HOBO
10/14/2014 11:00,16.511,Logged,10015950,14609,VOL,HOBO
10/14/2014 12:00,17.867,Logged,10015950,14609,VOL,HOBO
10/14/2014 13:00,18.319,Logged,10015950,14609,VOL,HOBO
10/14/2014 14:00,18.675,Logged,10015950,14609,VOL,HOBO
10/14/2014 15:00,19.008,Logged,10015950,14609,VOL,HOBO
10/14/2014 16:00,19.341,Logged,10015950,14609,VOL,HOBO
10/14/2014 17:00,18.889,Logged,10015950,14609,VOL,HOBO
10/14/2014 18:00,17.867,Logged,10015950,14609,VOL,HOBO
10/14/2014 19:00,17.272,Logged,10015950,14609,VOL,HOBO
10/14/2014 20:00,16.701,Logged,10015950,14609,VOL,HOBO
10/14/2014 21:00,16.463,Logged,10015950,14609,VOL,HOBO
10/14/2014 22:00,16.392,Logged,10015950,14609,VOL,HOBO
10/14/2014 23:00,16.392,Logged,10015950,14609,VOL,HOBO
10/15/2014 0:00,16.249,Logged,10015950,14609,VOL,HOBO
10/15/2014 1:00,16.153,Logged,10015950,14609,VOL,HOBO
10/15/2014 2:00,15.796,Logged,10015950,14609,VOL,HOBO
10/15/2014 3:00,15.581,Logged,10015950,14609,VOL,HOBO
10/15/2014 4:00,15.461,Logged,10015950,14609,VOL,HOBO
10/15/2014 5:00,15.294,Logged,10015950,14609,VOL,HOBO
10/15/2014 6:00,15.247,Logged,10015950,14609,VOL,HOBO
10/15/2014 7:00,15.247,Logged,10015950,14609,VOL,HOBO
10/15/2014 8:00,15.342,Logged,10015950,14609,VOL,HOBO
10/15/2014 9:00,15.939,Logged,10015950,14609,VOL,HOBO
10/15/2014 10:00,16.987,Logged,10015950,14609,VOL,HOBO
