Date_Time,Temp,UOM,ProbeID,SID,Collector
9/8/2014 16:00,17.748,degC,9859185,15240,ABM
9/8/2014 17:00,17.724,degC,9859185,15240,ABM
9/8/2014 18:00,17.605,degC,9859185,15240,ABM
9/8/2014 19:00,17.439,degC,9859185,15240,ABM
9/8/2014 20:00,17.249,degC,9859185,15240,ABM
9/8/2014 21:00,17.011,degC,9859185,15240,ABM
9/8/2014 22:00,16.82,degC,9859185,15240,ABM
9/8/2014 23:00,16.63,degC,9859185,15240,ABM
9/9/2014 0:00,16.439,degC,9859185,15240,ABM
9/9/2014 1:00,16.249,degC,9859185,15240,ABM
9/9/2014 2:00,16.058,degC,9859185,15240,ABM
9/9/2014 3:00,15.867,degC,9859185,15240,ABM
9/9/2014 4:00,15.652,degC,9859185,15240,ABM
9/9/2014 5:00,15.461,degC,9859185,15240,ABM
9/9/2014 6:00,15.27,degC,9859185,15240,ABM
9/9/2014 7:00,15.079,degC,9859185,15240,ABM
9/9/2014 8:00,14.984,degC,9859185,15240,ABM
9/9/2014 9:00,15.008,degC,9859185,15240,ABM
9/9/2014 10:00,15.223,degC,9859185,15240,ABM
9/9/2014 11:00,15.629,degC,9859185,15240,ABM
9/9/2014 12:00,15.843,degC,9859185,15240,ABM
9/9/2014 13:00,16.106,degC,9859185,15240,ABM
9/9/2014 14:00,16.392,degC,9859185,15240,ABM
9/9/2014 15:00,16.487,degC,9859185,15240,ABM
9/9/2014 16:00,16.558,degC,9859185,15240,ABM
9/9/2014 17:00,16.63,degC,9859185,15240,ABM
9/9/2014 18:00,16.582,degC,9859185,15240,ABM
9/9/2014 19:00,16.487,degC,9859185,15240,ABM
9/9/2014 20:00,16.368,degC,9859185,15240,ABM
9/9/2014 21:00,16.225,degC,9859185,15240,ABM
9/9/2014 22:00,16.034,degC,9859185,15240,ABM
9/9/2014 23:00,15.819,degC,9859185,15240,ABM
9/10/2014 0:00,15.605,degC,9859185,15240,ABM
9/10/2014 1:00,15.39,degC,9859185,15240,ABM
9/10/2014 2:00,15.199,degC,9859185,15240,ABM
9/10/2014 3:00,15.031,degC,9859185,15240,ABM
9/10/2014 4:00,14.912,degC,9859185,15240,ABM
9/10/2014 5:00,14.816,degC,9859185,15240,ABM
9/10/2014 6:00,14.768,degC,9859185,15240,ABM
9/10/2014 7:00,14.768,degC,9859185,15240,ABM
9/10/2014 8:00,14.792,degC,9859185,15240,ABM
9/10/2014 9:00,14.912,degC,9859185,15240,ABM
9/10/2014 10:00,15.103,degC,9859185,15240,ABM
9/10/2014 11:00,15.557,degC,9859185,15240,ABM
9/10/2014 12:00,16.654,degC,9859185,15240,ABM
9/10/2014 13:00,17.415,degC,9859185,15240,ABM
9/10/2014 14:00,17.439,degC,9859185,15240,ABM
9/10/2014 15:00,17.058,degC,9859185,15240,ABM
9/10/2014 16:00,16.892,degC,9859185,15240,ABM
9/10/2014 17:00,16.892,degC,9859185,15240,ABM
9/10/2014 18:00,16.844,degC,9859185,15240,ABM
9/10/2014 19:00,16.63,degC,9859185,15240,ABM
9/10/2014 20:00,16.392,degC,9859185,15240,ABM
9/10/2014 21:00,16.153,degC,9859185,15240,ABM
9/10/2014 22:00,15.963,degC,9859185,15240,ABM
9/10/2014 23:00,15.772,degC,9859185,15240,ABM
9/11/2014 0:00,15.676,degC,9859185,15240,ABM
9/11/2014 1:00,15.557,degC,9859185,15240,ABM
9/11/2014 2:00,15.509,degC,9859185,15240,ABM
9/11/2014 3:00,15.461,degC,9859185,15240,ABM
9/11/2014 4:00,15.438,degC,9859185,15240,ABM
9/11/2014 5:00,15.438,degC,9859185,15240,ABM
9/11/2014 6:00,15.461,degC,9859185,15240,ABM
9/11/2014 7:00,15.509,degC,9859185,15240,ABM
9/11/2014 8:00,15.629,degC,9859185,15240,ABM
9/11/2014 9:00,15.724,degC,9859185,15240,ABM
9/11/2014 10:00,15.843,degC,9859185,15240,ABM
9/11/2014 11:00,15.939,degC,9859185,15240,ABM
9/11/2014 12:00,16.129,degC,9859185,15240,ABM
9/11/2014 13:00,16.296,degC,9859185,15240,ABM
9/11/2014 14:00,16.368,degC,9859185,15240,ABM
9/11/2014 15:00,16.582,degC,9859185,15240,ABM
9/11/2014 16:00,16.63,degC,9859185,15240,ABM
9/11/2014 17:00,16.654,degC,9859185,15240,ABM
9/11/2014 18:00,16.725,degC,9859185,15240,ABM
9/11/2014 19:00,16.677,degC,9859185,15240,ABM
9/11/2014 20:00,16.63,degC,9859185,15240,ABM
9/11/2014 21:00,16.558,degC,9859185,15240,ABM
9/11/2014 22:00,16.368,degC,9859185,15240,ABM
9/11/2014 23:00,16.153,degC,9859185,15240,ABM
9/12/2014 0:00,16.01,degC,9859185,15240,ABM
9/12/2014 1:00,15.819,degC,9859185,15240,ABM
9/12/2014 2:00,15.676,degC,9859185,15240,ABM
9/12/2014 3:00,15.557,degC,9859185,15240,ABM
9/12/2014 4:00,15.438,degC,9859185,15240,ABM
9/12/2014 5:00,15.342,degC,9859185,15240,ABM
9/12/2014 6:00,15.247,degC,9859185,15240,ABM
9/12/2014 7:00,15.175,degC,9859185,15240,ABM
9/12/2014 8:00,15.175,degC,9859185,15240,ABM
9/12/2014 9:00,15.103,degC,9859185,15240,ABM
9/12/2014 10:00,15.079,degC,9859185,15240,ABM
9/12/2014 11:00,15.629,degC,9859185,15240,ABM
9/12/2014 12:00,16.749,degC,9859185,15240,ABM
9/12/2014 13:00,17.558,degC,9859185,15240,ABM
9/12/2014 14:00,17.51,degC,9859185,15240,ABM
9/12/2014 15:00,16.939,degC,9859185,15240,ABM
9/12/2014 16:00,16.677,degC,9859185,15240,ABM
9/12/2014 17:00,16.558,degC,9859185,15240,ABM
9/12/2014 18:00,16.463,degC,9859185,15240,ABM
9/12/2014 19:00,16.225,degC,9859185,15240,ABM
9/12/2014 20:00,15.891,degC,9859185,15240,ABM
9/12/2014 21:00,15.581,degC,9859185,15240,ABM
9/12/2014 22:00,15.294,degC,9859185,15240,ABM
9/12/2014 23:00,15.031,degC,9859185,15240,ABM
9/13/2014 0:00,14.768,degC,9859185,15240,ABM
9/13/2014 1:00,14.529,degC,9859185,15240,ABM
9/13/2014 2:00,14.29,degC,9859185,15240,ABM
9/13/2014 3:00,14.074,degC,9859185,15240,ABM
9/13/2014 4:00,13.882,degC,9859185,15240,ABM
9/13/2014 5:00,13.786,degC,9859185,15240,ABM
9/13/2014 6:00,13.69,degC,9859185,15240,ABM
9/13/2014 7:00,13.618,degC,9859185,15240,ABM
9/13/2014 8:00,13.594,degC,9859185,15240,ABM
9/13/2014 9:00,13.642,degC,9859185,15240,ABM
9/13/2014 10:00,13.738,degC,9859185,15240,ABM
9/13/2014 11:00,14.026,degC,9859185,15240,ABM
9/13/2014 12:00,14.577,degC,9859185,15240,ABM
9/13/2014 13:00,14.625,degC,9859185,15240,ABM
9/13/2014 14:00,14.529,degC,9859185,15240,ABM
9/13/2014 15:00,14.505,degC,9859185,15240,ABM
9/13/2014 16:00,14.481,degC,9859185,15240,ABM
9/13/2014 17:00,14.433,degC,9859185,15240,ABM
9/13/2014 18:00,14.361,degC,9859185,15240,ABM
9/13/2014 19:00,14.29,degC,9859185,15240,ABM
9/13/2014 20:00,14.242,degC,9859185,15240,ABM
9/13/2014 21:00,14.194,degC,9859185,15240,ABM
9/13/2014 22:00,14.122,degC,9859185,15240,ABM
9/13/2014 23:00,14.05,degC,9859185,15240,ABM
9/14/2014 0:00,13.906,degC,9859185,15240,ABM
9/14/2014 1:00,13.714,degC,9859185,15240,ABM
9/14/2014 2:00,13.57,degC,9859185,15240,ABM
9/14/2014 3:00,13.401,degC,9859185,15240,ABM
9/14/2014 4:00,13.209,degC,9859185,15240,ABM
9/14/2014 5:00,13.04,degC,9859185,15240,ABM
9/14/2014 6:00,12.847,degC,9859185,15240,ABM
9/14/2014 7:00,12.654,degC,9859185,15240,ABM
9/14/2014 8:00,12.461,degC,9859185,15240,ABM
9/14/2014 9:00,12.364,degC,9859185,15240,ABM
9/14/2014 10:00,12.437,degC,9859185,15240,ABM
9/14/2014 11:00,13.112,degC,9859185,15240,ABM
9/14/2014 12:00,14.146,degC,9859185,15240,ABM
9/14/2014 13:00,14.792,degC,9859185,15240,ABM
9/14/2014 14:00,14.721,degC,9859185,15240,ABM
9/14/2014 15:00,14.314,degC,9859185,15240,ABM
9/14/2014 16:00,14.242,degC,9859185,15240,ABM
9/14/2014 17:00,14.242,degC,9859185,15240,ABM
9/14/2014 18:00,14.098,degC,9859185,15240,ABM
9/14/2014 19:00,13.834,degC,9859185,15240,ABM
9/14/2014 20:00,13.57,degC,9859185,15240,ABM
9/14/2014 21:00,13.329,degC,9859185,15240,ABM
9/14/2014 22:00,13.112,degC,9859185,15240,ABM
9/14/2014 23:00,12.896,degC,9859185,15240,ABM
9/15/2014 0:00,12.678,degC,9859185,15240,ABM
9/15/2014 1:00,12.461,degC,9859185,15240,ABM
9/15/2014 2:00,12.34,degC,9859185,15240,ABM
9/15/2014 3:00,12.171,degC,9859185,15240,ABM
9/15/2014 4:00,12.001,degC,9859185,15240,ABM
9/15/2014 5:00,11.88,degC,9859185,15240,ABM
9/15/2014 6:00,11.783,degC,9859185,15240,ABM
9/15/2014 7:00,11.71,degC,9859185,15240,ABM
9/15/2014 8:00,11.613,degC,9859185,15240,ABM
9/15/2014 9:00,11.565,degC,9859185,15240,ABM
9/15/2014 10:00,11.734,degC,9859185,15240,ABM
9/15/2014 11:00,12.292,degC,9859185,15240,ABM
9/15/2014 12:00,13.209,degC,9859185,15240,ABM
9/15/2014 13:00,13.858,degC,9859185,15240,ABM
9/15/2014 14:00,13.786,degC,9859185,15240,ABM
9/15/2014 15:00,13.449,degC,9859185,15240,ABM
9/15/2014 16:00,13.377,degC,9859185,15240,ABM
9/15/2014 17:00,13.377,degC,9859185,15240,ABM
9/15/2014 18:00,13.257,degC,9859185,15240,ABM
9/15/2014 19:00,13.016,degC,9859185,15240,ABM
9/15/2014 20:00,12.799,degC,9859185,15240,ABM
9/15/2014 21:00,12.654,degC,9859185,15240,ABM
9/15/2014 22:00,12.534,degC,9859185,15240,ABM
9/15/2014 23:00,12.413,degC,9859185,15240,ABM
9/16/2014 0:00,12.34,degC,9859185,15240,ABM
9/16/2014 1:00,12.268,degC,9859185,15240,ABM
9/16/2014 2:00,12.195,degC,9859185,15240,ABM
9/16/2014 3:00,12.147,degC,9859185,15240,ABM
9/16/2014 4:00,12.098,degC,9859185,15240,ABM
9/16/2014 5:00,12.05,degC,9859185,15240,ABM
9/16/2014 6:00,12.001,degC,9859185,15240,ABM
9/16/2014 7:00,11.977,degC,9859185,15240,ABM
9/16/2014 8:00,11.977,degC,9859185,15240,ABM
9/16/2014 9:00,11.977,degC,9859185,15240,ABM
9/16/2014 10:00,12.05,degC,9859185,15240,ABM
9/16/2014 11:00,12.219,degC,9859185,15240,ABM
9/16/2014 12:00,12.509,degC,9859185,15240,ABM
9/16/2014 13:00,13.497,degC,9859185,15240,ABM
9/16/2014 14:00,13.858,degC,9859185,15240,ABM
9/16/2014 15:00,13.666,degC,9859185,15240,ABM
9/16/2014 16:00,13.69,degC,9859185,15240,ABM
9/16/2014 17:00,13.81,degC,9859185,15240,ABM
9/16/2014 18:00,13.762,degC,9859185,15240,ABM
9/16/2014 19:00,13.666,degC,9859185,15240,ABM
9/16/2014 20:00,13.497,degC,9859185,15240,ABM
9/16/2014 21:00,13.329,degC,9859185,15240,ABM
9/16/2014 22:00,13.137,degC,9859185,15240,ABM
9/16/2014 23:00,12.968,degC,9859185,15240,ABM
9/17/2014 0:00,12.799,degC,9859185,15240,ABM
9/17/2014 1:00,12.606,degC,9859185,15240,ABM
9/17/2014 2:00,12.437,degC,9859185,15240,ABM
9/17/2014 3:00,12.243,degC,9859185,15240,ABM
9/17/2014 4:00,12.074,degC,9859185,15240,ABM
9/17/2014 5:00,11.88,degC,9859185,15240,ABM
9/17/2014 6:00,11.686,degC,9859185,15240,ABM
9/17/2014 7:00,11.516,degC,9859185,15240,ABM
9/17/2014 8:00,11.37,degC,9859185,15240,ABM
9/17/2014 9:00,11.297,degC,9859185,15240,ABM
9/17/2014 10:00,11.419,degC,9859185,15240,ABM
9/17/2014 11:00,12.098,degC,9859185,15240,ABM
9/17/2014 12:00,13.305,degC,9859185,15240,ABM
9/17/2014 13:00,14.05,degC,9859185,15240,ABM
9/17/2014 14:00,13.954,degC,9859185,15240,ABM
9/17/2014 15:00,13.618,degC,9859185,15240,ABM
9/17/2014 16:00,13.473,degC,9859185,15240,ABM
9/17/2014 17:00,13.522,degC,9859185,15240,ABM
9/17/2014 18:00,13.449,degC,9859185,15240,ABM
9/17/2014 19:00,13.257,degC,9859185,15240,ABM
9/17/2014 20:00,13.016,degC,9859185,15240,ABM
9/17/2014 21:00,12.775,degC,9859185,15240,ABM
9/17/2014 22:00,12.582,degC,9859185,15240,ABM
9/17/2014 23:00,12.364,degC,9859185,15240,ABM
9/18/2014 0:00,12.171,degC,9859185,15240,ABM
9/18/2014 1:00,11.977,degC,9859185,15240,ABM
9/18/2014 2:00,11.807,degC,9859185,15240,ABM
9/18/2014 3:00,11.637,degC,9859185,15240,ABM
9/18/2014 4:00,11.467,degC,9859185,15240,ABM
9/18/2014 5:00,11.297,degC,9859185,15240,ABM
9/18/2014 6:00,11.127,degC,9859185,15240,ABM
9/18/2014 7:00,10.98,degC,9859185,15240,ABM
9/18/2014 8:00,10.858,degC,9859185,15240,ABM
9/18/2014 9:00,10.834,degC,9859185,15240,ABM
9/18/2014 10:00,10.98,degC,9859185,15240,ABM
9/18/2014 11:00,11.734,degC,9859185,15240,ABM
9/18/2014 12:00,12.896,degC,9859185,15240,ABM
9/18/2014 13:00,13.594,degC,9859185,15240,ABM
9/18/2014 14:00,13.353,degC,9859185,15240,ABM
9/18/2014 15:00,13.233,degC,9859185,15240,ABM
9/18/2014 16:00,13.329,degC,9859185,15240,ABM
9/18/2014 17:00,13.329,degC,9859185,15240,ABM
9/18/2014 18:00,13.281,degC,9859185,15240,ABM
9/18/2014 19:00,13.088,degC,9859185,15240,ABM
9/18/2014 20:00,12.871,degC,9859185,15240,ABM
9/18/2014 21:00,12.703,degC,9859185,15240,ABM
9/18/2014 22:00,12.558,degC,9859185,15240,ABM
9/18/2014 23:00,12.437,degC,9859185,15240,ABM
9/19/2014 0:00,12.316,degC,9859185,15240,ABM
9/19/2014 1:00,12.195,degC,9859185,15240,ABM
9/19/2014 2:00,12.05,degC,9859185,15240,ABM
9/19/2014 3:00,11.904,degC,9859185,15240,ABM
9/19/2014 4:00,11.734,degC,9859185,15240,ABM
9/19/2014 5:00,11.516,degC,9859185,15240,ABM
9/19/2014 6:00,11.297,degC,9859185,15240,ABM
9/19/2014 7:00,11.078,degC,9859185,15240,ABM
9/19/2014 8:00,10.883,degC,9859185,15240,ABM
9/19/2014 9:00,10.785,degC,9859185,15240,ABM
9/19/2014 10:00,10.81,degC,9859185,15240,ABM
9/19/2014 11:00,11.321,degC,9859185,15240,ABM
9/19/2014 12:00,12.509,degC,9859185,15240,ABM
9/19/2014 13:00,13.329,degC,9859185,15240,ABM
9/19/2014 14:00,13.04,degC,9859185,15240,ABM
9/19/2014 15:00,12.509,degC,9859185,15240,ABM
9/19/2014 16:00,12.171,degC,9859185,15240,ABM
9/19/2014 17:00,12.025,degC,9859185,15240,ABM
9/19/2014 18:00,11.977,degC,9859185,15240,ABM
9/19/2014 19:00,11.783,degC,9859185,15240,ABM
9/19/2014 20:00,11.54,degC,9859185,15240,ABM
9/19/2014 21:00,11.248,degC,9859185,15240,ABM
9/19/2014 22:00,10.98,degC,9859185,15240,ABM
9/19/2014 23:00,10.736,degC,9859185,15240,ABM
9/20/2014 0:00,10.492,degC,9859185,15240,ABM
9/20/2014 1:00,10.271,degC,9859185,15240,ABM
9/20/2014 2:00,10.1,degC,9859185,15240,ABM
9/20/2014 3:00,10.001,degC,9859185,15240,ABM
9/20/2014 4:00,9.952,degC,9859185,15240,ABM
9/20/2014 5:00,9.879,degC,9859185,15240,ABM
9/20/2014 6:00,9.879,degC,9859185,15240,ABM
9/20/2014 7:00,9.805,degC,9859185,15240,ABM
9/20/2014 8:00,9.78,degC,9859185,15240,ABM
9/20/2014 9:00,9.854,degC,9859185,15240,ABM
9/20/2014 10:00,10.124,degC,9859185,15240,ABM
9/20/2014 11:00,10.638,degC,9859185,15240,ABM
9/20/2014 12:00,11.565,degC,9859185,15240,ABM
9/20/2014 13:00,12.195,degC,9859185,15240,ABM
9/20/2014 14:00,12.34,degC,9859185,15240,ABM
9/20/2014 15:00,12.364,degC,9859185,15240,ABM
9/20/2014 16:00,12.461,degC,9859185,15240,ABM
9/20/2014 17:00,12.509,degC,9859185,15240,ABM
9/20/2014 18:00,12.558,degC,9859185,15240,ABM
9/20/2014 19:00,12.534,degC,9859185,15240,ABM
9/20/2014 20:00,12.437,degC,9859185,15240,ABM
9/20/2014 21:00,12.292,degC,9859185,15240,ABM
9/20/2014 22:00,12.171,degC,9859185,15240,ABM
9/20/2014 23:00,12.122,degC,9859185,15240,ABM
9/21/2014 0:00,12.098,degC,9859185,15240,ABM
9/21/2014 1:00,12.074,degC,9859185,15240,ABM
9/21/2014 2:00,12.05,degC,9859185,15240,ABM
9/21/2014 3:00,12.074,degC,9859185,15240,ABM
9/21/2014 4:00,12.074,degC,9859185,15240,ABM
9/21/2014 5:00,12.098,degC,9859185,15240,ABM
9/21/2014 6:00,12.147,degC,9859185,15240,ABM
9/21/2014 7:00,12.171,degC,9859185,15240,ABM
9/21/2014 8:00,12.243,degC,9859185,15240,ABM
9/21/2014 9:00,12.364,degC,9859185,15240,ABM
9/21/2014 10:00,12.509,degC,9859185,15240,ABM
9/21/2014 11:00,12.703,degC,9859185,15240,ABM
9/21/2014 12:00,12.944,degC,9859185,15240,ABM
9/21/2014 13:00,13.161,degC,9859185,15240,ABM
9/21/2014 14:00,13.522,degC,9859185,15240,ABM
9/21/2014 15:00,13.882,degC,9859185,15240,ABM
9/21/2014 16:00,14.146,degC,9859185,15240,ABM
9/21/2014 17:00,14.218,degC,9859185,15240,ABM
9/21/2014 18:00,14.218,degC,9859185,15240,ABM
9/21/2014 19:00,14.146,degC,9859185,15240,ABM
9/21/2014 20:00,14.098,degC,9859185,15240,ABM
9/21/2014 21:00,14.05,degC,9859185,15240,ABM
9/21/2014 22:00,14.002,degC,9859185,15240,ABM
9/21/2014 23:00,13.978,degC,9859185,15240,ABM
9/22/2014 0:00,13.93,degC,9859185,15240,ABM
9/22/2014 1:00,13.906,degC,9859185,15240,ABM
9/22/2014 2:00,13.882,degC,9859185,15240,ABM
9/22/2014 3:00,13.834,degC,9859185,15240,ABM
9/22/2014 4:00,13.714,degC,9859185,15240,ABM
9/22/2014 5:00,13.594,degC,9859185,15240,ABM
9/22/2014 6:00,13.473,degC,9859185,15240,ABM
9/22/2014 7:00,13.353,degC,9859185,15240,ABM
9/22/2014 8:00,13.257,degC,9859185,15240,ABM
9/22/2014 9:00,13.281,degC,9859185,15240,ABM
9/22/2014 10:00,13.425,degC,9859185,15240,ABM
9/22/2014 11:00,13.906,degC,9859185,15240,ABM
9/22/2014 12:00,15.055,degC,9859185,15240,ABM
9/22/2014 13:00,15.629,degC,9859185,15240,ABM
9/22/2014 14:00,15.414,degC,9859185,15240,ABM
9/22/2014 15:00,14.912,degC,9859185,15240,ABM
9/22/2014 16:00,14.577,degC,9859185,15240,ABM
9/22/2014 17:00,14.361,degC,9859185,15240,ABM
9/22/2014 18:00,14.194,degC,9859185,15240,ABM
9/22/2014 19:00,13.954,degC,9859185,15240,ABM
9/22/2014 20:00,13.666,degC,9859185,15240,ABM
9/22/2014 21:00,13.353,degC,9859185,15240,ABM
9/22/2014 22:00,13.04,degC,9859185,15240,ABM
9/22/2014 23:00,12.847,degC,9859185,15240,ABM
9/23/2014 0:00,12.654,degC,9859185,15240,ABM
9/23/2014 1:00,12.461,degC,9859185,15240,ABM
9/23/2014 2:00,12.268,degC,9859185,15240,ABM
9/23/2014 3:00,12.074,degC,9859185,15240,ABM
9/23/2014 4:00,11.856,degC,9859185,15240,ABM
9/23/2014 5:00,11.637,degC,9859185,15240,ABM
9/23/2014 6:00,11.419,degC,9859185,15240,ABM
9/23/2014 7:00,11.2,degC,9859185,15240,ABM
9/23/2014 8:00,11.029,degC,9859185,15240,ABM
9/23/2014 9:00,10.956,degC,9859185,15240,ABM
9/23/2014 10:00,11.029,degC,9859185,15240,ABM
9/23/2014 11:00,11.589,degC,9859185,15240,ABM
9/23/2014 12:00,12.92,degC,9859185,15240,ABM
9/23/2014 13:00,13.906,degC,9859185,15240,ABM
9/23/2014 14:00,13.762,degC,9859185,15240,ABM
9/23/2014 15:00,13.329,degC,9859185,15240,ABM
9/23/2014 16:00,13.064,degC,9859185,15240,ABM
9/23/2014 17:00,12.968,degC,9859185,15240,ABM
9/23/2014 18:00,12.944,degC,9859185,15240,ABM
9/23/2014 19:00,12.92,degC,9859185,15240,ABM
9/23/2014 20:00,12.823,degC,9859185,15240,ABM
9/23/2014 21:00,12.703,degC,9859185,15240,ABM
9/23/2014 22:00,12.534,degC,9859185,15240,ABM
9/23/2014 23:00,12.461,degC,9859185,15240,ABM
9/24/2014 0:00,12.389,degC,9859185,15240,ABM
9/24/2014 1:00,12.243,degC,9859185,15240,ABM
9/24/2014 2:00,12.098,degC,9859185,15240,ABM
9/24/2014 3:00,11.953,degC,9859185,15240,ABM
9/24/2014 4:00,11.807,degC,9859185,15240,ABM
9/24/2014 5:00,11.662,degC,9859185,15240,ABM
9/24/2014 6:00,11.54,degC,9859185,15240,ABM
9/24/2014 7:00,11.394,degC,9859185,15240,ABM
9/24/2014 8:00,11.273,degC,9859185,15240,ABM
9/24/2014 9:00,11.248,degC,9859185,15240,ABM
9/24/2014 10:00,11.37,degC,9859185,15240,ABM
9/24/2014 11:00,11.88,degC,9859185,15240,ABM
9/24/2014 12:00,12.968,degC,9859185,15240,ABM
9/24/2014 13:00,13.762,degC,9859185,15240,ABM
9/24/2014 14:00,13.714,degC,9859185,15240,ABM
9/24/2014 15:00,13.57,degC,9859185,15240,ABM
9/24/2014 16:00,13.449,degC,9859185,15240,ABM
9/24/2014 17:00,13.377,degC,9859185,15240,ABM
9/24/2014 18:00,13.329,degC,9859185,15240,ABM
9/24/2014 19:00,13.257,degC,9859185,15240,ABM
9/24/2014 20:00,13.161,degC,9859185,15240,ABM
9/24/2014 21:00,13.112,degC,9859185,15240,ABM
9/24/2014 22:00,13.016,degC,9859185,15240,ABM
9/24/2014 23:00,12.871,degC,9859185,15240,ABM
9/25/2014 0:00,12.775,degC,9859185,15240,ABM
9/25/2014 1:00,12.727,degC,9859185,15240,ABM
9/25/2014 2:00,12.654,degC,9859185,15240,ABM
9/25/2014 3:00,12.582,degC,9859185,15240,ABM
9/25/2014 4:00,12.509,degC,9859185,15240,ABM
9/25/2014 5:00,12.437,degC,9859185,15240,ABM
9/25/2014 6:00,12.389,degC,9859185,15240,ABM
9/25/2014 7:00,12.364,degC,9859185,15240,ABM
9/25/2014 8:00,12.34,degC,9859185,15240,ABM
9/25/2014 9:00,12.413,degC,9859185,15240,ABM
9/25/2014 10:00,12.534,degC,9859185,15240,ABM
9/25/2014 11:00,12.823,degC,9859185,15240,ABM
9/25/2014 12:00,13.088,degC,9859185,15240,ABM
9/25/2014 13:00,13.161,degC,9859185,15240,ABM
9/25/2014 14:00,13.233,degC,9859185,15240,ABM
9/25/2014 15:00,13.281,degC,9859185,15240,ABM
9/25/2014 16:00,13.401,degC,9859185,15240,ABM
9/25/2014 17:00,13.401,degC,9859185,15240,ABM
9/25/2014 18:00,13.353,degC,9859185,15240,ABM
9/25/2014 19:00,13.281,degC,9859185,15240,ABM
9/25/2014 20:00,13.209,degC,9859185,15240,ABM
9/25/2014 21:00,13.137,degC,9859185,15240,ABM
9/25/2014 22:00,13.064,degC,9859185,15240,ABM
9/25/2014 23:00,12.968,degC,9859185,15240,ABM
9/26/2014 0:00,12.847,degC,9859185,15240,ABM
9/26/2014 1:00,12.775,degC,9859185,15240,ABM
9/26/2014 2:00,12.727,degC,9859185,15240,ABM
9/26/2014 3:00,12.63,degC,9859185,15240,ABM
9/26/2014 4:00,12.558,degC,9859185,15240,ABM
9/26/2014 5:00,12.461,degC,9859185,15240,ABM
9/26/2014 6:00,12.364,degC,9859185,15240,ABM
9/26/2014 7:00,12.243,degC,9859185,15240,ABM
9/26/2014 8:00,12.122,degC,9859185,15240,ABM
9/26/2014 9:00,12.098,degC,9859185,15240,ABM
9/26/2014 10:00,12.219,degC,9859185,15240,ABM
9/26/2014 11:00,12.799,degC,9859185,15240,ABM
9/26/2014 12:00,14.242,degC,9859185,15240,ABM
9/26/2014 13:00,15.223,degC,9859185,15240,ABM
9/26/2014 14:00,15.008,degC,9859185,15240,ABM
9/26/2014 15:00,14.601,degC,9859185,15240,ABM
9/26/2014 16:00,14.337,degC,9859185,15240,ABM
9/26/2014 17:00,14.242,degC,9859185,15240,ABM
9/26/2014 18:00,14.218,degC,9859185,15240,ABM
9/26/2014 19:00,14.194,degC,9859185,15240,ABM
9/26/2014 20:00,14.098,degC,9859185,15240,ABM
9/26/2014 21:00,13.978,degC,9859185,15240,ABM
9/26/2014 22:00,13.81,degC,9859185,15240,ABM
9/26/2014 23:00,13.642,degC,9859185,15240,ABM
9/27/2014 0:00,13.449,degC,9859185,15240,ABM
9/27/2014 1:00,13.281,degC,9859185,15240,ABM
9/27/2014 2:00,13.137,degC,9859185,15240,ABM
9/27/2014 3:00,12.968,degC,9859185,15240,ABM
9/27/2014 4:00,12.823,degC,9859185,15240,ABM
9/27/2014 5:00,12.678,degC,9859185,15240,ABM
9/27/2014 6:00,12.534,degC,9859185,15240,ABM
9/27/2014 7:00,12.413,degC,9859185,15240,ABM
9/27/2014 8:00,12.316,degC,9859185,15240,ABM
9/27/2014 9:00,12.292,degC,9859185,15240,ABM
9/27/2014 10:00,12.389,degC,9859185,15240,ABM
9/27/2014 11:00,12.944,degC,9859185,15240,ABM
9/27/2014 12:00,14.409,degC,9859185,15240,ABM
9/27/2014 13:00,15.438,degC,9859185,15240,ABM
9/27/2014 14:00,15.342,degC,9859185,15240,ABM
9/27/2014 15:00,15.008,degC,9859185,15240,ABM
9/27/2014 16:00,14.792,degC,9859185,15240,ABM
9/27/2014 17:00,14.768,degC,9859185,15240,ABM
9/27/2014 18:00,14.792,degC,9859185,15240,ABM
9/27/2014 19:00,14.792,degC,9859185,15240,ABM
9/27/2014 20:00,14.721,degC,9859185,15240,ABM
9/27/2014 21:00,14.625,degC,9859185,15240,ABM
9/27/2014 22:00,14.529,degC,9859185,15240,ABM
9/27/2014 23:00,14.409,degC,9859185,15240,ABM
9/28/2014 0:00,14.29,degC,9859185,15240,ABM
9/28/2014 1:00,14.146,degC,9859185,15240,ABM
9/28/2014 2:00,14.026,degC,9859185,15240,ABM
9/28/2014 3:00,13.906,degC,9859185,15240,ABM
9/28/2014 4:00,13.786,degC,9859185,15240,ABM
9/28/2014 5:00,13.666,degC,9859185,15240,ABM
9/28/2014 6:00,13.546,degC,9859185,15240,ABM
9/28/2014 7:00,13.425,degC,9859185,15240,ABM
9/28/2014 8:00,13.353,degC,9859185,15240,ABM
9/28/2014 9:00,13.329,degC,9859185,15240,ABM
9/28/2014 10:00,13.401,degC,9859185,15240,ABM
9/28/2014 11:00,13.906,degC,9859185,15240,ABM
9/28/2014 12:00,15.39,degC,9859185,15240,ABM
9/28/2014 13:00,16.392,degC,9859185,15240,ABM
9/28/2014 14:00,16.201,degC,9859185,15240,ABM
9/28/2014 15:00,15.963,degC,9859185,15240,ABM
9/28/2014 16:00,15.772,degC,9859185,15240,ABM
9/28/2014 17:00,15.7,degC,9859185,15240,ABM
9/28/2014 18:00,15.629,degC,9859185,15240,ABM
9/28/2014 19:00,15.581,degC,9859185,15240,ABM
9/28/2014 20:00,15.509,degC,9859185,15240,ABM
9/28/2014 21:00,15.39,degC,9859185,15240,ABM
9/28/2014 22:00,15.27,degC,9859185,15240,ABM
9/28/2014 23:00,15.127,degC,9859185,15240,ABM
9/29/2014 0:00,14.984,degC,9859185,15240,ABM
9/29/2014 1:00,14.84,degC,9859185,15240,ABM
9/29/2014 2:00,14.697,degC,9859185,15240,ABM
9/29/2014 3:00,14.577,degC,9859185,15240,ABM
9/29/2014 4:00,14.481,degC,9859185,15240,ABM
9/29/2014 5:00,14.385,degC,9859185,15240,ABM
9/29/2014 6:00,14.29,degC,9859185,15240,ABM
9/29/2014 7:00,14.218,degC,9859185,15240,ABM
9/29/2014 8:00,14.122,degC,9859185,15240,ABM
9/29/2014 9:00,14.146,degC,9859185,15240,ABM
9/29/2014 10:00,14.29,degC,9859185,15240,ABM
9/29/2014 11:00,14.601,degC,9859185,15240,ABM
9/29/2014 12:00,15.318,degC,9859185,15240,ABM
9/29/2014 13:00,16.106,degC,9859185,15240,ABM
9/29/2014 14:00,16.177,degC,9859185,15240,ABM
9/29/2014 15:00,16.201,degC,9859185,15240,ABM
9/29/2014 16:00,16.129,degC,9859185,15240,ABM
9/29/2014 17:00,16.01,degC,9859185,15240,ABM
9/29/2014 18:00,15.963,degC,9859185,15240,ABM
9/29/2014 19:00,15.915,degC,9859185,15240,ABM
9/29/2014 20:00,15.819,degC,9859185,15240,ABM
9/29/2014 21:00,15.748,degC,9859185,15240,ABM
9/29/2014 22:00,15.676,degC,9859185,15240,ABM
9/29/2014 23:00,15.605,degC,9859185,15240,ABM
9/30/2014 0:00,15.557,degC,9859185,15240,ABM
9/30/2014 1:00,15.461,degC,9859185,15240,ABM
9/30/2014 2:00,15.39,degC,9859185,15240,ABM
9/30/2014 3:00,15.294,degC,9859185,15240,ABM
9/30/2014 4:00,15.175,degC,9859185,15240,ABM
9/30/2014 5:00,15.079,degC,9859185,15240,ABM
9/30/2014 6:00,15.008,degC,9859185,15240,ABM
9/30/2014 7:00,14.912,degC,9859185,15240,ABM
9/30/2014 8:00,14.84,degC,9859185,15240,ABM
9/30/2014 9:00,14.792,degC,9859185,15240,ABM
9/30/2014 10:00,14.745,degC,9859185,15240,ABM
9/30/2014 11:00,14.721,degC,9859185,15240,ABM
9/30/2014 12:00,14.768,degC,9859185,15240,ABM
9/30/2014 13:00,14.888,degC,9859185,15240,ABM
9/30/2014 14:00,15.008,degC,9859185,15240,ABM
9/30/2014 15:00,15.055,degC,9859185,15240,ABM
9/30/2014 16:00,15.055,degC,9859185,15240,ABM
9/30/2014 17:00,14.984,degC,9859185,15240,ABM
9/30/2014 18:00,14.912,degC,9859185,15240,ABM
9/30/2014 19:00,14.864,degC,9859185,15240,ABM
9/30/2014 20:00,14.816,degC,9859185,15240,ABM
9/30/2014 21:00,14.745,degC,9859185,15240,ABM
9/30/2014 22:00,14.697,degC,9859185,15240,ABM
9/30/2014 23:00,14.673,degC,9859185,15240,ABM
10/1/2014 0:00,14.625,degC,9859185,15240,ABM
10/1/2014 1:00,14.577,degC,9859185,15240,ABM
10/1/2014 2:00,14.553,degC,9859185,15240,ABM
10/1/2014 3:00,14.505,degC,9859185,15240,ABM
10/1/2014 4:00,14.457,degC,9859185,15240,ABM
10/1/2014 5:00,14.433,degC,9859185,15240,ABM
10/1/2014 6:00,14.385,degC,9859185,15240,ABM
10/1/2014 7:00,14.337,degC,9859185,15240,ABM
10/1/2014 8:00,14.314,degC,9859185,15240,ABM
10/1/2014 9:00,14.29,degC,9859185,15240,ABM
10/1/2014 10:00,14.29,degC,9859185,15240,ABM
10/1/2014 11:00,14.361,degC,9859185,15240,ABM
10/1/2014 12:00,14.505,degC,9859185,15240,ABM
10/1/2014 13:00,14.601,degC,9859185,15240,ABM
10/1/2014 14:00,14.625,degC,9859185,15240,ABM
10/1/2014 15:00,14.673,degC,9859185,15240,ABM
10/1/2014 16:00,14.649,degC,9859185,15240,ABM
10/1/2014 17:00,14.625,degC,9859185,15240,ABM
10/1/2014 18:00,14.577,degC,9859185,15240,ABM
10/1/2014 19:00,14.505,degC,9859185,15240,ABM
10/1/2014 20:00,14.433,degC,9859185,15240,ABM
10/1/2014 21:00,14.361,degC,9859185,15240,ABM
10/1/2014 22:00,14.314,degC,9859185,15240,ABM
10/1/2014 23:00,14.242,degC,9859185,15240,ABM
10/2/2014 0:00,14.194,degC,9859185,15240,ABM
10/2/2014 1:00,14.122,degC,9859185,15240,ABM
10/2/2014 2:00,14.074,degC,9859185,15240,ABM
10/2/2014 3:00,14.026,degC,9859185,15240,ABM
10/2/2014 4:00,13.954,degC,9859185,15240,ABM
10/2/2014 5:00,13.906,degC,9859185,15240,ABM
10/2/2014 6:00,13.882,degC,9859185,15240,ABM
10/2/2014 7:00,13.834,degC,9859185,15240,ABM
10/2/2014 8:00,13.81,degC,9859185,15240,ABM
10/2/2014 9:00,13.786,degC,9859185,15240,ABM
10/2/2014 10:00,13.81,degC,9859185,15240,ABM
10/2/2014 11:00,13.93,degC,9859185,15240,ABM
10/2/2014 12:00,14.361,degC,9859185,15240,ABM
10/2/2014 13:00,14.673,degC,9859185,15240,ABM
10/2/2014 14:00,14.673,degC,9859185,15240,ABM
10/2/2014 15:00,14.721,degC,9859185,15240,ABM
10/2/2014 16:00,14.745,degC,9859185,15240,ABM
10/2/2014 17:00,14.721,degC,9859185,15240,ABM
10/2/2014 18:00,14.601,degC,9859185,15240,ABM
10/2/2014 19:00,14.433,degC,9859185,15240,ABM
10/2/2014 20:00,14.266,degC,9859185,15240,ABM
10/2/2014 21:00,14.146,degC,9859185,15240,ABM
10/2/2014 22:00,14.05,degC,9859185,15240,ABM
10/2/2014 23:00,13.978,degC,9859185,15240,ABM
10/3/2014 0:00,13.906,degC,9859185,15240,ABM
10/3/2014 1:00,13.738,degC,9859185,15240,ABM
10/3/2014 2:00,13.57,degC,9859185,15240,ABM
10/3/2014 3:00,13.377,degC,9859185,15240,ABM
10/3/2014 4:00,13.161,degC,9859185,15240,ABM
10/3/2014 5:00,12.968,degC,9859185,15240,ABM
10/3/2014 6:00,12.751,degC,9859185,15240,ABM
10/3/2014 7:00,12.558,degC,9859185,15240,ABM
10/3/2014 8:00,12.389,degC,9859185,15240,ABM
10/3/2014 9:00,12.292,degC,9859185,15240,ABM
10/3/2014 10:00,12.413,degC,9859185,15240,ABM
10/3/2014 11:00,13.04,degC,9859185,15240,ABM
10/3/2014 12:00,13.978,degC,9859185,15240,ABM
10/3/2014 13:00,14.361,degC,9859185,15240,ABM
10/3/2014 14:00,13.954,degC,9859185,15240,ABM
10/3/2014 15:00,13.738,degC,9859185,15240,ABM
10/3/2014 16:00,13.786,degC,9859185,15240,ABM
10/3/2014 17:00,13.834,degC,9859185,15240,ABM
10/3/2014 18:00,13.738,degC,9859185,15240,ABM
10/3/2014 19:00,13.522,degC,9859185,15240,ABM
10/3/2014 20:00,13.329,degC,9859185,15240,ABM
10/3/2014 21:00,13.161,degC,9859185,15240,ABM
10/3/2014 22:00,13.112,degC,9859185,15240,ABM
10/3/2014 23:00,13.064,degC,9859185,15240,ABM
10/4/2014 0:00,13.04,degC,9859185,15240,ABM
10/4/2014 1:00,13.016,degC,9859185,15240,ABM
10/4/2014 2:00,12.968,degC,9859185,15240,ABM
10/4/2014 3:00,12.944,degC,9859185,15240,ABM
10/4/2014 4:00,12.92,degC,9859185,15240,ABM
10/4/2014 5:00,12.896,degC,9859185,15240,ABM
10/4/2014 6:00,12.847,degC,9859185,15240,ABM
10/4/2014 7:00,12.823,degC,9859185,15240,ABM
10/4/2014 8:00,12.799,degC,9859185,15240,ABM
10/4/2014 9:00,12.799,degC,9859185,15240,ABM
10/4/2014 10:00,12.799,degC,9859185,15240,ABM
10/4/2014 11:00,12.823,degC,9859185,15240,ABM
10/4/2014 12:00,12.847,degC,9859185,15240,ABM
10/4/2014 13:00,12.847,degC,9859185,15240,ABM
10/4/2014 14:00,12.944,degC,9859185,15240,ABM
10/4/2014 15:00,12.968,degC,9859185,15240,ABM
10/4/2014 16:00,13.04,degC,9859185,15240,ABM
10/4/2014 17:00,13.088,degC,9859185,15240,ABM
10/4/2014 18:00,13.088,degC,9859185,15240,ABM
10/4/2014 19:00,13.088,degC,9859185,15240,ABM
10/4/2014 20:00,13.04,degC,9859185,15240,ABM
10/4/2014 21:00,13.016,degC,9859185,15240,ABM
10/4/2014 22:00,12.968,degC,9859185,15240,ABM
10/4/2014 23:00,12.92,degC,9859185,15240,ABM
10/5/2014 0:00,12.775,degC,9859185,15240,ABM
10/5/2014 1:00,12.606,degC,9859185,15240,ABM
10/5/2014 2:00,12.437,degC,9859185,15240,ABM
10/5/2014 3:00,12.243,degC,9859185,15240,ABM
10/5/2014 4:00,12.025,degC,9859185,15240,ABM
10/5/2014 5:00,11.807,degC,9859185,15240,ABM
10/5/2014 6:00,11.589,degC,9859185,15240,ABM
10/5/2014 7:00,11.394,degC,9859185,15240,ABM
10/5/2014 8:00,11.175,degC,9859185,15240,ABM
10/5/2014 9:00,11.053,degC,9859185,15240,ABM
10/5/2014 10:00,11.102,degC,9859185,15240,ABM
10/5/2014 11:00,11.321,degC,9859185,15240,ABM
10/5/2014 12:00,11.54,degC,9859185,15240,ABM
10/5/2014 13:00,11.686,degC,9859185,15240,ABM
10/5/2014 14:00,11.637,degC,9859185,15240,ABM
10/5/2014 15:00,11.637,degC,9859185,15240,ABM
10/5/2014 16:00,11.54,degC,9859185,15240,ABM
10/5/2014 17:00,11.419,degC,9859185,15240,ABM
10/5/2014 18:00,11.273,degC,9859185,15240,ABM
10/5/2014 19:00,11.078,degC,9859185,15240,ABM
10/5/2014 20:00,10.883,degC,9859185,15240,ABM
10/5/2014 21:00,10.736,degC,9859185,15240,ABM
10/5/2014 22:00,10.565,degC,9859185,15240,ABM
10/5/2014 23:00,10.394,degC,9859185,15240,ABM
10/6/2014 0:00,10.173,degC,9859185,15240,ABM
10/6/2014 1:00,9.977,degC,9859185,15240,ABM
10/6/2014 2:00,9.78,degC,9859185,15240,ABM
10/6/2014 3:00,9.583,degC,9859185,15240,ABM
10/6/2014 4:00,9.386,degC,9859185,15240,ABM
10/6/2014 5:00,9.213,degC,9859185,15240,ABM
10/6/2014 6:00,9.04,degC,9859185,15240,ABM
10/6/2014 7:00,8.866,degC,9859185,15240,ABM
10/6/2014 8:00,8.693,degC,9859185,15240,ABM
10/6/2014 9:00,8.643,degC,9859185,15240,ABM
10/6/2014 10:00,8.817,degC,9859185,15240,ABM
10/6/2014 11:00,9.361,degC,9859185,15240,ABM
10/6/2014 12:00,9.952,degC,9859185,15240,ABM
10/6/2014 13:00,10.32,degC,9859185,15240,ABM
10/6/2014 14:00,10.418,degC,9859185,15240,ABM
10/6/2014 15:00,10.59,degC,9859185,15240,ABM
10/6/2014 16:00,10.638,degC,9859185,15240,ABM
10/6/2014 17:00,10.638,degC,9859185,15240,ABM
10/6/2014 18:00,10.614,degC,9859185,15240,ABM
10/6/2014 19:00,10.541,degC,9859185,15240,ABM
10/6/2014 20:00,10.492,degC,9859185,15240,ABM
10/6/2014 21:00,10.418,degC,9859185,15240,ABM
10/6/2014 22:00,10.345,degC,9859185,15240,ABM
10/6/2014 23:00,10.271,degC,9859185,15240,ABM
10/7/2014 0:00,10.222,degC,9859185,15240,ABM
10/7/2014 1:00,10.198,degC,9859185,15240,ABM
10/7/2014 2:00,10.222,degC,9859185,15240,ABM
10/7/2014 3:00,10.222,degC,9859185,15240,ABM
10/7/2014 4:00,10.247,degC,9859185,15240,ABM
10/7/2014 5:00,10.296,degC,9859185,15240,ABM
10/7/2014 6:00,10.369,degC,9859185,15240,ABM
10/7/2014 7:00,10.418,degC,9859185,15240,ABM
10/7/2014 8:00,10.492,degC,9859185,15240,ABM
10/7/2014 9:00,10.614,degC,9859185,15240,ABM
10/7/2014 10:00,10.736,degC,9859185,15240,ABM
10/7/2014 11:00,10.883,degC,9859185,15240,ABM
10/7/2014 12:00,11.151,degC,9859185,15240,ABM
10/7/2014 13:00,12.025,degC,9859185,15240,ABM
10/7/2014 14:00,12.05,degC,9859185,15240,ABM
10/7/2014 15:00,12.316,degC,9859185,15240,ABM
10/7/2014 16:00,12.534,degC,9859185,15240,ABM
10/7/2014 17:00,12.558,degC,9859185,15240,ABM
10/7/2014 18:00,12.461,degC,9859185,15240,ABM
10/7/2014 19:00,12.364,degC,9859185,15240,ABM
10/7/2014 20:00,12.292,degC,9859185,15240,ABM
10/7/2014 21:00,12.219,degC,9859185,15240,ABM
10/7/2014 22:00,12.171,degC,9859185,15240,ABM
10/7/2014 23:00,12.171,degC,9859185,15240,ABM
10/8/2014 0:00,12.195,degC,9859185,15240,ABM
10/8/2014 1:00,12.219,degC,9859185,15240,ABM
10/8/2014 2:00,12.268,degC,9859185,15240,ABM
10/8/2014 3:00,12.316,degC,9859185,15240,ABM
10/8/2014 4:00,12.389,degC,9859185,15240,ABM
10/8/2014 5:00,12.606,degC,9859185,15240,ABM
10/8/2014 6:00,12.606,degC,9859185,15240,ABM
10/8/2014 7:00,12.582,degC,9859185,15240,ABM
10/8/2014 8:00,12.534,degC,9859185,15240,ABM
10/8/2014 9:00,12.606,degC,9859185,15240,ABM
10/8/2014 10:00,12.823,degC,9859185,15240,ABM
10/8/2014 11:00,13.209,degC,9859185,15240,ABM
10/8/2014 12:00,13.594,degC,9859185,15240,ABM
10/8/2014 13:00,13.738,degC,9859185,15240,ABM
10/8/2014 14:00,13.738,degC,9859185,15240,ABM
10/8/2014 15:00,13.81,degC,9859185,15240,ABM
10/8/2014 16:00,13.786,degC,9859185,15240,ABM
10/8/2014 17:00,13.69,degC,9859185,15240,ABM
10/8/2014 18:00,13.57,degC,9859185,15240,ABM
10/8/2014 19:00,13.401,degC,9859185,15240,ABM
10/8/2014 20:00,13.209,degC,9859185,15240,ABM
10/8/2014 21:00,13.04,degC,9859185,15240,ABM
10/8/2014 22:00,12.92,degC,9859185,15240,ABM
10/8/2014 23:00,12.775,degC,9859185,15240,ABM
10/9/2014 0:00,12.606,degC,9859185,15240,ABM
10/9/2014 1:00,12.389,degC,9859185,15240,ABM
10/9/2014 2:00,12.147,degC,9859185,15240,ABM
10/9/2014 3:00,11.904,degC,9859185,15240,ABM
10/9/2014 4:00,11.637,degC,9859185,15240,ABM
10/9/2014 5:00,11.419,degC,9859185,15240,ABM
10/9/2014 6:00,11.2,degC,9859185,15240,ABM
10/9/2014 7:00,10.98,degC,9859185,15240,ABM
10/9/2014 8:00,10.761,degC,9859185,15240,ABM
10/9/2014 9:00,10.638,degC,9859185,15240,ABM
10/9/2014 10:00,10.761,degC,9859185,15240,ABM
10/9/2014 11:00,11.248,degC,9859185,15240,ABM
10/9/2014 12:00,11.71,degC,9859185,15240,ABM
10/9/2014 13:00,11.856,degC,9859185,15240,ABM
10/9/2014 14:00,11.783,degC,9859185,15240,ABM
10/9/2014 15:00,11.929,degC,9859185,15240,ABM
10/9/2014 16:00,12.001,degC,9859185,15240,ABM
10/9/2014 17:00,11.953,degC,9859185,15240,ABM
10/9/2014 18:00,11.832,degC,9859185,15240,ABM
10/9/2014 19:00,11.686,degC,9859185,15240,ABM
10/9/2014 20:00,11.492,degC,9859185,15240,ABM
10/9/2014 21:00,11.297,degC,9859185,15240,ABM
10/9/2014 22:00,11.127,degC,9859185,15240,ABM
10/9/2014 23:00,10.932,degC,9859185,15240,ABM
10/10/2014 0:00,10.761,degC,9859185,15240,ABM
10/10/2014 1:00,10.565,degC,9859185,15240,ABM
10/10/2014 2:00,10.369,degC,9859185,15240,ABM
10/10/2014 3:00,10.173,degC,9859185,15240,ABM
10/10/2014 4:00,9.952,degC,9859185,15240,ABM
10/10/2014 5:00,9.756,degC,9859185,15240,ABM
10/10/2014 6:00,9.583,degC,9859185,15240,ABM
10/10/2014 7:00,9.41,degC,9859185,15240,ABM
10/10/2014 8:00,9.238,degC,9859185,15240,ABM
10/10/2014 9:00,9.139,degC,9859185,15240,ABM
10/10/2014 10:00,9.312,degC,9859185,15240,ABM
10/10/2014 11:00,9.928,degC,9859185,15240,ABM
10/10/2014 12:00,10.565,degC,9859185,15240,ABM
10/10/2014 13:00,10.761,degC,9859185,15240,ABM
10/10/2014 14:00,10.614,degC,9859185,15240,ABM
10/10/2014 15:00,10.736,degC,9859185,15240,ABM
10/10/2014 16:00,10.81,degC,9859185,15240,ABM
10/10/2014 17:00,10.785,degC,9859185,15240,ABM
10/10/2014 18:00,10.638,degC,9859185,15240,ABM
10/10/2014 19:00,10.443,degC,9859185,15240,ABM
10/10/2014 20:00,10.296,degC,9859185,15240,ABM
10/10/2014 21:00,10.149,degC,9859185,15240,ABM
10/10/2014 22:00,10.026,degC,9859185,15240,ABM
10/10/2014 23:00,9.903,degC,9859185,15240,ABM
10/11/2014 0:00,9.829,degC,9859185,15240,ABM
10/11/2014 1:00,9.731,degC,9859185,15240,ABM
10/11/2014 2:00,9.657,degC,9859185,15240,ABM
10/11/2014 3:00,9.583,degC,9859185,15240,ABM
10/11/2014 4:00,9.509,degC,9859185,15240,ABM
10/11/2014 5:00,9.485,degC,9859185,15240,ABM
10/11/2014 6:00,9.435,degC,9859185,15240,ABM
10/11/2014 7:00,9.386,degC,9859185,15240,ABM
10/11/2014 8:00,9.361,degC,9859185,15240,ABM
10/11/2014 9:00,9.361,degC,9859185,15240,ABM
10/11/2014 10:00,9.386,degC,9859185,15240,ABM
10/11/2014 11:00,9.435,degC,9859185,15240,ABM
10/11/2014 12:00,9.509,degC,9859185,15240,ABM
10/11/2014 13:00,9.657,degC,9859185,15240,ABM
10/11/2014 14:00,9.854,degC,9859185,15240,ABM
10/11/2014 15:00,9.952,degC,9859185,15240,ABM
10/11/2014 16:00,10.026,degC,9859185,15240,ABM
10/11/2014 17:00,10.001,degC,9859185,15240,ABM
10/11/2014 18:00,9.903,degC,9859185,15240,ABM
10/11/2014 19:00,9.805,degC,9859185,15240,ABM
10/11/2014 20:00,9.682,degC,9859185,15240,ABM
10/11/2014 21:00,9.534,degC,9859185,15240,ABM
10/11/2014 22:00,9.386,degC,9859185,15240,ABM
10/11/2014 23:00,9.238,degC,9859185,15240,ABM
10/12/2014 0:00,9.089,degC,9859185,15240,ABM
10/12/2014 1:00,8.941,degC,9859185,15240,ABM
10/12/2014 2:00,8.792,degC,9859185,15240,ABM
10/12/2014 3:00,8.643,degC,9859185,15240,ABM
10/12/2014 4:00,8.519,degC,9859185,15240,ABM
10/12/2014 5:00,8.394,degC,9859185,15240,ABM
10/12/2014 6:00,8.27,degC,9859185,15240,ABM
10/12/2014 7:00,8.12,degC,9859185,15240,ABM
10/12/2014 8:00,7.995,degC,9859185,15240,ABM
10/12/2014 9:00,7.895,degC,9859185,15240,ABM
10/12/2014 10:00,8.045,degC,9859185,15240,ABM
10/12/2014 11:00,8.668,degC,9859185,15240,ABM
10/12/2014 12:00,9.435,degC,9859185,15240,ABM
10/12/2014 13:00,9.682,degC,9859185,15240,ABM
10/12/2014 14:00,9.386,degC,9859185,15240,ABM
10/12/2014 15:00,9.46,degC,9859185,15240,ABM
10/12/2014 16:00,9.632,degC,9859185,15240,ABM
10/12/2014 17:00,9.608,degC,9859185,15240,ABM
10/12/2014 18:00,9.46,degC,9859185,15240,ABM
10/12/2014 19:00,9.287,degC,9859185,15240,ABM
10/12/2014 20:00,9.139,degC,9859185,15240,ABM
10/12/2014 21:00,8.99,degC,9859185,15240,ABM
10/12/2014 22:00,8.841,degC,9859185,15240,ABM
10/12/2014 23:00,8.668,degC,9859185,15240,ABM
10/13/2014 0:00,8.519,degC,9859185,15240,ABM
10/13/2014 1:00,8.344,degC,9859185,15240,ABM
10/13/2014 2:00,8.195,degC,9859185,15240,ABM
10/13/2014 3:00,8.02,degC,9859185,15240,ABM
10/13/2014 4:00,7.845,degC,9859185,15240,ABM
10/13/2014 5:00,7.695,degC,9859185,15240,ABM
10/13/2014 6:00,7.544,degC,9859185,15240,ABM
10/13/2014 7:00,7.519,degC,9859185,15240,ABM
10/13/2014 8:00,7.519,degC,9859185,15240,ABM
10/13/2014 9:00,7.544,degC,9859185,15240,ABM
10/13/2014 10:00,7.67,degC,9859185,15240,ABM
10/13/2014 11:00,7.895,degC,9859185,15240,ABM
10/13/2014 12:00,8.195,degC,9859185,15240,ABM
10/13/2014 13:00,8.469,degC,9859185,15240,ABM
10/13/2014 14:00,8.742,degC,9859185,15240,ABM
10/13/2014 15:00,8.965,degC,9859185,15240,ABM
10/13/2014 16:00,9.04,degC,9859185,15240,ABM
10/13/2014 17:00,9.139,degC,9859185,15240,ABM
10/13/2014 18:00,9.163,degC,9859185,15240,ABM
10/13/2014 19:00,9.139,degC,9859185,15240,ABM
10/13/2014 20:00,9.139,degC,9859185,15240,ABM
10/13/2014 21:00,9.139,degC,9859185,15240,ABM
10/13/2014 22:00,9.163,degC,9859185,15240,ABM
10/13/2014 23:00,9.188,degC,9859185,15240,ABM
10/14/2014 0:00,9.238,degC,9859185,15240,ABM
10/14/2014 1:00,9.262,degC,9859185,15240,ABM
10/14/2014 2:00,9.336,degC,9859185,15240,ABM
10/14/2014 3:00,9.386,degC,9859185,15240,ABM
10/14/2014 4:00,9.46,degC,9859185,15240,ABM
10/14/2014 5:00,9.534,degC,9859185,15240,ABM
10/14/2014 6:00,9.583,degC,9859185,15240,ABM
10/14/2014 7:00,9.657,degC,9859185,15240,ABM
10/14/2014 8:00,9.731,degC,9859185,15240,ABM
10/14/2014 9:00,9.829,degC,9859185,15240,ABM
10/14/2014 10:00,10.001,degC,9859185,15240,ABM
10/14/2014 11:00,10.247,degC,9859185,15240,ABM
10/14/2014 12:00,10.614,degC,9859185,15240,ABM
10/14/2014 13:00,11.2,degC,9859185,15240,ABM
10/14/2014 14:00,11.467,degC,9859185,15240,ABM
10/14/2014 15:00,11.734,degC,9859185,15240,ABM
10/14/2014 16:00,11.904,degC,9859185,15240,ABM
10/14/2014 17:00,11.929,degC,9859185,15240,ABM
10/14/2014 18:00,11.904,degC,9859185,15240,ABM
10/14/2014 19:00,11.856,degC,9859185,15240,ABM
10/14/2014 20:00,11.807,degC,9859185,15240,ABM
10/14/2014 21:00,11.759,degC,9859185,15240,ABM
10/14/2014 22:00,11.734,degC,9859185,15240,ABM
10/14/2014 23:00,11.71,degC,9859185,15240,ABM
10/15/2014 0:00,11.686,degC,9859185,15240,ABM
10/15/2014 1:00,11.686,degC,9859185,15240,ABM
10/15/2014 2:00,11.734,degC,9859185,15240,ABM
10/15/2014 3:00,11.807,degC,9859185,15240,ABM
10/15/2014 4:00,11.88,degC,9859185,15240,ABM
10/15/2014 5:00,11.929,degC,9859185,15240,ABM
10/15/2014 6:00,12.001,degC,9859185,15240,ABM
10/15/2014 7:00,12.074,degC,9859185,15240,ABM
10/15/2014 8:00,12.147,degC,9859185,15240,ABM
10/15/2014 9:00,12.268,degC,9859185,15240,ABM
10/15/2014 10:00,12.461,degC,9859185,15240,ABM
10/15/2014 11:00,12.703,degC,9859185,15240,ABM
10/15/2014 12:00,12.944,degC,9859185,15240,ABM
10/15/2014 13:00,13.401,degC,9859185,15240,ABM
10/15/2014 14:00,13.762,degC,9859185,15240,ABM
10/15/2014 15:00,14.002,degC,9859185,15240,ABM
10/15/2014 16:00,14.17,degC,9859185,15240,ABM
10/15/2014 17:00,14.29,degC,9859185,15240,ABM
10/15/2014 18:00,14.314,degC,9859185,15240,ABM
10/15/2014 19:00,14.242,degC,9859185,15240,ABM
10/15/2014 20:00,14.218,degC,9859185,15240,ABM
10/15/2014 21:00,14.242,degC,9859185,15240,ABM
10/15/2014 22:00,14.29,degC,9859185,15240,ABM
10/15/2014 23:00,14.29,degC,9859185,15240,ABM
10/16/2014 0:00,14.314,degC,9859185,15240,ABM
10/16/2014 1:00,14.361,degC,9859185,15240,ABM
10/16/2014 2:00,14.457,degC,9859185,15240,ABM
10/16/2014 3:00,14.673,degC,9859185,15240,ABM
10/16/2014 4:00,14.745,degC,9859185,15240,ABM
10/16/2014 5:00,14.888,degC,9859185,15240,ABM
10/16/2014 6:00,15.055,degC,9859185,15240,ABM
10/16/2014 7:00,15.247,degC,9859185,15240,ABM
10/16/2014 8:00,15.557,degC,9859185,15240,ABM
10/16/2014 9:00,15.605,degC,9859185,15240,ABM
10/16/2014 10:00,15.676,degC,9859185,15240,ABM
10/16/2014 11:00,15.676,degC,9859185,15240,ABM
10/16/2014 12:00,15.676,degC,9859185,15240,ABM
10/16/2014 13:00,15.843,degC,9859185,15240,ABM
10/16/2014 14:00,15.986,degC,9859185,15240,ABM
10/16/2014 15:00,16.058,degC,9859185,15240,ABM
10/16/2014 16:00,16.082,degC,9859185,15240,ABM
10/16/2014 17:00,16.082,degC,9859185,15240,ABM
10/16/2014 18:00,16.058,degC,9859185,15240,ABM
10/16/2014 19:00,16.01,degC,9859185,15240,ABM
10/16/2014 20:00,15.939,degC,9859185,15240,ABM
10/16/2014 21:00,15.891,degC,9859185,15240,ABM
10/16/2014 22:00,15.843,degC,9859185,15240,ABM
10/16/2014 23:00,15.796,degC,9859185,15240,ABM
10/17/2014 0:00,15.724,degC,9859185,15240,ABM
10/17/2014 1:00,15.605,degC,9859185,15240,ABM
10/17/2014 2:00,15.485,degC,9859185,15240,ABM
10/17/2014 3:00,15.39,degC,9859185,15240,ABM
10/17/2014 4:00,15.294,degC,9859185,15240,ABM
10/17/2014 5:00,15.175,degC,9859185,15240,ABM
10/17/2014 6:00,15.079,degC,9859185,15240,ABM
10/17/2014 7:00,14.96,degC,9859185,15240,ABM
10/17/2014 8:00,14.84,degC,9859185,15240,ABM
10/17/2014 9:00,14.768,degC,9859185,15240,ABM
10/17/2014 10:00,14.816,degC,9859185,15240,ABM
10/17/2014 11:00,14.888,degC,9859185,15240,ABM
10/17/2014 12:00,15.079,degC,9859185,15240,ABM
10/17/2014 13:00,15.247,degC,9859185,15240,ABM
10/17/2014 14:00,15.27,degC,9859185,15240,ABM
10/17/2014 15:00,15.199,degC,9859185,15240,ABM
10/17/2014 16:00,15.175,degC,9859185,15240,ABM
10/17/2014 17:00,15.151,degC,9859185,15240,ABM
10/17/2014 18:00,15.103,degC,9859185,15240,ABM
10/17/2014 19:00,14.984,degC,9859185,15240,ABM
10/17/2014 20:00,14.912,degC,9859185,15240,ABM
10/17/2014 21:00,14.816,degC,9859185,15240,ABM
10/17/2014 22:00,14.697,degC,9859185,15240,ABM
10/17/2014 23:00,14.577,degC,9859185,15240,ABM
10/18/2014 0:00,14.409,degC,9859185,15240,ABM
10/18/2014 1:00,14.29,degC,9859185,15240,ABM
10/18/2014 2:00,14.122,degC,9859185,15240,ABM
10/18/2014 3:00,14.002,degC,9859185,15240,ABM
10/18/2014 4:00,13.858,degC,9859185,15240,ABM
10/18/2014 5:00,13.738,degC,9859185,15240,ABM
10/18/2014 6:00,13.57,degC,9859185,15240,ABM
10/18/2014 7:00,13.425,degC,9859185,15240,ABM
10/18/2014 8:00,13.305,degC,9859185,15240,ABM
10/18/2014 9:00,13.281,degC,9859185,15240,ABM
10/18/2014 10:00,13.329,degC,9859185,15240,ABM
10/18/2014 11:00,13.473,degC,9859185,15240,ABM
10/18/2014 12:00,13.594,degC,9859185,15240,ABM
10/18/2014 13:00,13.738,degC,9859185,15240,ABM
10/18/2014 14:00,13.858,degC,9859185,15240,ABM
10/18/2014 15:00,13.954,degC,9859185,15240,ABM
10/18/2014 16:00,13.93,degC,9859185,15240,ABM
10/18/2014 17:00,13.906,degC,9859185,15240,ABM
10/18/2014 18:00,13.762,degC,9859185,15240,ABM
10/18/2014 19:00,13.642,degC,9859185,15240,ABM
10/18/2014 20:00,13.497,degC,9859185,15240,ABM
10/18/2014 21:00,13.377,degC,9859185,15240,ABM
10/18/2014 22:00,13.257,degC,9859185,15240,ABM
10/18/2014 23:00,13.137,degC,9859185,15240,ABM
10/19/2014 0:00,12.992,degC,9859185,15240,ABM
10/19/2014 1:00,12.847,degC,9859185,15240,ABM
10/19/2014 2:00,12.727,degC,9859185,15240,ABM
10/19/2014 3:00,12.558,degC,9859185,15240,ABM
10/19/2014 4:00,12.413,degC,9859185,15240,ABM
10/19/2014 5:00,12.243,degC,9859185,15240,ABM
10/19/2014 6:00,12.074,degC,9859185,15240,ABM
10/19/2014 7:00,11.904,degC,9859185,15240,ABM
10/19/2014 8:00,11.759,degC,9859185,15240,ABM
10/19/2014 9:00,11.613,degC,9859185,15240,ABM
10/19/2014 10:00,11.492,degC,9859185,15240,ABM
10/19/2014 11:00,11.467,degC,9859185,15240,ABM
10/19/2014 12:00,11.443,degC,9859185,15240,ABM
10/19/2014 13:00,11.394,degC,9859185,15240,ABM
10/19/2014 14:00,11.394,degC,9859185,15240,ABM
10/19/2014 15:00,11.297,degC,9859185,15240,ABM
10/19/2014 16:00,11.127,degC,9859185,15240,ABM
10/19/2014 17:00,10.907,degC,9859185,15240,ABM
10/19/2014 18:00,10.687,degC,9859185,15240,ABM
10/19/2014 19:00,10.418,degC,9859185,15240,ABM
10/19/2014 20:00,10.149,degC,9859185,15240,ABM
10/19/2014 21:00,9.928,degC,9859185,15240,ABM
10/19/2014 22:00,9.706,degC,9859185,15240,ABM
10/19/2014 23:00,9.46,degC,9859185,15240,ABM
10/20/2014 0:00,9.238,degC,9859185,15240,ABM
10/20/2014 1:00,9.04,degC,9859185,15240,ABM
10/20/2014 2:00,8.891,degC,9859185,15240,ABM
10/20/2014 3:00,8.717,degC,9859185,15240,ABM
10/20/2014 4:00,8.519,degC,9859185,15240,ABM
10/20/2014 5:00,8.344,degC,9859185,15240,ABM
10/20/2014 6:00,8.145,degC,9859185,15240,ABM
10/20/2014 7:00,8.045,degC,9859185,15240,ABM
10/20/2014 8:00,7.895,degC,9859185,15240,ABM
10/20/2014 9:00,7.845,degC,9859185,15240,ABM
10/20/2014 10:00,7.945,degC,9859185,15240,ABM
10/20/2014 11:00,8.12,degC,9859185,15240,ABM
10/20/2014 12:00,8.618,degC,9859185,15240,ABM
10/20/2014 13:00,8.817,degC,9859185,15240,ABM
10/20/2014 14:00,8.965,degC,9859185,15240,ABM
10/20/2014 15:00,9.064,degC,9859185,15240,ABM
10/20/2014 16:00,9.064,degC,9859185,15240,ABM
10/20/2014 17:00,9.04,degC,9859185,15240,ABM
10/20/2014 18:00,9.04,degC,9859185,15240,ABM
10/20/2014 19:00,8.99,degC,9859185,15240,ABM
10/20/2014 20:00,8.941,degC,9859185,15240,ABM
10/20/2014 21:00,8.866,degC,9859185,15240,ABM
10/20/2014 22:00,8.841,degC,9859185,15240,ABM
10/20/2014 23:00,8.792,degC,9859185,15240,ABM
10/21/2014 0:00,8.742,degC,9859185,15240,ABM
10/21/2014 1:00,8.693,degC,9859185,15240,ABM
10/21/2014 2:00,8.668,degC,9859185,15240,ABM
10/21/2014 3:00,8.643,degC,9859185,15240,ABM
10/21/2014 4:00,8.593,degC,9859185,15240,ABM
10/21/2014 5:00,8.543,degC,9859185,15240,ABM
10/21/2014 6:00,8.519,degC,9859185,15240,ABM
10/21/2014 7:00,8.494,degC,9859185,15240,ABM
10/21/2014 8:00,8.494,degC,9859185,15240,ABM
10/21/2014 9:00,8.543,degC,9859185,15240,ABM
10/21/2014 10:00,8.693,degC,9859185,15240,ABM
10/21/2014 11:00,8.99,degC,9859185,15240,ABM
10/21/2014 12:00,9.163,degC,9859185,15240,ABM
10/21/2014 13:00,9.287,degC,9859185,15240,ABM
10/21/2014 14:00,9.534,degC,9859185,15240,ABM
10/21/2014 15:00,9.78,degC,9859185,15240,ABM
10/21/2014 16:00,9.928,degC,9859185,15240,ABM
10/21/2014 17:00,10.001,degC,9859185,15240,ABM
10/21/2014 18:00,9.977,degC,9859185,15240,ABM
10/21/2014 19:00,9.977,degC,9859185,15240,ABM
10/21/2014 20:00,9.977,degC,9859185,15240,ABM
10/21/2014 21:00,10.001,degC,9859185,15240,ABM
10/21/2014 22:00,10.051,degC,9859185,15240,ABM
10/21/2014 23:00,10.075,degC,9859185,15240,ABM
10/22/2014 0:00,10.1,degC,9859185,15240,ABM
10/22/2014 1:00,10.124,degC,9859185,15240,ABM
10/22/2014 2:00,10.149,degC,9859185,15240,ABM
10/22/2014 3:00,10.149,degC,9859185,15240,ABM
10/22/2014 4:00,10.149,degC,9859185,15240,ABM
10/22/2014 5:00,10.149,degC,9859185,15240,ABM
10/22/2014 6:00,10.149,degC,9859185,15240,ABM
10/22/2014 7:00,10.124,degC,9859185,15240,ABM
10/22/2014 8:00,10.124,degC,9859185,15240,ABM
10/22/2014 9:00,10.124,degC,9859185,15240,ABM
10/22/2014 10:00,10.149,degC,9859185,15240,ABM
10/22/2014 11:00,10.198,degC,9859185,15240,ABM
10/22/2014 12:00,10.271,degC,9859185,15240,ABM
10/22/2014 13:00,10.296,degC,9859185,15240,ABM
10/22/2014 14:00,10.32,degC,9859185,15240,ABM
10/22/2014 15:00,10.345,degC,9859185,15240,ABM
10/22/2014 16:00,10.345,degC,9859185,15240,ABM
10/22/2014 17:00,10.32,degC,9859185,15240,ABM
10/22/2014 18:00,10.247,degC,9859185,15240,ABM
10/22/2014 19:00,10.198,degC,9859185,15240,ABM
10/22/2014 20:00,10.124,degC,9859185,15240,ABM
10/22/2014 21:00,10.051,degC,9859185,15240,ABM
10/22/2014 22:00,9.977,degC,9859185,15240,ABM
10/22/2014 23:00,9.879,degC,9859185,15240,ABM
10/23/2014 0:00,9.829,degC,9859185,15240,ABM
10/23/2014 1:00,9.756,degC,9859185,15240,ABM
10/23/2014 2:00,9.706,degC,9859185,15240,ABM
10/23/2014 3:00,9.682,degC,9859185,15240,ABM
10/23/2014 4:00,9.756,degC,9859185,15240,ABM
10/23/2014 5:00,9.829,degC,9859185,15240,ABM
10/23/2014 6:00,9.879,degC,9859185,15240,ABM
10/23/2014 7:00,9.903,degC,9859185,15240,ABM
10/23/2014 8:00,9.928,degC,9859185,15240,ABM
10/23/2014 9:00,9.903,degC,9859185,15240,ABM
10/23/2014 10:00,9.928,degC,9859185,15240,ABM
10/23/2014 11:00,9.977,degC,9859185,15240,ABM
10/23/2014 12:00,10.001,degC,9859185,15240,ABM
10/23/2014 13:00,10.075,degC,9859185,15240,ABM
10/23/2014 14:00,10.124,degC,9859185,15240,ABM
10/23/2014 15:00,10.149,degC,9859185,15240,ABM
10/23/2014 16:00,10.198,degC,9859185,15240,ABM
10/23/2014 17:00,10.222,degC,9859185,15240,ABM
10/23/2014 18:00,10.222,degC,9859185,15240,ABM
10/23/2014 19:00,10.222,degC,9859185,15240,ABM
10/23/2014 20:00,10.198,degC,9859185,15240,ABM
10/23/2014 21:00,10.198,degC,9859185,15240,ABM
10/23/2014 22:00,10.173,degC,9859185,15240,ABM
10/23/2014 23:00,10.124,degC,9859185,15240,ABM
10/24/2014 0:00,10.1,degC,9859185,15240,ABM
10/24/2014 1:00,10.051,degC,9859185,15240,ABM
10/24/2014 2:00,9.977,degC,9859185,15240,ABM
10/24/2014 3:00,9.928,degC,9859185,15240,ABM
10/24/2014 4:00,9.879,degC,9859185,15240,ABM
10/24/2014 5:00,9.805,degC,9859185,15240,ABM
10/24/2014 6:00,9.756,degC,9859185,15240,ABM
10/24/2014 7:00,9.682,degC,9859185,15240,ABM
10/24/2014 8:00,9.632,degC,9859185,15240,ABM
10/24/2014 9:00,9.608,degC,9859185,15240,ABM
10/24/2014 10:00,9.632,degC,9859185,15240,ABM
10/24/2014 11:00,9.706,degC,9859185,15240,ABM
10/24/2014 12:00,9.829,degC,9859185,15240,ABM
10/24/2014 13:00,9.977,degC,9859185,15240,ABM
10/24/2014 14:00,10.051,degC,9859185,15240,ABM
10/24/2014 15:00,10.075,degC,9859185,15240,ABM
10/24/2014 16:00,10.1,degC,9859185,15240,ABM
10/24/2014 17:00,10.124,degC,9859185,15240,ABM
10/24/2014 18:00,10.1,degC,9859185,15240,ABM
10/24/2014 19:00,10.075,degC,9859185,15240,ABM
10/24/2014 20:00,10.026,degC,9859185,15240,ABM
10/24/2014 21:00,9.977,degC,9859185,15240,ABM
10/24/2014 22:00,9.928,degC,9859185,15240,ABM
10/24/2014 23:00,9.903,degC,9859185,15240,ABM
10/25/2014 0:00,9.854,degC,9859185,15240,ABM
10/25/2014 1:00,9.805,degC,9859185,15240,ABM
10/25/2014 2:00,9.706,degC,9859185,15240,ABM
10/25/2014 3:00,9.608,degC,9859185,15240,ABM
10/25/2014 4:00,9.485,degC,9859185,15240,ABM
10/25/2014 5:00,9.435,degC,9859185,15240,ABM
10/25/2014 6:00,9.361,degC,9859185,15240,ABM
10/25/2014 7:00,9.287,degC,9859185,15240,ABM
10/25/2014 8:00,9.188,degC,9859185,15240,ABM
10/25/2014 9:00,9.089,degC,9859185,15240,ABM
10/25/2014 10:00,9.163,degC,9859185,15240,ABM
10/25/2014 11:00,9.336,degC,9859185,15240,ABM
10/25/2014 12:00,9.657,degC,9859185,15240,ABM
10/25/2014 13:00,9.928,degC,9859185,15240,ABM
10/25/2014 14:00,9.977,degC,9859185,15240,ABM
10/25/2014 15:00,10.051,degC,9859185,15240,ABM
10/25/2014 16:00,10.1,degC,9859185,15240,ABM
10/25/2014 17:00,10.149,degC,9859185,15240,ABM
10/25/2014 18:00,10.173,degC,9859185,15240,ABM
10/25/2014 19:00,10.149,degC,9859185,15240,ABM
10/25/2014 20:00,10.149,degC,9859185,15240,ABM
10/25/2014 21:00,10.075,degC,9859185,15240,ABM
10/25/2014 22:00,10.075,degC,9859185,15240,ABM
10/25/2014 23:00,10.051,degC,9859185,15240,ABM
10/26/2014 0:00,9.977,degC,9859185,15240,ABM
10/26/2014 1:00,9.903,degC,9859185,15240,ABM
10/26/2014 2:00,9.805,degC,9859185,15240,ABM
10/26/2014 3:00,9.682,degC,9859185,15240,ABM
10/26/2014 4:00,9.583,degC,9859185,15240,ABM
10/26/2014 5:00,9.534,degC,9859185,15240,ABM
10/26/2014 6:00,9.435,degC,9859185,15240,ABM
10/26/2014 7:00,9.312,degC,9859185,15240,ABM
10/26/2014 8:00,9.262,degC,9859185,15240,ABM
10/26/2014 9:00,9.238,degC,9859185,15240,ABM
10/26/2014 10:00,9.312,degC,9859185,15240,ABM
10/26/2014 11:00,9.435,degC,9859185,15240,ABM
10/26/2014 12:00,9.534,degC,9859185,15240,ABM
10/26/2014 13:00,9.78,degC,9859185,15240,ABM
10/26/2014 14:00,9.928,degC,9859185,15240,ABM
10/26/2014 15:00,9.879,degC,9859185,15240,ABM
10/26/2014 16:00,9.829,degC,9859185,15240,ABM
10/26/2014 17:00,9.731,degC,9859185,15240,ABM
10/26/2014 18:00,9.632,degC,9859185,15240,ABM
10/26/2014 19:00,9.534,degC,9859185,15240,ABM
10/26/2014 20:00,9.46,degC,9859185,15240,ABM
10/26/2014 21:00,9.386,degC,9859185,15240,ABM
10/26/2014 22:00,9.361,degC,9859185,15240,ABM
10/26/2014 23:00,9.312,degC,9859185,15240,ABM
10/27/2014 0:00,9.287,degC,9859185,15240,ABM
10/27/2014 1:00,9.287,degC,9859185,15240,ABM
10/27/2014 2:00,9.262,degC,9859185,15240,ABM
10/27/2014 3:00,9.238,degC,9859185,15240,ABM
10/27/2014 4:00,9.213,degC,9859185,15240,ABM
10/27/2014 5:00,9.114,degC,9859185,15240,ABM
10/27/2014 6:00,9.064,degC,9859185,15240,ABM
10/27/2014 7:00,9.015,degC,9859185,15240,ABM
10/27/2014 8:00,8.99,degC,9859185,15240,ABM
10/27/2014 9:00,8.941,degC,9859185,15240,ABM
10/27/2014 10:00,8.99,degC,9859185,15240,ABM
10/27/2014 11:00,9.139,degC,9859185,15240,ABM
10/27/2014 12:00,9.336,degC,9859185,15240,ABM
10/27/2014 13:00,9.534,degC,9859185,15240,ABM
10/27/2014 14:00,9.657,degC,9859185,15240,ABM
10/27/2014 15:00,9.632,degC,9859185,15240,ABM
10/27/2014 16:00,9.534,degC,9859185,15240,ABM
10/27/2014 17:00,9.485,degC,9859185,15240,ABM
10/27/2014 18:00,9.435,degC,9859185,15240,ABM
10/27/2014 19:00,9.361,degC,9859185,15240,ABM
10/27/2014 20:00,9.287,degC,9859185,15240,ABM
10/27/2014 21:00,9.163,degC,9859185,15240,ABM
10/27/2014 22:00,9.04,degC,9859185,15240,ABM
10/27/2014 23:00,8.891,degC,9859185,15240,ABM
10/28/2014 0:00,8.742,degC,9859185,15240,ABM
10/28/2014 1:00,8.593,degC,9859185,15240,ABM
10/28/2014 2:00,8.444,degC,9859185,15240,ABM
10/28/2014 3:00,8.319,degC,9859185,15240,ABM
10/28/2014 4:00,8.22,degC,9859185,15240,ABM
10/28/2014 5:00,8.145,degC,9859185,15240,ABM
10/28/2014 6:00,8.045,degC,9859185,15240,ABM
10/28/2014 7:00,7.945,degC,9859185,15240,ABM
10/28/2014 8:00,7.845,degC,9859185,15240,ABM
10/28/2014 9:00,7.845,degC,9859185,15240,ABM
10/28/2014 10:00,7.97,degC,9859185,15240,ABM
10/28/2014 11:00,8.22,degC,9859185,15240,ABM
10/28/2014 12:00,8.543,degC,9859185,15240,ABM
10/28/2014 13:00,8.841,degC,9859185,15240,ABM
10/28/2014 14:00,9.064,degC,9859185,15240,ABM
10/28/2014 15:00,9.287,degC,9859185,15240,ABM
10/28/2014 16:00,9.485,degC,9859185,15240,ABM
10/28/2014 17:00,9.583,degC,9859185,15240,ABM
10/28/2014 18:00,9.608,degC,9859185,15240,ABM
10/28/2014 19:00,9.632,degC,9859185,15240,ABM
10/28/2014 20:00,9.632,degC,9859185,15240,ABM
10/28/2014 21:00,9.657,degC,9859185,15240,ABM
10/28/2014 22:00,9.632,degC,9859185,15240,ABM
10/28/2014 23:00,9.632,degC,9859185,15240,ABM
10/29/2014 0:00,9.583,degC,9859185,15240,ABM
10/29/2014 1:00,9.534,degC,9859185,15240,ABM
10/29/2014 2:00,9.509,degC,9859185,15240,ABM
10/29/2014 3:00,9.46,degC,9859185,15240,ABM
10/29/2014 4:00,9.435,degC,9859185,15240,ABM
10/29/2014 5:00,9.386,degC,9859185,15240,ABM
10/29/2014 6:00,9.336,degC,9859185,15240,ABM
10/29/2014 7:00,9.262,degC,9859185,15240,ABM
10/29/2014 8:00,9.238,degC,9859185,15240,ABM
10/29/2014 9:00,9.287,degC,9859185,15240,ABM
10/29/2014 10:00,9.41,degC,9859185,15240,ABM
10/29/2014 11:00,9.558,degC,9859185,15240,ABM
10/29/2014 12:00,9.829,degC,9859185,15240,ABM
10/29/2014 13:00,10.075,degC,9859185,15240,ABM
10/29/2014 14:00,10.296,degC,9859185,15240,ABM
10/29/2014 15:00,10.443,degC,9859185,15240,ABM
10/29/2014 16:00,10.492,degC,9859185,15240,ABM
10/29/2014 17:00,10.492,degC,9859185,15240,ABM
10/29/2014 18:00,10.443,degC,9859185,15240,ABM
10/29/2014 19:00,10.394,degC,9859185,15240,ABM
10/29/2014 20:00,10.345,degC,9859185,15240,ABM
10/29/2014 21:00,10.296,degC,9859185,15240,ABM
10/29/2014 22:00,10.149,degC,9859185,15240,ABM
10/29/2014 23:00,10.001,degC,9859185,15240,ABM
10/30/2014 0:00,9.829,degC,9859185,15240,ABM
10/30/2014 1:00,9.632,degC,9859185,15240,ABM
10/30/2014 2:00,9.386,degC,9859185,15240,ABM
10/30/2014 3:00,9.114,degC,9859185,15240,ABM
10/30/2014 4:00,8.866,degC,9859185,15240,ABM
10/30/2014 5:00,8.618,degC,9859185,15240,ABM
10/30/2014 6:00,8.369,degC,9859185,15240,ABM
10/30/2014 7:00,8.145,degC,9859185,15240,ABM
10/30/2014 8:00,7.945,degC,9859185,15240,ABM
10/30/2014 9:00,7.895,degC,9859185,15240,ABM
10/30/2014 10:00,7.895,degC,9859185,15240,ABM
10/30/2014 11:00,8.12,degC,9859185,15240,ABM
10/30/2014 12:00,8.344,degC,9859185,15240,ABM
10/30/2014 13:00,8.568,degC,9859185,15240,ABM
10/30/2014 14:00,8.767,degC,9859185,15240,ABM
10/30/2014 15:00,8.866,degC,9859185,15240,ABM
10/30/2014 16:00,8.841,degC,9859185,15240,ABM
10/30/2014 17:00,8.841,degC,9859185,15240,ABM
10/30/2014 18:00,8.767,degC,9859185,15240,ABM
10/30/2014 19:00,8.593,degC,9859185,15240,ABM
10/30/2014 20:00,8.444,degC,9859185,15240,ABM
10/30/2014 21:00,8.245,degC,9859185,15240,ABM
10/30/2014 22:00,8.045,degC,9859185,15240,ABM
10/30/2014 23:00,7.845,degC,9859185,15240,ABM
10/31/2014 0:00,7.67,degC,9859185,15240,ABM
10/31/2014 1:00,7.494,degC,9859185,15240,ABM
10/31/2014 2:00,7.318,degC,9859185,15240,ABM
10/31/2014 3:00,7.142,degC,9859185,15240,ABM
10/31/2014 4:00,6.99,degC,9859185,15240,ABM
10/31/2014 5:00,6.889,degC,9859185,15240,ABM
10/31/2014 6:00,6.763,degC,9859185,15240,ABM
10/31/2014 7:00,6.611,degC,9859185,15240,ABM
10/31/2014 8:00,6.484,degC,9859185,15240,ABM
10/31/2014 9:00,6.433,degC,9859185,15240,ABM
10/31/2014 10:00,6.535,degC,9859185,15240,ABM
10/31/2014 11:00,6.788,degC,9859185,15240,ABM
10/31/2014 12:00,7.116,degC,9859185,15240,ABM
10/31/2014 13:00,7.318,degC,9859185,15240,ABM
10/31/2014 14:00,7.494,degC,9859185,15240,ABM
10/31/2014 15:00,7.619,degC,9859185,15240,ABM
10/31/2014 16:00,7.695,degC,9859185,15240,ABM
10/31/2014 17:00,7.72,degC,9859185,15240,ABM
10/31/2014 18:00,7.745,degC,9859185,15240,ABM
10/31/2014 19:00,7.745,degC,9859185,15240,ABM
10/31/2014 20:00,7.745,degC,9859185,15240,ABM
10/31/2014 21:00,7.745,degC,9859185,15240,ABM
10/31/2014 22:00,7.72,degC,9859185,15240,ABM
10/31/2014 23:00,7.67,degC,9859185,15240,ABM
11/1/2014 0:00,7.645,degC,9859185,15240,ABM
11/1/2014 1:00,7.594,degC,9859185,15240,ABM
11/1/2014 2:00,7.569,degC,9859185,15240,ABM
11/1/2014 3:00,7.544,degC,9859185,15240,ABM
11/1/2014 4:00,7.494,degC,9859185,15240,ABM
11/1/2014 5:00,7.444,degC,9859185,15240,ABM
11/1/2014 6:00,7.368,degC,9859185,15240,ABM
11/1/2014 7:00,7.318,degC,9859185,15240,ABM
11/1/2014 8:00,7.242,degC,9859185,15240,ABM
11/1/2014 9:00,7.242,degC,9859185,15240,ABM
11/1/2014 10:00,7.242,degC,9859185,15240,ABM
11/1/2014 11:00,7.268,degC,9859185,15240,ABM
11/1/2014 12:00,7.343,degC,9859185,15240,ABM
11/1/2014 13:00,7.368,degC,9859185,15240,ABM
11/1/2014 14:00,7.393,degC,9859185,15240,ABM
11/1/2014 15:00,7.419,degC,9859185,15240,ABM
11/1/2014 16:00,7.393,degC,9859185,15240,ABM
11/1/2014 17:00,7.343,degC,9859185,15240,ABM
11/1/2014 18:00,7.293,degC,9859185,15240,ABM
11/1/2014 19:00,7.242,degC,9859185,15240,ABM
11/1/2014 20:00,7.167,degC,9859185,15240,ABM
11/1/2014 21:00,7.116,degC,9859185,15240,ABM
11/1/2014 22:00,7.041,degC,9859185,15240,ABM
11/1/2014 23:00,6.965,degC,9859185,15240,ABM
11/2/2014 0:00,6.914,degC,9859185,15240,ABM
11/2/2014 1:00,6.839,degC,9859185,15240,ABM
11/2/2014 2:00,6.763,degC,9859185,15240,ABM
11/2/2014 3:00,6.687,degC,9859185,15240,ABM
11/2/2014 4:00,6.585,degC,9859185,15240,ABM
11/2/2014 5:00,6.509,degC,9859185,15240,ABM
11/2/2014 6:00,6.408,degC,9859185,15240,ABM
11/2/2014 7:00,6.306,degC,9859185,15240,ABM
11/2/2014 8:00,6.153,degC,9859185,15240,ABM
11/2/2014 9:00,6.077,degC,9859185,15240,ABM
11/2/2014 10:00,6.026,degC,9859185,15240,ABM
11/2/2014 11:00,6,degC,9859185,15240,ABM
11/2/2014 12:00,6.051,degC,9859185,15240,ABM
11/2/2014 13:00,6.077,degC,9859185,15240,ABM
11/2/2014 14:00,6.051,degC,9859185,15240,ABM
11/2/2014 15:00,6.026,degC,9859185,15240,ABM
11/2/2014 16:00,5.898,degC,9859185,15240,ABM
11/2/2014 17:00,5.796,degC,9859185,15240,ABM
11/2/2014 18:00,5.668,degC,9859185,15240,ABM
11/2/2014 19:00,5.539,degC,9859185,15240,ABM
11/2/2014 20:00,5.437,degC,9859185,15240,ABM
11/2/2014 21:00,5.308,degC,9859185,15240,ABM
11/2/2014 22:00,5.179,degC,9859185,15240,ABM
11/2/2014 23:00,4.999,degC,9859185,15240,ABM
11/3/2014 0:00,4.869,degC,9859185,15240,ABM
11/3/2014 1:00,4.714,degC,9859185,15240,ABM
11/3/2014 2:00,4.584,degC,9859185,15240,ABM
11/3/2014 3:00,4.48,degC,9859185,15240,ABM
11/3/2014 4:00,4.376,degC,9859185,15240,ABM
11/3/2014 5:00,4.272,degC,9859185,15240,ABM
11/3/2014 6:00,4.194,degC,9859185,15240,ABM
11/3/2014 7:00,4.089,degC,9859185,15240,ABM
11/3/2014 8:00,3.985,degC,9859185,15240,ABM
11/3/2014 9:00,3.906,degC,9859185,15240,ABM
11/3/2014 10:00,3.985,degC,9859185,15240,ABM
11/3/2014 11:00,4.22,degC,9859185,15240,ABM
11/3/2014 12:00,4.532,degC,9859185,15240,ABM
11/3/2014 13:00,4.688,degC,9859185,15240,ABM
11/3/2014 14:00,4.921,degC,9859185,15240,ABM
11/3/2014 15:00,5.05,degC,9859185,15240,ABM
11/3/2014 16:00,5.05,degC,9859185,15240,ABM
11/3/2014 17:00,5.05,degC,9859185,15240,ABM
11/3/2014 18:00,5.102,degC,9859185,15240,ABM
11/3/2014 19:00,5.102,degC,9859185,15240,ABM
11/3/2014 20:00,5.076,degC,9859185,15240,ABM
11/3/2014 21:00,5.024,degC,9859185,15240,ABM
11/3/2014 22:00,4.947,degC,9859185,15240,ABM
11/3/2014 23:00,4.844,degC,9859185,15240,ABM
11/4/2014 0:00,4.766,degC,9859185,15240,ABM
11/4/2014 1:00,4.636,degC,9859185,15240,ABM
11/4/2014 2:00,4.558,degC,9859185,15240,ABM
11/4/2014 3:00,4.532,degC,9859185,15240,ABM
11/4/2014 4:00,4.532,degC,9859185,15240,ABM
11/4/2014 5:00,4.532,degC,9859185,15240,ABM
11/4/2014 6:00,4.48,degC,9859185,15240,ABM
11/4/2014 7:00,4.428,degC,9859185,15240,ABM
11/4/2014 8:00,4.402,degC,9859185,15240,ABM
11/4/2014 9:00,4.48,degC,9859185,15240,ABM
11/4/2014 10:00,4.662,degC,9859185,15240,ABM
11/4/2014 11:00,4.947,degC,9859185,15240,ABM
11/4/2014 12:00,5.308,degC,9859185,15240,ABM
11/4/2014 13:00,5.591,degC,9859185,15240,ABM
11/4/2014 14:00,5.847,degC,9859185,15240,ABM
11/4/2014 15:00,6.179,degC,9859185,15240,ABM
11/4/2014 16:00,6.23,degC,9859185,15240,ABM
11/4/2014 17:00,6.255,degC,9859185,15240,ABM
11/4/2014 18:00,6.281,degC,9859185,15240,ABM
11/4/2014 19:00,6.281,degC,9859185,15240,ABM
11/4/2014 20:00,6.281,degC,9859185,15240,ABM
11/4/2014 21:00,6.281,degC,9859185,15240,ABM
11/4/2014 22:00,6.23,degC,9859185,15240,ABM
11/4/2014 23:00,6.204,degC,9859185,15240,ABM
11/5/2014 0:00,6.153,degC,9859185,15240,ABM
11/5/2014 1:00,6.153,degC,9859185,15240,ABM
11/5/2014 2:00,6.153,degC,9859185,15240,ABM
11/5/2014 3:00,6.128,degC,9859185,15240,ABM
11/5/2014 4:00,6.128,degC,9859185,15240,ABM
11/5/2014 5:00,6.128,degC,9859185,15240,ABM
11/5/2014 6:00,6.128,degC,9859185,15240,ABM
11/5/2014 7:00,6.128,degC,9859185,15240,ABM
11/5/2014 8:00,6.179,degC,9859185,15240,ABM
11/5/2014 9:00,6.23,degC,9859185,15240,ABM
11/5/2014 10:00,6.382,degC,9859185,15240,ABM
11/5/2014 11:00,6.56,degC,9859185,15240,ABM
11/5/2014 12:00,6.864,degC,9859185,15240,ABM
11/5/2014 13:00,7.116,degC,9859185,15240,ABM
11/5/2014 14:00,7.318,degC,9859185,15240,ABM
11/5/2014 15:00,7.519,degC,9859185,15240,ABM
11/5/2014 16:00,7.67,degC,9859185,15240,ABM
11/5/2014 17:00,7.695,degC,9859185,15240,ABM
11/5/2014 18:00,7.67,degC,9859185,15240,ABM
11/5/2014 19:00,7.594,degC,9859185,15240,ABM
11/5/2014 20:00,7.494,degC,9859185,15240,ABM
11/5/2014 21:00,7.393,degC,9859185,15240,ABM
11/5/2014 22:00,7.268,degC,9859185,15240,ABM
11/5/2014 23:00,7.116,degC,9859185,15240,ABM
11/6/2014 0:00,6.99,degC,9859185,15240,ABM
11/6/2014 1:00,6.864,degC,9859185,15240,ABM
11/6/2014 2:00,6.763,degC,9859185,15240,ABM
11/6/2014 3:00,6.687,degC,9859185,15240,ABM
11/6/2014 4:00,6.611,degC,9859185,15240,ABM
11/6/2014 5:00,6.56,degC,9859185,15240,ABM
11/6/2014 6:00,6.509,degC,9859185,15240,ABM
11/6/2014 7:00,6.458,degC,9859185,15240,ABM
11/6/2014 8:00,6.433,degC,9859185,15240,ABM
11/6/2014 9:00,6.433,degC,9859185,15240,ABM
11/6/2014 10:00,6.484,degC,9859185,15240,ABM
11/6/2014 11:00,6.56,degC,9859185,15240,ABM
11/6/2014 12:00,6.636,degC,9859185,15240,ABM
11/6/2014 13:00,6.712,degC,9859185,15240,ABM
11/6/2014 14:00,6.763,degC,9859185,15240,ABM
11/6/2014 15:00,6.839,degC,9859185,15240,ABM
11/6/2014 16:00,6.864,degC,9859185,15240,ABM
11/6/2014 17:00,6.889,degC,9859185,15240,ABM
11/6/2014 18:00,6.889,degC,9859185,15240,ABM
11/6/2014 19:00,6.889,degC,9859185,15240,ABM
11/6/2014 20:00,6.914,degC,9859185,15240,ABM
11/6/2014 21:00,6.94,degC,9859185,15240,ABM
11/6/2014 22:00,6.94,degC,9859185,15240,ABM
11/6/2014 23:00,6.94,degC,9859185,15240,ABM
11/7/2014 0:00,6.965,degC,9859185,15240,ABM
11/7/2014 1:00,6.965,degC,9859185,15240,ABM
11/7/2014 2:00,6.965,degC,9859185,15240,ABM
11/7/2014 3:00,6.965,degC,9859185,15240,ABM
11/7/2014 4:00,6.965,degC,9859185,15240,ABM
11/7/2014 5:00,6.965,degC,9859185,15240,ABM
11/7/2014 6:00,6.965,degC,9859185,15240,ABM
11/7/2014 7:00,6.914,degC,9859185,15240,ABM
11/7/2014 8:00,6.839,degC,9859185,15240,ABM
11/7/2014 9:00,6.763,degC,9859185,15240,ABM
11/7/2014 10:00,6.712,degC,9859185,15240,ABM
11/7/2014 11:00,6.788,degC,9859185,15240,ABM
11/7/2014 12:00,6.813,degC,9859185,15240,ABM
11/7/2014 13:00,6.914,degC,9859185,15240,ABM
11/7/2014 14:00,7.015,degC,9859185,15240,ABM
11/7/2014 15:00,7.041,degC,9859185,15240,ABM
11/7/2014 16:00,7.015,degC,9859185,15240,ABM
11/7/2014 17:00,6.94,degC,9859185,15240,ABM
11/7/2014 18:00,6.813,degC,9859185,15240,ABM
11/7/2014 19:00,6.687,degC,9859185,15240,ABM
11/7/2014 20:00,6.585,degC,9859185,15240,ABM
11/7/2014 21:00,6.408,degC,9859185,15240,ABM
11/7/2014 22:00,6.23,degC,9859185,15240,ABM
11/7/2014 23:00,6.051,degC,9859185,15240,ABM
11/8/2014 0:00,5.924,degC,9859185,15240,ABM
11/8/2014 1:00,5.745,degC,9859185,15240,ABM
11/8/2014 2:00,5.616,degC,9859185,15240,ABM
11/8/2014 3:00,5.462,degC,9859185,15240,ABM
11/8/2014 4:00,5.36,degC,9859185,15240,ABM
11/8/2014 5:00,5.179,degC,9859185,15240,ABM
11/8/2014 6:00,4.999,degC,9859185,15240,ABM
11/8/2014 7:00,4.844,degC,9859185,15240,ABM
11/8/2014 8:00,4.714,degC,9859185,15240,ABM
11/8/2014 9:00,4.636,degC,9859185,15240,ABM
11/8/2014 10:00,4.662,degC,9859185,15240,ABM
11/8/2014 11:00,4.818,degC,9859185,15240,ABM
11/8/2014 12:00,4.999,degC,9859185,15240,ABM
11/8/2014 13:00,5.05,degC,9859185,15240,ABM
11/8/2014 14:00,5.205,degC,9859185,15240,ABM
11/8/2014 15:00,5.231,degC,9859185,15240,ABM
11/8/2014 16:00,5.179,degC,9859185,15240,ABM
11/8/2014 17:00,5.128,degC,9859185,15240,ABM
11/8/2014 18:00,5.076,degC,9859185,15240,ABM
11/8/2014 19:00,4.999,degC,9859185,15240,ABM
11/8/2014 20:00,4.921,degC,9859185,15240,ABM
11/8/2014 21:00,4.895,degC,9859185,15240,ABM
11/8/2014 22:00,4.869,degC,9859185,15240,ABM
11/8/2014 23:00,4.869,degC,9859185,15240,ABM
11/9/2014 0:00,4.869,degC,9859185,15240,ABM
11/9/2014 1:00,4.895,degC,9859185,15240,ABM
11/9/2014 2:00,4.921,degC,9859185,15240,ABM
11/9/2014 3:00,4.921,degC,9859185,15240,ABM
11/9/2014 4:00,4.947,degC,9859185,15240,ABM
11/9/2014 5:00,4.973,degC,9859185,15240,ABM
11/9/2014 6:00,5.024,degC,9859185,15240,ABM
11/9/2014 7:00,5.05,degC,9859185,15240,ABM
11/9/2014 8:00,5.076,degC,9859185,15240,ABM
11/9/2014 9:00,5.102,degC,9859185,15240,ABM
11/9/2014 10:00,5.231,degC,9859185,15240,ABM
11/9/2014 11:00,5.411,degC,9859185,15240,ABM
11/9/2014 12:00,5.719,degC,9859185,15240,ABM
11/9/2014 13:00,5.821,degC,9859185,15240,ABM
11/9/2014 14:00,6.026,degC,9859185,15240,ABM
11/9/2014 15:00,6.077,degC,9859185,15240,ABM
11/9/2014 16:00,6.102,degC,9859185,15240,ABM
11/9/2014 17:00,6.051,degC,9859185,15240,ABM
11/9/2014 18:00,6,degC,9859185,15240,ABM
11/9/2014 19:00,5.898,degC,9859185,15240,ABM
11/9/2014 20:00,5.821,degC,9859185,15240,ABM
11/9/2014 21:00,5.719,degC,9859185,15240,ABM
11/9/2014 22:00,5.616,degC,9859185,15240,ABM
11/9/2014 23:00,5.462,degC,9859185,15240,ABM
11/10/2014 0:00,5.308,degC,9859185,15240,ABM
11/10/2014 1:00,5.128,degC,9859185,15240,ABM
11/10/2014 2:00,4.973,degC,9859185,15240,ABM
11/10/2014 3:00,4.844,degC,9859185,15240,ABM
11/10/2014 4:00,4.792,degC,9859185,15240,ABM
11/10/2014 5:00,4.662,degC,9859185,15240,ABM
11/10/2014 6:00,4.532,degC,9859185,15240,ABM
11/10/2014 7:00,4.402,degC,9859185,15240,ABM
11/10/2014 8:00,4.298,degC,9859185,15240,ABM
11/10/2014 9:00,4.272,degC,9859185,15240,ABM
11/10/2014 10:00,4.35,degC,9859185,15240,ABM
11/10/2014 11:00,4.584,degC,9859185,15240,ABM
11/10/2014 12:00,4.895,degC,9859185,15240,ABM
11/10/2014 13:00,5.154,degC,9859185,15240,ABM
11/10/2014 14:00,5.462,degC,9859185,15240,ABM
11/10/2014 15:00,5.539,degC,9859185,15240,ABM
11/10/2014 16:00,5.591,degC,9859185,15240,ABM
11/10/2014 17:00,5.616,degC,9859185,15240,ABM
11/10/2014 18:00,5.616,degC,9859185,15240,ABM
11/10/2014 19:00,5.565,degC,9859185,15240,ABM
11/10/2014 20:00,5.514,degC,9859185,15240,ABM
11/10/2014 21:00,5.462,degC,9859185,15240,ABM
11/10/2014 22:00,5.36,degC,9859185,15240,ABM
11/10/2014 23:00,5.282,degC,9859185,15240,ABM
11/11/2014 0:00,5.154,degC,9859185,15240,ABM
11/11/2014 1:00,5.05,degC,9859185,15240,ABM
11/11/2014 2:00,4.947,degC,9859185,15240,ABM
11/11/2014 3:00,4.844,degC,9859185,15240,ABM
11/11/2014 4:00,4.714,degC,9859185,15240,ABM
11/11/2014 5:00,4.688,degC,9859185,15240,ABM
11/11/2014 6:00,4.636,degC,9859185,15240,ABM
11/11/2014 7:00,4.636,degC,9859185,15240,ABM
11/11/2014 8:00,4.636,degC,9859185,15240,ABM
11/11/2014 9:00,4.688,degC,9859185,15240,ABM
11/11/2014 10:00,4.844,degC,9859185,15240,ABM
11/11/2014 11:00,5.05,degC,9859185,15240,ABM
11/11/2014 12:00,5.334,degC,9859185,15240,ABM
11/11/2014 13:00,5.719,degC,9859185,15240,ABM
11/11/2014 14:00,6.051,degC,9859185,15240,ABM
11/11/2014 15:00,6.281,degC,9859185,15240,ABM
11/11/2014 16:00,6.509,degC,9859185,15240,ABM
11/11/2014 17:00,6.661,degC,9859185,15240,ABM
11/11/2014 18:00,6.737,degC,9859185,15240,ABM
11/11/2014 19:00,6.737,degC,9859185,15240,ABM
11/11/2014 20:00,6.687,degC,9859185,15240,ABM
11/11/2014 21:00,6.636,degC,9859185,15240,ABM
11/11/2014 22:00,6.636,degC,9859185,15240,ABM
11/11/2014 23:00,6.687,degC,9859185,15240,ABM
11/12/2014 0:00,6.712,degC,9859185,15240,ABM
11/12/2014 1:00,6.737,degC,9859185,15240,ABM
11/12/2014 2:00,6.788,degC,9859185,15240,ABM
11/12/2014 3:00,6.864,degC,9859185,15240,ABM
11/12/2014 4:00,6.94,degC,9859185,15240,ABM
11/12/2014 5:00,7.015,degC,9859185,15240,ABM
11/12/2014 6:00,7.091,degC,9859185,15240,ABM
11/12/2014 7:00,7.167,degC,9859185,15240,ABM
11/12/2014 8:00,7.242,degC,9859185,15240,ABM
11/12/2014 9:00,7.293,degC,9859185,15240,ABM
11/12/2014 10:00,7.444,degC,9859185,15240,ABM
11/12/2014 11:00,7.72,degC,9859185,15240,ABM
11/12/2014 12:00,8.07,degC,9859185,15240,ABM
11/12/2014 13:00,8.245,degC,9859185,15240,ABM
11/12/2014 14:00,8.469,degC,9859185,15240,ABM
11/12/2014 15:00,8.519,degC,9859185,15240,ABM
11/12/2014 16:00,8.494,degC,9859185,15240,ABM
11/12/2014 17:00,8.444,degC,9859185,15240,ABM
11/12/2014 18:00,8.27,degC,9859185,15240,ABM
11/12/2014 19:00,8.07,degC,9859185,15240,ABM
11/12/2014 20:00,7.895,degC,9859185,15240,ABM
11/12/2014 21:00,7.695,degC,9859185,15240,ABM
11/12/2014 22:00,7.494,degC,9859185,15240,ABM
11/12/2014 23:00,7.318,degC,9859185,15240,ABM
11/13/2014 0:00,7.142,degC,9859185,15240,ABM
11/13/2014 1:00,6.965,degC,9859185,15240,ABM
11/13/2014 2:00,6.788,degC,9859185,15240,ABM
11/13/2014 3:00,6.585,degC,9859185,15240,ABM
11/13/2014 4:00,6.382,degC,9859185,15240,ABM
11/13/2014 5:00,6.23,degC,9859185,15240,ABM
11/13/2014 6:00,6.026,degC,9859185,15240,ABM
11/13/2014 7:00,5.821,degC,9859185,15240,ABM
11/13/2014 8:00,5.668,degC,9859185,15240,ABM
11/13/2014 9:00,5.539,degC,9859185,15240,ABM
11/13/2014 10:00,5.565,degC,9859185,15240,ABM
11/13/2014 11:00,5.693,degC,9859185,15240,ABM
11/13/2014 12:00,5.821,degC,9859185,15240,ABM
11/13/2014 13:00,5.975,degC,9859185,15240,ABM
11/13/2014 14:00,6.128,degC,9859185,15240,ABM
11/13/2014 15:00,6.102,degC,9859185,15240,ABM
11/13/2014 16:00,6.077,degC,9859185,15240,ABM
11/13/2014 17:00,6,degC,9859185,15240,ABM
11/13/2014 18:00,5.924,degC,9859185,15240,ABM
11/13/2014 19:00,5.872,degC,9859185,15240,ABM
11/13/2014 20:00,5.77,degC,9859185,15240,ABM
11/13/2014 21:00,5.693,degC,9859185,15240,ABM
11/13/2014 22:00,5.565,degC,9859185,15240,ABM
11/13/2014 23:00,5.462,degC,9859185,15240,ABM
11/14/2014 0:00,5.308,degC,9859185,15240,ABM
11/14/2014 1:00,5.179,degC,9859185,15240,ABM
11/14/2014 2:00,4.999,degC,9859185,15240,ABM
11/14/2014 3:00,4.869,degC,9859185,15240,ABM
11/14/2014 4:00,4.792,degC,9859185,15240,ABM
11/14/2014 5:00,4.74,degC,9859185,15240,ABM
11/14/2014 6:00,4.662,degC,9859185,15240,ABM
11/14/2014 7:00,4.558,degC,9859185,15240,ABM
11/14/2014 8:00,4.48,degC,9859185,15240,ABM
11/14/2014 9:00,4.402,degC,9859185,15240,ABM
11/14/2014 10:00,4.324,degC,9859185,15240,ABM
11/14/2014 11:00,4.402,degC,9859185,15240,ABM
11/14/2014 12:00,4.506,degC,9859185,15240,ABM
11/14/2014 13:00,4.584,degC,9859185,15240,ABM
11/14/2014 14:00,4.688,degC,9859185,15240,ABM
11/14/2014 15:00,4.636,degC,9859185,15240,ABM
11/14/2014 16:00,4.48,degC,9859185,15240,ABM
11/14/2014 17:00,4.35,degC,9859185,15240,ABM
11/14/2014 18:00,4.246,degC,9859185,15240,ABM
11/14/2014 19:00,4.115,degC,9859185,15240,ABM
11/14/2014 20:00,4.011,degC,9859185,15240,ABM
11/14/2014 21:00,3.88,degC,9859185,15240,ABM
11/14/2014 22:00,3.775,degC,9859185,15240,ABM
11/14/2014 23:00,3.643,degC,9859185,15240,ABM
11/15/2014 0:00,3.538,degC,9859185,15240,ABM
11/15/2014 1:00,3.406,degC,9859185,15240,ABM
11/15/2014 2:00,3.274,degC,9859185,15240,ABM
11/15/2014 3:00,3.116,degC,9859185,15240,ABM
11/15/2014 4:00,2.956,degC,9859185,15240,ABM
11/15/2014 5:00,2.797,degC,9859185,15240,ABM
11/15/2014 6:00,2.61,degC,9859185,15240,ABM
11/15/2014 7:00,2.423,degC,9859185,15240,ABM
11/15/2014 8:00,2.262,degC,9859185,15240,ABM
11/15/2014 9:00,2.101,degC,9859185,15240,ABM
11/15/2014 10:00,2.101,degC,9859185,15240,ABM
11/15/2014 11:00,2.209,degC,9859185,15240,ABM
11/15/2014 12:00,2.289,degC,9859185,15240,ABM
11/15/2014 13:00,2.343,degC,9859185,15240,ABM
11/15/2014 14:00,2.503,degC,9859185,15240,ABM
11/15/2014 15:00,2.45,degC,9859185,15240,ABM
11/15/2014 16:00,2.343,degC,9859185,15240,ABM
11/15/2014 17:00,2.262,degC,9859185,15240,ABM
11/15/2014 18:00,2.209,degC,9859185,15240,ABM
11/15/2014 19:00,2.155,degC,9859185,15240,ABM
11/15/2014 20:00,2.074,degC,9859185,15240,ABM
11/15/2014 21:00,1.994,degC,9859185,15240,ABM
11/15/2014 22:00,1.886,degC,9859185,15240,ABM
11/15/2014 23:00,1.805,degC,9859185,15240,ABM
11/16/2014 0:00,1.697,degC,9859185,15240,ABM
11/16/2014 1:00,1.615,degC,9859185,15240,ABM
11/16/2014 2:00,1.507,degC,9859185,15240,ABM
11/16/2014 3:00,1.398,degC,9859185,15240,ABM
11/16/2014 4:00,1.289,degC,9859185,15240,ABM
11/16/2014 5:00,1.153,degC,9859185,15240,ABM
11/16/2014 6:00,1.017,degC,9859185,15240,ABM
11/16/2014 7:00,0.934,degC,9859185,15240,ABM
11/16/2014 8:00,0.88,degC,9859185,15240,ABM
11/16/2014 9:00,0.88,degC,9859185,15240,ABM
11/16/2014 10:00,0.962,degC,9859185,15240,ABM
11/16/2014 11:00,1.017,degC,9859185,15240,ABM
11/16/2014 12:00,1.262,degC,9859185,15240,ABM
11/16/2014 13:00,1.507,degC,9859185,15240,ABM
11/16/2014 14:00,1.724,degC,9859185,15240,ABM
11/16/2014 15:00,1.886,degC,9859185,15240,ABM
11/16/2014 16:00,1.994,degC,9859185,15240,ABM
11/16/2014 17:00,2.074,degC,9859185,15240,ABM
11/16/2014 18:00,2.101,degC,9859185,15240,ABM
11/16/2014 19:00,2.128,degC,9859185,15240,ABM
11/16/2014 20:00,2.155,degC,9859185,15240,ABM
11/16/2014 21:00,2.155,degC,9859185,15240,ABM
11/16/2014 22:00,2.155,degC,9859185,15240,ABM
11/16/2014 23:00,2.182,degC,9859185,15240,ABM
11/17/2014 0:00,2.182,degC,9859185,15240,ABM
11/17/2014 1:00,2.182,degC,9859185,15240,ABM
11/17/2014 2:00,2.209,degC,9859185,15240,ABM
11/17/2014 3:00,2.155,degC,9859185,15240,ABM
11/17/2014 4:00,2.155,degC,9859185,15240,ABM
11/17/2014 5:00,2.182,degC,9859185,15240,ABM
11/17/2014 6:00,2.209,degC,9859185,15240,ABM
11/17/2014 7:00,2.236,degC,9859185,15240,ABM
11/17/2014 8:00,2.262,degC,9859185,15240,ABM
11/17/2014 9:00,2.316,degC,9859185,15240,ABM
11/17/2014 10:00,2.396,degC,9859185,15240,ABM
11/17/2014 11:00,2.53,degC,9859185,15240,ABM
11/17/2014 12:00,2.69,degC,9859185,15240,ABM
11/17/2014 13:00,2.823,degC,9859185,15240,ABM
11/17/2014 14:00,2.956,degC,9859185,15240,ABM
11/17/2014 15:00,3.089,degC,9859185,15240,ABM
11/17/2014 16:00,3.221,degC,9859185,15240,ABM
11/17/2014 17:00,3.327,degC,9859185,15240,ABM
11/17/2014 18:00,3.459,degC,9859185,15240,ABM
11/17/2014 19:00,3.591,degC,9859185,15240,ABM
11/17/2014 20:00,3.67,degC,9859185,15240,ABM
11/17/2014 21:00,3.775,degC,9859185,15240,ABM
11/17/2014 22:00,3.801,degC,9859185,15240,ABM
11/17/2014 23:00,3.88,degC,9859185,15240,ABM
11/18/2014 0:00,3.906,degC,9859185,15240,ABM
11/18/2014 1:00,3.985,degC,9859185,15240,ABM
11/18/2014 2:00,4.063,degC,9859185,15240,ABM
11/18/2014 3:00,4.011,degC,9859185,15240,ABM
11/18/2014 4:00,3.932,degC,9859185,15240,ABM
11/18/2014 5:00,3.88,degC,9859185,15240,ABM
11/18/2014 6:00,3.827,degC,9859185,15240,ABM
11/18/2014 7:00,3.749,degC,9859185,15240,ABM
11/18/2014 8:00,3.643,degC,9859185,15240,ABM
11/18/2014 9:00,3.564,degC,9859185,15240,ABM
11/18/2014 10:00,3.459,degC,9859185,15240,ABM
11/18/2014 11:00,3.38,degC,9859185,15240,ABM
11/18/2014 12:00,3.327,degC,9859185,15240,ABM
11/18/2014 13:00,3.221,degC,9859185,15240,ABM
11/18/2014 14:00,3.116,degC,9859185,15240,ABM
11/18/2014 15:00,2.903,degC,9859185,15240,ABM
11/18/2014 16:00,2.823,degC,9859185,15240,ABM
11/18/2014 17:00,2.69,degC,9859185,15240,ABM
11/18/2014 18:00,2.503,degC,9859185,15240,ABM
11/18/2014 19:00,2.343,degC,9859185,15240,ABM
11/18/2014 20:00,2.155,degC,9859185,15240,ABM
11/18/2014 21:00,1.967,degC,9859185,15240,ABM
11/18/2014 22:00,1.778,degC,9859185,15240,ABM
11/18/2014 23:00,1.615,degC,9859185,15240,ABM
11/19/2014 0:00,1.425,degC,9859185,15240,ABM
11/19/2014 1:00,1.208,degC,9859185,15240,ABM
11/19/2014 2:00,1.017,degC,9859185,15240,ABM
11/19/2014 3:00,0.852,degC,9859185,15240,ABM
11/19/2014 4:00,0.687,degC,9859185,15240,ABM
11/19/2014 5:00,0.522,degC,9859185,15240,ABM
11/19/2014 6:00,0.384,degC,9859185,15240,ABM
11/19/2014 7:00,0.246,degC,9859185,15240,ABM
11/19/2014 8:00,0.107,degC,9859185,15240,ABM
11/19/2014 9:00,0.051,degC,9859185,15240,ABM
11/19/2014 10:00,0.079,degC,9859185,15240,ABM
11/19/2014 11:00,0.19,degC,9859185,15240,ABM
11/19/2014 12:00,0.301,degC,9859185,15240,ABM
11/19/2014 13:00,0.384,degC,9859185,15240,ABM
11/19/2014 14:00,0.467,degC,9859185,15240,ABM
11/19/2014 15:00,0.467,degC,9859185,15240,ABM
11/19/2014 16:00,0.412,degC,9859185,15240,ABM
11/19/2014 17:00,0.273,degC,9859185,15240,ABM
11/19/2014 18:00,0.273,degC,9859185,15240,ABM
11/19/2014 19:00,0.301,degC,9859185,15240,ABM
11/19/2014 20:00,0.273,degC,9859185,15240,ABM
11/19/2014 21:00,0.246,degC,9859185,15240,ABM
11/19/2014 22:00,0.246,degC,9859185,15240,ABM
11/19/2014 23:00,0.246,degC,9859185,15240,ABM
11/20/2014 0:00,0.246,degC,9859185,15240,ABM
11/20/2014 1:00,0.273,degC,9859185,15240,ABM
11/20/2014 2:00,0.301,degC,9859185,15240,ABM
11/20/2014 3:00,0.329,degC,9859185,15240,ABM
11/20/2014 4:00,0.329,degC,9859185,15240,ABM
11/20/2014 5:00,0.301,degC,9859185,15240,ABM
11/20/2014 6:00,0.273,degC,9859185,15240,ABM
11/20/2014 7:00,0.246,degC,9859185,15240,ABM
11/20/2014 8:00,0.163,degC,9859185,15240,ABM
11/20/2014 9:00,0.107,degC,9859185,15240,ABM
11/20/2014 10:00,0.19,degC,9859185,15240,ABM
11/20/2014 11:00,0.412,degC,9859185,15240,ABM
11/20/2014 12:00,0.687,degC,9859185,15240,ABM
11/20/2014 13:00,0.934,degC,9859185,15240,ABM
11/20/2014 14:00,1.18,degC,9859185,15240,ABM
11/20/2014 15:00,1.18,degC,9859185,15240,ABM
11/20/2014 16:00,1.208,degC,9859185,15240,ABM
11/20/2014 17:00,1.235,degC,9859185,15240,ABM
11/20/2014 18:00,1.235,degC,9859185,15240,ABM
11/20/2014 19:00,1.208,degC,9859185,15240,ABM
11/20/2014 20:00,1.208,degC,9859185,15240,ABM
11/20/2014 21:00,1.262,degC,9859185,15240,ABM
11/20/2014 22:00,1.235,degC,9859185,15240,ABM
11/20/2014 23:00,1.208,degC,9859185,15240,ABM
11/21/2014 0:00,1.153,degC,9859185,15240,ABM
11/21/2014 1:00,1.071,degC,9859185,15240,ABM
11/21/2014 2:00,0.962,degC,9859185,15240,ABM
11/21/2014 3:00,0.852,degC,9859185,15240,ABM
11/21/2014 4:00,0.715,degC,9859185,15240,ABM
11/21/2014 5:00,0.577,degC,9859185,15240,ABM
11/21/2014 6:00,0.439,degC,9859185,15240,ABM
11/21/2014 7:00,0.301,degC,9859185,15240,ABM
11/21/2014 8:00,0.19,degC,9859185,15240,ABM
11/21/2014 9:00,0.135,degC,9859185,15240,ABM
11/21/2014 10:00,0.135,degC,9859185,15240,ABM
11/21/2014 11:00,0.246,degC,9859185,15240,ABM
11/21/2014 12:00,0.384,degC,9859185,15240,ABM
11/21/2014 13:00,0.55,degC,9859185,15240,ABM
11/21/2014 14:00,0.66,degC,9859185,15240,ABM
11/21/2014 15:00,0.605,degC,9859185,15240,ABM
11/21/2014 16:00,0.467,degC,9859185,15240,ABM
11/21/2014 17:00,0.356,degC,9859185,15240,ABM
11/21/2014 18:00,0.301,degC,9859185,15240,ABM
11/21/2014 19:00,0.218,degC,9859185,15240,ABM
11/21/2014 20:00,0.163,degC,9859185,15240,ABM
11/21/2014 21:00,0.079,degC,9859185,15240,ABM
11/21/2014 22:00,0.024,degC,9859185,15240,ABM
11/21/2014 23:00,-0.004,degC,9859185,15240,ABM
11/22/2014 0:00,0.024,degC,9859185,15240,ABM
11/22/2014 1:00,0.024,degC,9859185,15240,ABM
11/22/2014 2:00,0.024,degC,9859185,15240,ABM
11/22/2014 3:00,0.024,degC,9859185,15240,ABM
11/22/2014 4:00,-0.004,degC,9859185,15240,ABM
11/22/2014 5:00,-0.004,degC,9859185,15240,ABM
11/22/2014 6:00,-0.004,degC,9859185,15240,ABM
11/22/2014 7:00,-0.004,degC,9859185,15240,ABM
11/22/2014 8:00,-0.004,degC,9859185,15240,ABM
11/22/2014 9:00,0.024,degC,9859185,15240,ABM
11/22/2014 10:00,0.024,degC,9859185,15240,ABM
11/22/2014 11:00,0.051,degC,9859185,15240,ABM
11/22/2014 12:00,0.107,degC,9859185,15240,ABM
11/22/2014 13:00,0.079,degC,9859185,15240,ABM
11/22/2014 14:00,0.079,degC,9859185,15240,ABM
11/22/2014 15:00,0.079,degC,9859185,15240,ABM
11/22/2014 16:00,0.079,degC,9859185,15240,ABM
11/22/2014 17:00,0.107,degC,9859185,15240,ABM
11/22/2014 18:00,0.135,degC,9859185,15240,ABM
11/22/2014 19:00,0.135,degC,9859185,15240,ABM
11/22/2014 20:00,0.135,degC,9859185,15240,ABM
11/22/2014 21:00,0.163,degC,9859185,15240,ABM
11/22/2014 22:00,0.19,degC,9859185,15240,ABM
11/22/2014 23:00,0.246,degC,9859185,15240,ABM
11/23/2014 0:00,0.301,degC,9859185,15240,ABM
11/23/2014 1:00,0.439,degC,9859185,15240,ABM
11/23/2014 2:00,0.632,degC,9859185,15240,ABM
11/23/2014 3:00,0.825,degC,9859185,15240,ABM
11/23/2014 4:00,0.989,degC,9859185,15240,ABM
11/23/2014 5:00,1.099,degC,9859185,15240,ABM
11/23/2014 6:00,1.18,degC,9859185,15240,ABM
11/23/2014 7:00,1.235,degC,9859185,15240,ABM
11/23/2014 8:00,1.317,degC,9859185,15240,ABM
11/23/2014 9:00,1.398,degC,9859185,15240,ABM
11/23/2014 10:00,1.453,degC,9859185,15240,ABM
11/23/2014 11:00,1.67,degC,9859185,15240,ABM
11/23/2014 12:00,1.913,degC,9859185,15240,ABM
11/23/2014 13:00,2.182,degC,9859185,15240,ABM
11/23/2014 14:00,2.423,degC,9859185,15240,ABM
11/23/2014 15:00,2.584,degC,9859185,15240,ABM
11/23/2014 16:00,2.69,degC,9859185,15240,ABM
11/23/2014 17:00,2.797,degC,9859185,15240,ABM
11/23/2014 18:00,2.823,degC,9859185,15240,ABM
11/23/2014 19:00,2.85,degC,9859185,15240,ABM
11/23/2014 20:00,2.85,degC,9859185,15240,ABM
11/23/2014 21:00,2.85,degC,9859185,15240,ABM
11/23/2014 22:00,2.797,degC,9859185,15240,ABM
11/23/2014 23:00,2.744,degC,9859185,15240,ABM
11/24/2014 0:00,2.717,degC,9859185,15240,ABM
11/24/2014 1:00,2.69,degC,9859185,15240,ABM
11/24/2014 2:00,2.717,degC,9859185,15240,ABM
11/24/2014 3:00,2.744,degC,9859185,15240,ABM
11/24/2014 4:00,2.797,degC,9859185,15240,ABM
11/24/2014 5:00,2.85,degC,9859185,15240,ABM
11/24/2014 6:00,2.903,degC,9859185,15240,ABM
11/24/2014 7:00,2.983,degC,9859185,15240,ABM
11/24/2014 8:00,3.116,degC,9859185,15240,ABM
11/24/2014 9:00,3.248,degC,9859185,15240,ABM
11/24/2014 10:00,3.591,degC,9859185,15240,ABM
11/24/2014 11:00,4.037,degC,9859185,15240,ABM
11/24/2014 12:00,4.506,degC,9859185,15240,ABM
11/24/2014 13:00,4.869,degC,9859185,15240,ABM
11/24/2014 14:00,5.154,degC,9859185,15240,ABM
11/24/2014 15:00,5.334,degC,9859185,15240,ABM
11/24/2014 16:00,5.488,degC,9859185,15240,ABM
11/24/2014 17:00,5.565,degC,9859185,15240,ABM
11/24/2014 18:00,5.668,degC,9859185,15240,ABM
11/24/2014 19:00,5.719,degC,9859185,15240,ABM
11/24/2014 20:00,5.745,degC,9859185,15240,ABM
11/24/2014 21:00,5.745,degC,9859185,15240,ABM
11/24/2014 22:00,5.693,degC,9859185,15240,ABM
11/24/2014 23:00,5.642,degC,9859185,15240,ABM
11/25/2014 0:00,5.616,degC,9859185,15240,ABM
11/25/2014 1:00,5.591,degC,9859185,15240,ABM
11/25/2014 2:00,5.616,degC,9859185,15240,ABM
11/25/2014 3:00,5.668,degC,9859185,15240,ABM
11/25/2014 4:00,5.719,degC,9859185,15240,ABM
11/25/2014 5:00,5.77,degC,9859185,15240,ABM
11/25/2014 6:00,5.77,degC,9859185,15240,ABM
11/25/2014 7:00,5.77,degC,9859185,15240,ABM
11/25/2014 8:00,5.745,degC,9859185,15240,ABM
11/25/2014 9:00,5.77,degC,9859185,15240,ABM
11/25/2014 10:00,5.77,degC,9859185,15240,ABM
11/25/2014 11:00,5.821,degC,9859185,15240,ABM
11/25/2014 12:00,5.872,degC,9859185,15240,ABM
11/25/2014 13:00,5.949,degC,9859185,15240,ABM
11/25/2014 14:00,6,degC,9859185,15240,ABM
11/25/2014 15:00,6.026,degC,9859185,15240,ABM
11/25/2014 16:00,6.026,degC,9859185,15240,ABM
11/25/2014 17:00,5.949,degC,9859185,15240,ABM
11/25/2014 18:00,5.847,degC,9859185,15240,ABM
11/25/2014 19:00,5.693,degC,9859185,15240,ABM
11/25/2014 20:00,5.539,degC,9859185,15240,ABM
11/25/2014 21:00,5.36,degC,9859185,15240,ABM
11/25/2014 22:00,5.179,degC,9859185,15240,ABM
11/25/2014 23:00,5.024,degC,9859185,15240,ABM
11/26/2014 0:00,4.895,degC,9859185,15240,ABM
11/26/2014 1:00,4.74,degC,9859185,15240,ABM
11/26/2014 2:00,4.662,degC,9859185,15240,ABM
11/26/2014 3:00,4.558,degC,9859185,15240,ABM
11/26/2014 4:00,4.48,degC,9859185,15240,ABM
11/26/2014 5:00,4.428,degC,9859185,15240,ABM
11/26/2014 6:00,4.402,degC,9859185,15240,ABM
11/26/2014 7:00,4.402,degC,9859185,15240,ABM
11/26/2014 8:00,4.376,degC,9859185,15240,ABM
11/26/2014 9:00,4.324,degC,9859185,15240,ABM
11/26/2014 10:00,4.22,degC,9859185,15240,ABM
11/26/2014 11:00,4.011,degC,9859185,15240,ABM
11/26/2014 12:00,3.591,degC,9859185,15240,ABM
11/26/2014 13:00,3.248,degC,9859185,15240,ABM
11/26/2014 14:00,2.903,degC,9859185,15240,ABM
11/26/2014 15:00,2.503,degC,9859185,15240,ABM
11/26/2014 16:00,2.209,degC,9859185,15240,ABM
11/26/2014 17:00,1.886,degC,9859185,15240,ABM
11/26/2014 18:00,1.615,degC,9859185,15240,ABM
11/26/2014 19:00,1.453,degC,9859185,15240,ABM
11/26/2014 20:00,1.18,degC,9859185,15240,ABM
11/26/2014 21:00,1.099,degC,9859185,15240,ABM
11/26/2014 22:00,0.907,degC,9859185,15240,ABM
11/26/2014 23:00,0.797,degC,9859185,15240,ABM
11/27/2014 0:00,0.742,degC,9859185,15240,ABM
11/27/2014 1:00,0.742,degC,9859185,15240,ABM
11/27/2014 2:00,0.715,degC,9859185,15240,ABM
11/27/2014 3:00,0.797,degC,9859185,15240,ABM
11/27/2014 4:00,0.88,degC,9859185,15240,ABM
11/27/2014 5:00,0.934,degC,9859185,15240,ABM
11/27/2014 6:00,0.962,degC,9859185,15240,ABM
11/27/2014 7:00,0.962,degC,9859185,15240,ABM
11/27/2014 8:00,0.962,degC,9859185,15240,ABM
11/27/2014 9:00,0.962,degC,9859185,15240,ABM
11/27/2014 10:00,1.044,degC,9859185,15240,ABM
11/27/2014 11:00,1.208,degC,9859185,15240,ABM
11/27/2014 12:00,1.425,degC,9859185,15240,ABM
11/27/2014 13:00,1.561,degC,9859185,15240,ABM
11/27/2014 14:00,1.697,degC,9859185,15240,ABM
11/27/2014 15:00,1.805,degC,9859185,15240,ABM
11/27/2014 16:00,1.859,degC,9859185,15240,ABM
11/27/2014 17:00,1.859,degC,9859185,15240,ABM
11/27/2014 18:00,1.859,degC,9859185,15240,ABM
11/27/2014 19:00,1.859,degC,9859185,15240,ABM
11/27/2014 20:00,1.832,degC,9859185,15240,ABM
11/27/2014 21:00,1.832,degC,9859185,15240,ABM
11/27/2014 22:00,1.832,degC,9859185,15240,ABM
11/27/2014 23:00,1.805,degC,9859185,15240,ABM
11/28/2014 0:00,1.778,degC,9859185,15240,ABM
11/28/2014 1:00,1.751,degC,9859185,15240,ABM
11/28/2014 2:00,1.724,degC,9859185,15240,ABM
11/28/2014 3:00,1.67,degC,9859185,15240,ABM
11/28/2014 4:00,1.643,degC,9859185,15240,ABM
11/28/2014 5:00,1.588,degC,9859185,15240,ABM
11/28/2014 6:00,1.507,degC,9859185,15240,ABM
11/28/2014 7:00,1.48,degC,9859185,15240,ABM
11/28/2014 8:00,1.398,degC,9859185,15240,ABM
11/28/2014 9:00,1.344,degC,9859185,15240,ABM
11/28/2014 10:00,1.344,degC,9859185,15240,ABM
11/28/2014 11:00,1.371,degC,9859185,15240,ABM
11/28/2014 12:00,1.398,degC,9859185,15240,ABM
11/28/2014 13:00,1.371,degC,9859185,15240,ABM
11/28/2014 14:00,1.317,degC,9859185,15240,ABM
11/28/2014 15:00,1.208,degC,9859185,15240,ABM
11/28/2014 16:00,1.099,degC,9859185,15240,ABM
11/28/2014 17:00,0.962,degC,9859185,15240,ABM
11/28/2014 18:00,0.88,degC,9859185,15240,ABM
11/28/2014 19:00,0.825,degC,9859185,15240,ABM
11/28/2014 20:00,0.742,degC,9859185,15240,ABM
11/28/2014 21:00,0.632,degC,9859185,15240,ABM
11/28/2014 22:00,0.522,degC,9859185,15240,ABM
11/28/2014 23:00,0.384,degC,9859185,15240,ABM
11/29/2014 0:00,0.273,degC,9859185,15240,ABM
11/29/2014 1:00,0.163,degC,9859185,15240,ABM
11/29/2014 2:00,0.024,degC,9859185,15240,ABM
11/29/2014 3:00,0.024,degC,9859185,15240,ABM
11/29/2014 4:00,0.024,degC,9859185,15240,ABM
11/29/2014 5:00,0.024,degC,9859185,15240,ABM
11/29/2014 6:00,0.024,degC,9859185,15240,ABM
11/29/2014 7:00,0.024,degC,9859185,15240,ABM
11/29/2014 8:00,0.024,degC,9859185,15240,ABM
11/29/2014 9:00,0.024,degC,9859185,15240,ABM
11/29/2014 10:00,0.024,degC,9859185,15240,ABM
11/29/2014 11:00,0.107,degC,9859185,15240,ABM
11/29/2014 12:00,0.19,degC,9859185,15240,ABM
11/29/2014 13:00,0.107,degC,9859185,15240,ABM
11/29/2014 14:00,0.135,degC,9859185,15240,ABM
11/29/2014 15:00,0.163,degC,9859185,15240,ABM
11/29/2014 16:00,0.19,degC,9859185,15240,ABM
11/29/2014 17:00,0.19,degC,9859185,15240,ABM
11/29/2014 18:00,0.163,degC,9859185,15240,ABM
11/29/2014 19:00,0.163,degC,9859185,15240,ABM
11/29/2014 20:00,0.19,degC,9859185,15240,ABM
11/29/2014 21:00,0.218,degC,9859185,15240,ABM
11/29/2014 22:00,0.246,degC,9859185,15240,ABM
11/29/2014 23:00,0.273,degC,9859185,15240,ABM
11/30/2014 0:00,0.301,degC,9859185,15240,ABM
11/30/2014 1:00,0.301,degC,9859185,15240,ABM
11/30/2014 2:00,0.356,degC,9859185,15240,ABM
11/30/2014 3:00,0.384,degC,9859185,15240,ABM
11/30/2014 4:00,0.467,degC,9859185,15240,ABM
11/30/2014 5:00,0.55,degC,9859185,15240,ABM
11/30/2014 6:00,0.632,degC,9859185,15240,ABM
11/30/2014 7:00,0.715,degC,9859185,15240,ABM
11/30/2014 8:00,0.797,degC,9859185,15240,ABM
11/30/2014 9:00,0.88,degC,9859185,15240,ABM
11/30/2014 10:00,0.962,degC,9859185,15240,ABM
11/30/2014 11:00,1.071,degC,9859185,15240,ABM
11/30/2014 12:00,1.153,degC,9859185,15240,ABM
11/30/2014 13:00,1.126,degC,9859185,15240,ABM
11/30/2014 14:00,1.235,degC,9859185,15240,ABM
11/30/2014 15:00,1.262,degC,9859185,15240,ABM
11/30/2014 16:00,1.289,degC,9859185,15240,ABM
11/30/2014 17:00,1.344,degC,9859185,15240,ABM
11/30/2014 18:00,1.453,degC,9859185,15240,ABM
11/30/2014 19:00,1.534,degC,9859185,15240,ABM
11/30/2014 20:00,1.615,degC,9859185,15240,ABM
11/30/2014 21:00,1.697,degC,9859185,15240,ABM
11/30/2014 22:00,1.778,degC,9859185,15240,ABM
11/30/2014 23:00,1.832,degC,9859185,15240,ABM
12/1/2014 0:00,1.886,degC,9859185,15240,ABM
12/1/2014 1:00,1.967,degC,9859185,15240,ABM
12/1/2014 2:00,1.994,degC,9859185,15240,ABM
12/1/2014 3:00,2.021,degC,9859185,15240,ABM
12/1/2014 4:00,2.047,degC,9859185,15240,ABM
12/1/2014 5:00,2.047,degC,9859185,15240,ABM
12/1/2014 6:00,2.074,degC,9859185,15240,ABM
12/1/2014 7:00,2.101,degC,9859185,15240,ABM
12/1/2014 8:00,2.128,degC,9859185,15240,ABM
12/1/2014 9:00,2.155,degC,9859185,15240,ABM
12/1/2014 10:00,2.236,degC,9859185,15240,ABM
12/1/2014 11:00,2.396,degC,9859185,15240,ABM
12/1/2014 12:00,2.584,degC,9859185,15240,ABM
12/1/2014 13:00,2.877,degC,9859185,15240,ABM
12/1/2014 14:00,3.063,degC,9859185,15240,ABM
12/1/2014 15:00,3.195,degC,9859185,15240,ABM
12/1/2014 16:00,3.274,degC,9859185,15240,ABM
12/1/2014 17:00,3.327,degC,9859185,15240,ABM
12/1/2014 18:00,3.301,degC,9859185,15240,ABM
12/1/2014 19:00,3.301,degC,9859185,15240,ABM
12/1/2014 20:00,3.248,degC,9859185,15240,ABM
12/1/2014 21:00,3.221,degC,9859185,15240,ABM
12/1/2014 22:00,3.168,degC,9859185,15240,ABM
12/1/2014 23:00,3.063,degC,9859185,15240,ABM
12/2/2014 0:00,2.93,degC,9859185,15240,ABM
12/2/2014 1:00,2.85,degC,9859185,15240,ABM
12/2/2014 2:00,2.77,degC,9859185,15240,ABM
12/2/2014 3:00,2.69,degC,9859185,15240,ABM
12/2/2014 4:00,2.584,degC,9859185,15240,ABM
12/2/2014 5:00,2.45,degC,9859185,15240,ABM
12/2/2014 6:00,2.343,degC,9859185,15240,ABM
12/2/2014 7:00,2.236,degC,9859185,15240,ABM
12/2/2014 8:00,2.128,degC,9859185,15240,ABM
12/2/2014 9:00,2.047,degC,9859185,15240,ABM
12/2/2014 10:00,1.967,degC,9859185,15240,ABM
12/2/2014 11:00,1.94,degC,9859185,15240,ABM
12/2/2014 12:00,1.994,degC,9859185,15240,ABM
12/2/2014 13:00,2.047,degC,9859185,15240,ABM
12/2/2014 14:00,2.074,degC,9859185,15240,ABM
12/2/2014 15:00,2.074,degC,9859185,15240,ABM
12/2/2014 16:00,2.074,degC,9859185,15240,ABM
12/2/2014 17:00,2.074,degC,9859185,15240,ABM
12/2/2014 18:00,1.994,degC,9859185,15240,ABM
12/2/2014 19:00,1.967,degC,9859185,15240,ABM
12/2/2014 20:00,1.913,degC,9859185,15240,ABM
12/2/2014 21:00,1.886,degC,9859185,15240,ABM
12/2/2014 22:00,1.886,degC,9859185,15240,ABM
12/2/2014 23:00,1.886,degC,9859185,15240,ABM
12/3/2014 0:00,1.913,degC,9859185,15240,ABM
12/3/2014 1:00,1.94,degC,9859185,15240,ABM
12/3/2014 2:00,1.967,degC,9859185,15240,ABM
12/3/2014 3:00,1.994,degC,9859185,15240,ABM
12/3/2014 4:00,2.047,degC,9859185,15240,ABM
12/3/2014 5:00,2.101,degC,9859185,15240,ABM
12/3/2014 6:00,2.155,degC,9859185,15240,ABM
12/3/2014 7:00,2.209,degC,9859185,15240,ABM
12/3/2014 8:00,2.262,degC,9859185,15240,ABM
12/3/2014 9:00,2.316,degC,9859185,15240,ABM
12/3/2014 10:00,2.37,degC,9859185,15240,ABM
12/3/2014 11:00,2.45,degC,9859185,15240,ABM
12/3/2014 12:00,2.557,degC,9859185,15240,ABM
12/3/2014 13:00,2.69,degC,9859185,15240,ABM
12/3/2014 14:00,2.77,degC,9859185,15240,ABM
12/3/2014 15:00,2.85,degC,9859185,15240,ABM
12/3/2014 16:00,2.93,degC,9859185,15240,ABM
12/3/2014 17:00,2.956,degC,9859185,15240,ABM
12/3/2014 18:00,3.009,degC,9859185,15240,ABM
12/3/2014 19:00,3.036,degC,9859185,15240,ABM
12/3/2014 20:00,3.116,degC,9859185,15240,ABM
12/3/2014 21:00,3.142,degC,9859185,15240,ABM
12/3/2014 22:00,3.142,degC,9859185,15240,ABM
12/3/2014 23:00,3.063,degC,9859185,15240,ABM
12/4/2014 0:00,2.983,degC,9859185,15240,ABM
12/4/2014 1:00,2.903,degC,9859185,15240,ABM
12/4/2014 2:00,2.797,degC,9859185,15240,ABM
12/4/2014 3:00,2.69,degC,9859185,15240,ABM
12/4/2014 4:00,2.584,degC,9859185,15240,ABM
12/4/2014 5:00,2.477,degC,9859185,15240,ABM
12/4/2014 6:00,2.396,degC,9859185,15240,ABM
12/4/2014 7:00,2.289,degC,9859185,15240,ABM
12/4/2014 8:00,2.209,degC,9859185,15240,ABM
12/4/2014 9:00,2.155,degC,9859185,15240,ABM
12/4/2014 10:00,2.155,degC,9859185,15240,ABM
12/4/2014 11:00,2.236,degC,9859185,15240,ABM
12/4/2014 12:00,2.316,degC,9859185,15240,ABM
12/4/2014 13:00,2.37,degC,9859185,15240,ABM
12/4/2014 14:00,2.423,degC,9859185,15240,ABM
12/4/2014 15:00,2.396,degC,9859185,15240,ABM
12/4/2014 16:00,2.396,degC,9859185,15240,ABM
12/4/2014 17:00,2.396,degC,9859185,15240,ABM
12/4/2014 18:00,2.37,degC,9859185,15240,ABM
12/4/2014 19:00,2.289,degC,9859185,15240,ABM
12/4/2014 20:00,2.209,degC,9859185,15240,ABM
12/4/2014 21:00,2.101,degC,9859185,15240,ABM
12/4/2014 22:00,2.021,degC,9859185,15240,ABM
12/4/2014 23:00,1.913,degC,9859185,15240,ABM
12/5/2014 0:00,1.778,degC,9859185,15240,ABM
12/5/2014 1:00,1.67,degC,9859185,15240,ABM
12/5/2014 2:00,1.561,degC,9859185,15240,ABM
12/5/2014 3:00,1.453,degC,9859185,15240,ABM
12/5/2014 4:00,1.317,degC,9859185,15240,ABM
12/5/2014 5:00,1.208,degC,9859185,15240,ABM
12/5/2014 6:00,1.071,degC,9859185,15240,ABM
12/5/2014 7:00,0.962,degC,9859185,15240,ABM
12/5/2014 8:00,0.825,degC,9859185,15240,ABM
12/5/2014 9:00,0.742,degC,9859185,15240,ABM
12/5/2014 10:00,0.715,degC,9859185,15240,ABM
12/5/2014 11:00,0.77,degC,9859185,15240,ABM
12/5/2014 12:00,0.907,degC,9859185,15240,ABM
12/5/2014 13:00,1.071,degC,9859185,15240,ABM
12/5/2014 14:00,1.18,degC,9859185,15240,ABM
12/5/2014 15:00,1.262,degC,9859185,15240,ABM
12/5/2014 16:00,1.371,degC,9859185,15240,ABM
12/5/2014 17:00,1.453,degC,9859185,15240,ABM
12/5/2014 18:00,1.507,degC,9859185,15240,ABM
12/5/2014 19:00,1.561,degC,9859185,15240,ABM
12/5/2014 20:00,1.588,degC,9859185,15240,ABM
12/5/2014 21:00,1.561,degC,9859185,15240,ABM
12/5/2014 22:00,1.534,degC,9859185,15240,ABM
12/5/2014 23:00,1.615,degC,9859185,15240,ABM
12/6/2014 0:00,1.643,degC,9859185,15240,ABM
12/6/2014 1:00,1.697,degC,9859185,15240,ABM
12/6/2014 2:00,1.751,degC,9859185,15240,ABM
12/6/2014 3:00,1.832,degC,9859185,15240,ABM
12/6/2014 4:00,1.886,degC,9859185,15240,ABM
12/6/2014 5:00,1.967,degC,9859185,15240,ABM
12/6/2014 6:00,2.047,degC,9859185,15240,ABM
12/6/2014 7:00,2.101,degC,9859185,15240,ABM
12/6/2014 8:00,2.155,degC,9859185,15240,ABM
12/6/2014 9:00,2.182,degC,9859185,15240,ABM
12/6/2014 10:00,2.209,degC,9859185,15240,ABM
12/6/2014 11:00,2.262,degC,9859185,15240,ABM
12/6/2014 12:00,2.343,degC,9859185,15240,ABM
12/6/2014 13:00,2.423,degC,9859185,15240,ABM
12/6/2014 14:00,2.503,degC,9859185,15240,ABM
12/6/2014 15:00,2.584,degC,9859185,15240,ABM
12/6/2014 16:00,2.637,degC,9859185,15240,ABM
12/6/2014 17:00,2.69,degC,9859185,15240,ABM
12/6/2014 18:00,2.717,degC,9859185,15240,ABM
12/6/2014 19:00,2.744,degC,9859185,15240,ABM
12/6/2014 20:00,2.744,degC,9859185,15240,ABM
12/6/2014 21:00,2.77,degC,9859185,15240,ABM
12/6/2014 22:00,2.797,degC,9859185,15240,ABM
12/6/2014 23:00,2.797,degC,9859185,15240,ABM
12/7/2014 0:00,2.797,degC,9859185,15240,ABM
12/7/2014 1:00,2.797,degC,9859185,15240,ABM
12/7/2014 2:00,2.744,degC,9859185,15240,ABM
12/7/2014 3:00,2.69,degC,9859185,15240,ABM
12/7/2014 4:00,2.61,degC,9859185,15240,ABM
12/7/2014 5:00,2.53,degC,9859185,15240,ABM
12/7/2014 6:00,2.45,degC,9859185,15240,ABM
12/7/2014 7:00,2.37,degC,9859185,15240,ABM
12/7/2014 8:00,2.262,degC,9859185,15240,ABM
12/7/2014 9:00,2.128,degC,9859185,15240,ABM
12/7/2014 10:00,2.047,degC,9859185,15240,ABM
12/7/2014 11:00,2.021,degC,9859185,15240,ABM
12/7/2014 12:00,2.047,degC,9859185,15240,ABM
12/7/2014 13:00,2.047,degC,9859185,15240,ABM
12/7/2014 14:00,2.047,degC,9859185,15240,ABM
12/7/2014 15:00,2.074,degC,9859185,15240,ABM
12/7/2014 16:00,2.074,degC,9859185,15240,ABM
12/7/2014 17:00,2.074,degC,9859185,15240,ABM
12/7/2014 18:00,2.047,degC,9859185,15240,ABM
12/7/2014 19:00,1.94,degC,9859185,15240,ABM
12/7/2014 20:00,1.805,degC,9859185,15240,ABM
12/7/2014 21:00,1.615,degC,9859185,15240,ABM
12/7/2014 22:00,1.453,degC,9859185,15240,ABM
12/7/2014 23:00,1.235,degC,9859185,15240,ABM
12/8/2014 0:00,1.071,degC,9859185,15240,ABM
12/8/2014 1:00,0.907,degC,9859185,15240,ABM
12/8/2014 2:00,0.742,degC,9859185,15240,ABM
12/8/2014 3:00,0.577,degC,9859185,15240,ABM
12/8/2014 4:00,0.439,degC,9859185,15240,ABM
12/8/2014 5:00,0.301,degC,9859185,15240,ABM
12/8/2014 6:00,0.135,degC,9859185,15240,ABM
12/8/2014 7:00,0.107,degC,9859185,15240,ABM
12/8/2014 8:00,0.107,degC,9859185,15240,ABM
12/8/2014 9:00,0.107,degC,9859185,15240,ABM
12/8/2014 10:00,0.107,degC,9859185,15240,ABM
12/8/2014 11:00,0.135,degC,9859185,15240,ABM
12/8/2014 12:00,0.163,degC,9859185,15240,ABM
12/8/2014 13:00,0.19,degC,9859185,15240,ABM
12/8/2014 14:00,0.19,degC,9859185,15240,ABM
12/8/2014 15:00,0.19,degC,9859185,15240,ABM
12/8/2014 16:00,0.19,degC,9859185,15240,ABM
12/8/2014 17:00,0.19,degC,9859185,15240,ABM
12/8/2014 18:00,0.218,degC,9859185,15240,ABM
12/8/2014 19:00,0.246,degC,9859185,15240,ABM
12/8/2014 20:00,0.273,degC,9859185,15240,ABM
12/8/2014 21:00,0.329,degC,9859185,15240,ABM
12/8/2014 22:00,0.412,degC,9859185,15240,ABM
12/8/2014 23:00,0.412,degC,9859185,15240,ABM
12/9/2014 0:00,0.467,degC,9859185,15240,ABM
12/9/2014 1:00,0.522,degC,9859185,15240,ABM
12/9/2014 2:00,0.577,degC,9859185,15240,ABM
12/9/2014 3:00,0.632,degC,9859185,15240,ABM
12/9/2014 4:00,0.687,degC,9859185,15240,ABM
12/9/2014 5:00,0.742,degC,9859185,15240,ABM
12/9/2014 6:00,0.797,degC,9859185,15240,ABM
12/9/2014 7:00,0.88,degC,9859185,15240,ABM
12/9/2014 8:00,0.962,degC,9859185,15240,ABM
12/9/2014 9:00,1.044,degC,9859185,15240,ABM
12/9/2014 10:00,1.126,degC,9859185,15240,ABM
12/9/2014 11:00,1.208,degC,9859185,15240,ABM
12/9/2014 12:00,1.289,degC,9859185,15240,ABM
12/9/2014 13:00,1.398,degC,9859185,15240,ABM
12/9/2014 14:00,1.425,degC,9859185,15240,ABM
12/9/2014 15:00,1.48,degC,9859185,15240,ABM
12/9/2014 16:00,1.561,degC,9859185,15240,ABM
12/9/2014 17:00,1.724,degC,9859185,15240,ABM
12/9/2014 18:00,1.643,degC,9859185,15240,ABM
12/9/2014 19:00,1.507,degC,9859185,15240,ABM
12/9/2014 20:00,1.453,degC,9859185,15240,ABM
12/9/2014 21:00,1.398,degC,9859185,15240,ABM
12/9/2014 22:00,1.317,degC,9859185,15240,ABM
12/9/2014 23:00,1.317,degC,9859185,15240,ABM
12/10/2014 0:00,1.344,degC,9859185,15240,ABM
12/10/2014 1:00,1.398,degC,9859185,15240,ABM
12/10/2014 2:00,1.453,degC,9859185,15240,ABM
12/10/2014 3:00,1.507,degC,9859185,15240,ABM
12/10/2014 4:00,1.588,degC,9859185,15240,ABM
12/10/2014 5:00,1.643,degC,9859185,15240,ABM
12/10/2014 6:00,1.697,degC,9859185,15240,ABM
12/10/2014 7:00,1.751,degC,9859185,15240,ABM
12/10/2014 8:00,1.805,degC,9859185,15240,ABM
12/10/2014 9:00,1.832,degC,9859185,15240,ABM
12/10/2014 10:00,1.913,degC,9859185,15240,ABM
12/10/2014 11:00,1.994,degC,9859185,15240,ABM
12/10/2014 12:00,2.101,degC,9859185,15240,ABM
12/10/2014 13:00,2.209,degC,9859185,15240,ABM
12/10/2014 14:00,2.316,degC,9859185,15240,ABM
12/10/2014 15:00,2.423,degC,9859185,15240,ABM
12/10/2014 16:00,2.423,degC,9859185,15240,ABM
12/10/2014 17:00,2.316,degC,9859185,15240,ABM
12/10/2014 18:00,2.236,degC,9859185,15240,ABM
12/10/2014 19:00,2.155,degC,9859185,15240,ABM
12/10/2014 20:00,2.101,degC,9859185,15240,ABM
12/10/2014 21:00,1.94,degC,9859185,15240,ABM
12/10/2014 22:00,1.886,degC,9859185,15240,ABM
12/10/2014 23:00,1.832,degC,9859185,15240,ABM
12/11/2014 0:00,1.805,degC,9859185,15240,ABM
12/11/2014 1:00,1.778,degC,9859185,15240,ABM
12/11/2014 2:00,1.751,degC,9859185,15240,ABM
12/11/2014 3:00,1.724,degC,9859185,15240,ABM
12/11/2014 4:00,1.67,degC,9859185,15240,ABM
12/11/2014 5:00,1.643,degC,9859185,15240,ABM
12/11/2014 6:00,1.615,degC,9859185,15240,ABM
12/11/2014 7:00,1.615,degC,9859185,15240,ABM
12/11/2014 8:00,1.561,degC,9859185,15240,ABM
12/11/2014 9:00,1.507,degC,9859185,15240,ABM
12/11/2014 10:00,1.507,degC,9859185,15240,ABM
12/11/2014 11:00,1.507,degC,9859185,15240,ABM
12/11/2014 12:00,1.534,degC,9859185,15240,ABM
12/11/2014 13:00,1.615,degC,9859185,15240,ABM
12/11/2014 14:00,1.724,degC,9859185,15240,ABM
12/11/2014 15:00,1.751,degC,9859185,15240,ABM
12/11/2014 16:00,1.778,degC,9859185,15240,ABM
12/11/2014 17:00,1.805,degC,9859185,15240,ABM
12/11/2014 18:00,1.778,degC,9859185,15240,ABM
12/11/2014 19:00,1.724,degC,9859185,15240,ABM
12/11/2014 20:00,1.697,degC,9859185,15240,ABM
12/11/2014 21:00,1.67,degC,9859185,15240,ABM
12/11/2014 22:00,1.67,degC,9859185,15240,ABM
12/11/2014 23:00,1.615,degC,9859185,15240,ABM
12/12/2014 0:00,1.561,degC,9859185,15240,ABM
12/12/2014 1:00,1.507,degC,9859185,15240,ABM
12/12/2014 2:00,1.453,degC,9859185,15240,ABM
12/12/2014 3:00,1.425,degC,9859185,15240,ABM
12/12/2014 4:00,1.398,degC,9859185,15240,ABM
12/12/2014 5:00,1.371,degC,9859185,15240,ABM
12/12/2014 6:00,1.344,degC,9859185,15240,ABM
12/12/2014 7:00,1.317,degC,9859185,15240,ABM
12/12/2014 8:00,1.262,degC,9859185,15240,ABM
12/12/2014 9:00,1.235,degC,9859185,15240,ABM
12/12/2014 10:00,1.235,degC,9859185,15240,ABM
12/12/2014 11:00,1.262,degC,9859185,15240,ABM
12/12/2014 12:00,1.344,degC,9859185,15240,ABM
12/12/2014 13:00,1.425,degC,9859185,15240,ABM
12/12/2014 14:00,1.507,degC,9859185,15240,ABM
12/12/2014 15:00,1.507,degC,9859185,15240,ABM
12/12/2014 16:00,1.534,degC,9859185,15240,ABM
12/12/2014 17:00,1.507,degC,9859185,15240,ABM
12/12/2014 18:00,1.453,degC,9859185,15240,ABM
12/12/2014 19:00,1.425,degC,9859185,15240,ABM
12/12/2014 20:00,1.371,degC,9859185,15240,ABM
12/12/2014 21:00,1.344,degC,9859185,15240,ABM
12/12/2014 22:00,1.317,degC,9859185,15240,ABM
12/12/2014 23:00,1.289,degC,9859185,15240,ABM
12/13/2014 0:00,1.262,degC,9859185,15240,ABM
12/13/2014 1:00,1.235,degC,9859185,15240,ABM
12/13/2014 2:00,1.208,degC,9859185,15240,ABM
12/13/2014 3:00,1.18,degC,9859185,15240,ABM
12/13/2014 4:00,1.126,degC,9859185,15240,ABM
12/13/2014 5:00,1.071,degC,9859185,15240,ABM
12/13/2014 6:00,1.044,degC,9859185,15240,ABM
12/13/2014 7:00,0.989,degC,9859185,15240,ABM
12/13/2014 8:00,0.989,degC,9859185,15240,ABM
12/13/2014 9:00,0.934,degC,9859185,15240,ABM
12/13/2014 10:00,0.962,degC,9859185,15240,ABM
12/13/2014 11:00,1.044,degC,9859185,15240,ABM
12/13/2014 12:00,1.153,degC,9859185,15240,ABM
12/13/2014 13:00,1.235,degC,9859185,15240,ABM
12/13/2014 14:00,1.289,degC,9859185,15240,ABM
12/13/2014 15:00,1.262,degC,9859185,15240,ABM
12/13/2014 16:00,1.262,degC,9859185,15240,ABM
12/13/2014 17:00,1.262,degC,9859185,15240,ABM
12/13/2014 18:00,1.289,degC,9859185,15240,ABM
12/13/2014 19:00,1.262,degC,9859185,15240,ABM
12/13/2014 20:00,1.235,degC,9859185,15240,ABM
12/13/2014 21:00,1.208,degC,9859185,15240,ABM
12/13/2014 22:00,1.208,degC,9859185,15240,ABM
12/13/2014 23:00,1.18,degC,9859185,15240,ABM
12/14/2014 0:00,1.153,degC,9859185,15240,ABM
12/14/2014 1:00,1.153,degC,9859185,15240,ABM
12/14/2014 2:00,1.208,degC,9859185,15240,ABM
12/14/2014 3:00,1.262,degC,9859185,15240,ABM
12/14/2014 4:00,1.317,degC,9859185,15240,ABM
12/14/2014 5:00,1.371,degC,9859185,15240,ABM
12/14/2014 6:00,1.425,degC,9859185,15240,ABM
12/14/2014 7:00,1.453,degC,9859185,15240,ABM
12/14/2014 8:00,1.507,degC,9859185,15240,ABM
12/14/2014 9:00,1.561,degC,9859185,15240,ABM
12/14/2014 10:00,1.615,degC,9859185,15240,ABM
12/14/2014 11:00,1.724,degC,9859185,15240,ABM
12/14/2014 12:00,1.832,degC,9859185,15240,ABM
12/14/2014 13:00,2.021,degC,9859185,15240,ABM
12/14/2014 14:00,2.182,degC,9859185,15240,ABM
12/14/2014 15:00,2.316,degC,9859185,15240,ABM
12/14/2014 16:00,2.343,degC,9859185,15240,ABM
12/14/2014 17:00,2.343,degC,9859185,15240,ABM
12/14/2014 18:00,2.262,degC,9859185,15240,ABM
12/14/2014 19:00,2.262,degC,9859185,15240,ABM
12/14/2014 20:00,2.236,degC,9859185,15240,ABM
12/14/2014 21:00,2.236,degC,9859185,15240,ABM
12/14/2014 22:00,2.209,degC,9859185,15240,ABM
12/14/2014 23:00,2.155,degC,9859185,15240,ABM
12/15/2014 0:00,2.101,degC,9859185,15240,ABM
12/15/2014 1:00,2.047,degC,9859185,15240,ABM
12/15/2014 2:00,2.047,degC,9859185,15240,ABM
12/15/2014 3:00,2.021,degC,9859185,15240,ABM
12/15/2014 4:00,1.967,degC,9859185,15240,ABM
12/15/2014 5:00,1.913,degC,9859185,15240,ABM
12/15/2014 6:00,1.859,degC,9859185,15240,ABM
12/15/2014 7:00,1.832,degC,9859185,15240,ABM
12/15/2014 8:00,1.832,degC,9859185,15240,ABM
12/15/2014 9:00,1.832,degC,9859185,15240,ABM
12/15/2014 10:00,1.859,degC,9859185,15240,ABM
12/15/2014 11:00,1.967,degC,9859185,15240,ABM
12/15/2014 12:00,2.074,degC,9859185,15240,ABM
12/15/2014 13:00,2.182,degC,9859185,15240,ABM
12/15/2014 14:00,2.262,degC,9859185,15240,ABM
12/15/2014 15:00,2.262,degC,9859185,15240,ABM
12/15/2014 16:00,2.209,degC,9859185,15240,ABM
12/15/2014 17:00,2.209,degC,9859185,15240,ABM
12/15/2014 18:00,2.182,degC,9859185,15240,ABM
12/15/2014 19:00,2.128,degC,9859185,15240,ABM
12/15/2014 20:00,2.047,degC,9859185,15240,ABM
12/15/2014 21:00,1.967,degC,9859185,15240,ABM
12/15/2014 22:00,1.913,degC,9859185,15240,ABM
12/15/2014 23:00,1.859,degC,9859185,15240,ABM
12/16/2014 0:00,1.778,degC,9859185,15240,ABM
12/16/2014 1:00,1.67,degC,9859185,15240,ABM
12/16/2014 2:00,1.561,degC,9859185,15240,ABM
12/16/2014 3:00,1.453,degC,9859185,15240,ABM
12/16/2014 4:00,1.344,degC,9859185,15240,ABM
12/16/2014 5:00,1.235,degC,9859185,15240,ABM
12/16/2014 6:00,1.153,degC,9859185,15240,ABM
12/16/2014 7:00,1.153,degC,9859185,15240,ABM
12/16/2014 8:00,1.126,degC,9859185,15240,ABM
12/16/2014 9:00,1.126,degC,9859185,15240,ABM
12/16/2014 10:00,1.18,degC,9859185,15240,ABM
12/16/2014 11:00,1.235,degC,9859185,15240,ABM
12/16/2014 12:00,1.344,degC,9859185,15240,ABM
12/16/2014 13:00,1.453,degC,9859185,15240,ABM
12/16/2014 14:00,1.588,degC,9859185,15240,ABM
12/16/2014 15:00,1.697,degC,9859185,15240,ABM
12/16/2014 16:00,1.778,degC,9859185,15240,ABM
12/16/2014 17:00,1.859,degC,9859185,15240,ABM
12/16/2014 18:00,1.886,degC,9859185,15240,ABM
12/16/2014 19:00,1.913,degC,9859185,15240,ABM
12/16/2014 20:00,1.94,degC,9859185,15240,ABM
12/16/2014 21:00,1.967,degC,9859185,15240,ABM
12/16/2014 22:00,1.994,degC,9859185,15240,ABM
12/16/2014 23:00,2.021,degC,9859185,15240,ABM
12/17/2014 0:00,2.047,degC,9859185,15240,ABM
12/17/2014 1:00,2.074,degC,9859185,15240,ABM
12/17/2014 2:00,2.128,degC,9859185,15240,ABM
12/17/2014 3:00,2.155,degC,9859185,15240,ABM
12/17/2014 4:00,2.209,degC,9859185,15240,ABM
12/17/2014 5:00,2.209,degC,9859185,15240,ABM
12/17/2014 6:00,2.262,degC,9859185,15240,ABM
12/17/2014 7:00,2.289,degC,9859185,15240,ABM
12/17/2014 8:00,2.316,degC,9859185,15240,ABM
12/17/2014 9:00,2.316,degC,9859185,15240,ABM
12/17/2014 10:00,2.37,degC,9859185,15240,ABM
12/17/2014 11:00,2.477,degC,9859185,15240,ABM
12/17/2014 12:00,2.637,degC,9859185,15240,ABM
12/17/2014 13:00,2.877,degC,9859185,15240,ABM
12/17/2014 14:00,3.009,degC,9859185,15240,ABM
12/17/2014 15:00,3.142,degC,9859185,15240,ABM
12/17/2014 16:00,3.221,degC,9859185,15240,ABM
12/17/2014 17:00,3.221,degC,9859185,15240,ABM
12/17/2014 18:00,3.221,degC,9859185,15240,ABM
12/17/2014 19:00,3.195,degC,9859185,15240,ABM
12/17/2014 20:00,3.168,degC,9859185,15240,ABM
12/17/2014 21:00,3.116,degC,9859185,15240,ABM
12/17/2014 22:00,3.063,degC,9859185,15240,ABM
12/17/2014 23:00,3.009,degC,9859185,15240,ABM
12/18/2014 0:00,2.93,degC,9859185,15240,ABM
12/18/2014 1:00,2.85,degC,9859185,15240,ABM
12/18/2014 2:00,2.797,degC,9859185,15240,ABM
12/18/2014 3:00,2.744,degC,9859185,15240,ABM
12/18/2014 4:00,2.69,degC,9859185,15240,ABM
12/18/2014 5:00,2.61,degC,9859185,15240,ABM
12/18/2014 6:00,2.53,degC,9859185,15240,ABM
12/18/2014 7:00,2.477,degC,9859185,15240,ABM
12/18/2014 8:00,2.396,degC,9859185,15240,ABM
12/18/2014 9:00,2.343,degC,9859185,15240,ABM
12/18/2014 10:00,2.316,degC,9859185,15240,ABM
12/18/2014 11:00,2.316,degC,9859185,15240,ABM
12/18/2014 12:00,2.343,degC,9859185,15240,ABM
12/18/2014 13:00,2.396,degC,9859185,15240,ABM
12/18/2014 14:00,2.503,degC,9859185,15240,ABM
12/18/2014 15:00,2.53,degC,9859185,15240,ABM
12/18/2014 16:00,2.53,degC,9859185,15240,ABM
12/18/2014 17:00,2.45,degC,9859185,15240,ABM
12/18/2014 18:00,2.343,degC,9859185,15240,ABM
12/18/2014 19:00,2.289,degC,9859185,15240,ABM
12/18/2014 20:00,2.209,degC,9859185,15240,ABM
12/18/2014 21:00,2.182,degC,9859185,15240,ABM
12/18/2014 22:00,2.155,degC,9859185,15240,ABM
12/18/2014 23:00,2.128,degC,9859185,15240,ABM
12/19/2014 0:00,2.101,degC,9859185,15240,ABM
12/19/2014 1:00,2.047,degC,9859185,15240,ABM
12/19/2014 2:00,1.994,degC,9859185,15240,ABM
12/19/2014 3:00,1.967,degC,9859185,15240,ABM
12/19/2014 4:00,1.913,degC,9859185,15240,ABM
12/19/2014 5:00,1.859,degC,9859185,15240,ABM
12/19/2014 6:00,1.805,degC,9859185,15240,ABM
12/19/2014 7:00,1.724,degC,9859185,15240,ABM
12/19/2014 8:00,1.67,degC,9859185,15240,ABM
12/19/2014 9:00,1.615,degC,9859185,15240,ABM
12/19/2014 10:00,1.561,degC,9859185,15240,ABM
12/19/2014 11:00,1.588,degC,9859185,15240,ABM
12/19/2014 12:00,1.643,degC,9859185,15240,ABM
12/19/2014 13:00,1.67,degC,9859185,15240,ABM
12/19/2014 14:00,1.724,degC,9859185,15240,ABM
12/19/2014 15:00,1.724,degC,9859185,15240,ABM
12/19/2014 16:00,1.697,degC,9859185,15240,ABM
12/19/2014 17:00,1.643,degC,9859185,15240,ABM
12/19/2014 18:00,1.561,degC,9859185,15240,ABM
12/19/2014 19:00,1.48,degC,9859185,15240,ABM
12/19/2014 20:00,1.398,degC,9859185,15240,ABM
12/19/2014 21:00,1.317,degC,9859185,15240,ABM
12/19/2014 22:00,1.235,degC,9859185,15240,ABM
12/19/2014 23:00,1.18,degC,9859185,15240,ABM
12/20/2014 0:00,1.099,degC,9859185,15240,ABM
12/20/2014 1:00,1.071,degC,9859185,15240,ABM
12/20/2014 2:00,0.989,degC,9859185,15240,ABM
12/20/2014 3:00,0.88,degC,9859185,15240,ABM
12/20/2014 4:00,0.742,degC,9859185,15240,ABM
12/20/2014 5:00,0.632,degC,9859185,15240,ABM
12/20/2014 6:00,0.495,degC,9859185,15240,ABM
12/20/2014 7:00,0.384,degC,9859185,15240,ABM
12/20/2014 8:00,0.356,degC,9859185,15240,ABM
12/20/2014 9:00,0.329,degC,9859185,15240,ABM
12/20/2014 10:00,0.356,degC,9859185,15240,ABM
12/20/2014 11:00,0.439,degC,9859185,15240,ABM
12/20/2014 12:00,0.495,degC,9859185,15240,ABM
12/20/2014 13:00,0.577,degC,9859185,15240,ABM
12/20/2014 14:00,0.632,degC,9859185,15240,ABM
12/20/2014 15:00,0.687,degC,9859185,15240,ABM
12/20/2014 16:00,0.742,degC,9859185,15240,ABM
12/20/2014 17:00,0.77,degC,9859185,15240,ABM
12/20/2014 18:00,0.797,degC,9859185,15240,ABM
12/20/2014 19:00,0.825,degC,9859185,15240,ABM
12/20/2014 20:00,0.852,degC,9859185,15240,ABM
12/20/2014 21:00,0.88,degC,9859185,15240,ABM
12/20/2014 22:00,0.907,degC,9859185,15240,ABM
12/20/2014 23:00,0.934,degC,9859185,15240,ABM
12/21/2014 0:00,0.962,degC,9859185,15240,ABM
12/21/2014 1:00,0.989,degC,9859185,15240,ABM
12/21/2014 2:00,0.989,degC,9859185,15240,ABM
12/21/2014 3:00,0.962,degC,9859185,15240,ABM
12/21/2014 4:00,0.962,degC,9859185,15240,ABM
12/21/2014 5:00,0.962,degC,9859185,15240,ABM
12/21/2014 6:00,0.962,degC,9859185,15240,ABM
12/21/2014 7:00,0.962,degC,9859185,15240,ABM
12/21/2014 8:00,0.962,degC,9859185,15240,ABM
12/21/2014 9:00,0.962,degC,9859185,15240,ABM
12/21/2014 10:00,0.989,degC,9859185,15240,ABM
12/21/2014 11:00,1.044,degC,9859185,15240,ABM
12/21/2014 12:00,1.126,degC,9859185,15240,ABM
12/21/2014 13:00,1.18,degC,9859185,15240,ABM
12/21/2014 14:00,1.235,degC,9859185,15240,ABM
12/21/2014 15:00,1.289,degC,9859185,15240,ABM
12/21/2014 16:00,1.344,degC,9859185,15240,ABM
12/21/2014 17:00,1.371,degC,9859185,15240,ABM
12/21/2014 18:00,1.371,degC,9859185,15240,ABM
12/21/2014 19:00,1.398,degC,9859185,15240,ABM
12/21/2014 20:00,1.398,degC,9859185,15240,ABM
12/21/2014 21:00,1.398,degC,9859185,15240,ABM
12/21/2014 22:00,1.425,degC,9859185,15240,ABM
12/21/2014 23:00,1.425,degC,9859185,15240,ABM
12/22/2014 0:00,1.453,degC,9859185,15240,ABM
12/22/2014 1:00,1.453,degC,9859185,15240,ABM
12/22/2014 2:00,1.453,degC,9859185,15240,ABM
12/22/2014 3:00,1.453,degC,9859185,15240,ABM
12/22/2014 4:00,1.48,degC,9859185,15240,ABM
12/22/2014 5:00,1.48,degC,9859185,15240,ABM
12/22/2014 6:00,1.507,degC,9859185,15240,ABM
12/22/2014 7:00,1.507,degC,9859185,15240,ABM
12/22/2014 8:00,1.534,degC,9859185,15240,ABM
12/22/2014 9:00,1.534,degC,9859185,15240,ABM
12/22/2014 10:00,1.588,degC,9859185,15240,ABM
12/22/2014 11:00,1.67,degC,9859185,15240,ABM
12/22/2014 12:00,1.724,degC,9859185,15240,ABM
12/22/2014 13:00,1.832,degC,9859185,15240,ABM
12/22/2014 14:00,1.94,degC,9859185,15240,ABM
12/22/2014 15:00,2.074,degC,9859185,15240,ABM
12/22/2014 16:00,2.128,degC,9859185,15240,ABM
12/22/2014 17:00,2.155,degC,9859185,15240,ABM
12/22/2014 18:00,2.155,degC,9859185,15240,ABM
12/22/2014 19:00,2.155,degC,9859185,15240,ABM
12/22/2014 20:00,2.128,degC,9859185,15240,ABM
12/22/2014 21:00,2.128,degC,9859185,15240,ABM
12/22/2014 22:00,2.155,degC,9859185,15240,ABM
12/22/2014 23:00,2.155,degC,9859185,15240,ABM
12/23/2014 0:00,2.155,degC,9859185,15240,ABM
12/23/2014 1:00,2.182,degC,9859185,15240,ABM
12/23/2014 2:00,2.182,degC,9859185,15240,ABM
12/23/2014 3:00,2.209,degC,9859185,15240,ABM
12/23/2014 4:00,2.209,degC,9859185,15240,ABM
12/23/2014 5:00,2.236,degC,9859185,15240,ABM
12/23/2014 6:00,2.262,degC,9859185,15240,ABM
12/23/2014 7:00,2.262,degC,9859185,15240,ABM
12/23/2014 8:00,2.262,degC,9859185,15240,ABM
12/23/2014 9:00,2.289,degC,9859185,15240,ABM
12/23/2014 10:00,2.316,degC,9859185,15240,ABM
12/23/2014 11:00,2.37,degC,9859185,15240,ABM
12/23/2014 12:00,2.45,degC,9859185,15240,ABM
12/23/2014 13:00,2.557,degC,9859185,15240,ABM
12/23/2014 14:00,2.637,degC,9859185,15240,ABM
12/23/2014 15:00,2.717,degC,9859185,15240,ABM
12/23/2014 16:00,2.797,degC,9859185,15240,ABM
12/23/2014 17:00,2.823,degC,9859185,15240,ABM
12/23/2014 18:00,2.85,degC,9859185,15240,ABM
12/23/2014 19:00,2.85,degC,9859185,15240,ABM
12/23/2014 20:00,2.85,degC,9859185,15240,ABM
12/23/2014 21:00,2.85,degC,9859185,15240,ABM
12/23/2014 22:00,2.85,degC,9859185,15240,ABM
12/23/2014 23:00,2.85,degC,9859185,15240,ABM
12/24/2014 0:00,2.85,degC,9859185,15240,ABM
12/24/2014 1:00,2.85,degC,9859185,15240,ABM
12/24/2014 2:00,2.823,degC,9859185,15240,ABM
12/24/2014 3:00,2.823,degC,9859185,15240,ABM
12/24/2014 4:00,2.823,degC,9859185,15240,ABM
12/24/2014 5:00,2.823,degC,9859185,15240,ABM
12/24/2014 6:00,2.823,degC,9859185,15240,ABM
12/24/2014 7:00,2.823,degC,9859185,15240,ABM
12/24/2014 8:00,2.823,degC,9859185,15240,ABM
12/24/2014 9:00,2.823,degC,9859185,15240,ABM
12/24/2014 10:00,2.85,degC,9859185,15240,ABM
12/24/2014 11:00,2.877,degC,9859185,15240,ABM
12/24/2014 12:00,2.93,degC,9859185,15240,ABM
12/24/2014 13:00,2.983,degC,9859185,15240,ABM
12/24/2014 14:00,3.036,degC,9859185,15240,ABM
12/24/2014 15:00,3.089,degC,9859185,15240,ABM
12/24/2014 16:00,3.116,degC,9859185,15240,ABM
12/24/2014 17:00,3.168,degC,9859185,15240,ABM
12/24/2014 18:00,3.195,degC,9859185,15240,ABM
12/24/2014 19:00,3.221,degC,9859185,15240,ABM
12/24/2014 20:00,3.248,degC,9859185,15240,ABM
12/24/2014 21:00,3.274,degC,9859185,15240,ABM
12/24/2014 22:00,3.301,degC,9859185,15240,ABM
12/24/2014 23:00,3.301,degC,9859185,15240,ABM
12/25/2014 0:00,3.327,degC,9859185,15240,ABM
12/25/2014 1:00,3.327,degC,9859185,15240,ABM
12/25/2014 2:00,3.327,degC,9859185,15240,ABM
12/25/2014 3:00,3.327,degC,9859185,15240,ABM
12/25/2014 4:00,3.354,degC,9859185,15240,ABM
12/25/2014 5:00,3.38,degC,9859185,15240,ABM
12/25/2014 6:00,3.406,degC,9859185,15240,ABM
12/25/2014 7:00,3.459,degC,9859185,15240,ABM
12/25/2014 8:00,3.67,degC,9859185,15240,ABM
12/25/2014 9:00,3.827,degC,9859185,15240,ABM
12/25/2014 10:00,3.88,degC,9859185,15240,ABM
12/25/2014 11:00,3.932,degC,9859185,15240,ABM
12/25/2014 12:00,4.011,degC,9859185,15240,ABM
12/25/2014 13:00,4.037,degC,9859185,15240,ABM
12/25/2014 14:00,4.089,degC,9859185,15240,ABM
12/25/2014 15:00,4.063,degC,9859185,15240,ABM
12/25/2014 16:00,4.063,degC,9859185,15240,ABM
12/25/2014 17:00,4.037,degC,9859185,15240,ABM
12/25/2014 18:00,3.985,degC,9859185,15240,ABM
12/25/2014 19:00,3.906,degC,9859185,15240,ABM
12/25/2014 20:00,3.827,degC,9859185,15240,ABM
12/25/2014 21:00,3.775,degC,9859185,15240,ABM
12/25/2014 22:00,3.722,degC,9859185,15240,ABM
12/25/2014 23:00,3.67,degC,9859185,15240,ABM
12/26/2014 0:00,3.591,degC,9859185,15240,ABM
12/26/2014 1:00,3.538,degC,9859185,15240,ABM
12/26/2014 2:00,3.433,degC,9859185,15240,ABM
12/26/2014 3:00,3.354,degC,9859185,15240,ABM
12/26/2014 4:00,3.327,degC,9859185,15240,ABM
12/26/2014 5:00,3.301,degC,9859185,15240,ABM
12/26/2014 6:00,3.274,degC,9859185,15240,ABM
12/26/2014 7:00,3.248,degC,9859185,15240,ABM
12/26/2014 8:00,3.195,degC,9859185,15240,ABM
12/26/2014 9:00,3.168,degC,9859185,15240,ABM
12/26/2014 10:00,3.168,degC,9859185,15240,ABM
12/26/2014 11:00,3.221,degC,9859185,15240,ABM
12/26/2014 12:00,3.301,degC,9859185,15240,ABM
12/26/2014 13:00,3.38,degC,9859185,15240,ABM
12/26/2014 14:00,3.38,degC,9859185,15240,ABM
12/26/2014 15:00,3.38,degC,9859185,15240,ABM
12/26/2014 16:00,3.433,degC,9859185,15240,ABM
12/26/2014 17:00,3.433,degC,9859185,15240,ABM
12/26/2014 18:00,3.406,degC,9859185,15240,ABM
12/26/2014 19:00,3.327,degC,9859185,15240,ABM
12/26/2014 20:00,3.221,degC,9859185,15240,ABM
12/26/2014 21:00,3.089,degC,9859185,15240,ABM
12/26/2014 22:00,2.93,degC,9859185,15240,ABM
12/26/2014 23:00,2.77,degC,9859185,15240,ABM
12/27/2014 0:00,2.637,degC,9859185,15240,ABM
12/27/2014 1:00,2.53,degC,9859185,15240,ABM
12/27/2014 2:00,2.423,degC,9859185,15240,ABM
12/27/2014 3:00,2.343,degC,9859185,15240,ABM
12/27/2014 4:00,2.236,degC,9859185,15240,ABM
12/27/2014 5:00,2.155,degC,9859185,15240,ABM
12/27/2014 6:00,2.101,degC,9859185,15240,ABM
12/27/2014 7:00,2.021,degC,9859185,15240,ABM
12/27/2014 8:00,1.967,degC,9859185,15240,ABM
12/27/2014 9:00,1.886,degC,9859185,15240,ABM
12/27/2014 10:00,1.859,degC,9859185,15240,ABM
12/27/2014 11:00,1.913,degC,9859185,15240,ABM
12/27/2014 12:00,2.074,degC,9859185,15240,ABM
12/27/2014 13:00,2.262,degC,9859185,15240,ABM
12/27/2014 14:00,2.477,degC,9859185,15240,ABM
12/27/2014 15:00,2.584,degC,9859185,15240,ABM
12/27/2014 16:00,2.69,degC,9859185,15240,ABM
12/27/2014 17:00,2.744,degC,9859185,15240,ABM
12/27/2014 18:00,2.77,degC,9859185,15240,ABM
12/27/2014 19:00,2.77,degC,9859185,15240,ABM
12/27/2014 20:00,2.744,degC,9859185,15240,ABM
12/27/2014 21:00,2.717,degC,9859185,15240,ABM
12/27/2014 22:00,2.664,degC,9859185,15240,ABM
12/27/2014 23:00,2.61,degC,9859185,15240,ABM
12/28/2014 0:00,2.557,degC,9859185,15240,ABM
12/28/2014 1:00,2.53,degC,9859185,15240,ABM
12/28/2014 2:00,2.53,degC,9859185,15240,ABM
12/28/2014 3:00,2.557,degC,9859185,15240,ABM
12/28/2014 4:00,2.637,degC,9859185,15240,ABM
12/28/2014 5:00,2.717,degC,9859185,15240,ABM
12/28/2014 6:00,2.823,degC,9859185,15240,ABM
12/28/2014 7:00,2.903,degC,9859185,15240,ABM
12/28/2014 8:00,2.983,degC,9859185,15240,ABM
12/28/2014 9:00,3.036,degC,9859185,15240,ABM
12/28/2014 10:00,3.142,degC,9859185,15240,ABM
12/28/2014 11:00,3.274,degC,9859185,15240,ABM
12/28/2014 12:00,3.433,degC,9859185,15240,ABM
12/28/2014 13:00,3.617,degC,9859185,15240,ABM
12/28/2014 14:00,3.722,degC,9859185,15240,ABM
12/28/2014 15:00,3.854,degC,9859185,15240,ABM
12/28/2014 16:00,3.932,degC,9859185,15240,ABM
12/28/2014 17:00,3.906,degC,9859185,15240,ABM
12/28/2014 18:00,3.854,degC,9859185,15240,ABM
12/28/2014 19:00,3.801,degC,9859185,15240,ABM
12/28/2014 20:00,3.722,degC,9859185,15240,ABM
12/28/2014 21:00,3.643,degC,9859185,15240,ABM
12/28/2014 22:00,3.538,degC,9859185,15240,ABM
12/28/2014 23:00,3.406,degC,9859185,15240,ABM
12/29/2014 0:00,3.274,degC,9859185,15240,ABM
12/29/2014 1:00,3.168,degC,9859185,15240,ABM
12/29/2014 2:00,3.009,degC,9859185,15240,ABM
12/29/2014 3:00,2.877,degC,9859185,15240,ABM
12/29/2014 4:00,2.717,degC,9859185,15240,ABM
12/29/2014 5:00,2.61,degC,9859185,15240,ABM
12/29/2014 6:00,2.503,degC,9859185,15240,ABM
12/29/2014 7:00,2.45,degC,9859185,15240,ABM
12/29/2014 8:00,2.343,degC,9859185,15240,ABM
12/29/2014 9:00,2.262,degC,9859185,15240,ABM
12/29/2014 10:00,2.262,degC,9859185,15240,ABM
12/29/2014 11:00,2.316,degC,9859185,15240,ABM
12/29/2014 12:00,2.343,degC,9859185,15240,ABM
12/29/2014 13:00,2.396,degC,9859185,15240,ABM
12/29/2014 14:00,2.396,degC,9859185,15240,ABM
12/29/2014 15:00,2.423,degC,9859185,15240,ABM
12/29/2014 16:00,2.396,degC,9859185,15240,ABM
12/29/2014 17:00,2.316,degC,9859185,15240,ABM
12/29/2014 18:00,2.209,degC,9859185,15240,ABM
12/29/2014 19:00,2.074,degC,9859185,15240,ABM
12/29/2014 20:00,1.94,degC,9859185,15240,ABM
12/29/2014 21:00,1.832,degC,9859185,15240,ABM
12/29/2014 22:00,1.724,degC,9859185,15240,ABM
12/29/2014 23:00,1.615,degC,9859185,15240,ABM
12/30/2014 0:00,1.507,degC,9859185,15240,ABM
12/30/2014 1:00,1.344,degC,9859185,15240,ABM
12/30/2014 2:00,1.208,degC,9859185,15240,ABM
12/30/2014 3:00,1.044,degC,9859185,15240,ABM
12/30/2014 4:00,0.88,degC,9859185,15240,ABM
12/30/2014 5:00,0.715,degC,9859185,15240,ABM
12/30/2014 6:00,0.55,degC,9859185,15240,ABM
12/30/2014 7:00,0.412,degC,9859185,15240,ABM
12/30/2014 8:00,0.301,degC,9859185,15240,ABM
12/30/2014 9:00,0.19,degC,9859185,15240,ABM
12/30/2014 10:00,0.135,degC,9859185,15240,ABM
12/30/2014 11:00,0.163,degC,9859185,15240,ABM
12/30/2014 12:00,0.246,degC,9859185,15240,ABM
12/30/2014 13:00,0.273,degC,9859185,15240,ABM
12/30/2014 14:00,0.246,degC,9859185,15240,ABM
12/30/2014 15:00,0.163,degC,9859185,15240,ABM
12/30/2014 16:00,0.079,degC,9859185,15240,ABM
12/30/2014 17:00,0.079,degC,9859185,15240,ABM
12/30/2014 18:00,0.051,degC,9859185,15240,ABM
12/30/2014 19:00,0.051,degC,9859185,15240,ABM
12/30/2014 20:00,0.051,degC,9859185,15240,ABM
12/30/2014 21:00,0.051,degC,9859185,15240,ABM
12/30/2014 22:00,0.051,degC,9859185,15240,ABM
12/30/2014 23:00,0.051,degC,9859185,15240,ABM
12/31/2014 0:00,0.051,degC,9859185,15240,ABM
12/31/2014 1:00,0.051,degC,9859185,15240,ABM
12/31/2014 2:00,0.051,degC,9859185,15240,ABM
12/31/2014 3:00,0.051,degC,9859185,15240,ABM
12/31/2014 4:00,0.051,degC,9859185,15240,ABM
12/31/2014 5:00,0.051,degC,9859185,15240,ABM
12/31/2014 6:00,0.051,degC,9859185,15240,ABM
12/31/2014 7:00,0.051,degC,9859185,15240,ABM
12/31/2014 8:00,0.051,degC,9859185,15240,ABM
12/31/2014 9:00,0.079,degC,9859185,15240,ABM
12/31/2014 10:00,0.079,degC,9859185,15240,ABM
12/31/2014 11:00,0.079,degC,9859185,15240,ABM
12/31/2014 12:00,0.107,degC,9859185,15240,ABM
12/31/2014 13:00,0.107,degC,9859185,15240,ABM
12/31/2014 14:00,0.079,degC,9859185,15240,ABM
12/31/2014 15:00,0.079,degC,9859185,15240,ABM
12/31/2014 16:00,0.051,degC,9859185,15240,ABM
12/31/2014 17:00,0.051,degC,9859185,15240,ABM
12/31/2014 18:00,0.051,degC,9859185,15240,ABM
12/31/2014 19:00,0.051,degC,9859185,15240,ABM
12/31/2014 20:00,0.051,degC,9859185,15240,ABM
12/31/2014 21:00,0.051,degC,9859185,15240,ABM
12/31/2014 22:00,0.051,degC,9859185,15240,ABM
12/31/2014 23:00,0.051,degC,9859185,15240,ABM
1/1/2015 0:00,0.051,degC,9859185,15240,ABM
1/1/2015 1:00,0.079,degC,9859185,15240,ABM
1/1/2015 2:00,0.079,degC,9859185,15240,ABM
1/1/2015 3:00,0.079,degC,9859185,15240,ABM
1/1/2015 4:00,0.079,degC,9859185,15240,ABM
1/1/2015 5:00,0.079,degC,9859185,15240,ABM
1/1/2015 6:00,0.079,degC,9859185,15240,ABM
1/1/2015 7:00,0.079,degC,9859185,15240,ABM
1/1/2015 8:00,0.079,degC,9859185,15240,ABM
1/1/2015 9:00,0.079,degC,9859185,15240,ABM
1/1/2015 10:00,0.079,degC,9859185,15240,ABM
1/1/2015 11:00,0.079,degC,9859185,15240,ABM
1/1/2015 12:00,0.135,degC,9859185,15240,ABM
1/1/2015 13:00,0.107,degC,9859185,15240,ABM
1/1/2015 14:00,0.079,degC,9859185,15240,ABM
1/1/2015 15:00,0.079,degC,9859185,15240,ABM
1/1/2015 16:00,0.051,degC,9859185,15240,ABM
1/1/2015 17:00,0.051,degC,9859185,15240,ABM
1/1/2015 18:00,0.079,degC,9859185,15240,ABM
1/1/2015 19:00,0.079,degC,9859185,15240,ABM
1/1/2015 20:00,0.079,degC,9859185,15240,ABM
1/1/2015 21:00,0.079,degC,9859185,15240,ABM
1/1/2015 22:00,0.079,degC,9859185,15240,ABM
1/1/2015 23:00,0.079,degC,9859185,15240,ABM
1/2/2015 0:00,0.079,degC,9859185,15240,ABM
1/2/2015 1:00,0.079,degC,9859185,15240,ABM
1/2/2015 2:00,0.079,degC,9859185,15240,ABM
1/2/2015 3:00,0.051,degC,9859185,15240,ABM
1/2/2015 4:00,0.051,degC,9859185,15240,ABM
1/2/2015 5:00,0.051,degC,9859185,15240,ABM
1/2/2015 6:00,0.079,degC,9859185,15240,ABM
1/2/2015 7:00,0.079,degC,9859185,15240,ABM
1/2/2015 8:00,0.079,degC,9859185,15240,ABM
1/2/2015 9:00,0.079,degC,9859185,15240,ABM
1/2/2015 10:00,0.079,degC,9859185,15240,ABM
1/2/2015 11:00,0.107,degC,9859185,15240,ABM
1/2/2015 12:00,0.107,degC,9859185,15240,ABM
1/2/2015 13:00,0.107,degC,9859185,15240,ABM
1/2/2015 14:00,0.107,degC,9859185,15240,ABM
1/2/2015 15:00,0.107,degC,9859185,15240,ABM
1/2/2015 16:00,0.107,degC,9859185,15240,ABM
1/2/2015 17:00,0.079,degC,9859185,15240,ABM
1/2/2015 18:00,0.079,degC,9859185,15240,ABM
1/2/2015 19:00,0.079,degC,9859185,15240,ABM
1/2/2015 20:00,0.079,degC,9859185,15240,ABM
1/2/2015 21:00,0.051,degC,9859185,15240,ABM
1/2/2015 22:00,0.051,degC,9859185,15240,ABM
1/2/2015 23:00,0.079,degC,9859185,15240,ABM
1/3/2015 0:00,0.079,degC,9859185,15240,ABM
1/3/2015 1:00,0.079,degC,9859185,15240,ABM
1/3/2015 2:00,0.079,degC,9859185,15240,ABM
1/3/2015 3:00,0.051,degC,9859185,15240,ABM
1/3/2015 4:00,0.051,degC,9859185,15240,ABM
1/3/2015 5:00,0.051,degC,9859185,15240,ABM
1/3/2015 6:00,0.051,degC,9859185,15240,ABM
1/3/2015 7:00,0.051,degC,9859185,15240,ABM
1/3/2015 8:00,0.051,degC,9859185,15240,ABM
1/3/2015 9:00,0.051,degC,9859185,15240,ABM
1/3/2015 10:00,0.079,degC,9859185,15240,ABM
1/3/2015 11:00,0.135,degC,9859185,15240,ABM
1/3/2015 12:00,0.135,degC,9859185,15240,ABM
1/3/2015 13:00,0.135,degC,9859185,15240,ABM
1/3/2015 14:00,0.107,degC,9859185,15240,ABM
1/3/2015 15:00,0.107,degC,9859185,15240,ABM
1/3/2015 16:00,0.079,degC,9859185,15240,ABM
1/3/2015 17:00,0.051,degC,9859185,15240,ABM
1/3/2015 18:00,0.051,degC,9859185,15240,ABM
1/3/2015 19:00,0.051,degC,9859185,15240,ABM
1/3/2015 20:00,0.051,degC,9859185,15240,ABM
1/3/2015 21:00,0.079,degC,9859185,15240,ABM
1/3/2015 22:00,0.051,degC,9859185,15240,ABM
1/3/2015 23:00,0.079,degC,9859185,15240,ABM
1/4/2015 0:00,0.079,degC,9859185,15240,ABM
1/4/2015 1:00,0.079,degC,9859185,15240,ABM
1/4/2015 2:00,0.079,degC,9859185,15240,ABM
1/4/2015 3:00,0.079,degC,9859185,15240,ABM
1/4/2015 4:00,0.079,degC,9859185,15240,ABM
1/4/2015 5:00,0.079,degC,9859185,15240,ABM
1/4/2015 6:00,0.107,degC,9859185,15240,ABM
1/4/2015 7:00,0.107,degC,9859185,15240,ABM
1/4/2015 8:00,0.107,degC,9859185,15240,ABM
1/4/2015 9:00,0.107,degC,9859185,15240,ABM
1/4/2015 10:00,0.135,degC,9859185,15240,ABM
1/4/2015 11:00,0.135,degC,9859185,15240,ABM
1/4/2015 12:00,0.135,degC,9859185,15240,ABM
1/4/2015 13:00,0.135,degC,9859185,15240,ABM
1/4/2015 14:00,0.135,degC,9859185,15240,ABM
1/4/2015 15:00,0.135,degC,9859185,15240,ABM
1/4/2015 16:00,0.135,degC,9859185,15240,ABM
1/4/2015 17:00,0.107,degC,9859185,15240,ABM
1/4/2015 18:00,0.107,degC,9859185,15240,ABM
1/4/2015 19:00,0.079,degC,9859185,15240,ABM
1/4/2015 20:00,0.079,degC,9859185,15240,ABM
1/4/2015 21:00,0.079,degC,9859185,15240,ABM
1/4/2015 22:00,0.079,degC,9859185,15240,ABM
1/4/2015 23:00,0.079,degC,9859185,15240,ABM
1/5/2015 0:00,0.079,degC,9859185,15240,ABM
1/5/2015 1:00,0.079,degC,9859185,15240,ABM
1/5/2015 2:00,0.079,degC,9859185,15240,ABM
1/5/2015 3:00,0.079,degC,9859185,15240,ABM
1/5/2015 4:00,0.051,degC,9859185,15240,ABM
1/5/2015 5:00,0.079,degC,9859185,15240,ABM
1/5/2015 6:00,0.079,degC,9859185,15240,ABM
1/5/2015 7:00,0.079,degC,9859185,15240,ABM
1/5/2015 8:00,0.079,degC,9859185,15240,ABM
1/5/2015 9:00,0.079,degC,9859185,15240,ABM
1/5/2015 10:00,0.107,degC,9859185,15240,ABM
1/5/2015 11:00,0.107,degC,9859185,15240,ABM
1/5/2015 12:00,0.135,degC,9859185,15240,ABM
1/5/2015 13:00,0.107,degC,9859185,15240,ABM
1/5/2015 14:00,0.079,degC,9859185,15240,ABM
1/5/2015 15:00,0.051,degC,9859185,15240,ABM
1/5/2015 16:00,-0.004,degC,9859185,15240,ABM
1/5/2015 17:00,-0.004,degC,9859185,15240,ABM
1/5/2015 18:00,-0.004,degC,9859185,15240,ABM
1/5/2015 19:00,-0.004,degC,9859185,15240,ABM
1/5/2015 20:00,0.024,degC,9859185,15240,ABM
1/5/2015 21:00,0.024,degC,9859185,15240,ABM
1/5/2015 22:00,0.024,degC,9859185,15240,ABM
1/5/2015 23:00,0.024,degC,9859185,15240,ABM
1/6/2015 0:00,0.024,degC,9859185,15240,ABM
1/6/2015 1:00,0.051,degC,9859185,15240,ABM
1/6/2015 2:00,0.051,degC,9859185,15240,ABM
1/6/2015 3:00,0.024,degC,9859185,15240,ABM
1/6/2015 4:00,0.024,degC,9859185,15240,ABM
1/6/2015 5:00,0.024,degC,9859185,15240,ABM
1/6/2015 6:00,0.024,degC,9859185,15240,ABM
1/6/2015 7:00,0.024,degC,9859185,15240,ABM
1/6/2015 8:00,0.024,degC,9859185,15240,ABM
1/6/2015 9:00,0.024,degC,9859185,15240,ABM
1/6/2015 10:00,0.024,degC,9859185,15240,ABM
1/6/2015 11:00,0.024,degC,9859185,15240,ABM
1/6/2015 12:00,0.024,degC,9859185,15240,ABM
1/6/2015 13:00,0.024,degC,9859185,15240,ABM
1/6/2015 14:00,0.024,degC,9859185,15240,ABM
1/6/2015 15:00,0.024,degC,9859185,15240,ABM
1/6/2015 16:00,0.024,degC,9859185,15240,ABM
1/6/2015 17:00,0.024,degC,9859185,15240,ABM
1/6/2015 18:00,0.024,degC,9859185,15240,ABM
1/6/2015 19:00,0.024,degC,9859185,15240,ABM
1/6/2015 20:00,0.024,degC,9859185,15240,ABM
1/6/2015 21:00,0.024,degC,9859185,15240,ABM
1/6/2015 22:00,0.024,degC,9859185,15240,ABM
1/6/2015 23:00,0.024,degC,9859185,15240,ABM
1/7/2015 0:00,0.024,degC,9859185,15240,ABM
1/7/2015 1:00,0.024,degC,9859185,15240,ABM
1/7/2015 2:00,0.024,degC,9859185,15240,ABM
1/7/2015 3:00,0.024,degC,9859185,15240,ABM
1/7/2015 4:00,0.051,degC,9859185,15240,ABM
1/7/2015 5:00,0.051,degC,9859185,15240,ABM
1/7/2015 6:00,0.051,degC,9859185,15240,ABM
1/7/2015 7:00,0.051,degC,9859185,15240,ABM
1/7/2015 8:00,0.024,degC,9859185,15240,ABM
1/7/2015 9:00,0.051,degC,9859185,15240,ABM
1/7/2015 10:00,0.051,degC,9859185,15240,ABM
1/7/2015 11:00,0.051,degC,9859185,15240,ABM
1/7/2015 12:00,0.079,degC,9859185,15240,ABM
1/7/2015 13:00,0.079,degC,9859185,15240,ABM
1/7/2015 14:00,0.051,degC,9859185,15240,ABM
1/7/2015 15:00,0.024,degC,9859185,15240,ABM
1/7/2015 16:00,0.024,degC,9859185,15240,ABM
1/7/2015 17:00,0.024,degC,9859185,15240,ABM
1/7/2015 18:00,0.024,degC,9859185,15240,ABM
1/7/2015 19:00,0.024,degC,9859185,15240,ABM
1/7/2015 20:00,0.024,degC,9859185,15240,ABM
1/7/2015 21:00,0.024,degC,9859185,15240,ABM
1/7/2015 22:00,0.024,degC,9859185,15240,ABM
1/7/2015 23:00,0.024,degC,9859185,15240,ABM
1/8/2015 0:00,0.024,degC,9859185,15240,ABM
1/8/2015 1:00,0.051,degC,9859185,15240,ABM
1/8/2015 2:00,0.051,degC,9859185,15240,ABM
1/8/2015 3:00,0.051,degC,9859185,15240,ABM
1/8/2015 4:00,0.051,degC,9859185,15240,ABM
1/8/2015 5:00,0.051,degC,9859185,15240,ABM
1/8/2015 6:00,0.051,degC,9859185,15240,ABM
1/8/2015 7:00,0.051,degC,9859185,15240,ABM
1/8/2015 8:00,0.051,degC,9859185,15240,ABM
1/8/2015 9:00,0.051,degC,9859185,15240,ABM
1/8/2015 10:00,0.051,degC,9859185,15240,ABM
1/8/2015 11:00,0.051,degC,9859185,15240,ABM
1/8/2015 12:00,0.079,degC,9859185,15240,ABM
1/8/2015 13:00,0.079,degC,9859185,15240,ABM
1/8/2015 14:00,0.051,degC,9859185,15240,ABM
1/8/2015 15:00,0.051,degC,9859185,15240,ABM
1/8/2015 16:00,0.024,degC,9859185,15240,ABM
1/8/2015 17:00,0.024,degC,9859185,15240,ABM
1/8/2015 18:00,0.024,degC,9859185,15240,ABM
1/8/2015 19:00,0.024,degC,9859185,15240,ABM
1/8/2015 20:00,0.024,degC,9859185,15240,ABM
1/8/2015 21:00,0.024,degC,9859185,15240,ABM
1/8/2015 22:00,0.024,degC,9859185,15240,ABM
1/8/2015 23:00,0.024,degC,9859185,15240,ABM
1/9/2015 0:00,0.024,degC,9859185,15240,ABM
1/9/2015 1:00,0.024,degC,9859185,15240,ABM
1/9/2015 2:00,0.024,degC,9859185,15240,ABM
1/9/2015 3:00,0.024,degC,9859185,15240,ABM
1/9/2015 4:00,0.024,degC,9859185,15240,ABM
1/9/2015 5:00,0.024,degC,9859185,15240,ABM
1/9/2015 6:00,0.024,degC,9859185,15240,ABM
1/9/2015 7:00,0.024,degC,9859185,15240,ABM
1/9/2015 8:00,0.024,degC,9859185,15240,ABM
1/9/2015 9:00,0.024,degC,9859185,15240,ABM
1/9/2015 10:00,0.024,degC,9859185,15240,ABM
1/9/2015 11:00,0.051,degC,9859185,15240,ABM
1/9/2015 12:00,0.051,degC,9859185,15240,ABM
1/9/2015 13:00,0.051,degC,9859185,15240,ABM
1/9/2015 14:00,0.079,degC,9859185,15240,ABM
1/9/2015 15:00,0.051,degC,9859185,15240,ABM
1/9/2015 16:00,0.051,degC,9859185,15240,ABM
1/9/2015 17:00,0.051,degC,9859185,15240,ABM
1/9/2015 18:00,0.051,degC,9859185,15240,ABM
1/9/2015 19:00,0.051,degC,9859185,15240,ABM
1/9/2015 20:00,0.051,degC,9859185,15240,ABM
1/9/2015 21:00,0.051,degC,9859185,15240,ABM
1/9/2015 22:00,0.051,degC,9859185,15240,ABM
1/9/2015 23:00,0.051,degC,9859185,15240,ABM
1/10/2015 0:00,0.051,degC,9859185,15240,ABM
1/10/2015 1:00,0.051,degC,9859185,15240,ABM
1/10/2015 2:00,0.051,degC,9859185,15240,ABM
1/10/2015 3:00,0.079,degC,9859185,15240,ABM
1/10/2015 4:00,0.051,degC,9859185,15240,ABM
1/10/2015 5:00,0.051,degC,9859185,15240,ABM
1/10/2015 6:00,0.051,degC,9859185,15240,ABM
1/10/2015 7:00,0.051,degC,9859185,15240,ABM
1/10/2015 8:00,0.051,degC,9859185,15240,ABM
1/10/2015 9:00,0.051,degC,9859185,15240,ABM
1/10/2015 10:00,0.051,degC,9859185,15240,ABM
1/10/2015 11:00,0.051,degC,9859185,15240,ABM
1/10/2015 12:00,0.051,degC,9859185,15240,ABM
1/10/2015 13:00,0.051,degC,9859185,15240,ABM
1/10/2015 14:00,0.051,degC,9859185,15240,ABM
1/10/2015 15:00,0.051,degC,9859185,15240,ABM
1/10/2015 16:00,0.051,degC,9859185,15240,ABM
1/10/2015 17:00,0.051,degC,9859185,15240,ABM
1/10/2015 18:00,0.051,degC,9859185,15240,ABM
1/10/2015 19:00,0.024,degC,9859185,15240,ABM
1/10/2015 20:00,0.051,degC,9859185,15240,ABM
1/10/2015 21:00,0.051,degC,9859185,15240,ABM
1/10/2015 22:00,0.051,degC,9859185,15240,ABM
1/10/2015 23:00,0.051,degC,9859185,15240,ABM
1/11/2015 0:00,0.051,degC,9859185,15240,ABM
1/11/2015 1:00,0.024,degC,9859185,15240,ABM
1/11/2015 2:00,0.051,degC,9859185,15240,ABM
1/11/2015 3:00,0.051,degC,9859185,15240,ABM
1/11/2015 4:00,0.051,degC,9859185,15240,ABM
1/11/2015 5:00,0.051,degC,9859185,15240,ABM
1/11/2015 6:00,0.051,degC,9859185,15240,ABM
1/11/2015 7:00,0.051,degC,9859185,15240,ABM
1/11/2015 8:00,0.024,degC,9859185,15240,ABM
1/11/2015 9:00,0.051,degC,9859185,15240,ABM
1/11/2015 10:00,0.051,degC,9859185,15240,ABM
1/11/2015 11:00,0.024,degC,9859185,15240,ABM
1/11/2015 12:00,0.024,degC,9859185,15240,ABM
1/11/2015 13:00,0.024,degC,9859185,15240,ABM
1/11/2015 14:00,0.051,degC,9859185,15240,ABM
1/11/2015 15:00,0.051,degC,9859185,15240,ABM
1/11/2015 16:00,0.051,degC,9859185,15240,ABM
1/11/2015 17:00,0.051,degC,9859185,15240,ABM
1/11/2015 18:00,0.051,degC,9859185,15240,ABM
1/11/2015 19:00,0.051,degC,9859185,15240,ABM
1/11/2015 20:00,0.051,degC,9859185,15240,ABM
1/11/2015 21:00,0.051,degC,9859185,15240,ABM
1/11/2015 22:00,0.051,degC,9859185,15240,ABM
1/11/2015 23:00,0.051,degC,9859185,15240,ABM
1/12/2015 0:00,0.051,degC,9859185,15240,ABM
1/12/2015 1:00,0.051,degC,9859185,15240,ABM
1/12/2015 2:00,0.051,degC,9859185,15240,ABM
1/12/2015 3:00,0.079,degC,9859185,15240,ABM
1/12/2015 4:00,0.079,degC,9859185,15240,ABM
1/12/2015 5:00,0.079,degC,9859185,15240,ABM
1/12/2015 6:00,0.079,degC,9859185,15240,ABM
1/12/2015 7:00,0.079,degC,9859185,15240,ABM
1/12/2015 8:00,0.079,degC,9859185,15240,ABM
1/12/2015 9:00,0.079,degC,9859185,15240,ABM
1/12/2015 10:00,0.079,degC,9859185,15240,ABM
1/12/2015 11:00,0.079,degC,9859185,15240,ABM
1/12/2015 12:00,0.079,degC,9859185,15240,ABM
1/12/2015 13:00,0.079,degC,9859185,15240,ABM
1/12/2015 14:00,0.079,degC,9859185,15240,ABM
1/12/2015 15:00,0.079,degC,9859185,15240,ABM
1/12/2015 16:00,0.079,degC,9859185,15240,ABM
1/12/2015 17:00,0.051,degC,9859185,15240,ABM
1/12/2015 18:00,0.051,degC,9859185,15240,ABM
1/12/2015 19:00,0.051,degC,9859185,15240,ABM
1/12/2015 20:00,0.051,degC,9859185,15240,ABM
1/12/2015 21:00,0.051,degC,9859185,15240,ABM
1/12/2015 22:00,0.051,degC,9859185,15240,ABM
1/12/2015 23:00,0.051,degC,9859185,15240,ABM
1/13/2015 0:00,0.051,degC,9859185,15240,ABM
1/13/2015 1:00,0.051,degC,9859185,15240,ABM
1/13/2015 2:00,0.051,degC,9859185,15240,ABM
1/13/2015 3:00,0.051,degC,9859185,15240,ABM
1/13/2015 4:00,0.024,degC,9859185,15240,ABM
1/13/2015 5:00,0.024,degC,9859185,15240,ABM
1/13/2015 6:00,0.024,degC,9859185,15240,ABM
1/13/2015 7:00,0.024,degC,9859185,15240,ABM
1/13/2015 8:00,0.024,degC,9859185,15240,ABM
1/13/2015 9:00,0.024,degC,9859185,15240,ABM
1/13/2015 10:00,0.024,degC,9859185,15240,ABM
1/13/2015 11:00,0.024,degC,9859185,15240,ABM
1/13/2015 12:00,0.051,degC,9859185,15240,ABM
1/13/2015 13:00,0.051,degC,9859185,15240,ABM
1/13/2015 14:00,0.024,degC,9859185,15240,ABM
1/13/2015 15:00,0.024,degC,9859185,15240,ABM
1/13/2015 16:00,0.024,degC,9859185,15240,ABM
1/13/2015 17:00,0.024,degC,9859185,15240,ABM
1/13/2015 18:00,0.051,degC,9859185,15240,ABM
1/13/2015 19:00,0.051,degC,9859185,15240,ABM
1/13/2015 20:00,0.024,degC,9859185,15240,ABM
1/13/2015 21:00,0.024,degC,9859185,15240,ABM
1/13/2015 22:00,0.024,degC,9859185,15240,ABM
1/13/2015 23:00,0.051,degC,9859185,15240,ABM
1/14/2015 0:00,0.051,degC,9859185,15240,ABM
1/14/2015 1:00,0.051,degC,9859185,15240,ABM
1/14/2015 2:00,0.051,degC,9859185,15240,ABM
1/14/2015 3:00,0.051,degC,9859185,15240,ABM
1/14/2015 4:00,0.051,degC,9859185,15240,ABM
1/14/2015 5:00,0.051,degC,9859185,15240,ABM
1/14/2015 6:00,0.051,degC,9859185,15240,ABM
1/14/2015 7:00,0.051,degC,9859185,15240,ABM
1/14/2015 8:00,0.051,degC,9859185,15240,ABM
1/14/2015 9:00,0.051,degC,9859185,15240,ABM
1/14/2015 10:00,0.051,degC,9859185,15240,ABM
1/14/2015 11:00,0.051,degC,9859185,15240,ABM
1/14/2015 12:00,0.051,degC,9859185,15240,ABM
1/14/2015 13:00,0.051,degC,9859185,15240,ABM
1/14/2015 14:00,0.051,degC,9859185,15240,ABM
1/14/2015 15:00,0.051,degC,9859185,15240,ABM
1/14/2015 16:00,0.051,degC,9859185,15240,ABM
1/14/2015 17:00,0.051,degC,9859185,15240,ABM
1/14/2015 18:00,0.051,degC,9859185,15240,ABM
1/14/2015 19:00,0.051,degC,9859185,15240,ABM
1/14/2015 20:00,0.051,degC,9859185,15240,ABM
1/14/2015 21:00,0.051,degC,9859185,15240,ABM
1/14/2015 22:00,0.051,degC,9859185,15240,ABM
1/14/2015 23:00,0.051,degC,9859185,15240,ABM
1/15/2015 0:00,0.051,degC,9859185,15240,ABM
1/15/2015 1:00,0.051,degC,9859185,15240,ABM
1/15/2015 2:00,0.051,degC,9859185,15240,ABM
1/15/2015 3:00,0.051,degC,9859185,15240,ABM
1/15/2015 4:00,0.051,degC,9859185,15240,ABM
1/15/2015 5:00,0.051,degC,9859185,15240,ABM
1/15/2015 6:00,0.051,degC,9859185,15240,ABM
1/15/2015 7:00,0.051,degC,9859185,15240,ABM
1/15/2015 8:00,0.051,degC,9859185,15240,ABM
1/15/2015 9:00,0.051,degC,9859185,15240,ABM
1/15/2015 10:00,0.051,degC,9859185,15240,ABM
1/15/2015 11:00,0.051,degC,9859185,15240,ABM
1/15/2015 12:00,0.079,degC,9859185,15240,ABM
1/15/2015 13:00,0.079,degC,9859185,15240,ABM
1/15/2015 14:00,0.051,degC,9859185,15240,ABM
1/15/2015 15:00,0.051,degC,9859185,15240,ABM
1/15/2015 16:00,0.051,degC,9859185,15240,ABM
1/15/2015 17:00,0.051,degC,9859185,15240,ABM
1/15/2015 18:00,0.051,degC,9859185,15240,ABM
1/15/2015 19:00,0.051,degC,9859185,15240,ABM
1/15/2015 20:00,0.051,degC,9859185,15240,ABM
1/15/2015 21:00,0.051,degC,9859185,15240,ABM
1/15/2015 22:00,0.051,degC,9859185,15240,ABM
1/15/2015 23:00,0.051,degC,9859185,15240,ABM
1/16/2015 0:00,0.051,degC,9859185,15240,ABM
1/16/2015 1:00,0.051,degC,9859185,15240,ABM
1/16/2015 2:00,0.051,degC,9859185,15240,ABM
1/16/2015 3:00,0.051,degC,9859185,15240,ABM
1/16/2015 4:00,0.051,degC,9859185,15240,ABM
1/16/2015 5:00,0.051,degC,9859185,15240,ABM
1/16/2015 6:00,0.051,degC,9859185,15240,ABM
1/16/2015 7:00,0.051,degC,9859185,15240,ABM
1/16/2015 8:00,0.051,degC,9859185,15240,ABM
1/16/2015 9:00,0.051,degC,9859185,15240,ABM
1/16/2015 10:00,0.051,degC,9859185,15240,ABM
1/16/2015 11:00,0.051,degC,9859185,15240,ABM
1/16/2015 12:00,0.079,degC,9859185,15240,ABM
1/16/2015 13:00,0.079,degC,9859185,15240,ABM
1/16/2015 14:00,0.051,degC,9859185,15240,ABM
1/16/2015 15:00,0.051,degC,9859185,15240,ABM
1/16/2015 16:00,0.051,degC,9859185,15240,ABM
1/16/2015 17:00,0.051,degC,9859185,15240,ABM
1/16/2015 18:00,0.051,degC,9859185,15240,ABM
1/16/2015 19:00,0.051,degC,9859185,15240,ABM
1/16/2015 20:00,0.051,degC,9859185,15240,ABM
1/16/2015 21:00,0.051,degC,9859185,15240,ABM
1/16/2015 22:00,0.051,degC,9859185,15240,ABM
1/16/2015 23:00,0.051,degC,9859185,15240,ABM
1/17/2015 0:00,0.051,degC,9859185,15240,ABM
1/17/2015 1:00,0.051,degC,9859185,15240,ABM
1/17/2015 2:00,0.051,degC,9859185,15240,ABM
1/17/2015 3:00,0.051,degC,9859185,15240,ABM
1/17/2015 4:00,0.051,degC,9859185,15240,ABM
1/17/2015 5:00,0.051,degC,9859185,15240,ABM
1/17/2015 6:00,0.051,degC,9859185,15240,ABM
1/17/2015 7:00,0.051,degC,9859185,15240,ABM
1/17/2015 8:00,0.051,degC,9859185,15240,ABM
1/17/2015 9:00,0.051,degC,9859185,15240,ABM
1/17/2015 10:00,0.051,degC,9859185,15240,ABM
1/17/2015 11:00,0.079,degC,9859185,15240,ABM
1/17/2015 12:00,0.079,degC,9859185,15240,ABM
1/17/2015 13:00,0.079,degC,9859185,15240,ABM
1/17/2015 14:00,0.079,degC,9859185,15240,ABM
1/17/2015 15:00,0.079,degC,9859185,15240,ABM
1/17/2015 16:00,0.051,degC,9859185,15240,ABM
1/17/2015 17:00,0.051,degC,9859185,15240,ABM
1/17/2015 18:00,0.051,degC,9859185,15240,ABM
1/17/2015 19:00,0.051,degC,9859185,15240,ABM
1/17/2015 20:00,0.051,degC,9859185,15240,ABM
1/17/2015 21:00,0.051,degC,9859185,15240,ABM
1/17/2015 22:00,0.051,degC,9859185,15240,ABM
1/17/2015 23:00,0.051,degC,9859185,15240,ABM
1/18/2015 0:00,0.051,degC,9859185,15240,ABM
1/18/2015 1:00,0.051,degC,9859185,15240,ABM
1/18/2015 2:00,0.051,degC,9859185,15240,ABM
1/18/2015 3:00,0.051,degC,9859185,15240,ABM
1/18/2015 4:00,0.051,degC,9859185,15240,ABM
1/18/2015 5:00,0.051,degC,9859185,15240,ABM
1/18/2015 6:00,0.051,degC,9859185,15240,ABM
1/18/2015 7:00,0.051,degC,9859185,15240,ABM
1/18/2015 8:00,0.051,degC,9859185,15240,ABM
1/18/2015 9:00,0.051,degC,9859185,15240,ABM
1/18/2015 10:00,0.051,degC,9859185,15240,ABM
1/18/2015 11:00,0.079,degC,9859185,15240,ABM
1/18/2015 12:00,0.079,degC,9859185,15240,ABM
1/18/2015 13:00,0.079,degC,9859185,15240,ABM
1/18/2015 14:00,0.079,degC,9859185,15240,ABM
1/18/2015 15:00,0.051,degC,9859185,15240,ABM
1/18/2015 16:00,0.024,degC,9859185,15240,ABM
1/18/2015 17:00,0.024,degC,9859185,15240,ABM
1/18/2015 18:00,0.024,degC,9859185,15240,ABM
1/18/2015 19:00,-0.004,degC,9859185,15240,ABM
1/18/2015 20:00,-0.004,degC,9859185,15240,ABM
1/18/2015 21:00,-0.004,degC,9859185,15240,ABM
1/18/2015 22:00,-0.004,degC,9859185,15240,ABM
1/18/2015 23:00,-0.004,degC,9859185,15240,ABM
1/19/2015 0:00,-0.004,degC,9859185,15240,ABM
1/19/2015 1:00,-0.004,degC,9859185,15240,ABM
1/19/2015 2:00,-0.004,degC,9859185,15240,ABM
1/19/2015 3:00,-0.004,degC,9859185,15240,ABM
1/19/2015 4:00,-0.004,degC,9859185,15240,ABM
1/19/2015 5:00,0.024,degC,9859185,15240,ABM
1/19/2015 6:00,0.024,degC,9859185,15240,ABM
1/19/2015 7:00,-0.004,degC,9859185,15240,ABM
1/19/2015 8:00,0.024,degC,9859185,15240,ABM
1/19/2015 9:00,0.024,degC,9859185,15240,ABM
1/19/2015 10:00,0.024,degC,9859185,15240,ABM
1/19/2015 11:00,0.024,degC,9859185,15240,ABM
1/19/2015 12:00,0.024,degC,9859185,15240,ABM
1/19/2015 13:00,0.079,degC,9859185,15240,ABM
1/19/2015 14:00,0.051,degC,9859185,15240,ABM
1/19/2015 15:00,0.024,degC,9859185,15240,ABM
1/19/2015 16:00,0.024,degC,9859185,15240,ABM
1/19/2015 17:00,0.024,degC,9859185,15240,ABM
1/19/2015 18:00,0.024,degC,9859185,15240,ABM
1/19/2015 19:00,0.024,degC,9859185,15240,ABM
1/19/2015 20:00,0.024,degC,9859185,15240,ABM
1/19/2015 21:00,0.051,degC,9859185,15240,ABM
1/19/2015 22:00,0.079,degC,9859185,15240,ABM
1/19/2015 23:00,0.079,degC,9859185,15240,ABM
1/20/2015 0:00,0.079,degC,9859185,15240,ABM
1/20/2015 1:00,0.079,degC,9859185,15240,ABM
1/20/2015 2:00,0.079,degC,9859185,15240,ABM
1/20/2015 3:00,0.079,degC,9859185,15240,ABM
1/20/2015 4:00,0.079,degC,9859185,15240,ABM
1/20/2015 5:00,0.079,degC,9859185,15240,ABM
1/20/2015 6:00,0.079,degC,9859185,15240,ABM
1/20/2015 7:00,0.079,degC,9859185,15240,ABM
1/20/2015 8:00,0.079,degC,9859185,15240,ABM
1/20/2015 9:00,0.079,degC,9859185,15240,ABM
1/20/2015 10:00,0.107,degC,9859185,15240,ABM
1/20/2015 11:00,0.107,degC,9859185,15240,ABM
1/20/2015 12:00,0.135,degC,9859185,15240,ABM
1/20/2015 13:00,0.135,degC,9859185,15240,ABM
1/20/2015 14:00,0.107,degC,9859185,15240,ABM
1/20/2015 15:00,0.107,degC,9859185,15240,ABM
1/20/2015 16:00,0.079,degC,9859185,15240,ABM
1/20/2015 17:00,0.079,degC,9859185,15240,ABM
1/20/2015 18:00,0.079,degC,9859185,15240,ABM
1/20/2015 19:00,0.051,degC,9859185,15240,ABM
1/20/2015 20:00,0.051,degC,9859185,15240,ABM
1/20/2015 21:00,0.051,degC,9859185,15240,ABM
1/20/2015 22:00,0.024,degC,9859185,15240,ABM
1/20/2015 23:00,0.051,degC,9859185,15240,ABM
1/21/2015 0:00,0.051,degC,9859185,15240,ABM
1/21/2015 1:00,0.051,degC,9859185,15240,ABM
1/21/2015 2:00,0.079,degC,9859185,15240,ABM
1/21/2015 3:00,0.079,degC,9859185,15240,ABM
1/21/2015 4:00,0.079,degC,9859185,15240,ABM
1/21/2015 5:00,0.107,degC,9859185,15240,ABM
1/21/2015 6:00,0.107,degC,9859185,15240,ABM
1/21/2015 7:00,0.135,degC,9859185,15240,ABM
1/21/2015 8:00,0.135,degC,9859185,15240,ABM
1/21/2015 9:00,0.135,degC,9859185,15240,ABM
1/21/2015 10:00,0.163,degC,9859185,15240,ABM
1/21/2015 11:00,0.135,degC,9859185,15240,ABM
1/21/2015 12:00,0.135,degC,9859185,15240,ABM
1/21/2015 13:00,0.135,degC,9859185,15240,ABM
1/21/2015 14:00,0.107,degC,9859185,15240,ABM
1/21/2015 15:00,0.135,degC,9859185,15240,ABM
1/21/2015 16:00,0.107,degC,9859185,15240,ABM
1/21/2015 17:00,0.079,degC,9859185,15240,ABM
1/21/2015 18:00,0.079,degC,9859185,15240,ABM
1/21/2015 19:00,0.079,degC,9859185,15240,ABM
1/21/2015 20:00,0.079,degC,9859185,15240,ABM
1/21/2015 21:00,0.079,degC,9859185,15240,ABM
1/21/2015 22:00,0.079,degC,9859185,15240,ABM
1/21/2015 23:00,0.079,degC,9859185,15240,ABM
1/22/2015 0:00,0.079,degC,9859185,15240,ABM
1/22/2015 1:00,0.079,degC,9859185,15240,ABM
1/22/2015 2:00,0.079,degC,9859185,15240,ABM
1/22/2015 3:00,0.079,degC,9859185,15240,ABM
1/22/2015 4:00,0.079,degC,9859185,15240,ABM
1/22/2015 5:00,0.079,degC,9859185,15240,ABM
1/22/2015 6:00,0.079,degC,9859185,15240,ABM
1/22/2015 7:00,0.107,degC,9859185,15240,ABM
1/22/2015 8:00,0.107,degC,9859185,15240,ABM
1/22/2015 9:00,0.107,degC,9859185,15240,ABM
1/22/2015 10:00,0.107,degC,9859185,15240,ABM
1/22/2015 11:00,0.135,degC,9859185,15240,ABM
1/22/2015 12:00,0.163,degC,9859185,15240,ABM
1/22/2015 13:00,0.19,degC,9859185,15240,ABM
1/22/2015 14:00,0.19,degC,9859185,15240,ABM
1/22/2015 15:00,0.218,degC,9859185,15240,ABM
1/22/2015 16:00,0.218,degC,9859185,15240,ABM
1/22/2015 17:00,0.163,degC,9859185,15240,ABM
1/22/2015 18:00,0.135,degC,9859185,15240,ABM
1/22/2015 19:00,0.107,degC,9859185,15240,ABM
1/22/2015 20:00,0.107,degC,9859185,15240,ABM
1/22/2015 21:00,0.107,degC,9859185,15240,ABM
1/22/2015 22:00,0.079,degC,9859185,15240,ABM
1/22/2015 23:00,0.051,degC,9859185,15240,ABM
1/23/2015 0:00,0.051,degC,9859185,15240,ABM
1/23/2015 1:00,0.051,degC,9859185,15240,ABM
1/23/2015 2:00,0.051,degC,9859185,15240,ABM
1/23/2015 3:00,0.079,degC,9859185,15240,ABM
1/23/2015 4:00,0.079,degC,9859185,15240,ABM
1/23/2015 5:00,0.079,degC,9859185,15240,ABM
1/23/2015 6:00,0.079,degC,9859185,15240,ABM
1/23/2015 7:00,0.079,degC,9859185,15240,ABM
1/23/2015 8:00,0.079,degC,9859185,15240,ABM
1/23/2015 9:00,0.079,degC,9859185,15240,ABM
1/23/2015 10:00,0.079,degC,9859185,15240,ABM
1/23/2015 11:00,0.107,degC,9859185,15240,ABM
1/23/2015 12:00,0.19,degC,9859185,15240,ABM
1/23/2015 13:00,0.163,degC,9859185,15240,ABM
1/23/2015 14:00,0.107,degC,9859185,15240,ABM
1/23/2015 15:00,0.107,degC,9859185,15240,ABM
1/23/2015 16:00,0.107,degC,9859185,15240,ABM
1/23/2015 17:00,0.079,degC,9859185,15240,ABM
1/23/2015 18:00,0.079,degC,9859185,15240,ABM
1/23/2015 19:00,0.079,degC,9859185,15240,ABM
1/23/2015 20:00,0.079,degC,9859185,15240,ABM
1/23/2015 21:00,0.107,degC,9859185,15240,ABM
1/23/2015 22:00,0.107,degC,9859185,15240,ABM
1/23/2015 23:00,0.107,degC,9859185,15240,ABM
1/24/2015 0:00,0.135,degC,9859185,15240,ABM
1/24/2015 1:00,0.135,degC,9859185,15240,ABM
1/24/2015 2:00,0.135,degC,9859185,15240,ABM
1/24/2015 3:00,0.135,degC,9859185,15240,ABM
1/24/2015 4:00,0.163,degC,9859185,15240,ABM
1/24/2015 5:00,0.163,degC,9859185,15240,ABM
1/24/2015 6:00,0.107,degC,9859185,15240,ABM
1/24/2015 7:00,0.135,degC,9859185,15240,ABM
1/24/2015 8:00,0.107,degC,9859185,15240,ABM
1/24/2015 9:00,0.107,degC,9859185,15240,ABM
1/24/2015 10:00,0.135,degC,9859185,15240,ABM
1/24/2015 11:00,0.107,degC,9859185,15240,ABM
1/24/2015 12:00,0.135,degC,9859185,15240,ABM
1/24/2015 13:00,0.163,degC,9859185,15240,ABM
1/24/2015 14:00,0.163,degC,9859185,15240,ABM
1/24/2015 15:00,0.218,degC,9859185,15240,ABM
1/24/2015 16:00,0.218,degC,9859185,15240,ABM
1/24/2015 17:00,0.246,degC,9859185,15240,ABM
1/24/2015 18:00,0.246,degC,9859185,15240,ABM
1/24/2015 19:00,0.246,degC,9859185,15240,ABM
1/24/2015 20:00,0.246,degC,9859185,15240,ABM
1/24/2015 21:00,0.218,degC,9859185,15240,ABM
1/24/2015 22:00,0.19,degC,9859185,15240,ABM
1/24/2015 23:00,0.19,degC,9859185,15240,ABM
1/25/2015 0:00,0.218,degC,9859185,15240,ABM
1/25/2015 1:00,0.218,degC,9859185,15240,ABM
1/25/2015 2:00,0.218,degC,9859185,15240,ABM
1/25/2015 3:00,0.218,degC,9859185,15240,ABM
1/25/2015 4:00,0.218,degC,9859185,15240,ABM
1/25/2015 5:00,0.218,degC,9859185,15240,ABM
1/25/2015 6:00,0.218,degC,9859185,15240,ABM
1/25/2015 7:00,0.218,degC,9859185,15240,ABM
1/25/2015 8:00,0.218,degC,9859185,15240,ABM
1/25/2015 9:00,0.218,degC,9859185,15240,ABM
1/25/2015 10:00,0.218,degC,9859185,15240,ABM
1/25/2015 11:00,0.273,degC,9859185,15240,ABM
1/25/2015 12:00,0.301,degC,9859185,15240,ABM
1/25/2015 13:00,0.329,degC,9859185,15240,ABM
1/25/2015 14:00,0.301,degC,9859185,15240,ABM
1/25/2015 15:00,0.246,degC,9859185,15240,ABM
1/25/2015 16:00,0.163,degC,9859185,15240,ABM
1/25/2015 17:00,0.107,degC,9859185,15240,ABM
1/25/2015 18:00,0.079,degC,9859185,15240,ABM
1/25/2015 19:00,0.079,degC,9859185,15240,ABM
1/25/2015 20:00,0.051,degC,9859185,15240,ABM
1/25/2015 21:00,0.024,degC,9859185,15240,ABM
1/25/2015 22:00,0.051,degC,9859185,15240,ABM
1/25/2015 23:00,0.024,degC,9859185,15240,ABM
1/26/2015 0:00,0.051,degC,9859185,15240,ABM
1/26/2015 1:00,0.051,degC,9859185,15240,ABM
1/26/2015 2:00,0.051,degC,9859185,15240,ABM
1/26/2015 3:00,0.051,degC,9859185,15240,ABM
1/26/2015 4:00,0.051,degC,9859185,15240,ABM
1/26/2015 5:00,0.051,degC,9859185,15240,ABM
1/26/2015 6:00,0.024,degC,9859185,15240,ABM
1/26/2015 7:00,0.024,degC,9859185,15240,ABM
1/26/2015 8:00,0.024,degC,9859185,15240,ABM
1/26/2015 9:00,0.024,degC,9859185,15240,ABM
1/26/2015 10:00,0.051,degC,9859185,15240,ABM
1/26/2015 11:00,0.051,degC,9859185,15240,ABM
1/26/2015 12:00,0.051,degC,9859185,15240,ABM
1/26/2015 13:00,0.051,degC,9859185,15240,ABM
1/26/2015 14:00,0.079,degC,9859185,15240,ABM
1/26/2015 15:00,0.051,degC,9859185,15240,ABM
1/26/2015 16:00,0.051,degC,9859185,15240,ABM
1/26/2015 17:00,0.051,degC,9859185,15240,ABM
1/26/2015 18:00,0.051,degC,9859185,15240,ABM
1/26/2015 19:00,0.051,degC,9859185,15240,ABM
1/26/2015 20:00,0.051,degC,9859185,15240,ABM
1/26/2015 21:00,0.051,degC,9859185,15240,ABM
1/26/2015 22:00,0.051,degC,9859185,15240,ABM
1/26/2015 23:00,0.079,degC,9859185,15240,ABM
1/27/2015 0:00,0.079,degC,9859185,15240,ABM
1/27/2015 1:00,0.051,degC,9859185,15240,ABM
1/27/2015 2:00,0.051,degC,9859185,15240,ABM
1/27/2015 3:00,0.051,degC,9859185,15240,ABM
1/27/2015 4:00,0.051,degC,9859185,15240,ABM
1/27/2015 5:00,0.051,degC,9859185,15240,ABM
1/27/2015 6:00,0.024,degC,9859185,15240,ABM
1/27/2015 7:00,0.024,degC,9859185,15240,ABM
1/27/2015 8:00,0.024,degC,9859185,15240,ABM
1/27/2015 9:00,0.024,degC,9859185,15240,ABM
1/27/2015 10:00,0.024,degC,9859185,15240,ABM
1/27/2015 11:00,0.024,degC,9859185,15240,ABM
1/27/2015 12:00,0.024,degC,9859185,15240,ABM
1/27/2015 13:00,0.024,degC,9859185,15240,ABM
1/27/2015 14:00,0.024,degC,9859185,15240,ABM
1/27/2015 15:00,0.024,degC,9859185,15240,ABM
1/27/2015 16:00,0.024,degC,9859185,15240,ABM
1/27/2015 17:00,0.024,degC,9859185,15240,ABM
1/27/2015 18:00,0.024,degC,9859185,15240,ABM
1/27/2015 19:00,0.024,degC,9859185,15240,ABM
1/27/2015 20:00,0.024,degC,9859185,15240,ABM
1/27/2015 21:00,0.024,degC,9859185,15240,ABM
1/27/2015 22:00,0.024,degC,9859185,15240,ABM
1/27/2015 23:00,0.024,degC,9859185,15240,ABM
1/28/2015 0:00,0.024,degC,9859185,15240,ABM
1/28/2015 1:00,0.024,degC,9859185,15240,ABM
1/28/2015 2:00,0.024,degC,9859185,15240,ABM
1/28/2015 3:00,0.024,degC,9859185,15240,ABM
1/28/2015 4:00,0.024,degC,9859185,15240,ABM
1/28/2015 5:00,0.024,degC,9859185,15240,ABM
1/28/2015 6:00,0.024,degC,9859185,15240,ABM
1/28/2015 7:00,0.024,degC,9859185,15240,ABM
1/28/2015 8:00,0.024,degC,9859185,15240,ABM
1/28/2015 9:00,0.024,degC,9859185,15240,ABM
1/28/2015 10:00,0.024,degC,9859185,15240,ABM
1/28/2015 11:00,0.024,degC,9859185,15240,ABM
1/28/2015 12:00,0.024,degC,9859185,15240,ABM
1/28/2015 13:00,0.024,degC,9859185,15240,ABM
1/28/2015 14:00,0.024,degC,9859185,15240,ABM
1/28/2015 15:00,0.024,degC,9859185,15240,ABM
1/28/2015 16:00,0.024,degC,9859185,15240,ABM
1/28/2015 17:00,0.024,degC,9859185,15240,ABM
1/28/2015 18:00,0.024,degC,9859185,15240,ABM
1/28/2015 19:00,0.024,degC,9859185,15240,ABM
1/28/2015 20:00,0.024,degC,9859185,15240,ABM
1/28/2015 21:00,0.024,degC,9859185,15240,ABM
1/28/2015 22:00,0.024,degC,9859185,15240,ABM
1/28/2015 23:00,0.024,degC,9859185,15240,ABM
1/29/2015 0:00,0.024,degC,9859185,15240,ABM
1/29/2015 1:00,0.024,degC,9859185,15240,ABM
1/29/2015 2:00,0.024,degC,9859185,15240,ABM
1/29/2015 3:00,0.024,degC,9859185,15240,ABM
1/29/2015 4:00,0.024,degC,9859185,15240,ABM
1/29/2015 5:00,0.024,degC,9859185,15240,ABM
1/29/2015 6:00,0.024,degC,9859185,15240,ABM
1/29/2015 7:00,0.024,degC,9859185,15240,ABM
1/29/2015 8:00,0.024,degC,9859185,15240,ABM
1/29/2015 9:00,0.024,degC,9859185,15240,ABM
1/29/2015 10:00,0.024,degC,9859185,15240,ABM
1/29/2015 11:00,0.024,degC,9859185,15240,ABM
1/29/2015 12:00,0.024,degC,9859185,15240,ABM
1/29/2015 13:00,0.024,degC,9859185,15240,ABM
1/29/2015 14:00,0.024,degC,9859185,15240,ABM
1/29/2015 15:00,0.024,degC,9859185,15240,ABM
1/29/2015 16:00,0.024,degC,9859185,15240,ABM
1/29/2015 17:00,0.024,degC,9859185,15240,ABM
1/29/2015 18:00,0.024,degC,9859185,15240,ABM
1/29/2015 19:00,0.024,degC,9859185,15240,ABM
1/29/2015 20:00,0.024,degC,9859185,15240,ABM
1/29/2015 21:00,0.024,degC,9859185,15240,ABM
1/29/2015 22:00,0.024,degC,9859185,15240,ABM
1/29/2015 23:00,0.024,degC,9859185,15240,ABM
1/30/2015 0:00,0.024,degC,9859185,15240,ABM
1/30/2015 1:00,0.024,degC,9859185,15240,ABM
1/30/2015 2:00,0.024,degC,9859185,15240,ABM
1/30/2015 3:00,0.024,degC,9859185,15240,ABM
1/30/2015 4:00,0.024,degC,9859185,15240,ABM
1/30/2015 5:00,0.024,degC,9859185,15240,ABM
1/30/2015 6:00,0.024,degC,9859185,15240,ABM
1/30/2015 7:00,0.024,degC,9859185,15240,ABM
1/30/2015 8:00,0.024,degC,9859185,15240,ABM
1/30/2015 9:00,0.024,degC,9859185,15240,ABM
1/30/2015 10:00,0.024,degC,9859185,15240,ABM
1/30/2015 11:00,0.024,degC,9859185,15240,ABM
1/30/2015 12:00,0.051,degC,9859185,15240,ABM
1/30/2015 13:00,0.051,degC,9859185,15240,ABM
1/30/2015 14:00,0.051,degC,9859185,15240,ABM
1/30/2015 15:00,0.051,degC,9859185,15240,ABM
1/30/2015 16:00,0.079,degC,9859185,15240,ABM
1/30/2015 17:00,0.079,degC,9859185,15240,ABM
1/30/2015 18:00,0.051,degC,9859185,15240,ABM
1/30/2015 19:00,0.051,degC,9859185,15240,ABM
1/30/2015 20:00,0.051,degC,9859185,15240,ABM
1/30/2015 21:00,0.051,degC,9859185,15240,ABM
1/30/2015 22:00,0.024,degC,9859185,15240,ABM
1/30/2015 23:00,0.024,degC,9859185,15240,ABM
1/31/2015 0:00,0.024,degC,9859185,15240,ABM
1/31/2015 1:00,0.024,degC,9859185,15240,ABM
1/31/2015 2:00,0.024,degC,9859185,15240,ABM
1/31/2015 3:00,0.024,degC,9859185,15240,ABM
1/31/2015 4:00,0.024,degC,9859185,15240,ABM
1/31/2015 5:00,0.024,degC,9859185,15240,ABM
1/31/2015 6:00,0.024,degC,9859185,15240,ABM
1/31/2015 7:00,0.024,degC,9859185,15240,ABM
1/31/2015 8:00,0.024,degC,9859185,15240,ABM
1/31/2015 9:00,0.024,degC,9859185,15240,ABM
1/31/2015 10:00,0.024,degC,9859185,15240,ABM
1/31/2015 11:00,0.051,degC,9859185,15240,ABM
1/31/2015 12:00,0.051,degC,9859185,15240,ABM
1/31/2015 13:00,0.051,degC,9859185,15240,ABM
1/31/2015 14:00,0.024,degC,9859185,15240,ABM
1/31/2015 15:00,0.024,degC,9859185,15240,ABM
1/31/2015 16:00,0.024,degC,9859185,15240,ABM
1/31/2015 17:00,0.024,degC,9859185,15240,ABM
1/31/2015 18:00,0.024,degC,9859185,15240,ABM
1/31/2015 19:00,0.024,degC,9859185,15240,ABM
1/31/2015 20:00,0.024,degC,9859185,15240,ABM
1/31/2015 21:00,0.024,degC,9859185,15240,ABM
1/31/2015 22:00,0.051,degC,9859185,15240,ABM
1/31/2015 23:00,0.024,degC,9859185,15240,ABM
2/1/2015 0:00,0.051,degC,9859185,15240,ABM
2/1/2015 1:00,0.024,degC,9859185,15240,ABM
2/1/2015 2:00,0.024,degC,9859185,15240,ABM
2/1/2015 3:00,0.024,degC,9859185,15240,ABM
2/1/2015 4:00,0.024,degC,9859185,15240,ABM
2/1/2015 5:00,0.024,degC,9859185,15240,ABM
2/1/2015 6:00,0.024,degC,9859185,15240,ABM
2/1/2015 7:00,0.051,degC,9859185,15240,ABM
2/1/2015 8:00,0.051,degC,9859185,15240,ABM
2/1/2015 9:00,0.024,degC,9859185,15240,ABM
2/1/2015 10:00,0.051,degC,9859185,15240,ABM
2/1/2015 11:00,0.051,degC,9859185,15240,ABM
2/1/2015 12:00,0.051,degC,9859185,15240,ABM
2/1/2015 13:00,0.051,degC,9859185,15240,ABM
2/1/2015 14:00,0.051,degC,9859185,15240,ABM
2/1/2015 15:00,0.051,degC,9859185,15240,ABM
2/1/2015 16:00,0.051,degC,9859185,15240,ABM
2/1/2015 17:00,0.051,degC,9859185,15240,ABM
2/1/2015 18:00,0.051,degC,9859185,15240,ABM
2/1/2015 19:00,0.051,degC,9859185,15240,ABM
2/1/2015 20:00,0.051,degC,9859185,15240,ABM
2/1/2015 21:00,0.051,degC,9859185,15240,ABM
2/1/2015 22:00,0.051,degC,9859185,15240,ABM
2/1/2015 23:00,0.051,degC,9859185,15240,ABM
2/2/2015 0:00,0.051,degC,9859185,15240,ABM
2/2/2015 1:00,0.051,degC,9859185,15240,ABM
2/2/2015 2:00,0.051,degC,9859185,15240,ABM
2/2/2015 3:00,0.051,degC,9859185,15240,ABM
2/2/2015 4:00,0.051,degC,9859185,15240,ABM
2/2/2015 5:00,0.079,degC,9859185,15240,ABM
2/2/2015 6:00,0.051,degC,9859185,15240,ABM
2/2/2015 7:00,0.051,degC,9859185,15240,ABM
2/2/2015 8:00,0.051,degC,9859185,15240,ABM
2/2/2015 9:00,0.051,degC,9859185,15240,ABM
2/2/2015 10:00,0.051,degC,9859185,15240,ABM
2/2/2015 11:00,0.051,degC,9859185,15240,ABM
2/2/2015 12:00,0.051,degC,9859185,15240,ABM
2/2/2015 13:00,0.051,degC,9859185,15240,ABM
2/2/2015 14:00,0.051,degC,9859185,15240,ABM
2/2/2015 15:00,0.051,degC,9859185,15240,ABM
2/2/2015 16:00,0.051,degC,9859185,15240,ABM
2/2/2015 17:00,0.051,degC,9859185,15240,ABM
2/2/2015 18:00,0.051,degC,9859185,15240,ABM
2/2/2015 19:00,0.051,degC,9859185,15240,ABM
2/2/2015 20:00,0.051,degC,9859185,15240,ABM
2/2/2015 21:00,0.051,degC,9859185,15240,ABM
2/2/2015 22:00,0.051,degC,9859185,15240,ABM
2/2/2015 23:00,0.024,degC,9859185,15240,ABM
2/3/2015 0:00,0.024,degC,9859185,15240,ABM
2/3/2015 1:00,0.051,degC,9859185,15240,ABM
2/3/2015 2:00,0.024,degC,9859185,15240,ABM
2/3/2015 3:00,0.024,degC,9859185,15240,ABM
2/3/2015 4:00,0.024,degC,9859185,15240,ABM
2/3/2015 5:00,0.024,degC,9859185,15240,ABM
2/3/2015 6:00,0.024,degC,9859185,15240,ABM
2/3/2015 7:00,0.024,degC,9859185,15240,ABM
2/3/2015 8:00,0.024,degC,9859185,15240,ABM
2/3/2015 9:00,0.024,degC,9859185,15240,ABM
2/3/2015 10:00,0.024,degC,9859185,15240,ABM
2/3/2015 11:00,0.051,degC,9859185,15240,ABM
2/3/2015 12:00,0.051,degC,9859185,15240,ABM
2/3/2015 13:00,0.051,degC,9859185,15240,ABM
2/3/2015 14:00,0.051,degC,9859185,15240,ABM
2/3/2015 15:00,0.051,degC,9859185,15240,ABM
2/3/2015 16:00,0.051,degC,9859185,15240,ABM
2/3/2015 17:00,0.051,degC,9859185,15240,ABM
2/3/2015 18:00,0.051,degC,9859185,15240,ABM
2/3/2015 19:00,0.051,degC,9859185,15240,ABM
2/3/2015 20:00,0.051,degC,9859185,15240,ABM
2/3/2015 21:00,0.051,degC,9859185,15240,ABM
2/3/2015 22:00,0.051,degC,9859185,15240,ABM
2/3/2015 23:00,0.051,degC,9859185,15240,ABM
2/4/2015 0:00,0.051,degC,9859185,15240,ABM
2/4/2015 1:00,0.024,degC,9859185,15240,ABM
2/4/2015 2:00,0.024,degC,9859185,15240,ABM
2/4/2015 3:00,0.024,degC,9859185,15240,ABM
2/4/2015 4:00,0.051,degC,9859185,15240,ABM
2/4/2015 5:00,0.051,degC,9859185,15240,ABM
2/4/2015 6:00,0.051,degC,9859185,15240,ABM
2/4/2015 7:00,0.051,degC,9859185,15240,ABM
2/4/2015 8:00,0.051,degC,9859185,15240,ABM
2/4/2015 9:00,0.051,degC,9859185,15240,ABM
2/4/2015 10:00,0.051,degC,9859185,15240,ABM
2/4/2015 11:00,0.051,degC,9859185,15240,ABM
2/4/2015 12:00,0.079,degC,9859185,15240,ABM
2/4/2015 13:00,0.079,degC,9859185,15240,ABM
2/4/2015 14:00,0.079,degC,9859185,15240,ABM
2/4/2015 15:00,0.079,degC,9859185,15240,ABM
2/4/2015 16:00,0.079,degC,9859185,15240,ABM
2/4/2015 17:00,0.079,degC,9859185,15240,ABM
2/4/2015 18:00,0.079,degC,9859185,15240,ABM
2/4/2015 19:00,0.079,degC,9859185,15240,ABM
2/4/2015 20:00,0.079,degC,9859185,15240,ABM
2/4/2015 21:00,0.079,degC,9859185,15240,ABM
2/4/2015 22:00,0.079,degC,9859185,15240,ABM
2/4/2015 23:00,0.079,degC,9859185,15240,ABM
2/5/2015 0:00,0.079,degC,9859185,15240,ABM
2/5/2015 1:00,0.079,degC,9859185,15240,ABM
2/5/2015 2:00,0.079,degC,9859185,15240,ABM
2/5/2015 3:00,0.107,degC,9859185,15240,ABM
2/5/2015 4:00,0.079,degC,9859185,15240,ABM
2/5/2015 5:00,0.107,degC,9859185,15240,ABM
2/5/2015 6:00,0.107,degC,9859185,15240,ABM
2/5/2015 7:00,0.107,degC,9859185,15240,ABM
2/5/2015 8:00,0.107,degC,9859185,15240,ABM
2/5/2015 9:00,0.107,degC,9859185,15240,ABM
2/5/2015 10:00,0.079,degC,9859185,15240,ABM
2/5/2015 11:00,0.079,degC,9859185,15240,ABM
2/5/2015 12:00,0.107,degC,9859185,15240,ABM
2/5/2015 13:00,0.107,degC,9859185,15240,ABM
2/5/2015 14:00,0.107,degC,9859185,15240,ABM
2/5/2015 15:00,0.107,degC,9859185,15240,ABM
2/5/2015 16:00,0.079,degC,9859185,15240,ABM
2/5/2015 17:00,0.079,degC,9859185,15240,ABM
2/5/2015 18:00,0.079,degC,9859185,15240,ABM
2/5/2015 19:00,0.079,degC,9859185,15240,ABM
2/5/2015 20:00,0.079,degC,9859185,15240,ABM
2/5/2015 21:00,0.079,degC,9859185,15240,ABM
2/5/2015 22:00,0.079,degC,9859185,15240,ABM
2/5/2015 23:00,0.051,degC,9859185,15240,ABM
2/6/2015 0:00,0.051,degC,9859185,15240,ABM
2/6/2015 1:00,0.051,degC,9859185,15240,ABM
2/6/2015 2:00,0.051,degC,9859185,15240,ABM
2/6/2015 3:00,0.051,degC,9859185,15240,ABM
2/6/2015 4:00,0.051,degC,9859185,15240,ABM
2/6/2015 5:00,0.051,degC,9859185,15240,ABM
2/6/2015 6:00,0.051,degC,9859185,15240,ABM
2/6/2015 7:00,0.051,degC,9859185,15240,ABM
2/6/2015 8:00,0.051,degC,9859185,15240,ABM
2/6/2015 9:00,0.051,degC,9859185,15240,ABM
2/6/2015 10:00,0.051,degC,9859185,15240,ABM
2/6/2015 11:00,0.079,degC,9859185,15240,ABM
2/6/2015 12:00,0.079,degC,9859185,15240,ABM
2/6/2015 13:00,0.079,degC,9859185,15240,ABM
2/6/2015 14:00,0.079,degC,9859185,15240,ABM
2/6/2015 15:00,0.079,degC,9859185,15240,ABM
2/6/2015 16:00,0.079,degC,9859185,15240,ABM
2/6/2015 17:00,0.079,degC,9859185,15240,ABM
2/6/2015 18:00,0.079,degC,9859185,15240,ABM
2/6/2015 19:00,0.079,degC,9859185,15240,ABM
2/6/2015 20:00,0.079,degC,9859185,15240,ABM
2/6/2015 21:00,0.079,degC,9859185,15240,ABM
2/6/2015 22:00,0.051,degC,9859185,15240,ABM
2/6/2015 23:00,0.051,degC,9859185,15240,ABM
2/7/2015 0:00,0.051,degC,9859185,15240,ABM
2/7/2015 1:00,0.051,degC,9859185,15240,ABM
2/7/2015 2:00,0.051,degC,9859185,15240,ABM
2/7/2015 3:00,0.051,degC,9859185,15240,ABM
2/7/2015 4:00,0.079,degC,9859185,15240,ABM
2/7/2015 5:00,0.079,degC,9859185,15240,ABM
2/7/2015 6:00,0.079,degC,9859185,15240,ABM
2/7/2015 7:00,0.079,degC,9859185,15240,ABM
2/7/2015 8:00,0.079,degC,9859185,15240,ABM
2/7/2015 9:00,0.079,degC,9859185,15240,ABM
2/7/2015 10:00,0.079,degC,9859185,15240,ABM
2/7/2015 11:00,0.079,degC,9859185,15240,ABM
2/7/2015 12:00,0.079,degC,9859185,15240,ABM
2/7/2015 13:00,0.079,degC,9859185,15240,ABM
2/7/2015 14:00,0.107,degC,9859185,15240,ABM
2/7/2015 15:00,0.079,degC,9859185,15240,ABM
2/7/2015 16:00,0.107,degC,9859185,15240,ABM
2/7/2015 17:00,0.107,degC,9859185,15240,ABM
2/7/2015 18:00,0.107,degC,9859185,15240,ABM
2/7/2015 19:00,0.107,degC,9859185,15240,ABM
2/7/2015 20:00,0.107,degC,9859185,15240,ABM
2/7/2015 21:00,0.107,degC,9859185,15240,ABM
2/7/2015 22:00,0.107,degC,9859185,15240,ABM
2/7/2015 23:00,0.107,degC,9859185,15240,ABM
2/8/2015 0:00,0.107,degC,9859185,15240,ABM
2/8/2015 1:00,0.107,degC,9859185,15240,ABM
2/8/2015 2:00,0.135,degC,9859185,15240,ABM
2/8/2015 3:00,0.107,degC,9859185,15240,ABM
2/8/2015 4:00,0.107,degC,9859185,15240,ABM
2/8/2015 5:00,0.107,degC,9859185,15240,ABM
2/8/2015 6:00,0.135,degC,9859185,15240,ABM
2/8/2015 7:00,0.135,degC,9859185,15240,ABM
2/8/2015 8:00,0.135,degC,9859185,15240,ABM
2/8/2015 9:00,0.135,degC,9859185,15240,ABM
2/8/2015 10:00,0.135,degC,9859185,15240,ABM
2/8/2015 11:00,0.163,degC,9859185,15240,ABM
2/8/2015 12:00,0.135,degC,9859185,15240,ABM
2/8/2015 13:00,0.135,degC,9859185,15240,ABM
2/8/2015 14:00,0.135,degC,9859185,15240,ABM
2/8/2015 15:00,0.163,degC,9859185,15240,ABM
2/8/2015 16:00,0.163,degC,9859185,15240,ABM
2/8/2015 17:00,0.135,degC,9859185,15240,ABM
2/8/2015 18:00,0.135,degC,9859185,15240,ABM
2/8/2015 19:00,0.107,degC,9859185,15240,ABM
2/8/2015 20:00,0.107,degC,9859185,15240,ABM
2/8/2015 21:00,0.107,degC,9859185,15240,ABM
2/8/2015 22:00,0.107,degC,9859185,15240,ABM
2/8/2015 23:00,0.107,degC,9859185,15240,ABM
2/9/2015 0:00,0.079,degC,9859185,15240,ABM
2/9/2015 1:00,0.079,degC,9859185,15240,ABM
2/9/2015 2:00,0.079,degC,9859185,15240,ABM
2/9/2015 3:00,0.079,degC,9859185,15240,ABM
2/9/2015 4:00,0.079,degC,9859185,15240,ABM
2/9/2015 5:00,0.051,degC,9859185,15240,ABM
2/9/2015 6:00,0.079,degC,9859185,15240,ABM
2/9/2015 7:00,0.079,degC,9859185,15240,ABM
2/9/2015 8:00,0.051,degC,9859185,15240,ABM
2/9/2015 9:00,0.051,degC,9859185,15240,ABM
2/9/2015 10:00,0.051,degC,9859185,15240,ABM
2/9/2015 11:00,0.079,degC,9859185,15240,ABM
2/9/2015 12:00,0.051,degC,9859185,15240,ABM
2/9/2015 13:00,0.051,degC,9859185,15240,ABM
2/9/2015 14:00,0.051,degC,9859185,15240,ABM
2/9/2015 15:00,0.051,degC,9859185,15240,ABM
2/9/2015 16:00,0.079,degC,9859185,15240,ABM
2/9/2015 17:00,0.079,degC,9859185,15240,ABM
2/9/2015 18:00,0.079,degC,9859185,15240,ABM
2/9/2015 19:00,0.051,degC,9859185,15240,ABM
2/9/2015 20:00,0.079,degC,9859185,15240,ABM
2/9/2015 21:00,0.079,degC,9859185,15240,ABM
2/9/2015 22:00,0.079,degC,9859185,15240,ABM
2/9/2015 23:00,0.079,degC,9859185,15240,ABM
2/10/2015 0:00,0.079,degC,9859185,15240,ABM
2/10/2015 1:00,0.079,degC,9859185,15240,ABM
2/10/2015 2:00,0.079,degC,9859185,15240,ABM
2/10/2015 3:00,0.079,degC,9859185,15240,ABM
2/10/2015 4:00,0.079,degC,9859185,15240,ABM
2/10/2015 5:00,0.079,degC,9859185,15240,ABM
2/10/2015 6:00,0.107,degC,9859185,15240,ABM
2/10/2015 7:00,0.107,degC,9859185,15240,ABM
2/10/2015 8:00,0.107,degC,9859185,15240,ABM
2/10/2015 9:00,0.107,degC,9859185,15240,ABM
2/10/2015 10:00,0.107,degC,9859185,15240,ABM
2/10/2015 11:00,0.135,degC,9859185,15240,ABM
2/10/2015 12:00,0.135,degC,9859185,15240,ABM
2/10/2015 13:00,0.163,degC,9859185,15240,ABM
2/10/2015 14:00,0.163,degC,9859185,15240,ABM
2/10/2015 15:00,0.19,degC,9859185,15240,ABM
2/10/2015 16:00,0.163,degC,9859185,15240,ABM
2/10/2015 17:00,0.163,degC,9859185,15240,ABM
2/10/2015 18:00,0.135,degC,9859185,15240,ABM
2/10/2015 19:00,0.135,degC,9859185,15240,ABM
2/10/2015 20:00,0.135,degC,9859185,15240,ABM
2/10/2015 21:00,0.135,degC,9859185,15240,ABM
2/10/2015 22:00,0.135,degC,9859185,15240,ABM
2/10/2015 23:00,0.135,degC,9859185,15240,ABM
2/11/2015 0:00,0.107,degC,9859185,15240,ABM
2/11/2015 1:00,0.107,degC,9859185,15240,ABM
2/11/2015 2:00,0.107,degC,9859185,15240,ABM
2/11/2015 3:00,0.107,degC,9859185,15240,ABM
2/11/2015 4:00,0.107,degC,9859185,15240,ABM
2/11/2015 5:00,0.107,degC,9859185,15240,ABM
2/11/2015 6:00,0.079,degC,9859185,15240,ABM
2/11/2015 7:00,0.079,degC,9859185,15240,ABM
2/11/2015 8:00,0.079,degC,9859185,15240,ABM
2/11/2015 9:00,0.079,degC,9859185,15240,ABM
2/11/2015 10:00,0.079,degC,9859185,15240,ABM
2/11/2015 11:00,0.135,degC,9859185,15240,ABM
2/11/2015 12:00,0.163,degC,9859185,15240,ABM
2/11/2015 13:00,0.163,degC,9859185,15240,ABM
2/11/2015 14:00,0.163,degC,9859185,15240,ABM
2/11/2015 15:00,0.19,degC,9859185,15240,ABM
2/11/2015 16:00,0.163,degC,9859185,15240,ABM
2/11/2015 17:00,0.163,degC,9859185,15240,ABM
2/11/2015 18:00,0.163,degC,9859185,15240,ABM
2/11/2015 19:00,0.135,degC,9859185,15240,ABM
2/11/2015 20:00,0.135,degC,9859185,15240,ABM
2/11/2015 21:00,0.135,degC,9859185,15240,ABM
2/11/2015 22:00,0.135,degC,9859185,15240,ABM
2/11/2015 23:00,0.107,degC,9859185,15240,ABM
2/12/2015 0:00,0.107,degC,9859185,15240,ABM
2/12/2015 1:00,0.107,degC,9859185,15240,ABM
2/12/2015 2:00,0.107,degC,9859185,15240,ABM
2/12/2015 3:00,0.107,degC,9859185,15240,ABM
2/12/2015 4:00,0.107,degC,9859185,15240,ABM
2/12/2015 5:00,0.107,degC,9859185,15240,ABM
2/12/2015 6:00,0.107,degC,9859185,15240,ABM
2/12/2015 7:00,0.107,degC,9859185,15240,ABM
2/12/2015 8:00,0.107,degC,9859185,15240,ABM
2/12/2015 9:00,0.107,degC,9859185,15240,ABM
2/12/2015 10:00,0.135,degC,9859185,15240,ABM
2/12/2015 11:00,0.163,degC,9859185,15240,ABM
2/12/2015 12:00,0.19,degC,9859185,15240,ABM
2/12/2015 13:00,0.218,degC,9859185,15240,ABM
2/12/2015 14:00,0.218,degC,9859185,15240,ABM
2/12/2015 15:00,0.218,degC,9859185,15240,ABM
2/12/2015 16:00,0.218,degC,9859185,15240,ABM
2/12/2015 17:00,0.218,degC,9859185,15240,ABM
2/12/2015 18:00,0.19,degC,9859185,15240,ABM
2/12/2015 19:00,0.19,degC,9859185,15240,ABM
2/12/2015 20:00,0.163,degC,9859185,15240,ABM
2/12/2015 21:00,0.163,degC,9859185,15240,ABM
2/12/2015 22:00,0.135,degC,9859185,15240,ABM
2/12/2015 23:00,0.135,degC,9859185,15240,ABM
2/13/2015 0:00,0.135,degC,9859185,15240,ABM
2/13/2015 1:00,0.107,degC,9859185,15240,ABM
2/13/2015 2:00,0.079,degC,9859185,15240,ABM
2/13/2015 3:00,0.079,degC,9859185,15240,ABM
2/13/2015 4:00,0.051,degC,9859185,15240,ABM
2/13/2015 5:00,0.051,degC,9859185,15240,ABM
2/13/2015 6:00,0.051,degC,9859185,15240,ABM
2/13/2015 7:00,0.051,degC,9859185,15240,ABM
2/13/2015 8:00,0.024,degC,9859185,15240,ABM
2/13/2015 9:00,0.024,degC,9859185,15240,ABM
2/13/2015 10:00,0.051,degC,9859185,15240,ABM
2/13/2015 11:00,0.079,degC,9859185,15240,ABM
2/13/2015 12:00,0.079,degC,9859185,15240,ABM
2/13/2015 13:00,0.079,degC,9859185,15240,ABM
2/13/2015 14:00,0.079,degC,9859185,15240,ABM
2/13/2015 15:00,0.079,degC,9859185,15240,ABM
2/13/2015 16:00,0.079,degC,9859185,15240,ABM
2/13/2015 17:00,0.079,degC,9859185,15240,ABM
2/13/2015 18:00,0.079,degC,9859185,15240,ABM
2/13/2015 19:00,0.079,degC,9859185,15240,ABM
2/13/2015 20:00,0.051,degC,9859185,15240,ABM
2/13/2015 21:00,0.051,degC,9859185,15240,ABM
2/13/2015 22:00,0.051,degC,9859185,15240,ABM
2/13/2015 23:00,0.051,degC,9859185,15240,ABM
2/14/2015 0:00,0.051,degC,9859185,15240,ABM
2/14/2015 1:00,0.051,degC,9859185,15240,ABM
2/14/2015 2:00,0.051,degC,9859185,15240,ABM
2/14/2015 3:00,0.051,degC,9859185,15240,ABM
2/14/2015 4:00,0.051,degC,9859185,15240,ABM
2/14/2015 5:00,0.051,degC,9859185,15240,ABM
2/14/2015 6:00,0.051,degC,9859185,15240,ABM
2/14/2015 7:00,0.051,degC,9859185,15240,ABM
2/14/2015 8:00,0.051,degC,9859185,15240,ABM
2/14/2015 9:00,0.051,degC,9859185,15240,ABM
2/14/2015 10:00,0.051,degC,9859185,15240,ABM
2/14/2015 11:00,0.079,degC,9859185,15240,ABM
2/14/2015 12:00,0.079,degC,9859185,15240,ABM
2/14/2015 13:00,0.079,degC,9859185,15240,ABM
2/14/2015 14:00,0.079,degC,9859185,15240,ABM
2/14/2015 15:00,0.079,degC,9859185,15240,ABM
2/14/2015 16:00,0.079,degC,9859185,15240,ABM
2/14/2015 17:00,0.079,degC,9859185,15240,ABM
2/14/2015 18:00,0.079,degC,9859185,15240,ABM
2/14/2015 19:00,0.079,degC,9859185,15240,ABM
2/14/2015 20:00,0.079,degC,9859185,15240,ABM
2/14/2015 21:00,0.079,degC,9859185,15240,ABM
2/14/2015 22:00,0.079,degC,9859185,15240,ABM
2/14/2015 23:00,0.079,degC,9859185,15240,ABM
2/15/2015 0:00,0.079,degC,9859185,15240,ABM
2/15/2015 1:00,0.079,degC,9859185,15240,ABM
2/15/2015 2:00,0.079,degC,9859185,15240,ABM
2/15/2015 3:00,0.079,degC,9859185,15240,ABM
2/15/2015 4:00,0.079,degC,9859185,15240,ABM
2/15/2015 5:00,0.079,degC,9859185,15240,ABM
2/15/2015 6:00,0.079,degC,9859185,15240,ABM
2/15/2015 7:00,0.079,degC,9859185,15240,ABM
2/15/2015 8:00,0.079,degC,9859185,15240,ABM
2/15/2015 9:00,0.079,degC,9859185,15240,ABM
2/15/2015 10:00,0.079,degC,9859185,15240,ABM
2/15/2015 11:00,0.079,degC,9859185,15240,ABM
2/15/2015 12:00,0.079,degC,9859185,15240,ABM
2/15/2015 13:00,0.079,degC,9859185,15240,ABM
2/15/2015 14:00,0.079,degC,9859185,15240,ABM
2/15/2015 15:00,0.079,degC,9859185,15240,ABM
2/15/2015 16:00,0.079,degC,9859185,15240,ABM
2/15/2015 17:00,0.079,degC,9859185,15240,ABM
2/15/2015 18:00,0.079,degC,9859185,15240,ABM
2/15/2015 19:00,0.051,degC,9859185,15240,ABM
2/15/2015 20:00,0.051,degC,9859185,15240,ABM
2/15/2015 21:00,0.051,degC,9859185,15240,ABM
2/15/2015 22:00,0.051,degC,9859185,15240,ABM
2/15/2015 23:00,0.024,degC,9859185,15240,ABM
2/16/2015 0:00,0.024,degC,9859185,15240,ABM
2/16/2015 1:00,0.024,degC,9859185,15240,ABM
2/16/2015 2:00,0.024,degC,9859185,15240,ABM
2/16/2015 3:00,0.024,degC,9859185,15240,ABM
2/16/2015 4:00,0.024,degC,9859185,15240,ABM
2/16/2015 5:00,0.024,degC,9859185,15240,ABM
2/16/2015 6:00,0.024,degC,9859185,15240,ABM
2/16/2015 7:00,0.024,degC,9859185,15240,ABM
2/16/2015 8:00,0.051,degC,9859185,15240,ABM
2/16/2015 9:00,0.024,degC,9859185,15240,ABM
2/16/2015 10:00,0.051,degC,9859185,15240,ABM
2/16/2015 11:00,0.051,degC,9859185,15240,ABM
2/16/2015 12:00,0.079,degC,9859185,15240,ABM
2/16/2015 13:00,0.051,degC,9859185,15240,ABM
2/16/2015 14:00,0.051,degC,9859185,15240,ABM
2/16/2015 15:00,0.079,degC,9859185,15240,ABM
2/16/2015 16:00,0.051,degC,9859185,15240,ABM
2/16/2015 17:00,0.079,degC,9859185,15240,ABM
2/16/2015 18:00,0.079,degC,9859185,15240,ABM
2/16/2015 19:00,0.079,degC,9859185,15240,ABM
2/16/2015 20:00,0.079,degC,9859185,15240,ABM
2/16/2015 21:00,0.079,degC,9859185,15240,ABM
2/16/2015 22:00,0.079,degC,9859185,15240,ABM
2/16/2015 23:00,0.079,degC,9859185,15240,ABM
2/17/2015 0:00,0.079,degC,9859185,15240,ABM
2/17/2015 1:00,0.079,degC,9859185,15240,ABM
2/17/2015 2:00,0.079,degC,9859185,15240,ABM
2/17/2015 3:00,0.079,degC,9859185,15240,ABM
2/17/2015 4:00,0.079,degC,9859185,15240,ABM
2/17/2015 5:00,0.079,degC,9859185,15240,ABM
2/17/2015 6:00,0.079,degC,9859185,15240,ABM
2/17/2015 7:00,0.079,degC,9859185,15240,ABM
2/17/2015 8:00,0.079,degC,9859185,15240,ABM
2/17/2015 9:00,0.079,degC,9859185,15240,ABM
2/17/2015 10:00,0.079,degC,9859185,15240,ABM
2/17/2015 11:00,0.079,degC,9859185,15240,ABM
2/17/2015 12:00,0.079,degC,9859185,15240,ABM
2/17/2015 13:00,0.107,degC,9859185,15240,ABM
2/17/2015 14:00,0.107,degC,9859185,15240,ABM
2/17/2015 15:00,0.107,degC,9859185,15240,ABM
2/17/2015 16:00,0.107,degC,9859185,15240,ABM
2/17/2015 17:00,0.107,degC,9859185,15240,ABM
2/17/2015 18:00,0.107,degC,9859185,15240,ABM
2/17/2015 19:00,0.079,degC,9859185,15240,ABM
2/17/2015 20:00,0.079,degC,9859185,15240,ABM
2/17/2015 21:00,0.079,degC,9859185,15240,ABM
2/17/2015 22:00,0.079,degC,9859185,15240,ABM
2/17/2015 23:00,0.079,degC,9859185,15240,ABM
2/18/2015 0:00,0.079,degC,9859185,15240,ABM
2/18/2015 1:00,0.079,degC,9859185,15240,ABM
2/18/2015 2:00,0.051,degC,9859185,15240,ABM
2/18/2015 3:00,0.051,degC,9859185,15240,ABM
2/18/2015 4:00,0.051,degC,9859185,15240,ABM
2/18/2015 5:00,0.051,degC,9859185,15240,ABM
2/18/2015 6:00,0.051,degC,9859185,15240,ABM
2/18/2015 7:00,0.051,degC,9859185,15240,ABM
2/18/2015 8:00,0.051,degC,9859185,15240,ABM
2/18/2015 9:00,0.051,degC,9859185,15240,ABM
2/18/2015 10:00,0.079,degC,9859185,15240,ABM
2/18/2015 11:00,0.079,degC,9859185,15240,ABM
2/18/2015 12:00,0.079,degC,9859185,15240,ABM
2/18/2015 13:00,0.107,degC,9859185,15240,ABM
2/18/2015 14:00,0.107,degC,9859185,15240,ABM
2/18/2015 15:00,0.107,degC,9859185,15240,ABM
2/18/2015 16:00,0.107,degC,9859185,15240,ABM
2/18/2015 17:00,0.107,degC,9859185,15240,ABM
2/18/2015 18:00,0.079,degC,9859185,15240,ABM
2/18/2015 19:00,0.079,degC,9859185,15240,ABM
2/18/2015 20:00,0.079,degC,9859185,15240,ABM
2/18/2015 21:00,0.079,degC,9859185,15240,ABM
2/18/2015 22:00,0.107,degC,9859185,15240,ABM
2/18/2015 23:00,0.107,degC,9859185,15240,ABM
2/19/2015 0:00,0.107,degC,9859185,15240,ABM
2/19/2015 1:00,0.107,degC,9859185,15240,ABM
2/19/2015 2:00,0.079,degC,9859185,15240,ABM
2/19/2015 3:00,0.079,degC,9859185,15240,ABM
2/19/2015 4:00,0.079,degC,9859185,15240,ABM
2/19/2015 5:00,0.079,degC,9859185,15240,ABM
2/19/2015 6:00,0.079,degC,9859185,15240,ABM
2/19/2015 7:00,0.079,degC,9859185,15240,ABM
2/19/2015 8:00,0.079,degC,9859185,15240,ABM
2/19/2015 9:00,0.079,degC,9859185,15240,ABM
2/19/2015 10:00,0.079,degC,9859185,15240,ABM
2/19/2015 11:00,0.107,degC,9859185,15240,ABM
2/19/2015 12:00,0.107,degC,9859185,15240,ABM
2/19/2015 13:00,0.135,degC,9859185,15240,ABM
2/19/2015 14:00,0.135,degC,9859185,15240,ABM
2/19/2015 15:00,0.107,degC,9859185,15240,ABM
2/19/2015 16:00,0.107,degC,9859185,15240,ABM
2/19/2015 17:00,0.107,degC,9859185,15240,ABM
2/19/2015 18:00,0.107,degC,9859185,15240,ABM
2/19/2015 19:00,0.079,degC,9859185,15240,ABM
2/19/2015 20:00,0.079,degC,9859185,15240,ABM
2/19/2015 21:00,0.079,degC,9859185,15240,ABM
2/19/2015 22:00,0.079,degC,9859185,15240,ABM
2/19/2015 23:00,0.079,degC,9859185,15240,ABM
2/20/2015 0:00,0.079,degC,9859185,15240,ABM
2/20/2015 1:00,0.079,degC,9859185,15240,ABM
2/20/2015 2:00,0.079,degC,9859185,15240,ABM
2/20/2015 3:00,0.079,degC,9859185,15240,ABM
2/20/2015 4:00,0.079,degC,9859185,15240,ABM
2/20/2015 5:00,0.079,degC,9859185,15240,ABM
2/20/2015 6:00,0.079,degC,9859185,15240,ABM
2/20/2015 7:00,0.051,degC,9859185,15240,ABM
2/20/2015 8:00,0.079,degC,9859185,15240,ABM
2/20/2015 9:00,0.079,degC,9859185,15240,ABM
2/20/2015 10:00,0.079,degC,9859185,15240,ABM
2/20/2015 11:00,0.079,degC,9859185,15240,ABM
2/20/2015 12:00,0.079,degC,9859185,15240,ABM
2/20/2015 13:00,0.107,degC,9859185,15240,ABM
2/20/2015 14:00,0.079,degC,9859185,15240,ABM
2/20/2015 15:00,0.107,degC,9859185,15240,ABM
2/20/2015 16:00,0.079,degC,9859185,15240,ABM
2/20/2015 17:00,0.079,degC,9859185,15240,ABM
2/20/2015 18:00,0.079,degC,9859185,15240,ABM
2/20/2015 19:00,0.079,degC,9859185,15240,ABM
2/20/2015 20:00,0.079,degC,9859185,15240,ABM
2/20/2015 21:00,0.079,degC,9859185,15240,ABM
2/20/2015 22:00,0.079,degC,9859185,15240,ABM
2/20/2015 23:00,0.079,degC,9859185,15240,ABM
2/21/2015 0:00,0.079,degC,9859185,15240,ABM
2/21/2015 1:00,0.079,degC,9859185,15240,ABM
2/21/2015 2:00,0.051,degC,9859185,15240,ABM
2/21/2015 3:00,0.051,degC,9859185,15240,ABM
2/21/2015 4:00,0.051,degC,9859185,15240,ABM
2/21/2015 5:00,0.051,degC,9859185,15240,ABM
2/21/2015 6:00,0.051,degC,9859185,15240,ABM
2/21/2015 7:00,0.051,degC,9859185,15240,ABM
2/21/2015 8:00,0.051,degC,9859185,15240,ABM
2/21/2015 9:00,0.051,degC,9859185,15240,ABM
2/21/2015 10:00,0.051,degC,9859185,15240,ABM
2/21/2015 11:00,0.079,degC,9859185,15240,ABM
2/21/2015 12:00,0.079,degC,9859185,15240,ABM
2/21/2015 13:00,0.079,degC,9859185,15240,ABM
2/21/2015 14:00,0.079,degC,9859185,15240,ABM
2/21/2015 15:00,0.079,degC,9859185,15240,ABM
2/21/2015 16:00,0.079,degC,9859185,15240,ABM
2/21/2015 17:00,0.079,degC,9859185,15240,ABM
2/21/2015 18:00,0.079,degC,9859185,15240,ABM
2/21/2015 19:00,0.079,degC,9859185,15240,ABM
2/21/2015 20:00,0.079,degC,9859185,15240,ABM
2/21/2015 21:00,0.079,degC,9859185,15240,ABM
2/21/2015 22:00,0.079,degC,9859185,15240,ABM
2/21/2015 23:00,0.079,degC,9859185,15240,ABM
2/22/2015 0:00,0.079,degC,9859185,15240,ABM
2/22/2015 1:00,0.051,degC,9859185,15240,ABM
2/22/2015 2:00,0.051,degC,9859185,15240,ABM
2/22/2015 3:00,0.051,degC,9859185,15240,ABM
2/22/2015 4:00,0.079,degC,9859185,15240,ABM
2/22/2015 5:00,0.079,degC,9859185,15240,ABM
2/22/2015 6:00,0.079,degC,9859185,15240,ABM
2/22/2015 7:00,0.079,degC,9859185,15240,ABM
2/22/2015 8:00,0.079,degC,9859185,15240,ABM
2/22/2015 9:00,0.079,degC,9859185,15240,ABM
2/22/2015 10:00,0.079,degC,9859185,15240,ABM
2/22/2015 11:00,0.079,degC,9859185,15240,ABM
2/22/2015 12:00,0.079,degC,9859185,15240,ABM
2/22/2015 13:00,0.079,degC,9859185,15240,ABM
2/22/2015 14:00,0.107,degC,9859185,15240,ABM
2/22/2015 15:00,0.107,degC,9859185,15240,ABM
2/22/2015 16:00,0.107,degC,9859185,15240,ABM
2/22/2015 17:00,0.107,degC,9859185,15240,ABM
2/22/2015 18:00,0.107,degC,9859185,15240,ABM
2/22/2015 19:00,0.107,degC,9859185,15240,ABM
2/22/2015 20:00,0.107,degC,9859185,15240,ABM
2/22/2015 21:00,0.107,degC,9859185,15240,ABM
2/22/2015 22:00,0.107,degC,9859185,15240,ABM
2/22/2015 23:00,0.107,degC,9859185,15240,ABM
2/23/2015 0:00,0.107,degC,9859185,15240,ABM
2/23/2015 1:00,0.107,degC,9859185,15240,ABM
2/23/2015 2:00,0.107,degC,9859185,15240,ABM
2/23/2015 3:00,0.107,degC,9859185,15240,ABM
2/23/2015 4:00,0.107,degC,9859185,15240,ABM
2/23/2015 5:00,0.107,degC,9859185,15240,ABM
2/23/2015 6:00,0.107,degC,9859185,15240,ABM
2/23/2015 7:00,0.107,degC,9859185,15240,ABM
2/23/2015 8:00,0.079,degC,9859185,15240,ABM
2/23/2015 9:00,0.079,degC,9859185,15240,ABM
2/23/2015 10:00,0.079,degC,9859185,15240,ABM
2/23/2015 11:00,0.079,degC,9859185,15240,ABM
2/23/2015 12:00,0.107,degC,9859185,15240,ABM
2/23/2015 13:00,0.135,degC,9859185,15240,ABM
2/23/2015 14:00,0.135,degC,9859185,15240,ABM
2/23/2015 15:00,0.107,degC,9859185,15240,ABM
2/23/2015 16:00,0.107,degC,9859185,15240,ABM
2/23/2015 17:00,0.079,degC,9859185,15240,ABM
2/23/2015 18:00,0.079,degC,9859185,15240,ABM
2/23/2015 19:00,0.079,degC,9859185,15240,ABM
2/23/2015 20:00,0.079,degC,9859185,15240,ABM
2/23/2015 21:00,0.051,degC,9859185,15240,ABM
2/23/2015 22:00,0.051,degC,9859185,15240,ABM
2/23/2015 23:00,0.051,degC,9859185,15240,ABM
2/24/2015 0:00,0.051,degC,9859185,15240,ABM
2/24/2015 1:00,0.051,degC,9859185,15240,ABM
2/24/2015 2:00,0.051,degC,9859185,15240,ABM
2/24/2015 3:00,0.051,degC,9859185,15240,ABM
2/24/2015 4:00,0.051,degC,9859185,15240,ABM
2/24/2015 5:00,0.051,degC,9859185,15240,ABM
2/24/2015 6:00,0.024,degC,9859185,15240,ABM
2/24/2015 7:00,0.024,degC,9859185,15240,ABM
2/24/2015 8:00,0.024,degC,9859185,15240,ABM
2/24/2015 9:00,0.024,degC,9859185,15240,ABM
2/24/2015 10:00,0.051,degC,9859185,15240,ABM
2/24/2015 11:00,0.079,degC,9859185,15240,ABM
2/24/2015 12:00,0.079,degC,9859185,15240,ABM
2/24/2015 13:00,0.107,degC,9859185,15240,ABM
2/24/2015 14:00,0.107,degC,9859185,15240,ABM
2/24/2015 15:00,0.107,degC,9859185,15240,ABM
2/24/2015 16:00,0.079,degC,9859185,15240,ABM
2/24/2015 17:00,0.079,degC,9859185,15240,ABM
2/24/2015 18:00,0.079,degC,9859185,15240,ABM
2/24/2015 19:00,0.079,degC,9859185,15240,ABM
2/24/2015 20:00,0.079,degC,9859185,15240,ABM
2/24/2015 21:00,0.079,degC,9859185,15240,ABM
2/24/2015 22:00,0.079,degC,9859185,15240,ABM
2/24/2015 23:00,0.079,degC,9859185,15240,ABM
2/25/2015 0:00,0.079,degC,9859185,15240,ABM
2/25/2015 1:00,0.079,degC,9859185,15240,ABM
2/25/2015 2:00,0.079,degC,9859185,15240,ABM
2/25/2015 3:00,0.079,degC,9859185,15240,ABM
2/25/2015 4:00,0.079,degC,9859185,15240,ABM
2/25/2015 5:00,0.079,degC,9859185,15240,ABM
2/25/2015 6:00,0.079,degC,9859185,15240,ABM
2/25/2015 7:00,0.079,degC,9859185,15240,ABM
2/25/2015 8:00,0.079,degC,9859185,15240,ABM
2/25/2015 9:00,0.079,degC,9859185,15240,ABM
2/25/2015 10:00,0.079,degC,9859185,15240,ABM
2/25/2015 11:00,0.107,degC,9859185,15240,ABM
2/25/2015 12:00,0.135,degC,9859185,15240,ABM
2/25/2015 13:00,0.135,degC,9859185,15240,ABM
2/25/2015 14:00,0.163,degC,9859185,15240,ABM
2/25/2015 15:00,0.135,degC,9859185,15240,ABM
2/25/2015 16:00,0.135,degC,9859185,15240,ABM
2/25/2015 17:00,0.135,degC,9859185,15240,ABM
2/25/2015 18:00,0.135,degC,9859185,15240,ABM
2/25/2015 19:00,0.135,degC,9859185,15240,ABM
2/25/2015 20:00,0.107,degC,9859185,15240,ABM
2/25/2015 21:00,0.107,degC,9859185,15240,ABM
2/25/2015 22:00,0.107,degC,9859185,15240,ABM
2/25/2015 23:00,0.107,degC,9859185,15240,ABM
2/26/2015 0:00,0.107,degC,9859185,15240,ABM
2/26/2015 1:00,0.107,degC,9859185,15240,ABM
2/26/2015 2:00,0.107,degC,9859185,15240,ABM
2/26/2015 3:00,0.107,degC,9859185,15240,ABM
2/26/2015 4:00,0.107,degC,9859185,15240,ABM
2/26/2015 5:00,0.107,degC,9859185,15240,ABM
2/26/2015 6:00,0.107,degC,9859185,15240,ABM
2/26/2015 7:00,0.107,degC,9859185,15240,ABM
2/26/2015 8:00,0.107,degC,9859185,15240,ABM
2/26/2015 9:00,0.107,degC,9859185,15240,ABM
2/26/2015 10:00,0.107,degC,9859185,15240,ABM
2/26/2015 11:00,0.135,degC,9859185,15240,ABM
2/26/2015 12:00,0.135,degC,9859185,15240,ABM
2/26/2015 13:00,0.135,degC,9859185,15240,ABM
2/26/2015 14:00,0.163,degC,9859185,15240,ABM
2/26/2015 15:00,0.163,degC,9859185,15240,ABM
2/26/2015 16:00,0.163,degC,9859185,15240,ABM
2/26/2015 17:00,0.163,degC,9859185,15240,ABM
2/26/2015 18:00,0.163,degC,9859185,15240,ABM
2/26/2015 19:00,0.163,degC,9859185,15240,ABM
2/26/2015 20:00,0.135,degC,9859185,15240,ABM
2/26/2015 21:00,0.135,degC,9859185,15240,ABM
2/26/2015 22:00,0.135,degC,9859185,15240,ABM
2/26/2015 23:00,0.135,degC,9859185,15240,ABM
2/27/2015 0:00,0.135,degC,9859185,15240,ABM
2/27/2015 1:00,0.135,degC,9859185,15240,ABM
2/27/2015 2:00,0.107,degC,9859185,15240,ABM
2/27/2015 3:00,0.107,degC,9859185,15240,ABM
2/27/2015 4:00,0.107,degC,9859185,15240,ABM
2/27/2015 5:00,0.107,degC,9859185,15240,ABM
2/27/2015 6:00,0.107,degC,9859185,15240,ABM
2/27/2015 7:00,0.079,degC,9859185,15240,ABM
2/27/2015 8:00,0.079,degC,9859185,15240,ABM
2/27/2015 9:00,0.079,degC,9859185,15240,ABM
2/27/2015 10:00,0.107,degC,9859185,15240,ABM
2/27/2015 11:00,0.135,degC,9859185,15240,ABM
2/27/2015 12:00,0.19,degC,9859185,15240,ABM
2/27/2015 13:00,0.19,degC,9859185,15240,ABM
2/27/2015 14:00,0.19,degC,9859185,15240,ABM
2/27/2015 15:00,0.19,degC,9859185,15240,ABM
2/27/2015 16:00,0.19,degC,9859185,15240,ABM
2/27/2015 17:00,0.163,degC,9859185,15240,ABM
2/27/2015 18:00,0.163,degC,9859185,15240,ABM
2/27/2015 19:00,0.135,degC,9859185,15240,ABM
2/27/2015 20:00,0.135,degC,9859185,15240,ABM
2/27/2015 21:00,0.107,degC,9859185,15240,ABM
2/27/2015 22:00,0.107,degC,9859185,15240,ABM
2/27/2015 23:00,0.107,degC,9859185,15240,ABM
2/28/2015 0:00,0.107,degC,9859185,15240,ABM
2/28/2015 1:00,0.107,degC,9859185,15240,ABM
2/28/2015 2:00,0.079,degC,9859185,15240,ABM
2/28/2015 3:00,0.079,degC,9859185,15240,ABM
2/28/2015 4:00,0.079,degC,9859185,15240,ABM
2/28/2015 5:00,0.079,degC,9859185,15240,ABM
2/28/2015 6:00,0.079,degC,9859185,15240,ABM
2/28/2015 7:00,0.079,degC,9859185,15240,ABM
2/28/2015 8:00,0.079,degC,9859185,15240,ABM
2/28/2015 9:00,0.079,degC,9859185,15240,ABM
2/28/2015 10:00,0.079,degC,9859185,15240,ABM
2/28/2015 11:00,0.135,degC,9859185,15240,ABM
2/28/2015 12:00,0.163,degC,9859185,15240,ABM
2/28/2015 13:00,0.19,degC,9859185,15240,ABM
2/28/2015 14:00,0.163,degC,9859185,15240,ABM
2/28/2015 15:00,0.163,degC,9859185,15240,ABM
2/28/2015 16:00,0.163,degC,9859185,15240,ABM
2/28/2015 17:00,0.163,degC,9859185,15240,ABM
2/28/2015 18:00,0.135,degC,9859185,15240,ABM
2/28/2015 19:00,0.135,degC,9859185,15240,ABM
2/28/2015 20:00,0.135,degC,9859185,15240,ABM
2/28/2015 21:00,0.135,degC,9859185,15240,ABM
2/28/2015 22:00,0.107,degC,9859185,15240,ABM
2/28/2015 23:00,0.107,degC,9859185,15240,ABM
3/1/2015 0:00,0.079,degC,9859185,15240,ABM
3/1/2015 1:00,0.079,degC,9859185,15240,ABM
3/1/2015 2:00,0.079,degC,9859185,15240,ABM
3/1/2015 3:00,0.079,degC,9859185,15240,ABM
3/1/2015 4:00,0.079,degC,9859185,15240,ABM
3/1/2015 5:00,0.079,degC,9859185,15240,ABM
3/1/2015 6:00,0.079,degC,9859185,15240,ABM
3/1/2015 7:00,0.079,degC,9859185,15240,ABM
3/1/2015 8:00,0.079,degC,9859185,15240,ABM
3/1/2015 9:00,0.079,degC,9859185,15240,ABM
3/1/2015 10:00,0.079,degC,9859185,15240,ABM
3/1/2015 11:00,0.107,degC,9859185,15240,ABM
3/1/2015 12:00,0.107,degC,9859185,15240,ABM
3/1/2015 13:00,0.135,degC,9859185,15240,ABM
3/1/2015 14:00,0.135,degC,9859185,15240,ABM
3/1/2015 15:00,0.135,degC,9859185,15240,ABM
3/1/2015 16:00,0.135,degC,9859185,15240,ABM
3/1/2015 17:00,0.135,degC,9859185,15240,ABM
3/1/2015 18:00,0.135,degC,9859185,15240,ABM
3/1/2015 19:00,0.107,degC,9859185,15240,ABM
3/1/2015 20:00,0.107,degC,9859185,15240,ABM
3/1/2015 21:00,0.107,degC,9859185,15240,ABM
3/1/2015 22:00,0.079,degC,9859185,15240,ABM
3/1/2015 23:00,0.079,degC,9859185,15240,ABM
3/2/2015 0:00,0.079,degC,9859185,15240,ABM
3/2/2015 1:00,0.079,degC,9859185,15240,ABM
3/2/2015 2:00,0.107,degC,9859185,15240,ABM
3/2/2015 3:00,0.107,degC,9859185,15240,ABM
3/2/2015 4:00,0.107,degC,9859185,15240,ABM
3/2/2015 5:00,0.107,degC,9859185,15240,ABM
3/2/2015 6:00,0.107,degC,9859185,15240,ABM
3/2/2015 7:00,0.107,degC,9859185,15240,ABM
3/2/2015 8:00,0.107,degC,9859185,15240,ABM
3/2/2015 9:00,0.107,degC,9859185,15240,ABM
3/2/2015 10:00,0.135,degC,9859185,15240,ABM
3/2/2015 11:00,0.163,degC,9859185,15240,ABM
3/2/2015 12:00,0.19,degC,9859185,15240,ABM
3/2/2015 13:00,0.19,degC,9859185,15240,ABM
3/2/2015 14:00,0.218,degC,9859185,15240,ABM
3/2/2015 15:00,0.19,degC,9859185,15240,ABM
3/2/2015 16:00,0.19,degC,9859185,15240,ABM
3/2/2015 17:00,0.163,degC,9859185,15240,ABM
3/2/2015 18:00,0.163,degC,9859185,15240,ABM
3/2/2015 19:00,0.135,degC,9859185,15240,ABM
3/2/2015 20:00,0.135,degC,9859185,15240,ABM
3/2/2015 21:00,0.135,degC,9859185,15240,ABM
3/2/2015 22:00,0.135,degC,9859185,15240,ABM
3/2/2015 23:00,0.135,degC,9859185,15240,ABM
3/3/2015 0:00,0.135,degC,9859185,15240,ABM
3/3/2015 1:00,0.135,degC,9859185,15240,ABM
3/3/2015 2:00,0.107,degC,9859185,15240,ABM
3/3/2015 3:00,0.107,degC,9859185,15240,ABM
3/3/2015 4:00,0.107,degC,9859185,15240,ABM
3/3/2015 5:00,0.107,degC,9859185,15240,ABM
3/3/2015 6:00,0.079,degC,9859185,15240,ABM
3/3/2015 7:00,0.079,degC,9859185,15240,ABM
3/3/2015 8:00,0.079,degC,9859185,15240,ABM
3/3/2015 9:00,0.079,degC,9859185,15240,ABM
3/3/2015 10:00,0.107,degC,9859185,15240,ABM
3/3/2015 11:00,0.135,degC,9859185,15240,ABM
3/3/2015 12:00,0.163,degC,9859185,15240,ABM
3/3/2015 13:00,0.19,degC,9859185,15240,ABM
3/3/2015 14:00,0.218,degC,9859185,15240,ABM
3/3/2015 15:00,0.218,degC,9859185,15240,ABM
3/3/2015 16:00,0.218,degC,9859185,15240,ABM
3/3/2015 17:00,0.218,degC,9859185,15240,ABM
3/3/2015 18:00,0.19,degC,9859185,15240,ABM
3/3/2015 19:00,0.163,degC,9859185,15240,ABM
3/3/2015 20:00,0.135,degC,9859185,15240,ABM
3/3/2015 21:00,0.107,degC,9859185,15240,ABM
3/3/2015 22:00,0.079,degC,9859185,15240,ABM
3/3/2015 23:00,0.051,degC,9859185,15240,ABM
3/4/2015 0:00,0.079,degC,9859185,15240,ABM
3/4/2015 1:00,0.079,degC,9859185,15240,ABM
3/4/2015 2:00,0.107,degC,9859185,15240,ABM
3/4/2015 3:00,0.107,degC,9859185,15240,ABM
3/4/2015 4:00,0.107,degC,9859185,15240,ABM
3/4/2015 5:00,0.107,degC,9859185,15240,ABM
3/4/2015 6:00,0.107,degC,9859185,15240,ABM
3/4/2015 7:00,0.135,degC,9859185,15240,ABM
3/4/2015 8:00,0.135,degC,9859185,15240,ABM
3/4/2015 9:00,0.135,degC,9859185,15240,ABM
3/4/2015 10:00,0.135,degC,9859185,15240,ABM
3/4/2015 11:00,0.163,degC,9859185,15240,ABM
3/4/2015 12:00,0.19,degC,9859185,15240,ABM
3/4/2015 13:00,0.163,degC,9859185,15240,ABM
3/4/2015 14:00,0.19,degC,9859185,15240,ABM
3/4/2015 15:00,0.19,degC,9859185,15240,ABM
3/4/2015 16:00,0.19,degC,9859185,15240,ABM
3/4/2015 17:00,0.163,degC,9859185,15240,ABM
3/4/2015 18:00,0.163,degC,9859185,15240,ABM
3/4/2015 19:00,0.163,degC,9859185,15240,ABM
3/4/2015 20:00,0.163,degC,9859185,15240,ABM
3/4/2015 21:00,0.135,degC,9859185,15240,ABM
3/4/2015 22:00,0.135,degC,9859185,15240,ABM
3/4/2015 23:00,0.135,degC,9859185,15240,ABM
3/5/2015 0:00,0.135,degC,9859185,15240,ABM
3/5/2015 1:00,0.135,degC,9859185,15240,ABM
3/5/2015 2:00,0.163,degC,9859185,15240,ABM
3/5/2015 3:00,0.163,degC,9859185,15240,ABM
3/5/2015 4:00,0.163,degC,9859185,15240,ABM
3/5/2015 5:00,0.163,degC,9859185,15240,ABM
3/5/2015 6:00,0.19,degC,9859185,15240,ABM
3/5/2015 7:00,0.163,degC,9859185,15240,ABM
3/5/2015 8:00,0.163,degC,9859185,15240,ABM
3/5/2015 9:00,0.163,degC,9859185,15240,ABM
3/5/2015 10:00,0.163,degC,9859185,15240,ABM
3/5/2015 11:00,0.163,degC,9859185,15240,ABM
3/5/2015 12:00,0.163,degC,9859185,15240,ABM
3/5/2015 13:00,0.19,degC,9859185,15240,ABM
3/5/2015 14:00,0.19,degC,9859185,15240,ABM
3/5/2015 15:00,0.19,degC,9859185,15240,ABM
3/5/2015 16:00,0.19,degC,9859185,15240,ABM
3/5/2015 17:00,0.19,degC,9859185,15240,ABM
3/5/2015 18:00,0.163,degC,9859185,15240,ABM
3/5/2015 19:00,0.163,degC,9859185,15240,ABM
3/5/2015 20:00,0.163,degC,9859185,15240,ABM
3/5/2015 21:00,0.135,degC,9859185,15240,ABM
3/5/2015 22:00,0.135,degC,9859185,15240,ABM
3/5/2015 23:00,0.135,degC,9859185,15240,ABM
3/6/2015 0:00,0.107,degC,9859185,15240,ABM
3/6/2015 1:00,0.079,degC,9859185,15240,ABM
3/6/2015 2:00,0.079,degC,9859185,15240,ABM
3/6/2015 3:00,0.051,degC,9859185,15240,ABM
3/6/2015 4:00,0.024,degC,9859185,15240,ABM
3/6/2015 5:00,0.024,degC,9859185,15240,ABM
3/6/2015 6:00,0.024,degC,9859185,15240,ABM
3/6/2015 7:00,0.024,degC,9859185,15240,ABM
3/6/2015 8:00,-0.004,degC,9859185,15240,ABM
3/6/2015 9:00,0.024,degC,9859185,15240,ABM
3/6/2015 10:00,0.051,degC,9859185,15240,ABM
3/6/2015 11:00,0.107,degC,9859185,15240,ABM
3/6/2015 12:00,0.19,degC,9859185,15240,ABM
3/6/2015 13:00,0.246,degC,9859185,15240,ABM
3/6/2015 14:00,0.246,degC,9859185,15240,ABM
3/6/2015 15:00,0.246,degC,9859185,15240,ABM
3/6/2015 16:00,0.218,degC,9859185,15240,ABM
3/6/2015 17:00,0.19,degC,9859185,15240,ABM
3/6/2015 18:00,0.163,degC,9859185,15240,ABM
3/6/2015 19:00,0.163,degC,9859185,15240,ABM
3/6/2015 20:00,0.135,degC,9859185,15240,ABM
3/6/2015 21:00,0.107,degC,9859185,15240,ABM
3/6/2015 22:00,0.107,degC,9859185,15240,ABM
3/6/2015 23:00,0.079,degC,9859185,15240,ABM
3/7/2015 0:00,0.079,degC,9859185,15240,ABM
3/7/2015 1:00,0.051,degC,9859185,15240,ABM
3/7/2015 2:00,0.051,degC,9859185,15240,ABM
3/7/2015 3:00,0.051,degC,9859185,15240,ABM
3/7/2015 4:00,0.024,degC,9859185,15240,ABM
3/7/2015 5:00,0.024,degC,9859185,15240,ABM
3/7/2015 6:00,0.024,degC,9859185,15240,ABM
3/7/2015 7:00,0.024,degC,9859185,15240,ABM
3/7/2015 8:00,0.024,degC,9859185,15240,ABM
3/7/2015 9:00,0.024,degC,9859185,15240,ABM
3/7/2015 10:00,0.051,degC,9859185,15240,ABM
3/7/2015 11:00,0.135,degC,9859185,15240,ABM
3/7/2015 12:00,0.218,degC,9859185,15240,ABM
3/7/2015 13:00,0.273,degC,9859185,15240,ABM
3/7/2015 14:00,0.301,degC,9859185,15240,ABM
3/7/2015 15:00,0.301,degC,9859185,15240,ABM
3/7/2015 16:00,0.301,degC,9859185,15240,ABM
3/7/2015 17:00,0.273,degC,9859185,15240,ABM
3/7/2015 18:00,0.246,degC,9859185,15240,ABM
3/7/2015 19:00,0.218,degC,9859185,15240,ABM
3/7/2015 20:00,0.218,degC,9859185,15240,ABM
3/7/2015 21:00,0.19,degC,9859185,15240,ABM
3/7/2015 22:00,0.19,degC,9859185,15240,ABM
3/7/2015 23:00,0.19,degC,9859185,15240,ABM
3/8/2015 0:00,0.19,degC,9859185,15240,ABM
3/8/2015 1:00,0.19,degC,9859185,15240,ABM
3/8/2015 2:00,0.19,degC,9859185,15240,ABM
3/8/2015 3:00,0.19,degC,9859185,15240,ABM
3/8/2015 4:00,0.163,degC,9859185,15240,ABM
3/8/2015 5:00,0.19,degC,9859185,15240,ABM
3/8/2015 6:00,0.19,degC,9859185,15240,ABM
3/8/2015 7:00,0.19,degC,9859185,15240,ABM
3/8/2015 8:00,0.19,degC,9859185,15240,ABM
3/8/2015 9:00,0.218,degC,9859185,15240,ABM
3/8/2015 10:00,0.246,degC,9859185,15240,ABM
3/8/2015 11:00,0.329,degC,9859185,15240,ABM
3/8/2015 12:00,0.384,degC,9859185,15240,ABM
3/8/2015 13:00,0.412,degC,9859185,15240,ABM
3/8/2015 14:00,0.467,degC,9859185,15240,ABM
3/8/2015 15:00,0.467,degC,9859185,15240,ABM
3/8/2015 16:00,0.439,degC,9859185,15240,ABM
3/8/2015 17:00,0.439,degC,9859185,15240,ABM
3/8/2015 18:00,0.384,degC,9859185,15240,ABM
3/8/2015 19:00,0.356,degC,9859185,15240,ABM
3/8/2015 20:00,0.329,degC,9859185,15240,ABM
3/8/2015 21:00,0.329,degC,9859185,15240,ABM
3/8/2015 22:00,0.301,degC,9859185,15240,ABM
3/8/2015 23:00,0.273,degC,9859185,15240,ABM
3/9/2015 0:00,0.273,degC,9859185,15240,ABM
3/9/2015 1:00,0.246,degC,9859185,15240,ABM
3/9/2015 2:00,0.246,degC,9859185,15240,ABM
3/9/2015 3:00,0.246,degC,9859185,15240,ABM
3/9/2015 4:00,0.218,degC,9859185,15240,ABM
3/9/2015 5:00,0.218,degC,9859185,15240,ABM
3/9/2015 6:00,0.19,degC,9859185,15240,ABM
3/9/2015 7:00,0.19,degC,9859185,15240,ABM
3/9/2015 8:00,0.19,degC,9859185,15240,ABM
3/9/2015 9:00,0.19,degC,9859185,15240,ABM
3/9/2015 10:00,0.218,degC,9859185,15240,ABM
3/9/2015 11:00,0.356,degC,9859185,15240,ABM
3/9/2015 12:00,0.522,degC,9859185,15240,ABM
3/9/2015 13:00,0.632,degC,9859185,15240,ABM
3/9/2015 14:00,0.632,degC,9859185,15240,ABM
3/9/2015 15:00,0.605,degC,9859185,15240,ABM
3/9/2015 16:00,0.55,degC,9859185,15240,ABM
3/9/2015 17:00,0.495,degC,9859185,15240,ABM
3/9/2015 18:00,0.439,degC,9859185,15240,ABM
3/9/2015 19:00,0.356,degC,9859185,15240,ABM
3/9/2015 20:00,0.329,degC,9859185,15240,ABM
3/9/2015 21:00,0.273,degC,9859185,15240,ABM
3/9/2015 22:00,0.218,degC,9859185,15240,ABM
3/9/2015 23:00,0.19,degC,9859185,15240,ABM
3/10/2015 0:00,0.163,degC,9859185,15240,ABM
3/10/2015 1:00,0.135,degC,9859185,15240,ABM
3/10/2015 2:00,0.135,degC,9859185,15240,ABM
3/10/2015 3:00,0.135,degC,9859185,15240,ABM
3/10/2015 4:00,0.135,degC,9859185,15240,ABM
3/10/2015 5:00,0.135,degC,9859185,15240,ABM
3/10/2015 6:00,0.135,degC,9859185,15240,ABM
3/10/2015 7:00,0.135,degC,9859185,15240,ABM
3/10/2015 8:00,0.135,degC,9859185,15240,ABM
3/10/2015 9:00,0.163,degC,9859185,15240,ABM
3/10/2015 10:00,0.218,degC,9859185,15240,ABM
3/10/2015 11:00,0.356,degC,9859185,15240,ABM
3/10/2015 12:00,0.439,degC,9859185,15240,ABM
3/10/2015 13:00,0.522,degC,9859185,15240,ABM
3/10/2015 14:00,0.577,degC,9859185,15240,ABM
3/10/2015 15:00,0.577,degC,9859185,15240,ABM
3/10/2015 16:00,0.522,degC,9859185,15240,ABM
3/10/2015 17:00,0.495,degC,9859185,15240,ABM
3/10/2015 18:00,0.412,degC,9859185,15240,ABM
3/10/2015 19:00,0.329,degC,9859185,15240,ABM
3/10/2015 20:00,0.19,degC,9859185,15240,ABM
3/10/2015 21:00,0.107,degC,9859185,15240,ABM
3/10/2015 22:00,0.079,degC,9859185,15240,ABM
3/10/2015 23:00,0.079,degC,9859185,15240,ABM
3/11/2015 0:00,0.051,degC,9859185,15240,ABM
3/11/2015 1:00,0.051,degC,9859185,15240,ABM
3/11/2015 2:00,0.024,degC,9859185,15240,ABM
3/11/2015 3:00,0.024,degC,9859185,15240,ABM
3/11/2015 4:00,0.024,degC,9859185,15240,ABM
3/11/2015 5:00,0.024,degC,9859185,15240,ABM
3/11/2015 6:00,0.024,degC,9859185,15240,ABM
3/11/2015 7:00,0.024,degC,9859185,15240,ABM
3/11/2015 8:00,0.024,degC,9859185,15240,ABM
3/11/2015 9:00,0.024,degC,9859185,15240,ABM
3/11/2015 10:00,0.051,degC,9859185,15240,ABM
3/11/2015 11:00,0.135,degC,9859185,15240,ABM
3/11/2015 12:00,0.135,degC,9859185,15240,ABM
3/11/2015 13:00,0.19,degC,9859185,15240,ABM
3/11/2015 14:00,0.135,degC,9859185,15240,ABM
3/11/2015 15:00,0.079,degC,9859185,15240,ABM
3/11/2015 16:00,0.051,degC,9859185,15240,ABM
3/11/2015 17:00,0.024,degC,9859185,15240,ABM
3/11/2015 18:00,0.024,degC,9859185,15240,ABM
3/11/2015 19:00,0.024,degC,9859185,15240,ABM
3/11/2015 20:00,-0.004,degC,9859185,15240,ABM
3/11/2015 21:00,-0.004,degC,9859185,15240,ABM
3/11/2015 22:00,-0.004,degC,9859185,15240,ABM
3/11/2015 23:00,-0.004,degC,9859185,15240,ABM
3/12/2015 0:00,-0.004,degC,9859185,15240,ABM
3/12/2015 1:00,-0.004,degC,9859185,15240,ABM
3/12/2015 2:00,0.024,degC,9859185,15240,ABM
3/12/2015 3:00,0.024,degC,9859185,15240,ABM
3/12/2015 4:00,0.024,degC,9859185,15240,ABM
3/12/2015 5:00,0.024,degC,9859185,15240,ABM
3/12/2015 6:00,0.024,degC,9859185,15240,ABM
3/12/2015 7:00,-0.004,degC,9859185,15240,ABM
3/12/2015 8:00,-0.004,degC,9859185,15240,ABM
3/12/2015 9:00,0.024,degC,9859185,15240,ABM
3/12/2015 10:00,0.024,degC,9859185,15240,ABM
3/12/2015 11:00,0.079,degC,9859185,15240,ABM
3/12/2015 12:00,0.107,degC,9859185,15240,ABM
3/12/2015 13:00,0.135,degC,9859185,15240,ABM
3/12/2015 14:00,0.107,degC,9859185,15240,ABM
3/12/2015 15:00,0.079,degC,9859185,15240,ABM
3/12/2015 16:00,0.051,degC,9859185,15240,ABM
3/12/2015 17:00,0.051,degC,9859185,15240,ABM
3/12/2015 18:00,0.051,degC,9859185,15240,ABM
3/12/2015 19:00,0.051,degC,9859185,15240,ABM
3/12/2015 20:00,0.051,degC,9859185,15240,ABM
3/12/2015 21:00,0.024,degC,9859185,15240,ABM
3/12/2015 22:00,0.024,degC,9859185,15240,ABM
3/12/2015 23:00,0.024,degC,9859185,15240,ABM
3/13/2015 0:00,0.024,degC,9859185,15240,ABM
3/13/2015 1:00,0.024,degC,9859185,15240,ABM
3/13/2015 2:00,0.024,degC,9859185,15240,ABM
3/13/2015 3:00,-0.004,degC,9859185,15240,ABM
3/13/2015 4:00,-0.004,degC,9859185,15240,ABM
3/13/2015 5:00,-0.004,degC,9859185,15240,ABM
3/13/2015 6:00,-0.004,degC,9859185,15240,ABM
3/13/2015 7:00,-0.004,degC,9859185,15240,ABM
3/13/2015 8:00,-0.004,degC,9859185,15240,ABM
3/13/2015 9:00,-0.004,degC,9859185,15240,ABM
3/13/2015 10:00,0.079,degC,9859185,15240,ABM
3/13/2015 11:00,0.135,degC,9859185,15240,ABM
3/13/2015 12:00,0.273,degC,9859185,15240,ABM
3/13/2015 13:00,0.356,degC,9859185,15240,ABM
3/13/2015 14:00,0.412,degC,9859185,15240,ABM
3/13/2015 15:00,0.384,degC,9859185,15240,ABM
3/13/2015 16:00,0.356,degC,9859185,15240,ABM
3/13/2015 17:00,0.301,degC,9859185,15240,ABM
3/13/2015 18:00,0.301,degC,9859185,15240,ABM
3/13/2015 19:00,0.273,degC,9859185,15240,ABM
3/13/2015 20:00,0.273,degC,9859185,15240,ABM
3/13/2015 21:00,0.246,degC,9859185,15240,ABM
3/13/2015 22:00,0.246,degC,9859185,15240,ABM
3/13/2015 23:00,0.246,degC,9859185,15240,ABM
3/14/2015 0:00,0.246,degC,9859185,15240,ABM
3/14/2015 1:00,0.246,degC,9859185,15240,ABM
3/14/2015 2:00,0.218,degC,9859185,15240,ABM
3/14/2015 3:00,0.246,degC,9859185,15240,ABM
3/14/2015 4:00,0.246,degC,9859185,15240,ABM
3/14/2015 5:00,0.246,degC,9859185,15240,ABM
3/14/2015 6:00,0.273,degC,9859185,15240,ABM
3/14/2015 7:00,0.301,degC,9859185,15240,ABM
3/14/2015 8:00,0.329,degC,9859185,15240,ABM
3/14/2015 9:00,0.356,degC,9859185,15240,ABM
3/14/2015 10:00,0.384,degC,9859185,15240,ABM
3/14/2015 11:00,0.412,degC,9859185,15240,ABM
3/14/2015 12:00,0.439,degC,9859185,15240,ABM
3/14/2015 13:00,0.467,degC,9859185,15240,ABM
3/14/2015 14:00,0.412,degC,9859185,15240,ABM
3/14/2015 15:00,0.412,degC,9859185,15240,ABM
3/14/2015 16:00,0.356,degC,9859185,15240,ABM
3/14/2015 17:00,0.301,degC,9859185,15240,ABM
3/14/2015 18:00,0.19,degC,9859185,15240,ABM
3/14/2015 19:00,0.107,degC,9859185,15240,ABM
3/14/2015 20:00,0.079,degC,9859185,15240,ABM
3/14/2015 21:00,0.051,degC,9859185,15240,ABM
3/14/2015 22:00,0.051,degC,9859185,15240,ABM
3/14/2015 23:00,0.051,degC,9859185,15240,ABM
3/15/2015 0:00,0.051,degC,9859185,15240,ABM
3/15/2015 1:00,0.051,degC,9859185,15240,ABM
3/15/2015 2:00,0.051,degC,9859185,15240,ABM
3/15/2015 3:00,0.051,degC,9859185,15240,ABM
3/15/2015 4:00,0.079,degC,9859185,15240,ABM
3/15/2015 5:00,0.079,degC,9859185,15240,ABM
3/15/2015 6:00,0.079,degC,9859185,15240,ABM
3/15/2015 7:00,0.079,degC,9859185,15240,ABM
3/15/2015 8:00,0.107,degC,9859185,15240,ABM
3/15/2015 9:00,0.135,degC,9859185,15240,ABM
3/15/2015 10:00,0.163,degC,9859185,15240,ABM
3/15/2015 11:00,0.19,degC,9859185,15240,ABM
3/15/2015 12:00,0.218,degC,9859185,15240,ABM
3/15/2015 13:00,0.301,degC,9859185,15240,ABM
3/15/2015 14:00,0.356,degC,9859185,15240,ABM
3/15/2015 15:00,0.384,degC,9859185,15240,ABM
3/15/2015 16:00,0.329,degC,9859185,15240,ABM
3/15/2015 17:00,0.246,degC,9859185,15240,ABM
3/15/2015 18:00,0.218,degC,9859185,15240,ABM
3/15/2015 19:00,0.218,degC,9859185,15240,ABM
3/15/2015 20:00,0.19,degC,9859185,15240,ABM
3/15/2015 21:00,0.19,degC,9859185,15240,ABM
3/15/2015 22:00,0.19,degC,9859185,15240,ABM
3/15/2015 23:00,0.19,degC,9859185,15240,ABM
3/16/2015 0:00,0.19,degC,9859185,15240,ABM
3/16/2015 1:00,0.19,degC,9859185,15240,ABM
3/16/2015 2:00,0.19,degC,9859185,15240,ABM
3/16/2015 3:00,0.19,degC,9859185,15240,ABM
3/16/2015 4:00,0.19,degC,9859185,15240,ABM
3/16/2015 5:00,0.19,degC,9859185,15240,ABM
3/16/2015 6:00,0.163,degC,9859185,15240,ABM
3/16/2015 7:00,0.163,degC,9859185,15240,ABM
3/16/2015 8:00,0.163,degC,9859185,15240,ABM
3/16/2015 9:00,0.19,degC,9859185,15240,ABM
3/16/2015 10:00,0.356,degC,9859185,15240,ABM
3/16/2015 11:00,0.495,degC,9859185,15240,ABM
3/16/2015 12:00,0.687,degC,9859185,15240,ABM
3/16/2015 13:00,0.797,degC,9859185,15240,ABM
3/16/2015 14:00,0.825,degC,9859185,15240,ABM
3/16/2015 15:00,0.825,degC,9859185,15240,ABM
3/16/2015 16:00,0.852,degC,9859185,15240,ABM
3/16/2015 17:00,0.825,degC,9859185,15240,ABM
3/16/2015 18:00,0.77,degC,9859185,15240,ABM
3/16/2015 19:00,0.687,degC,9859185,15240,ABM
3/16/2015 20:00,0.66,degC,9859185,15240,ABM
3/16/2015 21:00,0.632,degC,9859185,15240,ABM
3/16/2015 22:00,0.632,degC,9859185,15240,ABM
3/16/2015 23:00,0.605,degC,9859185,15240,ABM
3/17/2015 0:00,0.605,degC,9859185,15240,ABM
3/17/2015 1:00,0.577,degC,9859185,15240,ABM
3/17/2015 2:00,0.577,degC,9859185,15240,ABM
3/17/2015 3:00,0.577,degC,9859185,15240,ABM
3/17/2015 4:00,0.605,degC,9859185,15240,ABM
3/17/2015 5:00,0.605,degC,9859185,15240,ABM
3/17/2015 6:00,0.605,degC,9859185,15240,ABM
3/17/2015 7:00,0.605,degC,9859185,15240,ABM
3/17/2015 8:00,0.605,degC,9859185,15240,ABM
3/17/2015 9:00,0.632,degC,9859185,15240,ABM
3/17/2015 10:00,0.687,degC,9859185,15240,ABM
3/17/2015 11:00,0.742,degC,9859185,15240,ABM
3/17/2015 12:00,0.88,degC,9859185,15240,ABM
3/17/2015 13:00,1.099,degC,9859185,15240,ABM
3/17/2015 14:00,1.208,degC,9859185,15240,ABM
3/17/2015 15:00,1.235,degC,9859185,15240,ABM
3/17/2015 16:00,1.099,degC,9859185,15240,ABM
3/17/2015 17:00,0.852,degC,9859185,15240,ABM
3/17/2015 18:00,0.577,degC,9859185,15240,ABM
3/17/2015 19:00,0.329,degC,9859185,15240,ABM
3/17/2015 20:00,0.19,degC,9859185,15240,ABM
3/17/2015 21:00,0.135,degC,9859185,15240,ABM
3/17/2015 22:00,0.107,degC,9859185,15240,ABM
3/17/2015 23:00,0.079,degC,9859185,15240,ABM
3/18/2015 0:00,0.079,degC,9859185,15240,ABM
3/18/2015 1:00,0.079,degC,9859185,15240,ABM
3/18/2015 2:00,0.024,degC,9859185,15240,ABM
3/18/2015 3:00,0.024,degC,9859185,15240,ABM
3/18/2015 4:00,0.024,degC,9859185,15240,ABM
3/18/2015 5:00,0.024,degC,9859185,15240,ABM
3/18/2015 6:00,0.024,degC,9859185,15240,ABM
3/18/2015 7:00,0.024,degC,9859185,15240,ABM
3/18/2015 8:00,0.024,degC,9859185,15240,ABM
3/18/2015 9:00,0.024,degC,9859185,15240,ABM
3/18/2015 10:00,0.024,degC,9859185,15240,ABM
3/18/2015 11:00,0.163,degC,9859185,15240,ABM
3/18/2015 12:00,0.246,degC,9859185,15240,ABM
3/18/2015 13:00,0.356,degC,9859185,15240,ABM
3/18/2015 14:00,0.301,degC,9859185,15240,ABM
3/18/2015 15:00,0.301,degC,9859185,15240,ABM
3/18/2015 16:00,0.273,degC,9859185,15240,ABM
3/18/2015 17:00,0.19,degC,9859185,15240,ABM
3/18/2015 18:00,0.079,degC,9859185,15240,ABM
3/18/2015 19:00,0.024,degC,9859185,15240,ABM
3/18/2015 20:00,0.024,degC,9859185,15240,ABM
3/18/2015 21:00,0.024,degC,9859185,15240,ABM
3/18/2015 22:00,0.024,degC,9859185,15240,ABM
3/18/2015 23:00,0.024,degC,9859185,15240,ABM
3/19/2015 0:00,0.024,degC,9859185,15240,ABM
3/19/2015 1:00,0.024,degC,9859185,15240,ABM
3/19/2015 2:00,0.024,degC,9859185,15240,ABM
3/19/2015 3:00,0.024,degC,9859185,15240,ABM
3/19/2015 4:00,0.024,degC,9859185,15240,ABM
3/19/2015 5:00,0.024,degC,9859185,15240,ABM
3/19/2015 6:00,0.024,degC,9859185,15240,ABM
3/19/2015 7:00,0.024,degC,9859185,15240,ABM
3/19/2015 8:00,0.024,degC,9859185,15240,ABM
3/19/2015 9:00,0.024,degC,9859185,15240,ABM
3/19/2015 10:00,0.051,degC,9859185,15240,ABM
3/19/2015 11:00,0.079,degC,9859185,15240,ABM
3/19/2015 12:00,0.135,degC,9859185,15240,ABM
3/19/2015 13:00,0.246,degC,9859185,15240,ABM
3/19/2015 14:00,0.19,degC,9859185,15240,ABM
3/19/2015 15:00,0.135,degC,9859185,15240,ABM
3/19/2015 16:00,0.107,degC,9859185,15240,ABM
3/19/2015 17:00,0.107,degC,9859185,15240,ABM
3/19/2015 18:00,0.079,degC,9859185,15240,ABM
3/19/2015 19:00,0.051,degC,9859185,15240,ABM
3/19/2015 20:00,0.024,degC,9859185,15240,ABM
3/19/2015 21:00,0.024,degC,9859185,15240,ABM
3/19/2015 22:00,0.051,degC,9859185,15240,ABM
3/19/2015 23:00,0.051,degC,9859185,15240,ABM
3/20/2015 0:00,0.051,degC,9859185,15240,ABM
3/20/2015 1:00,0.024,degC,9859185,15240,ABM
3/20/2015 2:00,0.051,degC,9859185,15240,ABM
3/20/2015 3:00,0.051,degC,9859185,15240,ABM
3/20/2015 4:00,0.051,degC,9859185,15240,ABM
3/20/2015 5:00,0.051,degC,9859185,15240,ABM
3/20/2015 6:00,0.051,degC,9859185,15240,ABM
3/20/2015 7:00,0.051,degC,9859185,15240,ABM
3/20/2015 8:00,0.051,degC,9859185,15240,ABM
3/20/2015 9:00,0.079,degC,9859185,15240,ABM
3/20/2015 10:00,0.079,degC,9859185,15240,ABM
3/20/2015 11:00,0.079,degC,9859185,15240,ABM
3/20/2015 12:00,0.079,degC,9859185,15240,ABM
3/20/2015 13:00,0.079,degC,9859185,15240,ABM
3/20/2015 14:00,0.079,degC,9859185,15240,ABM
3/20/2015 15:00,0.079,degC,9859185,15240,ABM
3/20/2015 16:00,0.079,degC,9859185,15240,ABM
3/20/2015 17:00,0.051,degC,9859185,15240,ABM
3/20/2015 18:00,0.079,degC,9859185,15240,ABM
3/20/2015 19:00,0.079,degC,9859185,15240,ABM
3/20/2015 20:00,0.079,degC,9859185,15240,ABM
3/20/2015 21:00,0.079,degC,9859185,15240,ABM
3/20/2015 22:00,0.079,degC,9859185,15240,ABM
3/20/2015 23:00,0.079,degC,9859185,15240,ABM
3/21/2015 0:00,0.079,degC,9859185,15240,ABM
3/21/2015 1:00,0.079,degC,9859185,15240,ABM
3/21/2015 2:00,0.079,degC,9859185,15240,ABM
3/21/2015 3:00,0.079,degC,9859185,15240,ABM
3/21/2015 4:00,0.079,degC,9859185,15240,ABM
3/21/2015 5:00,0.079,degC,9859185,15240,ABM
3/21/2015 6:00,0.079,degC,9859185,15240,ABM
3/21/2015 7:00,0.079,degC,9859185,15240,ABM
3/21/2015 8:00,0.107,degC,9859185,15240,ABM
3/21/2015 9:00,0.107,degC,9859185,15240,ABM
3/21/2015 10:00,0.135,degC,9859185,15240,ABM
3/21/2015 11:00,0.19,degC,9859185,15240,ABM
3/21/2015 12:00,0.522,degC,9859185,15240,ABM
3/21/2015 13:00,0.77,degC,9859185,15240,ABM
3/21/2015 14:00,0.962,degC,9859185,15240,ABM
3/21/2015 15:00,1.017,degC,9859185,15240,ABM
3/21/2015 16:00,1.071,degC,9859185,15240,ABM
3/21/2015 17:00,1.071,degC,9859185,15240,ABM
3/21/2015 18:00,1.017,degC,9859185,15240,ABM
3/21/2015 19:00,0.934,degC,9859185,15240,ABM
3/21/2015 20:00,0.852,degC,9859185,15240,ABM
3/21/2015 21:00,0.825,degC,9859185,15240,ABM
3/21/2015 22:00,0.77,degC,9859185,15240,ABM
3/21/2015 23:00,0.715,degC,9859185,15240,ABM
3/22/2015 0:00,0.66,degC,9859185,15240,ABM
3/22/2015 1:00,0.605,degC,9859185,15240,ABM
3/22/2015 2:00,0.55,degC,9859185,15240,ABM
3/22/2015 3:00,0.495,degC,9859185,15240,ABM
3/22/2015 4:00,0.412,degC,9859185,15240,ABM
3/22/2015 5:00,0.356,degC,9859185,15240,ABM
3/22/2015 6:00,0.273,degC,9859185,15240,ABM
3/22/2015 7:00,0.19,degC,9859185,15240,ABM
3/22/2015 8:00,0.107,degC,9859185,15240,ABM
3/22/2015 9:00,0.079,degC,9859185,15240,ABM
3/22/2015 10:00,0.163,degC,9859185,15240,ABM
3/22/2015 11:00,0.439,degC,9859185,15240,ABM
3/22/2015 12:00,0.715,degC,9859185,15240,ABM
3/22/2015 13:00,0.962,degC,9859185,15240,ABM
3/22/2015 14:00,1.071,degC,9859185,15240,ABM
3/22/2015 15:00,0.962,degC,9859185,15240,ABM
3/22/2015 16:00,0.77,degC,9859185,15240,ABM
3/22/2015 17:00,0.55,degC,9859185,15240,ABM
3/22/2015 18:00,0.384,degC,9859185,15240,ABM
3/22/2015 19:00,0.246,degC,9859185,15240,ABM
3/22/2015 20:00,0.135,degC,9859185,15240,ABM
3/22/2015 21:00,0.051,degC,9859185,15240,ABM
3/22/2015 22:00,0.024,degC,9859185,15240,ABM
3/22/2015 23:00,0.051,degC,9859185,15240,ABM
3/23/2015 0:00,0.079,degC,9859185,15240,ABM
3/23/2015 1:00,0.051,degC,9859185,15240,ABM
3/23/2015 2:00,0.051,degC,9859185,15240,ABM
3/23/2015 3:00,0.051,degC,9859185,15240,ABM
3/23/2015 4:00,0.051,degC,9859185,15240,ABM
3/23/2015 5:00,0.051,degC,9859185,15240,ABM
3/23/2015 6:00,0.079,degC,9859185,15240,ABM
3/23/2015 7:00,0.079,degC,9859185,15240,ABM
3/23/2015 8:00,0.079,degC,9859185,15240,ABM
3/23/2015 9:00,0.079,degC,9859185,15240,ABM
3/23/2015 10:00,0.079,degC,9859185,15240,ABM
3/23/2015 11:00,0.107,degC,9859185,15240,ABM
3/23/2015 12:00,0.163,degC,9859185,15240,ABM
3/23/2015 13:00,0.273,degC,9859185,15240,ABM
3/23/2015 14:00,0.246,degC,9859185,15240,ABM
3/23/2015 15:00,0.163,degC,9859185,15240,ABM
3/23/2015 16:00,0.107,degC,9859185,15240,ABM
3/23/2015 17:00,0.079,degC,9859185,15240,ABM
3/23/2015 18:00,0.079,degC,9859185,15240,ABM
3/23/2015 19:00,0.051,degC,9859185,15240,ABM
3/23/2015 20:00,0.079,degC,9859185,15240,ABM
3/23/2015 21:00,0.079,degC,9859185,15240,ABM
3/23/2015 22:00,0.079,degC,9859185,15240,ABM
3/23/2015 23:00,0.079,degC,9859185,15240,ABM
3/24/2015 0:00,0.079,degC,9859185,15240,ABM
3/24/2015 1:00,0.079,degC,9859185,15240,ABM
3/24/2015 2:00,0.079,degC,9859185,15240,ABM
3/24/2015 3:00,0.051,degC,9859185,15240,ABM
3/24/2015 4:00,0.051,degC,9859185,15240,ABM
3/24/2015 5:00,0.051,degC,9859185,15240,ABM
3/24/2015 6:00,0.079,degC,9859185,15240,ABM
3/24/2015 7:00,0.079,degC,9859185,15240,ABM
3/24/2015 8:00,0.051,degC,9859185,15240,ABM
3/24/2015 9:00,0.079,degC,9859185,15240,ABM
3/24/2015 10:00,0.079,degC,9859185,15240,ABM
3/24/2015 11:00,0.079,degC,9859185,15240,ABM
3/24/2015 12:00,0.163,degC,9859185,15240,ABM
3/24/2015 13:00,0.246,degC,9859185,15240,ABM
3/24/2015 14:00,0.19,degC,9859185,15240,ABM
3/24/2015 15:00,0.218,degC,9859185,15240,ABM
3/24/2015 16:00,0.273,degC,9859185,15240,ABM
3/24/2015 17:00,0.273,degC,9859185,15240,ABM
3/24/2015 18:00,0.246,degC,9859185,15240,ABM
3/24/2015 19:00,0.218,degC,9859185,15240,ABM
3/24/2015 20:00,0.19,degC,9859185,15240,ABM
3/24/2015 21:00,0.163,degC,9859185,15240,ABM
3/24/2015 22:00,0.135,degC,9859185,15240,ABM
3/24/2015 23:00,0.107,degC,9859185,15240,ABM
3/25/2015 0:00,0.107,degC,9859185,15240,ABM
3/25/2015 1:00,0.107,degC,9859185,15240,ABM
3/25/2015 2:00,0.107,degC,9859185,15240,ABM
3/25/2015 3:00,0.107,degC,9859185,15240,ABM
3/25/2015 4:00,0.107,degC,9859185,15240,ABM
3/25/2015 5:00,0.107,degC,9859185,15240,ABM
3/25/2015 6:00,0.107,degC,9859185,15240,ABM
3/25/2015 7:00,0.107,degC,9859185,15240,ABM
3/25/2015 8:00,0.107,degC,9859185,15240,ABM
3/25/2015 9:00,0.107,degC,9859185,15240,ABM
3/25/2015 10:00,0.079,degC,9859185,15240,ABM
3/25/2015 11:00,0.19,degC,9859185,15240,ABM
3/25/2015 12:00,0.467,degC,9859185,15240,ABM
3/25/2015 13:00,0.797,degC,9859185,15240,ABM
3/25/2015 14:00,0.962,degC,9859185,15240,ABM
3/25/2015 15:00,0.989,degC,9859185,15240,ABM
3/25/2015 16:00,0.989,degC,9859185,15240,ABM
3/25/2015 17:00,0.907,degC,9859185,15240,ABM
3/25/2015 18:00,0.852,degC,9859185,15240,ABM
3/25/2015 19:00,0.715,degC,9859185,15240,ABM
3/25/2015 20:00,0.632,degC,9859185,15240,ABM
3/25/2015 21:00,0.66,degC,9859185,15240,ABM
3/25/2015 22:00,0.66,degC,9859185,15240,ABM
3/25/2015 23:00,0.66,degC,9859185,15240,ABM
3/26/2015 0:00,0.66,degC,9859185,15240,ABM
3/26/2015 1:00,0.66,degC,9859185,15240,ABM
3/26/2015 2:00,0.66,degC,9859185,15240,ABM
3/26/2015 3:00,0.66,degC,9859185,15240,ABM
3/26/2015 4:00,0.687,degC,9859185,15240,ABM
3/26/2015 5:00,0.687,degC,9859185,15240,ABM
3/26/2015 6:00,0.687,degC,9859185,15240,ABM
3/26/2015 7:00,0.687,degC,9859185,15240,ABM
3/26/2015 8:00,0.715,degC,9859185,15240,ABM
3/26/2015 9:00,0.77,degC,9859185,15240,ABM
3/26/2015 10:00,0.907,degC,9859185,15240,ABM
3/26/2015 11:00,1.044,degC,9859185,15240,ABM
3/26/2015 12:00,1.18,degC,9859185,15240,ABM
3/26/2015 13:00,1.262,degC,9859185,15240,ABM
3/26/2015 14:00,1.235,degC,9859185,15240,ABM
3/26/2015 15:00,1.18,degC,9859185,15240,ABM
3/26/2015 16:00,1.153,degC,9859185,15240,ABM
3/26/2015 17:00,1.126,degC,9859185,15240,ABM
3/26/2015 18:00,1.044,degC,9859185,15240,ABM
3/26/2015 19:00,0.962,degC,9859185,15240,ABM
3/26/2015 20:00,0.852,degC,9859185,15240,ABM
3/26/2015 21:00,0.742,degC,9859185,15240,ABM
3/26/2015 22:00,0.66,degC,9859185,15240,ABM
3/26/2015 23:00,0.577,degC,9859185,15240,ABM
3/27/2015 0:00,0.495,degC,9859185,15240,ABM
3/27/2015 1:00,0.384,degC,9859185,15240,ABM
3/27/2015 2:00,0.246,degC,9859185,15240,ABM
3/27/2015 3:00,0.19,degC,9859185,15240,ABM
3/27/2015 4:00,0.163,degC,9859185,15240,ABM
3/27/2015 5:00,0.135,degC,9859185,15240,ABM
3/27/2015 6:00,0.135,degC,9859185,15240,ABM
3/27/2015 7:00,0.135,degC,9859185,15240,ABM
3/27/2015 8:00,0.135,degC,9859185,15240,ABM
3/27/2015 9:00,0.163,degC,9859185,15240,ABM
3/27/2015 10:00,0.19,degC,9859185,15240,ABM
3/27/2015 11:00,0.218,degC,9859185,15240,ABM
3/27/2015 12:00,0.273,degC,9859185,15240,ABM
3/27/2015 13:00,0.301,degC,9859185,15240,ABM
3/27/2015 14:00,0.329,degC,9859185,15240,ABM
3/27/2015 15:00,0.329,degC,9859185,15240,ABM
3/27/2015 16:00,0.356,degC,9859185,15240,ABM
3/27/2015 17:00,0.329,degC,9859185,15240,ABM
3/27/2015 18:00,0.301,degC,9859185,15240,ABM
3/27/2015 19:00,0.246,degC,9859185,15240,ABM
3/27/2015 20:00,0.246,degC,9859185,15240,ABM
3/27/2015 21:00,0.246,degC,9859185,15240,ABM
3/27/2015 22:00,0.246,degC,9859185,15240,ABM
3/27/2015 23:00,0.273,degC,9859185,15240,ABM
3/28/2015 0:00,0.301,degC,9859185,15240,ABM
3/28/2015 1:00,0.301,degC,9859185,15240,ABM
3/28/2015 2:00,0.329,degC,9859185,15240,ABM
3/28/2015 3:00,0.329,degC,9859185,15240,ABM
3/28/2015 4:00,0.356,degC,9859185,15240,ABM
3/28/2015 5:00,0.356,degC,9859185,15240,ABM
3/28/2015 6:00,0.384,degC,9859185,15240,ABM
3/28/2015 7:00,0.384,degC,9859185,15240,ABM
3/28/2015 8:00,0.384,degC,9859185,15240,ABM
3/28/2015 9:00,0.412,degC,9859185,15240,ABM
3/28/2015 10:00,0.412,degC,9859185,15240,ABM
3/28/2015 11:00,0.467,degC,9859185,15240,ABM
3/28/2015 12:00,0.522,degC,9859185,15240,ABM
3/28/2015 13:00,0.605,degC,9859185,15240,ABM
3/28/2015 14:00,0.605,degC,9859185,15240,ABM
3/28/2015 15:00,0.66,degC,9859185,15240,ABM
3/28/2015 16:00,0.66,degC,9859185,15240,ABM
3/28/2015 17:00,0.605,degC,9859185,15240,ABM
3/28/2015 18:00,0.577,degC,9859185,15240,ABM
3/28/2015 19:00,0.495,degC,9859185,15240,ABM
3/28/2015 20:00,0.439,degC,9859185,15240,ABM
3/28/2015 21:00,0.384,degC,9859185,15240,ABM
3/28/2015 22:00,0.356,degC,9859185,15240,ABM
3/28/2015 23:00,0.301,degC,9859185,15240,ABM
3/29/2015 0:00,0.246,degC,9859185,15240,ABM
3/29/2015 1:00,0.19,degC,9859185,15240,ABM
3/29/2015 2:00,0.135,degC,9859185,15240,ABM
3/29/2015 3:00,0.079,degC,9859185,15240,ABM
3/29/2015 4:00,0.024,degC,9859185,15240,ABM
3/29/2015 5:00,0.024,degC,9859185,15240,ABM
3/29/2015 6:00,0.051,degC,9859185,15240,ABM
3/29/2015 7:00,0.051,degC,9859185,15240,ABM
3/29/2015 8:00,0.051,degC,9859185,15240,ABM
3/29/2015 9:00,0.079,degC,9859185,15240,ABM
3/29/2015 10:00,0.079,degC,9859185,15240,ABM
3/29/2015 11:00,0.273,degC,9859185,15240,ABM
3/29/2015 12:00,0.522,degC,9859185,15240,ABM
3/29/2015 13:00,0.825,degC,9859185,15240,ABM
3/29/2015 14:00,1.044,degC,9859185,15240,ABM
3/29/2015 15:00,1.044,degC,9859185,15240,ABM
3/29/2015 16:00,0.989,degC,9859185,15240,ABM
3/29/2015 17:00,0.907,degC,9859185,15240,ABM
3/29/2015 18:00,0.825,degC,9859185,15240,ABM
3/29/2015 19:00,0.797,degC,9859185,15240,ABM
3/29/2015 20:00,0.715,degC,9859185,15240,ABM
3/29/2015 21:00,0.66,degC,9859185,15240,ABM
3/29/2015 22:00,0.55,degC,9859185,15240,ABM
3/29/2015 23:00,0.467,degC,9859185,15240,ABM
3/30/2015 0:00,0.356,degC,9859185,15240,ABM
3/30/2015 1:00,0.273,degC,9859185,15240,ABM
3/30/2015 2:00,0.218,degC,9859185,15240,ABM
3/30/2015 3:00,0.163,degC,9859185,15240,ABM
3/30/2015 4:00,0.163,degC,9859185,15240,ABM
3/30/2015 5:00,0.19,degC,9859185,15240,ABM
3/30/2015 6:00,0.218,degC,9859185,15240,ABM
3/30/2015 7:00,0.246,degC,9859185,15240,ABM
3/30/2015 8:00,0.301,degC,9859185,15240,ABM
3/30/2015 9:00,0.356,degC,9859185,15240,ABM
3/30/2015 10:00,0.439,degC,9859185,15240,ABM
3/30/2015 11:00,0.577,degC,9859185,15240,ABM
3/30/2015 12:00,0.825,degC,9859185,15240,ABM
3/30/2015 13:00,1.235,degC,9859185,15240,ABM
3/30/2015 14:00,1.615,degC,9859185,15240,ABM
3/30/2015 15:00,1.724,degC,9859185,15240,ABM
3/30/2015 16:00,1.643,degC,9859185,15240,ABM
3/30/2015 17:00,1.588,degC,9859185,15240,ABM
3/30/2015 18:00,1.534,degC,9859185,15240,ABM
3/30/2015 19:00,1.425,degC,9859185,15240,ABM
3/30/2015 20:00,1.317,degC,9859185,15240,ABM
3/30/2015 21:00,1.208,degC,9859185,15240,ABM
3/30/2015 22:00,1.126,degC,9859185,15240,ABM
3/30/2015 23:00,1.071,degC,9859185,15240,ABM
3/31/2015 0:00,1.017,degC,9859185,15240,ABM
3/31/2015 1:00,0.962,degC,9859185,15240,ABM
3/31/2015 2:00,0.934,degC,9859185,15240,ABM
3/31/2015 3:00,0.88,degC,9859185,15240,ABM
3/31/2015 4:00,0.852,degC,9859185,15240,ABM
3/31/2015 5:00,0.797,degC,9859185,15240,ABM
3/31/2015 6:00,0.797,degC,9859185,15240,ABM
3/31/2015 7:00,0.825,degC,9859185,15240,ABM
3/31/2015 8:00,0.852,degC,9859185,15240,ABM
3/31/2015 9:00,0.907,degC,9859185,15240,ABM
3/31/2015 10:00,1.071,degC,9859185,15240,ABM
3/31/2015 11:00,1.289,degC,9859185,15240,ABM
3/31/2015 12:00,1.697,degC,9859185,15240,ABM
3/31/2015 13:00,2.155,degC,9859185,15240,ABM
3/31/2015 14:00,2.209,degC,9859185,15240,ABM
3/31/2015 15:00,2.128,degC,9859185,15240,ABM
3/31/2015 16:00,2.101,degC,9859185,15240,ABM
3/31/2015 17:00,2.047,degC,9859185,15240,ABM
3/31/2015 18:00,1.913,degC,9859185,15240,ABM
3/31/2015 19:00,1.805,degC,9859185,15240,ABM
3/31/2015 20:00,1.697,degC,9859185,15240,ABM
3/31/2015 21:00,1.561,degC,9859185,15240,ABM
3/31/2015 22:00,1.425,degC,9859185,15240,ABM
3/31/2015 23:00,1.317,degC,9859185,15240,ABM
4/1/2015 0:00,1.208,degC,9859185,15240,ABM
4/1/2015 1:00,1.126,degC,9859185,15240,ABM
4/1/2015 2:00,1.044,degC,9859185,15240,ABM
4/1/2015 3:00,0.962,degC,9859185,15240,ABM
4/1/2015 4:00,0.88,degC,9859185,15240,ABM
4/1/2015 5:00,0.797,degC,9859185,15240,ABM
4/1/2015 6:00,0.687,degC,9859185,15240,ABM
4/1/2015 7:00,0.605,degC,9859185,15240,ABM
4/1/2015 8:00,0.577,degC,9859185,15240,ABM
4/1/2015 9:00,0.632,degC,9859185,15240,ABM
4/1/2015 10:00,0.77,degC,9859185,15240,ABM
4/1/2015 11:00,1.044,degC,9859185,15240,ABM
4/1/2015 12:00,1.317,degC,9859185,15240,ABM
4/1/2015 13:00,1.697,degC,9859185,15240,ABM
4/1/2015 14:00,2.047,degC,9859185,15240,ABM
4/1/2015 15:00,2.047,degC,9859185,15240,ABM
4/1/2015 16:00,1.94,degC,9859185,15240,ABM
4/1/2015 17:00,1.832,degC,9859185,15240,ABM
4/1/2015 18:00,1.751,degC,9859185,15240,ABM
4/1/2015 19:00,1.724,degC,9859185,15240,ABM
4/1/2015 20:00,1.697,degC,9859185,15240,ABM
4/1/2015 21:00,1.615,degC,9859185,15240,ABM
4/1/2015 22:00,1.48,degC,9859185,15240,ABM
4/1/2015 23:00,1.371,degC,9859185,15240,ABM
4/2/2015 0:00,1.262,degC,9859185,15240,ABM
4/2/2015 1:00,1.153,degC,9859185,15240,ABM
4/2/2015 2:00,1.044,degC,9859185,15240,ABM
4/2/2015 3:00,0.962,degC,9859185,15240,ABM
4/2/2015 4:00,0.852,degC,9859185,15240,ABM
4/2/2015 5:00,0.742,degC,9859185,15240,ABM
4/2/2015 6:00,0.66,degC,9859185,15240,ABM
4/2/2015 7:00,0.577,degC,9859185,15240,ABM
4/2/2015 8:00,0.605,degC,9859185,15240,ABM
4/2/2015 9:00,0.687,degC,9859185,15240,ABM
4/2/2015 10:00,0.907,degC,9859185,15240,ABM
4/2/2015 11:00,1.262,degC,9859185,15240,ABM
4/2/2015 12:00,1.832,degC,9859185,15240,ABM
4/2/2015 13:00,2.37,degC,9859185,15240,ABM
4/2/2015 14:00,2.823,degC,9859185,15240,ABM
4/2/2015 15:00,2.877,degC,9859185,15240,ABM
4/2/2015 16:00,2.77,degC,9859185,15240,ABM
4/2/2015 17:00,2.584,degC,9859185,15240,ABM
4/2/2015 18:00,2.074,degC,9859185,15240,ABM
4/2/2015 19:00,1.534,degC,9859185,15240,ABM
4/2/2015 20:00,1.18,degC,9859185,15240,ABM
4/2/2015 21:00,0.962,degC,9859185,15240,ABM
4/2/2015 22:00,0.825,degC,9859185,15240,ABM
4/2/2015 23:00,0.742,degC,9859185,15240,ABM
4/3/2015 0:00,0.715,degC,9859185,15240,ABM
4/3/2015 1:00,0.715,degC,9859185,15240,ABM
4/3/2015 2:00,0.715,degC,9859185,15240,ABM
4/3/2015 3:00,0.715,degC,9859185,15240,ABM
4/3/2015 4:00,0.715,degC,9859185,15240,ABM
4/3/2015 5:00,0.715,degC,9859185,15240,ABM
4/3/2015 6:00,0.715,degC,9859185,15240,ABM
4/3/2015 7:00,0.715,degC,9859185,15240,ABM
4/3/2015 8:00,0.742,degC,9859185,15240,ABM
4/3/2015 9:00,0.797,degC,9859185,15240,ABM
4/3/2015 10:00,0.852,degC,9859185,15240,ABM
4/3/2015 11:00,0.852,degC,9859185,15240,ABM
4/3/2015 12:00,0.989,degC,9859185,15240,ABM
4/3/2015 13:00,1.099,degC,9859185,15240,ABM
4/3/2015 14:00,1.044,degC,9859185,15240,ABM
4/3/2015 15:00,0.88,degC,9859185,15240,ABM
4/3/2015 16:00,0.77,degC,9859185,15240,ABM
4/3/2015 17:00,0.715,degC,9859185,15240,ABM
4/3/2015 18:00,0.715,degC,9859185,15240,ABM
4/3/2015 19:00,0.742,degC,9859185,15240,ABM
4/3/2015 20:00,0.742,degC,9859185,15240,ABM
4/3/2015 21:00,0.742,degC,9859185,15240,ABM
4/3/2015 22:00,0.77,degC,9859185,15240,ABM
4/3/2015 23:00,0.797,degC,9859185,15240,ABM
4/4/2015 0:00,0.742,degC,9859185,15240,ABM
4/4/2015 1:00,0.522,degC,9859185,15240,ABM
4/4/2015 2:00,0.439,degC,9859185,15240,ABM
4/4/2015 3:00,0.467,degC,9859185,15240,ABM
4/4/2015 4:00,0.495,degC,9859185,15240,ABM
4/4/2015 5:00,0.55,degC,9859185,15240,ABM
4/4/2015 6:00,0.577,degC,9859185,15240,ABM
4/4/2015 7:00,0.66,degC,9859185,15240,ABM
4/4/2015 8:00,0.66,degC,9859185,15240,ABM
4/4/2015 9:00,0.742,degC,9859185,15240,ABM
4/4/2015 10:00,0.88,degC,9859185,15240,ABM
4/4/2015 11:00,1.126,degC,9859185,15240,ABM
4/4/2015 12:00,1.344,degC,9859185,15240,ABM
4/4/2015 13:00,1.67,degC,9859185,15240,ABM
4/4/2015 14:00,1.859,degC,9859185,15240,ABM
4/4/2015 15:00,1.994,degC,9859185,15240,ABM
4/4/2015 16:00,1.994,degC,9859185,15240,ABM
4/4/2015 17:00,1.886,degC,9859185,15240,ABM
4/4/2015 18:00,1.778,degC,9859185,15240,ABM
4/4/2015 19:00,1.615,degC,9859185,15240,ABM
4/4/2015 20:00,1.425,degC,9859185,15240,ABM
4/4/2015 21:00,1.262,degC,9859185,15240,ABM
4/4/2015 22:00,1.071,degC,9859185,15240,ABM
4/4/2015 23:00,0.962,degC,9859185,15240,ABM
4/5/2015 0:00,0.852,degC,9859185,15240,ABM
4/5/2015 1:00,0.77,degC,9859185,15240,ABM
4/5/2015 2:00,0.687,degC,9859185,15240,ABM
4/5/2015 3:00,0.632,degC,9859185,15240,ABM
4/5/2015 4:00,0.577,degC,9859185,15240,ABM
4/5/2015 5:00,0.55,degC,9859185,15240,ABM
4/5/2015 6:00,0.522,degC,9859185,15240,ABM
4/5/2015 7:00,0.495,degC,9859185,15240,ABM
4/5/2015 8:00,0.495,degC,9859185,15240,ABM
4/5/2015 9:00,0.605,degC,9859185,15240,ABM
4/5/2015 10:00,0.852,degC,9859185,15240,ABM
4/5/2015 11:00,1.18,degC,9859185,15240,ABM
4/5/2015 12:00,1.425,degC,9859185,15240,ABM
4/5/2015 13:00,1.398,degC,9859185,15240,ABM
4/5/2015 14:00,1.534,degC,9859185,15240,ABM
4/5/2015 15:00,1.615,degC,9859185,15240,ABM
4/5/2015 16:00,1.561,degC,9859185,15240,ABM
4/5/2015 17:00,1.534,degC,9859185,15240,ABM
4/5/2015 18:00,1.534,degC,9859185,15240,ABM
4/5/2015 19:00,1.507,degC,9859185,15240,ABM
4/5/2015 20:00,1.48,degC,9859185,15240,ABM
4/5/2015 21:00,1.453,degC,9859185,15240,ABM
4/5/2015 22:00,1.425,degC,9859185,15240,ABM
4/5/2015 23:00,1.398,degC,9859185,15240,ABM
4/6/2015 0:00,1.371,degC,9859185,15240,ABM
4/6/2015 1:00,1.344,degC,9859185,15240,ABM
4/6/2015 2:00,1.289,degC,9859185,15240,ABM
4/6/2015 3:00,1.208,degC,9859185,15240,ABM
4/6/2015 4:00,1.153,degC,9859185,15240,ABM
4/6/2015 5:00,1.071,degC,9859185,15240,ABM
4/6/2015 6:00,0.989,degC,9859185,15240,ABM
4/6/2015 7:00,0.934,degC,9859185,15240,ABM
4/6/2015 8:00,0.907,degC,9859185,15240,ABM
4/6/2015 9:00,0.989,degC,9859185,15240,ABM
4/6/2015 10:00,1.208,degC,9859185,15240,ABM
4/6/2015 11:00,1.561,degC,9859185,15240,ABM
4/6/2015 12:00,2.047,degC,9859185,15240,ABM
4/6/2015 13:00,2.717,degC,9859185,15240,ABM
4/6/2015 14:00,3.301,degC,9859185,15240,ABM
4/6/2015 15:00,3.617,degC,9859185,15240,ABM
4/6/2015 16:00,3.775,degC,9859185,15240,ABM
4/6/2015 17:00,3.906,degC,9859185,15240,ABM
4/6/2015 18:00,3.932,degC,9859185,15240,ABM
4/6/2015 19:00,3.827,degC,9859185,15240,ABM
4/6/2015 20:00,3.643,degC,9859185,15240,ABM
4/6/2015 21:00,3.459,degC,9859185,15240,ABM
4/6/2015 22:00,3.248,degC,9859185,15240,ABM
4/6/2015 23:00,3.036,degC,9859185,15240,ABM
4/7/2015 0:00,2.85,degC,9859185,15240,ABM
4/7/2015 1:00,2.69,degC,9859185,15240,ABM
4/7/2015 2:00,2.584,degC,9859185,15240,ABM
4/7/2015 3:00,2.503,degC,9859185,15240,ABM
4/7/2015 4:00,2.45,degC,9859185,15240,ABM
4/7/2015 5:00,2.396,degC,9859185,15240,ABM
4/7/2015 6:00,2.37,degC,9859185,15240,ABM
4/7/2015 7:00,2.316,degC,9859185,15240,ABM
4/7/2015 8:00,2.316,degC,9859185,15240,ABM
4/7/2015 9:00,2.37,degC,9859185,15240,ABM
4/7/2015 10:00,2.423,degC,9859185,15240,ABM
4/7/2015 11:00,2.53,degC,9859185,15240,ABM
4/7/2015 12:00,2.637,degC,9859185,15240,ABM
4/7/2015 13:00,2.77,degC,9859185,15240,ABM
4/7/2015 14:00,2.85,degC,9859185,15240,ABM
4/7/2015 15:00,2.877,degC,9859185,15240,ABM
4/7/2015 16:00,2.877,degC,9859185,15240,ABM
4/7/2015 17:00,2.85,degC,9859185,15240,ABM
4/7/2015 18:00,2.877,degC,9859185,15240,ABM
4/7/2015 19:00,2.823,degC,9859185,15240,ABM
4/7/2015 20:00,2.744,degC,9859185,15240,ABM
4/7/2015 21:00,2.664,degC,9859185,15240,ABM
4/7/2015 22:00,2.584,degC,9859185,15240,ABM
4/7/2015 23:00,2.503,degC,9859185,15240,ABM
4/8/2015 0:00,2.45,degC,9859185,15240,ABM
4/8/2015 1:00,2.37,degC,9859185,15240,ABM
4/8/2015 2:00,2.316,degC,9859185,15240,ABM
4/8/2015 3:00,2.262,degC,9859185,15240,ABM
4/8/2015 4:00,2.209,degC,9859185,15240,ABM
4/8/2015 5:00,2.155,degC,9859185,15240,ABM
4/8/2015 6:00,2.101,degC,9859185,15240,ABM
4/8/2015 7:00,2.074,degC,9859185,15240,ABM
4/8/2015 8:00,2.074,degC,9859185,15240,ABM
4/8/2015 9:00,2.101,degC,9859185,15240,ABM
4/8/2015 10:00,2.128,degC,9859185,15240,ABM
4/8/2015 11:00,2.101,degC,9859185,15240,ABM
4/8/2015 12:00,2.101,degC,9859185,15240,ABM
4/8/2015 13:00,2.128,degC,9859185,15240,ABM
4/8/2015 14:00,2.209,degC,9859185,15240,ABM
4/8/2015 15:00,2.236,degC,9859185,15240,ABM
4/8/2015 16:00,2.209,degC,9859185,15240,ABM
4/8/2015 17:00,2.209,degC,9859185,15240,ABM
4/8/2015 18:00,2.155,degC,9859185,15240,ABM
4/8/2015 19:00,2.074,degC,9859185,15240,ABM
4/8/2015 20:00,2.021,degC,9859185,15240,ABM
4/8/2015 21:00,1.94,degC,9859185,15240,ABM
4/8/2015 22:00,1.886,degC,9859185,15240,ABM
4/8/2015 23:00,1.832,degC,9859185,15240,ABM
4/9/2015 0:00,1.778,degC,9859185,15240,ABM
4/9/2015 1:00,1.724,degC,9859185,15240,ABM
4/9/2015 2:00,1.67,degC,9859185,15240,ABM
4/9/2015 3:00,1.643,degC,9859185,15240,ABM
4/9/2015 4:00,1.588,degC,9859185,15240,ABM
4/9/2015 5:00,1.561,degC,9859185,15240,ABM
4/9/2015 6:00,1.507,degC,9859185,15240,ABM
4/9/2015 7:00,1.48,degC,9859185,15240,ABM
4/9/2015 8:00,1.425,degC,9859185,15240,ABM
4/9/2015 9:00,1.425,degC,9859185,15240,ABM
4/9/2015 10:00,1.425,degC,9859185,15240,ABM
4/9/2015 11:00,1.48,degC,9859185,15240,ABM
4/9/2015 12:00,1.588,degC,9859185,15240,ABM
4/9/2015 13:00,1.643,degC,9859185,15240,ABM
4/9/2015 14:00,1.697,degC,9859185,15240,ABM
4/9/2015 15:00,1.751,degC,9859185,15240,ABM
4/9/2015 16:00,1.778,degC,9859185,15240,ABM
4/9/2015 17:00,1.832,degC,9859185,15240,ABM
4/9/2015 18:00,1.859,degC,9859185,15240,ABM
4/9/2015 19:00,1.832,degC,9859185,15240,ABM
4/9/2015 20:00,1.832,degC,9859185,15240,ABM
4/9/2015 21:00,1.805,degC,9859185,15240,ABM
4/9/2015 22:00,1.778,degC,9859185,15240,ABM
4/9/2015 23:00,1.778,degC,9859185,15240,ABM
4/10/2015 0:00,1.778,degC,9859185,15240,ABM
4/10/2015 1:00,1.751,degC,9859185,15240,ABM
4/10/2015 2:00,1.751,degC,9859185,15240,ABM
4/10/2015 3:00,1.724,degC,9859185,15240,ABM
4/10/2015 4:00,1.724,degC,9859185,15240,ABM
4/10/2015 5:00,1.724,degC,9859185,15240,ABM
4/10/2015 6:00,1.724,degC,9859185,15240,ABM
4/10/2015 7:00,1.724,degC,9859185,15240,ABM
4/10/2015 8:00,1.751,degC,9859185,15240,ABM
4/10/2015 9:00,1.805,degC,9859185,15240,ABM
4/10/2015 10:00,1.859,degC,9859185,15240,ABM
4/10/2015 11:00,1.994,degC,9859185,15240,ABM
4/10/2015 12:00,2.101,degC,9859185,15240,ABM
4/10/2015 13:00,2.289,degC,9859185,15240,ABM
4/10/2015 14:00,2.37,degC,9859185,15240,ABM
4/10/2015 15:00,2.45,degC,9859185,15240,ABM
4/10/2015 16:00,2.557,degC,9859185,15240,ABM
4/10/2015 17:00,2.637,degC,9859185,15240,ABM
4/10/2015 18:00,2.717,degC,9859185,15240,ABM
4/10/2015 19:00,2.717,degC,9859185,15240,ABM
4/10/2015 20:00,2.717,degC,9859185,15240,ABM
4/10/2015 21:00,2.744,degC,9859185,15240,ABM
4/10/2015 22:00,2.744,degC,9859185,15240,ABM
4/10/2015 23:00,2.717,degC,9859185,15240,ABM
4/11/2015 0:00,2.717,degC,9859185,15240,ABM
4/11/2015 1:00,2.664,degC,9859185,15240,ABM
4/11/2015 2:00,2.584,degC,9859185,15240,ABM
4/11/2015 3:00,2.477,degC,9859185,15240,ABM
4/11/2015 4:00,2.37,degC,9859185,15240,ABM
4/11/2015 5:00,2.289,degC,9859185,15240,ABM
4/11/2015 6:00,2.182,degC,9859185,15240,ABM
4/11/2015 7:00,2.074,degC,9859185,15240,ABM
4/11/2015 8:00,2.074,degC,9859185,15240,ABM
4/11/2015 9:00,2.182,degC,9859185,15240,ABM
4/11/2015 10:00,2.423,degC,9859185,15240,ABM
4/11/2015 11:00,2.77,degC,9859185,15240,ABM
4/11/2015 12:00,3.089,degC,9859185,15240,ABM
4/11/2015 13:00,3.617,degC,9859185,15240,ABM
4/11/2015 14:00,4.115,degC,9859185,15240,ABM
4/11/2015 15:00,4.272,degC,9859185,15240,ABM
4/11/2015 16:00,4.48,degC,9859185,15240,ABM
4/11/2015 17:00,4.48,degC,9859185,15240,ABM
4/11/2015 18:00,4.376,degC,9859185,15240,ABM
4/11/2015 19:00,4.246,degC,9859185,15240,ABM
4/11/2015 20:00,4.115,degC,9859185,15240,ABM
4/11/2015 21:00,3.932,degC,9859185,15240,ABM
4/11/2015 22:00,3.722,degC,9859185,15240,ABM
4/11/2015 23:00,3.512,degC,9859185,15240,ABM
4/12/2015 0:00,3.327,degC,9859185,15240,ABM
4/12/2015 1:00,3.168,degC,9859185,15240,ABM
4/12/2015 2:00,3.009,degC,9859185,15240,ABM
4/12/2015 3:00,2.85,degC,9859185,15240,ABM
4/12/2015 4:00,2.717,degC,9859185,15240,ABM
4/12/2015 5:00,2.584,degC,9859185,15240,ABM
4/12/2015 6:00,2.45,degC,9859185,15240,ABM
4/12/2015 7:00,2.343,degC,9859185,15240,ABM
4/12/2015 8:00,2.343,degC,9859185,15240,ABM
4/12/2015 9:00,2.396,degC,9859185,15240,ABM
4/12/2015 10:00,2.637,degC,9859185,15240,ABM
4/12/2015 11:00,3.063,degC,9859185,15240,ABM
4/12/2015 12:00,3.696,degC,9859185,15240,ABM
4/12/2015 13:00,4.376,degC,9859185,15240,ABM
4/12/2015 14:00,4.947,degC,9859185,15240,ABM
4/12/2015 15:00,5.36,degC,9859185,15240,ABM
4/12/2015 16:00,5.539,degC,9859185,15240,ABM
4/12/2015 17:00,5.642,degC,9859185,15240,ABM
4/12/2015 18:00,5.693,degC,9859185,15240,ABM
4/12/2015 19:00,5.745,degC,9859185,15240,ABM
4/12/2015 20:00,5.719,degC,9859185,15240,ABM
4/12/2015 21:00,5.616,degC,9859185,15240,ABM
4/12/2015 22:00,5.462,degC,9859185,15240,ABM
4/12/2015 23:00,5.257,degC,9859185,15240,ABM
4/13/2015 0:00,4.999,degC,9859185,15240,ABM
4/13/2015 1:00,4.74,degC,9859185,15240,ABM
4/13/2015 2:00,4.506,degC,9859185,15240,ABM
4/13/2015 3:00,4.246,degC,9859185,15240,ABM
4/13/2015 4:00,4.011,degC,9859185,15240,ABM
4/13/2015 5:00,3.775,degC,9859185,15240,ABM
4/13/2015 6:00,3.591,degC,9859185,15240,ABM
4/13/2015 7:00,3.433,degC,9859185,15240,ABM
4/13/2015 8:00,3.327,degC,9859185,15240,ABM
4/13/2015 9:00,3.354,degC,9859185,15240,ABM
4/13/2015 10:00,3.591,degC,9859185,15240,ABM
4/13/2015 11:00,4.089,degC,9859185,15240,ABM
4/13/2015 12:00,4.818,degC,9859185,15240,ABM
4/13/2015 13:00,5.514,degC,9859185,15240,ABM
4/13/2015 14:00,6.077,degC,9859185,15240,ABM
4/13/2015 15:00,6.509,degC,9859185,15240,ABM
4/13/2015 16:00,6.763,degC,9859185,15240,ABM
4/13/2015 17:00,6.914,degC,9859185,15240,ABM
4/13/2015 18:00,7.015,degC,9859185,15240,ABM
4/13/2015 19:00,7.091,degC,9859185,15240,ABM
4/13/2015 20:00,7.116,degC,9859185,15240,ABM
4/13/2015 21:00,7.091,degC,9859185,15240,ABM
4/13/2015 22:00,6.99,degC,9859185,15240,ABM
4/13/2015 23:00,6.839,degC,9859185,15240,ABM
4/14/2015 0:00,6.687,degC,9859185,15240,ABM
4/14/2015 1:00,6.535,degC,9859185,15240,ABM
4/14/2015 2:00,6.331,degC,9859185,15240,ABM
4/14/2015 3:00,6.179,degC,9859185,15240,ABM
4/14/2015 4:00,6.077,degC,9859185,15240,ABM
4/14/2015 5:00,5.975,degC,9859185,15240,ABM
4/14/2015 6:00,5.924,degC,9859185,15240,ABM
4/14/2015 7:00,5.872,degC,9859185,15240,ABM
4/14/2015 8:00,5.796,degC,9859185,15240,ABM
4/14/2015 9:00,5.77,degC,9859185,15240,ABM
4/14/2015 10:00,5.872,degC,9859185,15240,ABM
4/14/2015 11:00,6.128,degC,9859185,15240,ABM
4/14/2015 12:00,6.484,degC,9859185,15240,ABM
4/14/2015 13:00,6.737,degC,9859185,15240,ABM
4/14/2015 14:00,7.066,degC,9859185,15240,ABM
4/14/2015 15:00,7.192,degC,9859185,15240,ABM
4/14/2015 16:00,7.318,degC,9859185,15240,ABM
4/14/2015 17:00,7.393,degC,9859185,15240,ABM
4/14/2015 18:00,7.419,degC,9859185,15240,ABM
4/14/2015 19:00,7.393,degC,9859185,15240,ABM
4/14/2015 20:00,7.343,degC,9859185,15240,ABM
4/14/2015 21:00,7.242,degC,9859185,15240,ABM
4/14/2015 22:00,7.142,degC,9859185,15240,ABM
4/14/2015 23:00,6.99,degC,9859185,15240,ABM
4/15/2015 0:00,6.813,degC,9859185,15240,ABM
4/15/2015 1:00,6.611,degC,9859185,15240,ABM
4/15/2015 2:00,6.408,degC,9859185,15240,ABM
4/15/2015 3:00,6.204,degC,9859185,15240,ABM
4/15/2015 4:00,6.026,degC,9859185,15240,ABM
4/15/2015 5:00,5.872,degC,9859185,15240,ABM
4/15/2015 6:00,5.693,degC,9859185,15240,ABM
4/15/2015 7:00,5.488,degC,9859185,15240,ABM
4/15/2015 8:00,5.36,degC,9859185,15240,ABM
4/15/2015 9:00,5.411,degC,9859185,15240,ABM
4/15/2015 10:00,5.642,degC,9859185,15240,ABM
4/15/2015 11:00,6.102,degC,9859185,15240,ABM
4/15/2015 12:00,6.813,degC,9859185,15240,ABM
4/15/2015 13:00,7.519,degC,9859185,15240,ABM
4/15/2015 14:00,7.995,degC,9859185,15240,ABM
4/15/2015 15:00,8.17,degC,9859185,15240,ABM
4/15/2015 16:00,8.145,degC,9859185,15240,ABM
4/15/2015 17:00,8.145,degC,9859185,15240,ABM
4/15/2015 18:00,8.12,degC,9859185,15240,ABM
4/15/2015 19:00,8.045,degC,9859185,15240,ABM
4/15/2015 20:00,8.02,degC,9859185,15240,ABM
4/15/2015 21:00,7.945,degC,9859185,15240,ABM
4/15/2015 22:00,7.845,degC,9859185,15240,ABM
4/15/2015 23:00,7.645,degC,9859185,15240,ABM
4/16/2015 0:00,7.419,degC,9859185,15240,ABM
4/16/2015 1:00,7.116,degC,9859185,15240,ABM
4/16/2015 2:00,6.813,degC,9859185,15240,ABM
4/16/2015 3:00,6.509,degC,9859185,15240,ABM
4/16/2015 4:00,6.204,degC,9859185,15240,ABM
4/16/2015 5:00,5.949,degC,9859185,15240,ABM
4/16/2015 6:00,5.693,degC,9859185,15240,ABM
4/16/2015 7:00,5.488,degC,9859185,15240,ABM
4/16/2015 8:00,5.308,degC,9859185,15240,ABM
4/16/2015 9:00,5.308,degC,9859185,15240,ABM
4/16/2015 10:00,5.565,degC,9859185,15240,ABM
4/16/2015 11:00,6.051,degC,9859185,15240,ABM
4/16/2015 12:00,6.839,degC,9859185,15240,ABM
4/16/2015 13:00,7.619,degC,9859185,15240,ABM
4/16/2015 14:00,8.195,degC,9859185,15240,ABM
4/16/2015 15:00,8.369,degC,9859185,15240,ABM
4/16/2015 16:00,8.319,degC,9859185,15240,ABM
4/16/2015 17:00,8.295,degC,9859185,15240,ABM
4/16/2015 18:00,8.319,degC,9859185,15240,ABM
4/16/2015 19:00,8.27,degC,9859185,15240,ABM
4/16/2015 20:00,8.22,degC,9859185,15240,ABM
4/16/2015 21:00,8.17,degC,9859185,15240,ABM
4/16/2015 22:00,8.12,degC,9859185,15240,ABM
4/16/2015 23:00,8.07,degC,9859185,15240,ABM
4/17/2015 0:00,8.02,degC,9859185,15240,ABM
4/17/2015 1:00,7.945,degC,9859185,15240,ABM
4/17/2015 2:00,7.87,degC,9859185,15240,ABM
4/17/2015 3:00,7.795,degC,9859185,15240,ABM
4/17/2015 4:00,7.745,degC,9859185,15240,ABM
4/17/2015 5:00,7.745,degC,9859185,15240,ABM
4/17/2015 6:00,7.745,degC,9859185,15240,ABM
4/17/2015 7:00,7.77,degC,9859185,15240,ABM
4/17/2015 8:00,7.795,degC,9859185,15240,ABM
4/17/2015 9:00,7.87,degC,9859185,15240,ABM
4/17/2015 10:00,7.92,degC,9859185,15240,ABM
4/17/2015 11:00,8.045,degC,9859185,15240,ABM
4/17/2015 12:00,8.195,degC,9859185,15240,ABM
4/17/2015 13:00,8.693,degC,9859185,15240,ABM
4/17/2015 14:00,9.262,degC,9859185,15240,ABM
4/17/2015 15:00,9.657,degC,9859185,15240,ABM
4/17/2015 16:00,9.682,degC,9859185,15240,ABM
4/17/2015 17:00,9.731,degC,9859185,15240,ABM
4/17/2015 18:00,9.632,degC,9859185,15240,ABM
4/17/2015 19:00,9.534,degC,9859185,15240,ABM
4/17/2015 20:00,9.386,degC,9859185,15240,ABM
4/17/2015 21:00,9.262,degC,9859185,15240,ABM
4/17/2015 22:00,9.114,degC,9859185,15240,ABM
4/17/2015 23:00,8.965,degC,9859185,15240,ABM
4/18/2015 0:00,8.767,degC,9859185,15240,ABM
4/18/2015 1:00,8.568,degC,9859185,15240,ABM
4/18/2015 2:00,8.369,degC,9859185,15240,ABM
4/18/2015 3:00,8.17,degC,9859185,15240,ABM
4/18/2015 4:00,7.97,degC,9859185,15240,ABM
4/18/2015 5:00,7.77,degC,9859185,15240,ABM
4/18/2015 6:00,7.569,degC,9859185,15240,ABM
4/18/2015 7:00,7.393,degC,9859185,15240,ABM
4/18/2015 8:00,7.293,degC,9859185,15240,ABM
4/18/2015 9:00,7.343,degC,9859185,15240,ABM
4/18/2015 10:00,7.72,degC,9859185,15240,ABM
4/18/2015 11:00,8.344,degC,9859185,15240,ABM
4/18/2015 12:00,9.213,degC,9859185,15240,ABM
4/18/2015 13:00,9.952,degC,9859185,15240,ABM
4/18/2015 14:00,10.418,degC,9859185,15240,ABM
4/18/2015 15:00,10.369,degC,9859185,15240,ABM
4/18/2015 16:00,10.467,degC,9859185,15240,ABM
4/18/2015 17:00,10.59,degC,9859185,15240,ABM
4/18/2015 18:00,10.638,degC,9859185,15240,ABM
4/18/2015 19:00,10.565,degC,9859185,15240,ABM
4/18/2015 20:00,10.394,degC,9859185,15240,ABM
4/18/2015 21:00,10.247,degC,9859185,15240,ABM
4/18/2015 22:00,10.075,degC,9859185,15240,ABM
4/18/2015 23:00,9.903,degC,9859185,15240,ABM
4/19/2015 0:00,9.706,degC,9859185,15240,ABM
4/19/2015 1:00,9.509,degC,9859185,15240,ABM
4/19/2015 2:00,9.238,degC,9859185,15240,ABM
4/19/2015 3:00,8.965,degC,9859185,15240,ABM
4/19/2015 4:00,8.643,degC,9859185,15240,ABM
4/19/2015 5:00,8.344,degC,9859185,15240,ABM
4/19/2015 6:00,8.02,degC,9859185,15240,ABM
4/19/2015 7:00,7.745,degC,9859185,15240,ABM
4/19/2015 8:00,7.519,degC,9859185,15240,ABM
4/19/2015 9:00,7.494,degC,9859185,15240,ABM
4/19/2015 10:00,7.695,degC,9859185,15240,ABM
4/19/2015 11:00,8.22,degC,9859185,15240,ABM
4/19/2015 12:00,8.916,degC,9859185,15240,ABM
4/19/2015 13:00,9.657,degC,9859185,15240,ABM
4/19/2015 14:00,10.198,degC,9859185,15240,ABM
4/19/2015 15:00,10.296,degC,9859185,15240,ABM
4/19/2015 16:00,10.1,degC,9859185,15240,ABM
4/19/2015 17:00,9.928,degC,9859185,15240,ABM
4/19/2015 18:00,9.829,degC,9859185,15240,ABM
4/19/2015 19:00,9.731,degC,9859185,15240,ABM
4/19/2015 20:00,9.608,degC,9859185,15240,ABM
4/19/2015 21:00,9.485,degC,9859185,15240,ABM
4/19/2015 22:00,9.336,degC,9859185,15240,ABM
4/19/2015 23:00,9.139,degC,9859185,15240,ABM
4/20/2015 0:00,8.965,degC,9859185,15240,ABM
4/20/2015 1:00,8.817,degC,9859185,15240,ABM
4/20/2015 2:00,8.643,degC,9859185,15240,ABM
4/20/2015 3:00,8.494,degC,9859185,15240,ABM
4/20/2015 4:00,8.344,degC,9859185,15240,ABM
4/20/2015 5:00,8.195,degC,9859185,15240,ABM
4/20/2015 6:00,8.045,degC,9859185,15240,ABM
4/20/2015 7:00,7.895,degC,9859185,15240,ABM
4/20/2015 8:00,7.77,degC,9859185,15240,ABM
4/20/2015 9:00,7.67,degC,9859185,15240,ABM
4/20/2015 10:00,7.594,degC,9859185,15240,ABM
4/20/2015 11:00,7.569,degC,9859185,15240,ABM
4/20/2015 12:00,7.569,degC,9859185,15240,ABM
4/20/2015 13:00,7.569,degC,9859185,15240,ABM
4/20/2015 14:00,7.619,degC,9859185,15240,ABM
4/20/2015 15:00,7.695,degC,9859185,15240,ABM
4/20/2015 16:00,7.695,degC,9859185,15240,ABM
4/20/2015 17:00,7.695,degC,9859185,15240,ABM
4/20/2015 18:00,7.67,degC,9859185,15240,ABM
4/20/2015 19:00,7.619,degC,9859185,15240,ABM
4/20/2015 20:00,7.569,degC,9859185,15240,ABM
4/20/2015 21:00,7.544,degC,9859185,15240,ABM
4/20/2015 22:00,7.519,degC,9859185,15240,ABM
4/20/2015 23:00,7.519,degC,9859185,15240,ABM
4/21/2015 0:00,7.519,degC,9859185,15240,ABM
4/21/2015 1:00,7.519,degC,9859185,15240,ABM
4/21/2015 2:00,7.494,degC,9859185,15240,ABM
4/21/2015 3:00,7.519,degC,9859185,15240,ABM
4/21/2015 4:00,7.444,degC,9859185,15240,ABM
4/21/2015 5:00,7.343,degC,9859185,15240,ABM
4/21/2015 6:00,7.293,degC,9859185,15240,ABM
4/21/2015 7:00,7.242,degC,9859185,15240,ABM
4/21/2015 8:00,7.217,degC,9859185,15240,ABM
4/21/2015 9:00,7.318,degC,9859185,15240,ABM
4/21/2015 10:00,7.444,degC,9859185,15240,ABM
4/21/2015 11:00,7.594,degC,9859185,15240,ABM
4/21/2015 12:00,7.845,degC,9859185,15240,ABM
4/21/2015 13:00,8.145,degC,9859185,15240,ABM
4/21/2015 14:00,8.519,degC,9859185,15240,ABM
4/21/2015 15:00,8.767,degC,9859185,15240,ABM
4/21/2015 16:00,8.965,degC,9859185,15240,ABM
4/21/2015 17:00,9.04,degC,9859185,15240,ABM
4/21/2015 18:00,9.089,degC,9859185,15240,ABM
4/21/2015 19:00,9.163,degC,9859185,15240,ABM
4/21/2015 20:00,9.139,degC,9859185,15240,ABM
4/21/2015 21:00,9.064,degC,9859185,15240,ABM
4/21/2015 22:00,8.891,degC,9859185,15240,ABM
4/21/2015 23:00,8.643,degC,9859185,15240,ABM
4/22/2015 0:00,8.394,degC,9859185,15240,ABM
4/22/2015 1:00,8.12,degC,9859185,15240,ABM
4/22/2015 2:00,7.895,degC,9859185,15240,ABM
4/22/2015 3:00,7.67,degC,9859185,15240,ABM
4/22/2015 4:00,7.444,degC,9859185,15240,ABM
4/22/2015 5:00,7.242,degC,9859185,15240,ABM
4/22/2015 6:00,6.99,degC,9859185,15240,ABM
4/22/2015 7:00,6.788,degC,9859185,15240,ABM
4/22/2015 8:00,6.661,degC,9859185,15240,ABM
4/22/2015 9:00,6.687,degC,9859185,15240,ABM
4/22/2015 10:00,6.99,degC,9859185,15240,ABM
4/22/2015 11:00,7.519,degC,9859185,15240,ABM
4/22/2015 12:00,8.12,degC,9859185,15240,ABM
4/22/2015 13:00,8.593,degC,9859185,15240,ABM
4/22/2015 14:00,8.817,degC,9859185,15240,ABM
4/22/2015 15:00,8.817,degC,9859185,15240,ABM
4/22/2015 16:00,8.841,degC,9859185,15240,ABM
4/22/2015 17:00,8.891,degC,9859185,15240,ABM
4/22/2015 18:00,8.866,degC,9859185,15240,ABM
4/22/2015 19:00,8.841,degC,9859185,15240,ABM
4/22/2015 20:00,8.767,degC,9859185,15240,ABM
4/22/2015 21:00,8.693,degC,9859185,15240,ABM
4/22/2015 22:00,8.593,degC,9859185,15240,ABM
4/22/2015 23:00,8.394,degC,9859185,15240,ABM
4/23/2015 0:00,8.12,degC,9859185,15240,ABM
4/23/2015 1:00,7.87,degC,9859185,15240,ABM
4/23/2015 2:00,7.645,degC,9859185,15240,ABM
4/23/2015 3:00,7.444,degC,9859185,15240,ABM
4/23/2015 4:00,7.242,degC,9859185,15240,ABM
4/23/2015 5:00,7.015,degC,9859185,15240,ABM
4/23/2015 6:00,6.788,degC,9859185,15240,ABM
4/23/2015 7:00,6.585,degC,9859185,15240,ABM
4/23/2015 8:00,6.408,degC,9859185,15240,ABM
4/23/2015 9:00,6.433,degC,9859185,15240,ABM
4/23/2015 10:00,6.433,degC,9859185,15240,ABM
4/23/2015 11:00,6.636,degC,9859185,15240,ABM
4/23/2015 12:00,6.611,degC,9859185,15240,ABM
4/23/2015 13:00,6.661,degC,9859185,15240,ABM
4/23/2015 14:00,6.839,degC,9859185,15240,ABM
4/23/2015 15:00,6.839,degC,9859185,15240,ABM
4/23/2015 16:00,6.788,degC,9859185,15240,ABM
4/23/2015 17:00,6.737,degC,9859185,15240,ABM
4/23/2015 18:00,6.611,degC,9859185,15240,ABM
4/23/2015 19:00,6.484,degC,9859185,15240,ABM
4/23/2015 20:00,6.331,degC,9859185,15240,ABM
4/23/2015 21:00,6.179,degC,9859185,15240,ABM
4/23/2015 22:00,6.026,degC,9859185,15240,ABM
4/23/2015 23:00,5.898,degC,9859185,15240,ABM
4/24/2015 0:00,5.77,degC,9859185,15240,ABM
4/24/2015 1:00,5.642,degC,9859185,15240,ABM
4/24/2015 2:00,5.514,degC,9859185,15240,ABM
4/24/2015 3:00,5.308,degC,9859185,15240,ABM
4/24/2015 4:00,5.128,degC,9859185,15240,ABM
4/24/2015 5:00,4.895,degC,9859185,15240,ABM
4/24/2015 6:00,4.688,degC,9859185,15240,ABM
4/24/2015 7:00,4.532,degC,9859185,15240,ABM
4/24/2015 8:00,4.376,degC,9859185,15240,ABM
4/24/2015 9:00,4.376,degC,9859185,15240,ABM
4/24/2015 10:00,4.506,degC,9859185,15240,ABM
4/24/2015 11:00,4.558,degC,9859185,15240,ABM
4/24/2015 12:00,4.792,degC,9859185,15240,ABM
4/24/2015 13:00,4.895,degC,9859185,15240,ABM
4/24/2015 14:00,5.076,degC,9859185,15240,ABM
4/24/2015 15:00,5.282,degC,9859185,15240,ABM
4/24/2015 16:00,5.282,degC,9859185,15240,ABM
4/24/2015 17:00,5.231,degC,9859185,15240,ABM
4/24/2015 18:00,5.154,degC,9859185,15240,ABM
4/24/2015 19:00,5.024,degC,9859185,15240,ABM
4/24/2015 20:00,4.895,degC,9859185,15240,ABM
4/24/2015 21:00,4.766,degC,9859185,15240,ABM
4/24/2015 22:00,4.636,degC,9859185,15240,ABM
4/24/2015 23:00,4.506,degC,9859185,15240,ABM
4/25/2015 0:00,4.376,degC,9859185,15240,ABM
4/25/2015 1:00,4.246,degC,9859185,15240,ABM
4/25/2015 2:00,4.089,degC,9859185,15240,ABM
4/25/2015 3:00,3.958,degC,9859185,15240,ABM
4/25/2015 4:00,3.827,degC,9859185,15240,ABM
4/25/2015 5:00,3.696,degC,9859185,15240,ABM
4/25/2015 6:00,3.564,degC,9859185,15240,ABM
4/25/2015 7:00,3.459,degC,9859185,15240,ABM
4/25/2015 8:00,3.38,degC,9859185,15240,ABM
4/25/2015 9:00,3.485,degC,9859185,15240,ABM
4/25/2015 10:00,3.801,degC,9859185,15240,ABM
4/25/2015 11:00,4.402,degC,9859185,15240,ABM
4/25/2015 12:00,5.231,degC,9859185,15240,ABM
4/25/2015 13:00,6.128,degC,9859185,15240,ABM
4/25/2015 14:00,6.687,degC,9859185,15240,ABM
4/25/2015 15:00,6.99,degC,9859185,15240,ABM
4/25/2015 16:00,6.914,degC,9859185,15240,ABM
4/25/2015 17:00,6.737,degC,9859185,15240,ABM
4/25/2015 18:00,6.712,degC,9859185,15240,ABM
4/25/2015 19:00,6.636,degC,9859185,15240,ABM
4/25/2015 20:00,6.56,degC,9859185,15240,ABM
4/25/2015 21:00,6.433,degC,9859185,15240,ABM
4/25/2015 22:00,6.331,degC,9859185,15240,ABM
4/25/2015 23:00,6.204,degC,9859185,15240,ABM
4/26/2015 0:00,6.051,degC,9859185,15240,ABM
4/26/2015 1:00,5.872,degC,9859185,15240,ABM
4/26/2015 2:00,5.719,degC,9859185,15240,ABM
4/26/2015 3:00,5.539,degC,9859185,15240,ABM
4/26/2015 4:00,5.36,degC,9859185,15240,ABM
4/26/2015 5:00,5.179,degC,9859185,15240,ABM
4/26/2015 6:00,5.05,degC,9859185,15240,ABM
4/26/2015 7:00,4.947,degC,9859185,15240,ABM
4/26/2015 8:00,4.921,degC,9859185,15240,ABM
4/26/2015 9:00,4.973,degC,9859185,15240,ABM
4/26/2015 10:00,5.231,degC,9859185,15240,ABM
4/26/2015 11:00,5.642,degC,9859185,15240,ABM
4/26/2015 12:00,5.924,degC,9859185,15240,ABM
4/26/2015 13:00,6.281,degC,9859185,15240,ABM
4/26/2015 14:00,6.56,degC,9859185,15240,ABM
4/26/2015 15:00,6.611,degC,9859185,15240,ABM
4/26/2015 16:00,6.712,degC,9859185,15240,ABM
4/26/2015 17:00,6.788,degC,9859185,15240,ABM
4/26/2015 18:00,6.813,degC,9859185,15240,ABM
4/26/2015 19:00,6.788,degC,9859185,15240,ABM
4/26/2015 20:00,6.763,degC,9859185,15240,ABM
4/26/2015 21:00,6.712,degC,9859185,15240,ABM
4/26/2015 22:00,6.661,degC,9859185,15240,ABM
4/26/2015 23:00,6.636,degC,9859185,15240,ABM
4/27/2015 0:00,6.585,degC,9859185,15240,ABM
4/27/2015 1:00,6.56,degC,9859185,15240,ABM
4/27/2015 2:00,6.509,degC,9859185,15240,ABM
4/27/2015 3:00,6.484,degC,9859185,15240,ABM
4/27/2015 4:00,6.433,degC,9859185,15240,ABM
4/27/2015 5:00,6.382,degC,9859185,15240,ABM
4/27/2015 6:00,6.306,degC,9859185,15240,ABM
4/27/2015 7:00,6.179,degC,9859185,15240,ABM
4/27/2015 8:00,6.179,degC,9859185,15240,ABM
4/27/2015 9:00,6.281,degC,9859185,15240,ABM
4/27/2015 10:00,6.458,degC,9859185,15240,ABM
4/27/2015 11:00,6.914,degC,9859185,15240,ABM
4/27/2015 12:00,7.293,degC,9859185,15240,ABM
4/27/2015 13:00,7.87,degC,9859185,15240,ABM
4/27/2015 14:00,8.07,degC,9859185,15240,ABM
4/27/2015 15:00,8.419,degC,9859185,15240,ABM
4/27/2015 16:00,8.444,degC,9859185,15240,ABM
4/27/2015 17:00,8.319,degC,9859185,15240,ABM
4/27/2015 18:00,8.295,degC,9859185,15240,ABM
4/27/2015 19:00,8.22,degC,9859185,15240,ABM
4/27/2015 20:00,8.095,degC,9859185,15240,ABM
4/27/2015 21:00,7.945,degC,9859185,15240,ABM
4/27/2015 22:00,7.845,degC,9859185,15240,ABM
4/27/2015 23:00,7.77,degC,9859185,15240,ABM
4/28/2015 0:00,7.67,degC,9859185,15240,ABM
4/28/2015 1:00,7.519,degC,9859185,15240,ABM
4/28/2015 2:00,7.368,degC,9859185,15240,ABM
4/28/2015 3:00,7.242,degC,9859185,15240,ABM
4/28/2015 4:00,7.091,degC,9859185,15240,ABM
4/28/2015 5:00,6.94,degC,9859185,15240,ABM
4/28/2015 6:00,6.788,degC,9859185,15240,ABM
4/28/2015 7:00,6.636,degC,9859185,15240,ABM
4/28/2015 8:00,6.585,degC,9859185,15240,ABM
4/28/2015 9:00,6.712,degC,9859185,15240,ABM
4/28/2015 10:00,7.091,degC,9859185,15240,ABM
4/28/2015 11:00,7.569,degC,9859185,15240,ABM
4/28/2015 12:00,8.519,degC,9859185,15240,ABM
4/28/2015 13:00,9.312,degC,9859185,15240,ABM
4/28/2015 14:00,10.001,degC,9859185,15240,ABM
4/28/2015 15:00,10.296,degC,9859185,15240,ABM
4/28/2015 16:00,10.1,degC,9859185,15240,ABM
4/28/2015 17:00,9.78,degC,9859185,15240,ABM
4/28/2015 18:00,9.558,degC,9859185,15240,ABM
4/28/2015 19:00,9.361,degC,9859185,15240,ABM
4/28/2015 20:00,9.188,degC,9859185,15240,ABM
4/28/2015 21:00,9.04,degC,9859185,15240,ABM
4/28/2015 22:00,8.891,degC,9859185,15240,ABM
4/28/2015 23:00,8.717,degC,9859185,15240,ABM
4/29/2015 0:00,8.568,degC,9859185,15240,ABM
4/29/2015 1:00,8.369,degC,9859185,15240,ABM
4/29/2015 2:00,8.195,degC,9859185,15240,ABM
4/29/2015 3:00,8.045,degC,9859185,15240,ABM
4/29/2015 4:00,7.895,degC,9859185,15240,ABM
4/29/2015 5:00,7.745,degC,9859185,15240,ABM
4/29/2015 6:00,7.645,degC,9859185,15240,ABM
4/29/2015 7:00,7.569,degC,9859185,15240,ABM
4/29/2015 8:00,7.544,degC,9859185,15240,ABM
4/29/2015 9:00,7.795,degC,9859185,15240,ABM
4/29/2015 10:00,8.319,degC,9859185,15240,ABM
4/29/2015 11:00,9.089,degC,9859185,15240,ABM
4/29/2015 12:00,9.977,degC,9859185,15240,ABM
4/29/2015 13:00,10.907,degC,9859185,15240,ABM
4/29/2015 14:00,11.783,degC,9859185,15240,ABM
4/29/2015 15:00,12.074,degC,9859185,15240,ABM
4/29/2015 16:00,11.807,degC,9859185,15240,ABM
4/29/2015 17:00,11.637,degC,9859185,15240,ABM
4/29/2015 18:00,11.492,degC,9859185,15240,ABM
4/29/2015 19:00,11.297,degC,9859185,15240,ABM
4/29/2015 20:00,11.102,degC,9859185,15240,ABM
4/29/2015 21:00,10.883,degC,9859185,15240,ABM
4/29/2015 22:00,10.663,degC,9859185,15240,ABM
4/29/2015 23:00,10.418,degC,9859185,15240,ABM
4/30/2015 0:00,10.173,degC,9859185,15240,ABM
4/30/2015 1:00,9.903,degC,9859185,15240,ABM
4/30/2015 2:00,9.632,degC,9859185,15240,ABM
4/30/2015 3:00,9.361,degC,9859185,15240,ABM
4/30/2015 4:00,9.114,degC,9859185,15240,ABM
4/30/2015 5:00,8.817,degC,9859185,15240,ABM
4/30/2015 6:00,8.568,degC,9859185,15240,ABM
4/30/2015 7:00,8.344,degC,9859185,15240,ABM
4/30/2015 8:00,8.17,degC,9859185,15240,ABM
4/30/2015 9:00,8.27,degC,9859185,15240,ABM
4/30/2015 10:00,8.643,degC,9859185,15240,ABM
4/30/2015 11:00,9.213,degC,9859185,15240,ABM
4/30/2015 12:00,9.78,degC,9859185,15240,ABM
4/30/2015 13:00,10.761,degC,9859185,15240,ABM
4/30/2015 14:00,10.858,degC,9859185,15240,ABM
4/30/2015 15:00,11.078,degC,9859185,15240,ABM
4/30/2015 16:00,11.078,degC,9859185,15240,ABM
4/30/2015 17:00,11.005,degC,9859185,15240,ABM
4/30/2015 18:00,10.858,degC,9859185,15240,ABM
4/30/2015 19:00,10.687,degC,9859185,15240,ABM
4/30/2015 20:00,10.516,degC,9859185,15240,ABM
4/30/2015 21:00,10.369,degC,9859185,15240,ABM
4/30/2015 22:00,10.173,degC,9859185,15240,ABM
4/30/2015 23:00,9.977,degC,9859185,15240,ABM
5/1/2015 0:00,9.854,degC,9859185,15240,ABM
5/1/2015 1:00,9.731,degC,9859185,15240,ABM
5/1/2015 2:00,9.632,degC,9859185,15240,ABM
5/1/2015 3:00,9.485,degC,9859185,15240,ABM
5/1/2015 4:00,9.386,degC,9859185,15240,ABM
5/1/2015 5:00,9.287,degC,9859185,15240,ABM
5/1/2015 6:00,9.163,degC,9859185,15240,ABM
5/1/2015 7:00,9.139,degC,9859185,15240,ABM
5/1/2015 8:00,9.114,degC,9859185,15240,ABM
5/1/2015 9:00,9.188,degC,9859185,15240,ABM
5/1/2015 10:00,9.558,degC,9859185,15240,ABM
5/1/2015 11:00,10.026,degC,9859185,15240,ABM
5/1/2015 12:00,10.394,degC,9859185,15240,ABM
5/1/2015 13:00,11.248,degC,9859185,15240,ABM
5/1/2015 14:00,11.2,degC,9859185,15240,ABM
5/1/2015 15:00,10.883,degC,9859185,15240,ABM
5/1/2015 16:00,10.687,degC,9859185,15240,ABM
5/1/2015 17:00,10.541,degC,9859185,15240,ABM
5/1/2015 18:00,10.443,degC,9859185,15240,ABM
5/1/2015 19:00,10.369,degC,9859185,15240,ABM
5/1/2015 20:00,10.271,degC,9859185,15240,ABM
5/1/2015 21:00,10.149,degC,9859185,15240,ABM
5/1/2015 22:00,10.051,degC,9859185,15240,ABM
5/1/2015 23:00,9.928,degC,9859185,15240,ABM
5/2/2015 0:00,9.78,degC,9859185,15240,ABM
5/2/2015 1:00,9.558,degC,9859185,15240,ABM
5/2/2015 2:00,9.336,degC,9859185,15240,ABM
5/2/2015 3:00,9.089,degC,9859185,15240,ABM
5/2/2015 4:00,8.866,degC,9859185,15240,ABM
5/2/2015 5:00,8.693,degC,9859185,15240,ABM
5/2/2015 6:00,8.494,degC,9859185,15240,ABM
5/2/2015 7:00,8.319,degC,9859185,15240,ABM
5/2/2015 8:00,8.195,degC,9859185,15240,ABM
5/2/2015 9:00,8.344,degC,9859185,15240,ABM
5/2/2015 10:00,8.767,degC,9859185,15240,ABM
5/2/2015 11:00,9.632,degC,9859185,15240,ABM
5/2/2015 12:00,10.614,degC,9859185,15240,ABM
5/2/2015 13:00,11.589,degC,9859185,15240,ABM
5/2/2015 14:00,12.534,degC,9859185,15240,ABM
5/2/2015 15:00,12.896,degC,9859185,15240,ABM
5/2/2015 16:00,12.558,degC,9859185,15240,ABM
5/2/2015 17:00,12.34,degC,9859185,15240,ABM
5/2/2015 18:00,12.05,degC,9859185,15240,ABM
5/2/2015 19:00,11.783,degC,9859185,15240,ABM
5/2/2015 20:00,11.565,degC,9859185,15240,ABM
5/2/2015 21:00,11.321,degC,9859185,15240,ABM
5/2/2015 22:00,11.127,degC,9859185,15240,ABM
5/2/2015 23:00,10.98,degC,9859185,15240,ABM
5/3/2015 0:00,10.834,degC,9859185,15240,ABM
5/3/2015 1:00,10.687,degC,9859185,15240,ABM
5/3/2015 2:00,10.541,degC,9859185,15240,ABM
5/3/2015 3:00,10.369,degC,9859185,15240,ABM
5/3/2015 4:00,10.149,degC,9859185,15240,ABM
5/3/2015 5:00,9.879,degC,9859185,15240,ABM
5/3/2015 6:00,9.682,degC,9859185,15240,ABM
5/3/2015 7:00,9.485,degC,9859185,15240,ABM
5/3/2015 8:00,9.336,degC,9859185,15240,ABM
5/3/2015 9:00,9.558,degC,9859185,15240,ABM
5/3/2015 10:00,10.051,degC,9859185,15240,ABM
5/3/2015 11:00,10.907,degC,9859185,15240,ABM
5/3/2015 12:00,11.807,degC,9859185,15240,ABM
5/3/2015 13:00,12.606,degC,9859185,15240,ABM
5/3/2015 14:00,13.04,degC,9859185,15240,ABM
5/3/2015 15:00,12.968,degC,9859185,15240,ABM
5/3/2015 16:00,13.016,degC,9859185,15240,ABM
5/3/2015 17:00,12.92,degC,9859185,15240,ABM
5/3/2015 18:00,12.871,degC,9859185,15240,ABM
5/3/2015 19:00,12.799,degC,9859185,15240,ABM
5/3/2015 20:00,12.63,degC,9859185,15240,ABM
5/3/2015 21:00,12.389,degC,9859185,15240,ABM
5/3/2015 22:00,12.147,degC,9859185,15240,ABM
5/3/2015 23:00,11.929,degC,9859185,15240,ABM
5/4/2015 0:00,11.686,degC,9859185,15240,ABM
5/4/2015 1:00,11.467,degC,9859185,15240,ABM
5/4/2015 2:00,11.248,degC,9859185,15240,ABM
5/4/2015 3:00,11.029,degC,9859185,15240,ABM
5/4/2015 4:00,10.785,degC,9859185,15240,ABM
5/4/2015 5:00,10.565,degC,9859185,15240,ABM
5/4/2015 6:00,10.345,degC,9859185,15240,ABM
5/4/2015 7:00,10.173,degC,9859185,15240,ABM
5/4/2015 8:00,9.977,degC,9859185,15240,ABM
5/4/2015 9:00,10.149,degC,9859185,15240,ABM
5/4/2015 10:00,10.59,degC,9859185,15240,ABM
5/4/2015 11:00,11.443,degC,9859185,15240,ABM
5/4/2015 12:00,12.219,degC,9859185,15240,ABM
5/4/2015 13:00,13.04,degC,9859185,15240,ABM
5/4/2015 14:00,13.81,degC,9859185,15240,ABM
5/4/2015 15:00,14.218,degC,9859185,15240,ABM
5/4/2015 16:00,14.17,degC,9859185,15240,ABM
5/4/2015 17:00,14.05,degC,9859185,15240,ABM
5/4/2015 18:00,13.858,degC,9859185,15240,ABM
5/4/2015 19:00,13.69,degC,9859185,15240,ABM
5/4/2015 20:00,13.497,degC,9859185,15240,ABM
5/4/2015 21:00,13.281,degC,9859185,15240,ABM
5/4/2015 22:00,13.04,degC,9859185,15240,ABM
5/4/2015 23:00,12.847,degC,9859185,15240,ABM
5/5/2015 0:00,12.678,degC,9859185,15240,ABM
5/5/2015 1:00,12.582,degC,9859185,15240,ABM
5/5/2015 2:00,12.461,degC,9859185,15240,ABM
5/5/2015 3:00,12.34,degC,9859185,15240,ABM
5/5/2015 4:00,12.195,degC,9859185,15240,ABM
5/5/2015 5:00,12.098,degC,9859185,15240,ABM
5/5/2015 6:00,12.001,degC,9859185,15240,ABM
5/5/2015 7:00,11.929,degC,9859185,15240,ABM
5/5/2015 8:00,11.953,degC,9859185,15240,ABM
5/5/2015 9:00,12.074,degC,9859185,15240,ABM
5/5/2015 10:00,12.316,degC,9859185,15240,ABM
5/5/2015 11:00,12.751,degC,9859185,15240,ABM
5/5/2015 12:00,13.738,degC,9859185,15240,ABM
5/5/2015 13:00,14.649,degC,9859185,15240,ABM
5/5/2015 14:00,15.199,degC,9859185,15240,ABM
5/5/2015 15:00,15.438,degC,9859185,15240,ABM
5/5/2015 16:00,15.342,degC,9859185,15240,ABM
5/5/2015 17:00,15.175,degC,9859185,15240,ABM
5/5/2015 18:00,14.96,degC,9859185,15240,ABM
5/5/2015 19:00,14.864,degC,9859185,15240,ABM
5/5/2015 20:00,14.673,degC,9859185,15240,ABM
5/5/2015 21:00,14.385,degC,9859185,15240,ABM
5/5/2015 22:00,14.098,degC,9859185,15240,ABM
5/5/2015 23:00,13.882,degC,9859185,15240,ABM
5/6/2015 0:00,13.618,degC,9859185,15240,ABM
5/6/2015 1:00,13.353,degC,9859185,15240,ABM
5/6/2015 2:00,13.088,degC,9859185,15240,ABM
5/6/2015 3:00,12.896,degC,9859185,15240,ABM
5/6/2015 4:00,12.703,degC,9859185,15240,ABM
5/6/2015 5:00,12.558,degC,9859185,15240,ABM
5/6/2015 6:00,12.413,degC,9859185,15240,ABM
5/6/2015 7:00,12.292,degC,9859185,15240,ABM
5/6/2015 8:00,12.292,degC,9859185,15240,ABM
5/6/2015 9:00,12.34,degC,9859185,15240,ABM
5/6/2015 10:00,12.34,degC,9859185,15240,ABM
5/6/2015 11:00,12.534,degC,9859185,15240,ABM
5/6/2015 12:00,12.944,degC,9859185,15240,ABM
5/6/2015 13:00,13.209,degC,9859185,15240,ABM
5/6/2015 14:00,13.594,degC,9859185,15240,ABM
5/6/2015 15:00,14.05,degC,9859185,15240,ABM
5/6/2015 16:00,14.026,degC,9859185,15240,ABM
5/6/2015 17:00,13.81,degC,9859185,15240,ABM
5/6/2015 18:00,13.57,degC,9859185,15240,ABM
5/6/2015 19:00,13.377,degC,9859185,15240,ABM
5/6/2015 20:00,13.185,degC,9859185,15240,ABM
5/6/2015 21:00,12.992,degC,9859185,15240,ABM
5/6/2015 22:00,12.751,degC,9859185,15240,ABM
5/6/2015 23:00,12.509,degC,9859185,15240,ABM
5/7/2015 0:00,12.268,degC,9859185,15240,ABM
5/7/2015 1:00,12.05,degC,9859185,15240,ABM
5/7/2015 2:00,11.807,degC,9859185,15240,ABM
5/7/2015 3:00,11.565,degC,9859185,15240,ABM
5/7/2015 4:00,11.321,degC,9859185,15240,ABM
5/7/2015 5:00,11.102,degC,9859185,15240,ABM
5/7/2015 6:00,10.907,degC,9859185,15240,ABM
5/7/2015 7:00,10.712,degC,9859185,15240,ABM
5/7/2015 8:00,10.614,degC,9859185,15240,ABM
5/7/2015 9:00,10.785,degC,9859185,15240,ABM
5/7/2015 10:00,11.321,degC,9859185,15240,ABM
5/7/2015 11:00,12.219,degC,9859185,15240,ABM
5/7/2015 12:00,13.281,degC,9859185,15240,ABM
5/7/2015 13:00,14.29,degC,9859185,15240,ABM
5/7/2015 14:00,15.127,degC,9859185,15240,ABM
5/7/2015 15:00,15.509,degC,9859185,15240,ABM
5/7/2015 16:00,15.366,degC,9859185,15240,ABM
5/7/2015 17:00,15.055,degC,9859185,15240,ABM
5/7/2015 18:00,14.816,degC,9859185,15240,ABM
5/7/2015 19:00,14.553,degC,9859185,15240,ABM
5/7/2015 20:00,14.361,degC,9859185,15240,ABM
5/7/2015 21:00,14.17,degC,9859185,15240,ABM
5/7/2015 22:00,13.978,degC,9859185,15240,ABM
5/7/2015 23:00,13.738,degC,9859185,15240,ABM
5/8/2015 0:00,13.546,degC,9859185,15240,ABM
5/8/2015 1:00,13.329,degC,9859185,15240,ABM
5/8/2015 2:00,13.112,degC,9859185,15240,ABM
5/8/2015 3:00,12.92,degC,9859185,15240,ABM
5/8/2015 4:00,12.727,degC,9859185,15240,ABM
5/8/2015 5:00,12.534,degC,9859185,15240,ABM
5/8/2015 6:00,12.316,degC,9859185,15240,ABM
5/8/2015 7:00,12.171,degC,9859185,15240,ABM
5/8/2015 8:00,12.122,degC,9859185,15240,ABM
5/8/2015 9:00,12.292,degC,9859185,15240,ABM
5/8/2015 10:00,12.799,degC,9859185,15240,ABM
5/8/2015 11:00,13.69,degC,9859185,15240,ABM
5/8/2015 12:00,14.768,degC,9859185,15240,ABM
5/8/2015 13:00,15.772,degC,9859185,15240,ABM
5/8/2015 14:00,16.677,degC,9859185,15240,ABM
5/8/2015 15:00,17.058,degC,9859185,15240,ABM
5/8/2015 16:00,16.82,degC,9859185,15240,ABM
5/8/2015 17:00,16.677,degC,9859185,15240,ABM
5/8/2015 18:00,16.439,degC,9859185,15240,ABM
5/8/2015 19:00,16.225,degC,9859185,15240,ABM
5/8/2015 20:00,16.01,degC,9859185,15240,ABM
5/8/2015 21:00,15.772,degC,9859185,15240,ABM
5/8/2015 22:00,15.533,degC,9859185,15240,ABM
5/8/2015 23:00,15.318,degC,9859185,15240,ABM
5/9/2015 0:00,15.079,degC,9859185,15240,ABM
5/9/2015 1:00,14.84,degC,9859185,15240,ABM
5/9/2015 2:00,14.553,degC,9859185,15240,ABM
5/9/2015 3:00,14.314,degC,9859185,15240,ABM
5/9/2015 4:00,14.122,degC,9859185,15240,ABM
5/9/2015 5:00,14.002,degC,9859185,15240,ABM
5/9/2015 6:00,13.858,degC,9859185,15240,ABM
5/9/2015 7:00,13.69,degC,9859185,15240,ABM
5/9/2015 8:00,13.594,degC,9859185,15240,ABM
5/9/2015 9:00,13.57,degC,9859185,15240,ABM
5/9/2015 10:00,13.69,degC,9859185,15240,ABM
5/9/2015 11:00,13.93,degC,9859185,15240,ABM
5/9/2015 12:00,14.625,degC,9859185,15240,ABM
5/9/2015 13:00,15.676,degC,9859185,15240,ABM
5/9/2015 14:00,16.415,degC,9859185,15240,ABM
5/9/2015 15:00,16.582,degC,9859185,15240,ABM
5/9/2015 16:00,16.439,degC,9859185,15240,ABM
5/9/2015 17:00,16.201,degC,9859185,15240,ABM
5/9/2015 18:00,16.058,degC,9859185,15240,ABM
5/9/2015 19:00,15.819,degC,9859185,15240,ABM
5/9/2015 20:00,15.7,degC,9859185,15240,ABM
5/9/2015 21:00,15.581,degC,9859185,15240,ABM
5/9/2015 22:00,15.485,degC,9859185,15240,ABM
5/9/2015 23:00,15.414,degC,9859185,15240,ABM
5/10/2015 0:00,15.342,degC,9859185,15240,ABM
5/10/2015 1:00,15.247,degC,9859185,15240,ABM
5/10/2015 2:00,15.151,degC,9859185,15240,ABM
5/10/2015 3:00,15.079,degC,9859185,15240,ABM
5/10/2015 4:00,15.008,degC,9859185,15240,ABM
5/10/2015 5:00,14.96,degC,9859185,15240,ABM
5/10/2015 6:00,14.888,degC,9859185,15240,ABM
5/10/2015 7:00,14.864,degC,9859185,15240,ABM
5/10/2015 8:00,14.864,degC,9859185,15240,ABM
5/10/2015 9:00,15.008,degC,9859185,15240,ABM
5/10/2015 10:00,15.39,degC,9859185,15240,ABM
5/10/2015 11:00,16.201,degC,9859185,15240,ABM
5/10/2015 12:00,17.034,degC,9859185,15240,ABM
5/10/2015 13:00,17.962,degC,9859185,15240,ABM
5/10/2015 14:00,18.771,degC,9859185,15240,ABM
5/10/2015 15:00,19.151,degC,9859185,15240,ABM
5/10/2015 16:00,18.889,degC,9859185,15240,ABM
5/10/2015 17:00,18.652,degC,9859185,15240,ABM
5/10/2015 18:00,18.39,degC,9859185,15240,ABM
5/10/2015 19:00,18.152,degC,9859185,15240,ABM
5/10/2015 20:00,17.891,degC,9859185,15240,ABM
5/10/2015 21:00,17.701,degC,9859185,15240,ABM
5/10/2015 22:00,17.486,degC,9859185,15240,ABM
5/10/2015 23:00,17.249,degC,9859185,15240,ABM
5/11/2015 0:00,17.058,degC,9859185,15240,ABM
5/11/2015 1:00,16.915,degC,9859185,15240,ABM
5/11/2015 2:00,16.725,degC,9859185,15240,ABM
5/11/2015 3:00,16.582,degC,9859185,15240,ABM
5/11/2015 4:00,16.368,degC,9859185,15240,ABM
5/11/2015 5:00,16.201,degC,9859185,15240,ABM
5/11/2015 6:00,16.058,degC,9859185,15240,ABM
5/11/2015 7:00,15.915,degC,9859185,15240,ABM
5/11/2015 8:00,15.939,degC,9859185,15240,ABM
5/11/2015 9:00,16.106,degC,9859185,15240,ABM
5/11/2015 10:00,16.534,degC,9859185,15240,ABM
5/11/2015 11:00,17.296,degC,9859185,15240,ABM
5/11/2015 12:00,18.343,degC,9859185,15240,ABM
5/11/2015 13:00,18.771,degC,9859185,15240,ABM
5/11/2015 14:00,19.603,degC,9859185,15240,ABM
5/11/2015 15:00,19.96,degC,9859185,15240,ABM
5/11/2015 16:00,19.674,degC,9859185,15240,ABM
5/11/2015 17:00,19.484,degC,9859185,15240,ABM
5/11/2015 18:00,19.222,degC,9859185,15240,ABM
5/11/2015 19:00,19.032,degC,9859185,15240,ABM
5/11/2015 20:00,18.842,degC,9859185,15240,ABM
5/11/2015 21:00,18.533,degC,9859185,15240,ABM
5/11/2015 22:00,18.39,degC,9859185,15240,ABM
5/11/2015 23:00,18.224,degC,9859185,15240,ABM
5/12/2015 0:00,18.152,degC,9859185,15240,ABM
5/12/2015 1:00,17.986,degC,9859185,15240,ABM
5/12/2015 2:00,17.843,degC,9859185,15240,ABM
5/12/2015 3:00,17.701,degC,9859185,15240,ABM
5/12/2015 4:00,17.582,degC,9859185,15240,ABM
5/12/2015 5:00,17.439,degC,9859185,15240,ABM
5/12/2015 6:00,17.344,degC,9859185,15240,ABM
5/12/2015 7:00,17.272,degC,9859185,15240,ABM
5/12/2015 8:00,17.272,degC,9859185,15240,ABM
5/12/2015 9:00,17.296,degC,9859185,15240,ABM
5/12/2015 10:00,17.439,degC,9859185,15240,ABM
5/12/2015 11:00,17.986,degC,9859185,15240,ABM
5/12/2015 12:00,18.295,degC,9859185,15240,ABM
5/12/2015 13:00,18.818,degC,9859185,15240,ABM
5/12/2015 14:00,18.889,degC,9859185,15240,ABM
5/12/2015 15:00,19.341,degC,9859185,15240,ABM
5/12/2015 16:00,19.103,degC,9859185,15240,ABM
5/12/2015 17:00,18.794,degC,9859185,15240,ABM
5/12/2015 18:00,18.438,degC,9859185,15240,ABM
5/12/2015 19:00,18.152,degC,9859185,15240,ABM
5/12/2015 20:00,17.962,degC,9859185,15240,ABM
5/12/2015 21:00,17.629,degC,9859185,15240,ABM
5/12/2015 22:00,17.153,degC,9859185,15240,ABM
5/12/2015 23:00,16.654,degC,9859185,15240,ABM
5/13/2015 0:00,16.272,degC,9859185,15240,ABM
5/13/2015 1:00,15.963,degC,9859185,15240,ABM
5/13/2015 2:00,15.748,degC,9859185,15240,ABM
5/13/2015 3:00,15.366,degC,9859185,15240,ABM
5/13/2015 4:00,15.175,degC,9859185,15240,ABM
5/13/2015 5:00,14.792,degC,9859185,15240,ABM
5/13/2015 6:00,14.577,degC,9859185,15240,ABM
5/13/2015 7:00,14.361,degC,9859185,15240,ABM
5/13/2015 8:00,14.098,degC,9859185,15240,ABM
5/13/2015 9:00,14.098,degC,9859185,15240,ABM
5/13/2015 10:00,14.194,degC,9859185,15240,ABM
5/13/2015 11:00,14.218,degC,9859185,15240,ABM
5/13/2015 12:00,14.768,degC,9859185,15240,ABM
5/13/2015 13:00,15.7,degC,9859185,15240,ABM
5/13/2015 14:00,16.034,degC,9859185,15240,ABM
5/13/2015 15:00,15.652,degC,9859185,15240,ABM
5/13/2015 16:00,15.27,degC,9859185,15240,ABM
5/13/2015 17:00,15.055,degC,9859185,15240,ABM
5/13/2015 18:00,14.409,degC,9859185,15240,ABM
5/13/2015 19:00,14.146,degC,9859185,15240,ABM
5/13/2015 20:00,13.978,degC,9859185,15240,ABM
5/13/2015 21:00,13.666,degC,9859185,15240,ABM
5/13/2015 22:00,13.353,degC,9859185,15240,ABM
5/13/2015 23:00,13.112,degC,9859185,15240,ABM
5/14/2015 0:00,12.847,degC,9859185,15240,ABM
5/14/2015 1:00,12.534,degC,9859185,15240,ABM
5/14/2015 2:00,12.171,degC,9859185,15240,ABM
5/14/2015 3:00,11.904,degC,9859185,15240,ABM
5/14/2015 4:00,11.613,degC,9859185,15240,ABM
5/14/2015 5:00,11.297,degC,9859185,15240,ABM
5/14/2015 6:00,11.029,degC,9859185,15240,ABM
5/14/2015 7:00,10.81,degC,9859185,15240,ABM
5/14/2015 8:00,10.712,degC,9859185,15240,ABM
5/14/2015 9:00,10.761,degC,9859185,15240,ABM
5/14/2015 10:00,11.029,degC,9859185,15240,ABM
5/14/2015 11:00,11.734,degC,9859185,15240,ABM
5/14/2015 12:00,12.847,degC,9859185,15240,ABM
5/14/2015 13:00,13.738,degC,9859185,15240,ABM
5/14/2015 14:00,14.577,degC,9859185,15240,ABM
5/14/2015 15:00,14.864,degC,9859185,15240,ABM
5/14/2015 16:00,14.481,degC,9859185,15240,ABM
5/14/2015 17:00,14.098,degC,9859185,15240,ABM
5/14/2015 18:00,13.642,degC,9859185,15240,ABM
5/14/2015 19:00,13.281,degC,9859185,15240,ABM
5/14/2015 20:00,12.92,degC,9859185,15240,ABM
5/14/2015 21:00,12.63,degC,9859185,15240,ABM
5/14/2015 22:00,12.389,degC,9859185,15240,ABM
5/14/2015 23:00,12.147,degC,9859185,15240,ABM
5/15/2015 0:00,11.88,degC,9859185,15240,ABM
5/15/2015 1:00,11.637,degC,9859185,15240,ABM
5/15/2015 2:00,11.394,degC,9859185,15240,ABM
5/15/2015 3:00,11.175,degC,9859185,15240,ABM
5/15/2015 4:00,10.907,degC,9859185,15240,ABM
5/15/2015 5:00,10.663,degC,9859185,15240,ABM
5/15/2015 6:00,10.443,degC,9859185,15240,ABM
5/15/2015 7:00,10.247,degC,9859185,15240,ABM
5/15/2015 8:00,10.198,degC,9859185,15240,ABM
5/15/2015 9:00,10.394,degC,9859185,15240,ABM
5/15/2015 10:00,10.736,degC,9859185,15240,ABM
5/15/2015 11:00,11.102,degC,9859185,15240,ABM
5/15/2015 12:00,11.759,degC,9859185,15240,ABM
5/15/2015 13:00,12.147,degC,9859185,15240,ABM
5/15/2015 14:00,13.185,degC,9859185,15240,ABM
5/15/2015 15:00,13.473,degC,9859185,15240,ABM
5/15/2015 16:00,13.449,degC,9859185,15240,ABM
5/15/2015 17:00,13.377,degC,9859185,15240,ABM
5/15/2015 18:00,13.185,degC,9859185,15240,ABM
5/15/2015 19:00,12.968,degC,9859185,15240,ABM
5/15/2015 20:00,12.751,degC,9859185,15240,ABM
5/15/2015 21:00,12.558,degC,9859185,15240,ABM
5/15/2015 22:00,12.461,degC,9859185,15240,ABM
5/15/2015 23:00,12.364,degC,9859185,15240,ABM
5/16/2015 0:00,12.34,degC,9859185,15240,ABM
5/16/2015 1:00,12.195,degC,9859185,15240,ABM
5/16/2015 2:00,12.122,degC,9859185,15240,ABM
5/16/2015 3:00,12.074,degC,9859185,15240,ABM
5/16/2015 4:00,12.025,degC,9859185,15240,ABM
5/16/2015 5:00,12.001,degC,9859185,15240,ABM
5/16/2015 6:00,11.953,degC,9859185,15240,ABM
5/16/2015 7:00,11.88,degC,9859185,15240,ABM
5/16/2015 8:00,11.88,degC,9859185,15240,ABM
5/16/2015 9:00,11.904,degC,9859185,15240,ABM
5/16/2015 10:00,12.147,degC,9859185,15240,ABM
5/16/2015 11:00,12.582,degC,9859185,15240,ABM
5/16/2015 12:00,12.751,degC,9859185,15240,ABM
5/16/2015 13:00,13.064,degC,9859185,15240,ABM
5/16/2015 14:00,13.497,degC,9859185,15240,ABM
5/16/2015 15:00,14.098,degC,9859185,15240,ABM
5/16/2015 16:00,14.194,degC,9859185,15240,ABM
5/16/2015 17:00,14.17,degC,9859185,15240,ABM
5/16/2015 18:00,14.146,degC,9859185,15240,ABM
5/16/2015 19:00,14.002,degC,9859185,15240,ABM
5/16/2015 20:00,13.858,degC,9859185,15240,ABM
5/16/2015 21:00,13.714,degC,9859185,15240,ABM
5/16/2015 22:00,13.594,degC,9859185,15240,ABM
5/16/2015 23:00,13.522,degC,9859185,15240,ABM
5/17/2015 0:00,13.473,degC,9859185,15240,ABM
5/17/2015 1:00,13.377,degC,9859185,15240,ABM
5/17/2015 2:00,13.377,degC,9859185,15240,ABM
5/17/2015 3:00,13.329,degC,9859185,15240,ABM
5/17/2015 4:00,13.281,degC,9859185,15240,ABM
5/17/2015 5:00,13.281,degC,9859185,15240,ABM
5/17/2015 6:00,13.257,degC,9859185,15240,ABM
5/17/2015 7:00,13.209,degC,9859185,15240,ABM
5/17/2015 8:00,13.233,degC,9859185,15240,ABM
5/17/2015 9:00,13.353,degC,9859185,15240,ABM
5/17/2015 10:00,13.69,degC,9859185,15240,ABM
5/17/2015 11:00,14.385,degC,9859185,15240,ABM
5/17/2015 12:00,15.414,degC,9859185,15240,ABM
5/17/2015 13:00,16.558,degC,9859185,15240,ABM
5/17/2015 14:00,17.177,degC,9859185,15240,ABM
5/17/2015 15:00,17.772,degC,9859185,15240,ABM
5/17/2015 16:00,17.558,degC,9859185,15240,ABM
5/17/2015 17:00,17.463,degC,9859185,15240,ABM
5/17/2015 18:00,16.939,degC,9859185,15240,ABM
5/17/2015 19:00,16.534,degC,9859185,15240,ABM
5/17/2015 20:00,16.058,degC,9859185,15240,ABM
5/17/2015 21:00,15.819,degC,9859185,15240,ABM
5/17/2015 22:00,15.581,degC,9859185,15240,ABM
5/17/2015 23:00,15.438,degC,9859185,15240,ABM
5/18/2015 0:00,15.247,degC,9859185,15240,ABM
5/18/2015 1:00,15.103,degC,9859185,15240,ABM
5/18/2015 2:00,14.984,degC,9859185,15240,ABM
5/18/2015 3:00,14.792,degC,9859185,15240,ABM
5/18/2015 4:00,14.625,degC,9859185,15240,ABM
5/18/2015 5:00,14.505,degC,9859185,15240,ABM
5/18/2015 6:00,14.457,degC,9859185,15240,ABM
5/18/2015 7:00,14.433,degC,9859185,15240,ABM
5/18/2015 8:00,14.433,degC,9859185,15240,ABM
5/18/2015 9:00,14.457,degC,9859185,15240,ABM
5/18/2015 10:00,14.577,degC,9859185,15240,ABM
5/18/2015 11:00,15.008,degC,9859185,15240,ABM
5/18/2015 12:00,15.915,degC,9859185,15240,ABM
5/18/2015 13:00,16.844,degC,9859185,15240,ABM
5/18/2015 14:00,17.439,degC,9859185,15240,ABM
5/18/2015 15:00,17.439,degC,9859185,15240,ABM
5/18/2015 16:00,17.296,degC,9859185,15240,ABM
5/18/2015 17:00,17.249,degC,9859185,15240,ABM
5/18/2015 18:00,16.915,degC,9859185,15240,ABM
5/18/2015 19:00,16.534,degC,9859185,15240,ABM
5/18/2015 20:00,16.201,degC,9859185,15240,ABM
5/18/2015 21:00,15.891,degC,9859185,15240,ABM
5/18/2015 22:00,15.652,degC,9859185,15240,ABM
5/18/2015 23:00,15.461,degC,9859185,15240,ABM
5/19/2015 0:00,15.294,degC,9859185,15240,ABM
5/19/2015 1:00,15.127,degC,9859185,15240,ABM
5/19/2015 2:00,14.984,degC,9859185,15240,ABM
5/19/2015 3:00,14.864,degC,9859185,15240,ABM
5/19/2015 4:00,14.792,degC,9859185,15240,ABM
5/19/2015 5:00,14.649,degC,9859185,15240,ABM
5/19/2015 6:00,14.505,degC,9859185,15240,ABM
5/19/2015 7:00,14.409,degC,9859185,15240,ABM
5/19/2015 8:00,14.337,degC,9859185,15240,ABM
5/19/2015 9:00,14.337,degC,9859185,15240,ABM
5/19/2015 10:00,14.409,degC,9859185,15240,ABM
5/19/2015 11:00,14.409,degC,9859185,15240,ABM
5/19/2015 12:00,14.553,degC,9859185,15240,ABM
5/19/2015 13:00,14.888,degC,9859185,15240,ABM
5/19/2015 14:00,15.891,degC,9859185,15240,ABM
5/19/2015 15:00,16.487,degC,9859185,15240,ABM
5/19/2015 16:00,16.32,degC,9859185,15240,ABM
5/19/2015 17:00,16.344,degC,9859185,15240,ABM
5/19/2015 18:00,16.153,degC,9859185,15240,ABM
5/19/2015 19:00,15.796,degC,9859185,15240,ABM
5/19/2015 20:00,15.581,degC,9859185,15240,ABM
5/19/2015 21:00,15.461,degC,9859185,15240,ABM
5/19/2015 22:00,15.605,degC,9859185,15240,ABM
5/19/2015 23:00,15.414,degC,9859185,15240,ABM
5/20/2015 0:00,15.151,degC,9859185,15240,ABM
5/20/2015 1:00,14.864,degC,9859185,15240,ABM
5/20/2015 2:00,14.553,degC,9859185,15240,ABM
5/20/2015 3:00,14.29,degC,9859185,15240,ABM
5/20/2015 4:00,14.05,degC,9859185,15240,ABM
5/20/2015 5:00,13.762,degC,9859185,15240,ABM
5/20/2015 6:00,13.497,degC,9859185,15240,ABM
5/20/2015 7:00,13.209,degC,9859185,15240,ABM
5/20/2015 8:00,13.064,degC,9859185,15240,ABM
5/20/2015 9:00,12.944,degC,9859185,15240,ABM
5/20/2015 10:00,12.871,degC,9859185,15240,ABM
5/20/2015 11:00,13.161,degC,9859185,15240,ABM
5/20/2015 12:00,13.762,degC,9859185,15240,ABM
5/20/2015 13:00,14.074,degC,9859185,15240,ABM
5/20/2015 14:00,14.17,degC,9859185,15240,ABM
5/20/2015 15:00,14.433,degC,9859185,15240,ABM
5/20/2015 16:00,14.194,degC,9859185,15240,ABM
5/20/2015 17:00,13.714,degC,9859185,15240,ABM
5/20/2015 18:00,13.425,degC,9859185,15240,ABM
5/20/2015 19:00,13.137,degC,9859185,15240,ABM
5/20/2015 20:00,12.896,degC,9859185,15240,ABM
5/20/2015 21:00,12.63,degC,9859185,15240,ABM
5/20/2015 22:00,12.413,degC,9859185,15240,ABM
5/20/2015 23:00,12.195,degC,9859185,15240,ABM
5/21/2015 0:00,12.001,degC,9859185,15240,ABM
5/21/2015 1:00,11.807,degC,9859185,15240,ABM
5/21/2015 2:00,11.637,degC,9859185,15240,ABM
5/21/2015 3:00,11.467,degC,9859185,15240,ABM
5/21/2015 4:00,11.273,degC,9859185,15240,ABM
5/21/2015 5:00,11.102,degC,9859185,15240,ABM
5/21/2015 6:00,10.858,degC,9859185,15240,ABM
5/21/2015 7:00,10.736,degC,9859185,15240,ABM
5/21/2015 8:00,10.736,degC,9859185,15240,ABM
5/21/2015 9:00,10.834,degC,9859185,15240,ABM
5/21/2015 10:00,11.029,degC,9859185,15240,ABM
5/21/2015 11:00,11.224,degC,9859185,15240,ABM
5/21/2015 12:00,11.759,degC,9859185,15240,ABM
5/21/2015 13:00,12.098,degC,9859185,15240,ABM
5/21/2015 14:00,12.413,degC,9859185,15240,ABM
5/21/2015 15:00,12.727,degC,9859185,15240,ABM
5/21/2015 16:00,12.678,degC,9859185,15240,ABM
5/21/2015 17:00,12.678,degC,9859185,15240,ABM
5/21/2015 18:00,12.606,degC,9859185,15240,ABM
5/21/2015 19:00,12.509,degC,9859185,15240,ABM
5/21/2015 20:00,12.389,degC,9859185,15240,ABM
5/21/2015 21:00,12.268,degC,9859185,15240,ABM
5/21/2015 22:00,12.147,degC,9859185,15240,ABM
5/21/2015 23:00,12.05,degC,9859185,15240,ABM
5/22/2015 0:00,11.929,degC,9859185,15240,ABM
5/22/2015 1:00,11.807,degC,9859185,15240,ABM
5/22/2015 2:00,11.734,degC,9859185,15240,ABM
5/22/2015 3:00,11.637,degC,9859185,15240,ABM
5/22/2015 4:00,11.54,degC,9859185,15240,ABM
5/22/2015 5:00,11.467,degC,9859185,15240,ABM
5/22/2015 6:00,11.37,degC,9859185,15240,ABM
5/22/2015 7:00,11.297,degC,9859185,15240,ABM
5/22/2015 8:00,11.224,degC,9859185,15240,ABM
5/22/2015 9:00,11.248,degC,9859185,15240,ABM
5/22/2015 10:00,11.516,degC,9859185,15240,ABM
5/22/2015 11:00,12.268,degC,9859185,15240,ABM
5/22/2015 12:00,13.233,degC,9859185,15240,ABM
5/22/2015 13:00,13.666,degC,9859185,15240,ABM
5/22/2015 14:00,14.601,degC,9859185,15240,ABM
5/22/2015 15:00,14.96,degC,9859185,15240,ABM
5/22/2015 16:00,14.601,degC,9859185,15240,ABM
5/22/2015 17:00,14.218,degC,9859185,15240,ABM
5/22/2015 18:00,13.738,degC,9859185,15240,ABM
5/22/2015 19:00,13.257,degC,9859185,15240,ABM
5/22/2015 20:00,12.823,degC,9859185,15240,ABM
5/22/2015 21:00,12.558,degC,9859185,15240,ABM
5/22/2015 22:00,12.364,degC,9859185,15240,ABM
5/22/2015 23:00,12.098,degC,9859185,15240,ABM
5/23/2015 0:00,11.88,degC,9859185,15240,ABM
5/23/2015 1:00,11.686,degC,9859185,15240,ABM
5/23/2015 2:00,11.467,degC,9859185,15240,ABM
5/23/2015 3:00,11.248,degC,9859185,15240,ABM
5/23/2015 4:00,11.005,degC,9859185,15240,ABM
5/23/2015 5:00,10.736,degC,9859185,15240,ABM
5/23/2015 6:00,10.443,degC,9859185,15240,ABM
5/23/2015 7:00,10.149,degC,9859185,15240,ABM
5/23/2015 8:00,9.952,degC,9859185,15240,ABM
5/23/2015 9:00,9.854,degC,9859185,15240,ABM
5/23/2015 10:00,9.903,degC,9859185,15240,ABM
5/23/2015 11:00,10.443,degC,9859185,15240,ABM
5/23/2015 12:00,11.467,degC,9859185,15240,ABM
5/23/2015 13:00,12.364,degC,9859185,15240,ABM
5/23/2015 14:00,13.305,degC,9859185,15240,ABM
5/23/2015 15:00,13.57,degC,9859185,15240,ABM
5/23/2015 16:00,13.209,degC,9859185,15240,ABM
5/23/2015 17:00,12.992,degC,9859185,15240,ABM
5/23/2015 18:00,12.654,degC,9859185,15240,ABM
5/23/2015 19:00,12.292,degC,9859185,15240,ABM
5/23/2015 20:00,11.929,degC,9859185,15240,ABM
5/23/2015 21:00,11.54,degC,9859185,15240,ABM
5/23/2015 22:00,11.248,degC,9859185,15240,ABM
5/23/2015 23:00,10.956,degC,9859185,15240,ABM
5/24/2015 0:00,10.736,degC,9859185,15240,ABM
5/24/2015 1:00,10.492,degC,9859185,15240,ABM
5/24/2015 2:00,10.247,degC,9859185,15240,ABM
5/24/2015 3:00,10.051,degC,9859185,15240,ABM
5/24/2015 4:00,9.854,degC,9859185,15240,ABM
5/24/2015 5:00,9.682,degC,9859185,15240,ABM
5/24/2015 6:00,9.509,degC,9859185,15240,ABM
5/24/2015 7:00,9.41,degC,9859185,15240,ABM
5/24/2015 8:00,9.41,degC,9859185,15240,ABM
5/24/2015 9:00,9.509,degC,9859185,15240,ABM
5/24/2015 10:00,9.879,degC,9859185,15240,ABM
5/24/2015 11:00,10.638,degC,9859185,15240,ABM
5/24/2015 12:00,12.025,degC,9859185,15240,ABM
5/24/2015 13:00,13.209,degC,9859185,15240,ABM
5/24/2015 14:00,14.17,degC,9859185,15240,ABM
5/24/2015 15:00,14.601,degC,9859185,15240,ABM
5/24/2015 16:00,14.433,degC,9859185,15240,ABM
5/24/2015 17:00,14.385,degC,9859185,15240,ABM
5/24/2015 18:00,14.17,degC,9859185,15240,ABM
5/24/2015 19:00,13.906,degC,9859185,15240,ABM
5/24/2015 20:00,13.594,degC,9859185,15240,ABM
5/24/2015 21:00,13.281,degC,9859185,15240,ABM
5/24/2015 22:00,13.04,degC,9859185,15240,ABM
5/24/2015 23:00,12.847,degC,9859185,15240,ABM
5/25/2015 0:00,12.703,degC,9859185,15240,ABM
5/25/2015 1:00,12.534,degC,9859185,15240,ABM
5/25/2015 2:00,12.413,degC,9859185,15240,ABM
5/25/2015 3:00,12.316,degC,9859185,15240,ABM
5/25/2015 4:00,12.243,degC,9859185,15240,ABM
5/25/2015 5:00,12.171,degC,9859185,15240,ABM
5/25/2015 6:00,12.122,degC,9859185,15240,ABM
5/25/2015 7:00,12.147,degC,9859185,15240,ABM
5/25/2015 8:00,12.243,degC,9859185,15240,ABM
5/25/2015 9:00,12.34,degC,9859185,15240,ABM
5/25/2015 10:00,12.534,degC,9859185,15240,ABM
5/25/2015 11:00,12.727,degC,9859185,15240,ABM
5/25/2015 12:00,13.137,degC,9859185,15240,ABM
5/25/2015 13:00,13.666,degC,9859185,15240,ABM
5/25/2015 14:00,14.194,degC,9859185,15240,ABM
5/25/2015 15:00,15.008,degC,9859185,15240,ABM
5/25/2015 16:00,15.247,degC,9859185,15240,ABM
5/25/2015 17:00,15.27,degC,9859185,15240,ABM
5/25/2015 18:00,15.223,degC,9859185,15240,ABM
5/25/2015 19:00,15.055,degC,9859185,15240,ABM
5/25/2015 20:00,14.84,degC,9859185,15240,ABM
5/25/2015 21:00,14.625,degC,9859185,15240,ABM
5/25/2015 22:00,14.457,degC,9859185,15240,ABM
5/25/2015 23:00,14.314,degC,9859185,15240,ABM
5/26/2015 0:00,14.218,degC,9859185,15240,ABM
5/26/2015 1:00,14.122,degC,9859185,15240,ABM
5/26/2015 2:00,14.026,degC,9859185,15240,ABM
5/26/2015 3:00,13.93,degC,9859185,15240,ABM
5/26/2015 4:00,13.858,degC,9859185,15240,ABM
5/26/2015 5:00,13.81,degC,9859185,15240,ABM
5/26/2015 6:00,13.738,degC,9859185,15240,ABM
5/26/2015 7:00,13.762,degC,9859185,15240,ABM
5/26/2015 8:00,13.81,degC,9859185,15240,ABM
5/26/2015 9:00,14.05,degC,9859185,15240,ABM
5/26/2015 10:00,14.433,degC,9859185,15240,ABM
5/26/2015 11:00,14.721,degC,9859185,15240,ABM
5/26/2015 12:00,15.175,degC,9859185,15240,ABM
5/26/2015 13:00,15.796,degC,9859185,15240,ABM
5/26/2015 14:00,17.13,degC,9859185,15240,ABM
5/26/2015 15:00,17.605,degC,9859185,15240,ABM
5/26/2015 16:00,17.534,degC,9859185,15240,ABM
5/26/2015 17:00,17.51,degC,9859185,15240,ABM
5/26/2015 18:00,17.439,degC,9859185,15240,ABM
5/26/2015 19:00,17.249,degC,9859185,15240,ABM
5/26/2015 20:00,16.963,degC,9859185,15240,ABM
5/26/2015 21:00,16.677,degC,9859185,15240,ABM
5/26/2015 22:00,16.463,degC,9859185,15240,ABM
5/26/2015 23:00,16.296,degC,9859185,15240,ABM
5/27/2015 0:00,16.153,degC,9859185,15240,ABM
5/27/2015 1:00,15.986,degC,9859185,15240,ABM
5/27/2015 2:00,15.843,degC,9859185,15240,ABM
5/27/2015 3:00,15.7,degC,9859185,15240,ABM
5/27/2015 4:00,15.581,degC,9859185,15240,ABM
5/27/2015 5:00,15.485,degC,9859185,15240,ABM
5/27/2015 6:00,15.414,degC,9859185,15240,ABM
5/27/2015 7:00,15.414,degC,9859185,15240,ABM
5/27/2015 8:00,15.509,degC,9859185,15240,ABM
5/27/2015 9:00,15.652,degC,9859185,15240,ABM
5/27/2015 10:00,15.915,degC,9859185,15240,ABM
5/27/2015 11:00,16.749,degC,9859185,15240,ABM
5/27/2015 12:00,17.486,degC,9859185,15240,ABM
5/27/2015 13:00,18.129,degC,9859185,15240,ABM
5/27/2015 14:00,18.723,degC,9859185,15240,ABM
5/27/2015 15:00,19.008,degC,9859185,15240,ABM
5/27/2015 16:00,18.889,degC,9859185,15240,ABM
5/27/2015 17:00,18.818,degC,9859185,15240,ABM
5/27/2015 18:00,18.723,degC,9859185,15240,ABM
5/27/2015 19:00,18.485,degC,9859185,15240,ABM
5/27/2015 20:00,18.224,degC,9859185,15240,ABM
5/27/2015 21:00,17.962,degC,9859185,15240,ABM
5/27/2015 22:00,17.748,degC,9859185,15240,ABM
5/27/2015 23:00,17.582,degC,9859185,15240,ABM
5/28/2015 0:00,17.439,degC,9859185,15240,ABM
5/28/2015 1:00,17.344,degC,9859185,15240,ABM
5/28/2015 2:00,17.249,degC,9859185,15240,ABM
5/28/2015 3:00,17.201,degC,9859185,15240,ABM
5/28/2015 4:00,17.106,degC,9859185,15240,ABM
5/28/2015 5:00,17.011,degC,9859185,15240,ABM
5/28/2015 6:00,16.915,degC,9859185,15240,ABM
5/28/2015 7:00,16.82,degC,9859185,15240,ABM
5/28/2015 8:00,16.773,degC,9859185,15240,ABM
5/28/2015 9:00,16.868,degC,9859185,15240,ABM
5/28/2015 10:00,17.249,degC,9859185,15240,ABM
5/28/2015 11:00,18.105,degC,9859185,15240,ABM
5/28/2015 12:00,19.103,degC,9859185,15240,ABM
5/28/2015 13:00,19.912,degC,9859185,15240,ABM
5/28/2015 14:00,20.317,degC,9859185,15240,ABM
5/28/2015 15:00,20.269,degC,9859185,15240,ABM
5/28/2015 16:00,20.031,degC,9859185,15240,ABM
5/28/2015 17:00,19.912,degC,9859185,15240,ABM
5/28/2015 18:00,19.817,degC,9859185,15240,ABM
5/28/2015 19:00,19.413,degC,9859185,15240,ABM
5/28/2015 20:00,19.008,degC,9859185,15240,ABM
5/28/2015 21:00,18.652,degC,9859185,15240,ABM
5/28/2015 22:00,18.319,degC,9859185,15240,ABM
5/28/2015 23:00,18.01,degC,9859185,15240,ABM
5/29/2015 0:00,17.701,degC,9859185,15240,ABM
5/29/2015 1:00,17.391,degC,9859185,15240,ABM
5/29/2015 2:00,17.106,degC,9859185,15240,ABM
5/29/2015 3:00,16.82,degC,9859185,15240,ABM
5/29/2015 4:00,16.558,degC,9859185,15240,ABM
5/29/2015 5:00,16.296,degC,9859185,15240,ABM
5/29/2015 6:00,16.058,degC,9859185,15240,ABM
5/29/2015 7:00,15.867,degC,9859185,15240,ABM
5/29/2015 8:00,15.772,degC,9859185,15240,ABM
5/29/2015 9:00,15.819,degC,9859185,15240,ABM
5/29/2015 10:00,16.129,degC,9859185,15240,ABM
5/29/2015 11:00,16.915,degC,9859185,15240,ABM
5/29/2015 12:00,18.129,degC,9859185,15240,ABM
5/29/2015 13:00,19.27,degC,9859185,15240,ABM
5/29/2015 14:00,20.293,degC,9859185,15240,ABM
5/29/2015 15:00,20.531,degC,9859185,15240,ABM
5/29/2015 16:00,20.055,degC,9859185,15240,ABM
5/29/2015 17:00,19.817,degC,9859185,15240,ABM
5/29/2015 18:00,19.46,degC,9859185,15240,ABM
5/29/2015 19:00,19.08,degC,9859185,15240,ABM
5/29/2015 20:00,18.675,degC,9859185,15240,ABM
5/29/2015 21:00,18.295,degC,9859185,15240,ABM
5/29/2015 22:00,17.986,degC,9859185,15240,ABM
5/29/2015 23:00,17.677,degC,9859185,15240,ABM
5/30/2015 0:00,17.415,degC,9859185,15240,ABM
5/30/2015 1:00,17.153,degC,9859185,15240,ABM
5/30/2015 2:00,16.915,degC,9859185,15240,ABM
5/30/2015 3:00,16.677,degC,9859185,15240,ABM
5/30/2015 4:00,16.463,degC,9859185,15240,ABM
5/30/2015 5:00,16.296,degC,9859185,15240,ABM
5/30/2015 6:00,16.106,degC,9859185,15240,ABM
5/30/2015 7:00,15.963,degC,9859185,15240,ABM
5/30/2015 8:00,16.01,degC,9859185,15240,ABM
5/30/2015 9:00,16.106,degC,9859185,15240,ABM
5/30/2015 10:00,16.272,degC,9859185,15240,ABM
5/30/2015 11:00,16.558,degC,9859185,15240,ABM
5/30/2015 12:00,17.415,degC,9859185,15240,ABM
5/30/2015 13:00,18.414,degC,9859185,15240,ABM
5/30/2015 14:00,19.008,degC,9859185,15240,ABM
5/30/2015 15:00,19.508,degC,9859185,15240,ABM
5/30/2015 16:00,19.651,degC,9859185,15240,ABM
5/30/2015 17:00,19.627,degC,9859185,15240,ABM
5/30/2015 18:00,19.508,degC,9859185,15240,ABM
5/30/2015 19:00,19.365,degC,9859185,15240,ABM
5/30/2015 20:00,19.08,degC,9859185,15240,ABM
5/30/2015 21:00,18.747,degC,9859185,15240,ABM
5/30/2015 22:00,18.485,degC,9859185,15240,ABM
5/30/2015 23:00,18.224,degC,9859185,15240,ABM
5/31/2015 0:00,18.01,degC,9859185,15240,ABM
5/31/2015 1:00,17.843,degC,9859185,15240,ABM
5/31/2015 2:00,17.748,degC,9859185,15240,ABM
5/31/2015 3:00,17.582,degC,9859185,15240,ABM
5/31/2015 4:00,17.534,degC,9859185,15240,ABM
5/31/2015 5:00,17.439,degC,9859185,15240,ABM
5/31/2015 6:00,17.296,degC,9859185,15240,ABM
5/31/2015 7:00,17.177,degC,9859185,15240,ABM
5/31/2015 8:00,17.225,degC,9859185,15240,ABM
5/31/2015 9:00,17.344,degC,9859185,15240,ABM
5/31/2015 10:00,17.415,degC,9859185,15240,ABM
5/31/2015 11:00,17.701,degC,9859185,15240,ABM
5/31/2015 12:00,17.796,degC,9859185,15240,ABM
5/31/2015 13:00,17.867,degC,9859185,15240,ABM
5/31/2015 14:00,18.129,degC,9859185,15240,ABM
5/31/2015 15:00,18.033,degC,9859185,15240,ABM
5/31/2015 16:00,17.867,degC,9859185,15240,ABM
5/31/2015 17:00,17.677,degC,9859185,15240,ABM
5/31/2015 18:00,17.486,degC,9859185,15240,ABM
5/31/2015 19:00,17.225,degC,9859185,15240,ABM
5/31/2015 20:00,16.963,degC,9859185,15240,ABM
5/31/2015 21:00,16.725,degC,9859185,15240,ABM
5/31/2015 22:00,16.439,degC,9859185,15240,ABM
5/31/2015 23:00,16.177,degC,9859185,15240,ABM
6/1/2015 0:00,15.891,degC,9859185,15240,ABM
6/1/2015 1:00,15.629,degC,9859185,15240,ABM
6/1/2015 2:00,15.366,degC,9859185,15240,ABM
6/1/2015 3:00,15.127,degC,9859185,15240,ABM
6/1/2015 4:00,14.888,degC,9859185,15240,ABM
6/1/2015 5:00,14.649,degC,9859185,15240,ABM
6/1/2015 6:00,14.433,degC,9859185,15240,ABM
6/1/2015 7:00,14.266,degC,9859185,15240,ABM
6/1/2015 8:00,14.098,degC,9859185,15240,ABM
6/1/2015 9:00,13.954,degC,9859185,15240,ABM
6/1/2015 10:00,13.858,degC,9859185,15240,ABM
6/1/2015 11:00,13.786,degC,9859185,15240,ABM
6/1/2015 12:00,13.738,degC,9859185,15240,ABM
6/1/2015 13:00,13.666,degC,9859185,15240,ABM
6/1/2015 14:00,13.618,degC,9859185,15240,ABM
6/1/2015 15:00,13.57,degC,9859185,15240,ABM
6/1/2015 16:00,13.497,degC,9859185,15240,ABM
6/1/2015 17:00,13.425,degC,9859185,15240,ABM
6/1/2015 18:00,13.305,degC,9859185,15240,ABM
6/1/2015 19:00,13.112,degC,9859185,15240,ABM
6/1/2015 20:00,12.944,degC,9859185,15240,ABM
6/1/2015 21:00,12.775,degC,9859185,15240,ABM
6/1/2015 22:00,12.582,degC,9859185,15240,ABM
6/1/2015 23:00,12.364,degC,9859185,15240,ABM
6/2/2015 0:00,12.171,degC,9859185,15240,ABM
6/2/2015 1:00,11.977,degC,9859185,15240,ABM
6/2/2015 2:00,11.832,degC,9859185,15240,ABM
6/2/2015 3:00,11.662,degC,9859185,15240,ABM
6/2/2015 4:00,11.273,degC,9859185,15240,ABM
6/2/2015 5:00,10.956,degC,9859185,15240,ABM
6/2/2015 6:00,10.663,degC,9859185,15240,ABM
6/2/2015 7:00,10.59,degC,9859185,15240,ABM
6/2/2015 8:00,10.638,degC,9859185,15240,ABM
6/2/2015 9:00,10.736,degC,9859185,15240,ABM
6/2/2015 10:00,10.834,degC,9859185,15240,ABM
6/2/2015 11:00,10.907,degC,9859185,15240,ABM
6/2/2015 12:00,10.932,degC,9859185,15240,ABM
6/2/2015 13:00,10.907,degC,9859185,15240,ABM
6/2/2015 14:00,10.907,degC,9859185,15240,ABM
6/2/2015 15:00,10.932,degC,9859185,15240,ABM
6/2/2015 16:00,10.98,degC,9859185,15240,ABM
6/2/2015 17:00,11.053,degC,9859185,15240,ABM
6/2/2015 18:00,11.127,degC,9859185,15240,ABM
6/2/2015 19:00,11.175,degC,9859185,15240,ABM
6/2/2015 20:00,11.224,degC,9859185,15240,ABM
6/2/2015 21:00,11.224,degC,9859185,15240,ABM
6/2/2015 22:00,11.2,degC,9859185,15240,ABM
6/2/2015 23:00,11.127,degC,9859185,15240,ABM
6/3/2015 0:00,11.053,degC,9859185,15240,ABM
6/3/2015 1:00,10.98,degC,9859185,15240,ABM
6/3/2015 2:00,10.883,degC,9859185,15240,ABM
6/3/2015 3:00,10.81,degC,9859185,15240,ABM
6/3/2015 4:00,10.736,degC,9859185,15240,ABM
6/3/2015 5:00,10.687,degC,9859185,15240,ABM
6/3/2015 6:00,10.614,degC,9859185,15240,ABM
6/3/2015 7:00,10.59,degC,9859185,15240,ABM
6/3/2015 8:00,10.638,degC,9859185,15240,ABM
6/3/2015 9:00,10.761,degC,9859185,15240,ABM
6/3/2015 10:00,11.005,degC,9859185,15240,ABM
6/3/2015 11:00,11.443,degC,9859185,15240,ABM
6/3/2015 12:00,12.05,degC,9859185,15240,ABM
6/3/2015 13:00,12.558,degC,9859185,15240,ABM
6/3/2015 14:00,13.137,degC,9859185,15240,ABM
6/3/2015 15:00,13.377,degC,9859185,15240,ABM
6/3/2015 16:00,13.329,degC,9859185,15240,ABM
6/3/2015 17:00,13.281,degC,9859185,15240,ABM
6/3/2015 18:00,13.305,degC,9859185,15240,ABM
6/3/2015 19:00,13.329,degC,9859185,15240,ABM
6/3/2015 20:00,13.377,degC,9859185,15240,ABM
6/3/2015 21:00,13.401,degC,9859185,15240,ABM
6/3/2015 22:00,13.401,degC,9859185,15240,ABM
6/3/2015 23:00,13.401,degC,9859185,15240,ABM
6/4/2015 0:00,13.377,degC,9859185,15240,ABM
6/4/2015 1:00,13.305,degC,9859185,15240,ABM
6/4/2015 2:00,13.257,degC,9859185,15240,ABM
6/4/2015 3:00,13.185,degC,9859185,15240,ABM
6/4/2015 4:00,13.137,degC,9859185,15240,ABM
6/4/2015 5:00,13.064,degC,9859185,15240,ABM
6/4/2015 6:00,12.992,degC,9859185,15240,ABM
6/4/2015 7:00,12.944,degC,9859185,15240,ABM
6/4/2015 8:00,12.92,degC,9859185,15240,ABM
6/4/2015 9:00,12.968,degC,9859185,15240,ABM
6/4/2015 10:00,13.016,degC,9859185,15240,ABM
6/4/2015 11:00,13.112,degC,9859185,15240,ABM
6/4/2015 12:00,13.233,degC,9859185,15240,ABM
6/4/2015 13:00,13.497,degC,9859185,15240,ABM
6/4/2015 14:00,13.93,degC,9859185,15240,ABM
6/4/2015 15:00,13.978,degC,9859185,15240,ABM
6/4/2015 16:00,13.954,degC,9859185,15240,ABM
6/4/2015 17:00,14.05,degC,9859185,15240,ABM
6/4/2015 18:00,13.978,degC,9859185,15240,ABM
6/4/2015 19:00,13.906,degC,9859185,15240,ABM
6/4/2015 20:00,13.858,degC,9859185,15240,ABM
6/4/2015 21:00,13.786,degC,9859185,15240,ABM
6/4/2015 22:00,13.714,degC,9859185,15240,ABM
6/4/2015 23:00,13.618,degC,9859185,15240,ABM
6/5/2015 0:00,13.522,degC,9859185,15240,ABM
6/5/2015 1:00,13.425,degC,9859185,15240,ABM
6/5/2015 2:00,13.329,degC,9859185,15240,ABM
6/5/2015 3:00,13.209,degC,9859185,15240,ABM
6/5/2015 4:00,13.064,degC,9859185,15240,ABM
6/5/2015 5:00,12.944,degC,9859185,15240,ABM
6/5/2015 6:00,12.847,degC,9859185,15240,ABM
6/5/2015 7:00,12.799,degC,9859185,15240,ABM
6/5/2015 8:00,12.823,degC,9859185,15240,ABM
6/5/2015 9:00,12.92,degC,9859185,15240,ABM
6/5/2015 10:00,13.112,degC,9859185,15240,ABM
6/5/2015 11:00,13.738,degC,9859185,15240,ABM
6/5/2015 12:00,14.314,degC,9859185,15240,ABM
6/5/2015 13:00,14.768,degC,9859185,15240,ABM
6/5/2015 14:00,15.151,degC,9859185,15240,ABM
6/5/2015 15:00,15.485,degC,9859185,15240,ABM
6/5/2015 16:00,15.557,degC,9859185,15240,ABM
6/5/2015 17:00,15.629,degC,9859185,15240,ABM
6/5/2015 18:00,15.557,degC,9859185,15240,ABM
6/5/2015 19:00,15.414,degC,9859185,15240,ABM
6/5/2015 20:00,15.342,degC,9859185,15240,ABM
6/5/2015 21:00,15.27,degC,9859185,15240,ABM
6/5/2015 22:00,15.199,degC,9859185,15240,ABM
6/5/2015 23:00,15.127,degC,9859185,15240,ABM
6/6/2015 0:00,15.079,degC,9859185,15240,ABM
6/6/2015 1:00,15.031,degC,9859185,15240,ABM
6/6/2015 2:00,14.96,degC,9859185,15240,ABM
6/6/2015 3:00,14.888,degC,9859185,15240,ABM
6/6/2015 4:00,14.792,degC,9859185,15240,ABM
6/6/2015 5:00,14.697,degC,9859185,15240,ABM
6/6/2015 6:00,14.625,degC,9859185,15240,ABM
6/6/2015 7:00,14.625,degC,9859185,15240,ABM
6/6/2015 8:00,14.649,degC,9859185,15240,ABM
6/6/2015 9:00,14.792,degC,9859185,15240,ABM
6/6/2015 10:00,15.008,degC,9859185,15240,ABM
6/6/2015 11:00,15.247,degC,9859185,15240,ABM
6/6/2015 12:00,15.533,degC,9859185,15240,ABM
6/6/2015 13:00,16.058,degC,9859185,15240,ABM
6/6/2015 14:00,16.463,degC,9859185,15240,ABM
6/6/2015 15:00,16.677,degC,9859185,15240,ABM
6/6/2015 16:00,16.582,degC,9859185,15240,ABM
6/6/2015 17:00,16.368,degC,9859185,15240,ABM
6/6/2015 18:00,16.129,degC,9859185,15240,ABM
6/6/2015 19:00,15.891,degC,9859185,15240,ABM
6/6/2015 20:00,15.629,degC,9859185,15240,ABM
6/6/2015 21:00,15.414,degC,9859185,15240,ABM
6/6/2015 22:00,15.151,degC,9859185,15240,ABM
6/6/2015 23:00,14.888,degC,9859185,15240,ABM
6/7/2015 0:00,14.601,degC,9859185,15240,ABM
6/7/2015 1:00,14.337,degC,9859185,15240,ABM
6/7/2015 2:00,14.026,degC,9859185,15240,ABM
6/7/2015 3:00,13.738,degC,9859185,15240,ABM
6/7/2015 4:00,13.425,degC,9859185,15240,ABM
6/7/2015 5:00,13.112,degC,9859185,15240,ABM
6/7/2015 6:00,12.823,degC,9859185,15240,ABM
6/7/2015 7:00,12.582,degC,9859185,15240,ABM
6/7/2015 8:00,12.461,degC,9859185,15240,ABM
6/7/2015 9:00,12.534,degC,9859185,15240,ABM
6/7/2015 10:00,12.847,degC,9859185,15240,ABM
6/7/2015 11:00,13.57,degC,9859185,15240,ABM
6/7/2015 12:00,14.481,degC,9859185,15240,ABM
6/7/2015 13:00,15.199,degC,9859185,15240,ABM
6/7/2015 14:00,15.939,degC,9859185,15240,ABM
6/7/2015 15:00,16.296,degC,9859185,15240,ABM
6/7/2015 16:00,16.034,degC,9859185,15240,ABM
6/7/2015 17:00,15.748,degC,9859185,15240,ABM
6/7/2015 18:00,15.366,degC,9859185,15240,ABM
6/7/2015 19:00,15.103,degC,9859185,15240,ABM
6/7/2015 20:00,14.912,degC,9859185,15240,ABM
6/7/2015 21:00,14.768,degC,9859185,15240,ABM
6/7/2015 22:00,14.601,degC,9859185,15240,ABM
6/7/2015 23:00,14.481,degC,9859185,15240,ABM
6/8/2015 0:00,14.314,degC,9859185,15240,ABM
6/8/2015 1:00,14.146,degC,9859185,15240,ABM
6/8/2015 2:00,14.026,degC,9859185,15240,ABM
6/8/2015 3:00,13.93,degC,9859185,15240,ABM
6/8/2015 4:00,13.834,degC,9859185,15240,ABM
6/8/2015 5:00,13.786,degC,9859185,15240,ABM
6/8/2015 6:00,13.762,degC,9859185,15240,ABM
6/8/2015 7:00,13.738,degC,9859185,15240,ABM
6/8/2015 8:00,13.834,degC,9859185,15240,ABM
6/8/2015 9:00,13.954,degC,9859185,15240,ABM
6/8/2015 10:00,14.074,degC,9859185,15240,ABM
6/8/2015 11:00,14.146,degC,9859185,15240,ABM
6/8/2015 12:00,14.314,degC,9859185,15240,ABM
6/8/2015 13:00,14.768,degC,9859185,15240,ABM
6/8/2015 14:00,14.984,degC,9859185,15240,ABM
6/8/2015 15:00,15.629,degC,9859185,15240,ABM
6/8/2015 16:00,15.939,degC,9859185,15240,ABM
6/8/2015 17:00,15.939,degC,9859185,15240,ABM
6/8/2015 18:00,15.796,degC,9859185,15240,ABM
6/8/2015 19:00,15.652,degC,9859185,15240,ABM
6/8/2015 20:00,15.509,degC,9859185,15240,ABM
6/8/2015 21:00,15.414,degC,9859185,15240,ABM
6/8/2015 22:00,15.318,degC,9859185,15240,ABM
6/8/2015 23:00,15.247,degC,9859185,15240,ABM
6/9/2015 0:00,15.175,degC,9859185,15240,ABM
6/9/2015 1:00,15.151,degC,9859185,15240,ABM
6/9/2015 2:00,15.127,degC,9859185,15240,ABM
6/9/2015 3:00,15.127,degC,9859185,15240,ABM
6/9/2015 4:00,15.127,degC,9859185,15240,ABM
6/9/2015 5:00,15.055,degC,9859185,15240,ABM
6/9/2015 6:00,15.008,degC,9859185,15240,ABM
6/9/2015 7:00,14.984,degC,9859185,15240,ABM
6/9/2015 8:00,15.031,degC,9859185,15240,ABM
6/9/2015 9:00,15.079,degC,9859185,15240,ABM
